schulnummer,schulname,school_type,schulart,traegerschaft,gruendungsjahr,strasse,plz,ortsteil,bezirk,telefon,email,website,leitung,schueler_2024_25,lehrer_2024_25,schueler_2023_24,lehrer_2023_24,schueler_2022_23,lehrer_2022_23,sprachen,abitur_durchschnitt_2024,abitur_durchschnitt_2023,abitur_durchschnitt_2025,abitur_erfolgsquote_2024,abitur_erfolgsquote_2025,msa_notendurchschnitt_bezirk_2024,msa_bestehensquote_bezirk_2024,msa_plus_quote_bezirk_2024,msa_teilnehmer_bezirk_2024,msa_notendurchschnitt_bezirk_2023,msa_bestehensquote_bezirk_2023,msa_plus_quote_bezirk_2023,msa_teilnehmer_bezirk_2023,leistungsdaten_quelle,notendurchschnitt_unified_2024,notendurchschnitt_unified_2023,nachfrage_plaetze_2025_26,nachfrage_wuensche_2025_26,nachfrage_prozent_2025_26,nachfrage_plaetze_2024_25,nachfrage_wuensche_2024_25,belastungsstufe,migration_2024_25,migration_2023_24,metadata_source,besonderheiten,latitude,longitude,plz_avg_cars_per_hour,plz_std_cars_per_hour,plz_observation_count,plz_avg_bikes_per_hour,plz_avg_pedestrians_per_hour,plz_avg_heavy_vehicles_per_hour,plz_avg_v85_speed,plz_sensor_count,plz_bike_friendliness,plz_pedestrian_ratio,plz_heavy_vehicle_ratio,plz_speed_safe_zone,plz_traffic_intensity,plz_interpolated,plz_neighbor_count,plz_avg_neighbor_distance_km,crime_total_crimes_2023,crime_robbery_2023,crime_street_robbery_2023,crime_assault_2023,crime_aggravated_assault_2023,crime_threats_coercion_2023,crime_bike_theft_2023,crime_drug_offenses_2023,crime_neighborhood_crimes_2023,crime_total_crimes_2024,crime_robbery_2024,crime_street_robbery_2024,crime_assault_2024,crime_aggravated_assault_2024,crime_threats_coercion_2024,crime_bike_theft_2024,crime_drug_offenses_2024,crime_neighborhood_crimes_2024,crime_total_crimes_avg,crime_robbery_avg,crime_street_robbery_avg,crime_assault_avg,crime_aggravated_assault_avg,crime_threats_coercion_avg,crime_bike_theft_avg,crime_drug_offenses_avg,crime_neighborhood_crimes_avg,crime_total_crimes_yoy_pct,crime_robbery_yoy_pct,crime_street_robbery_yoy_pct,crime_assault_yoy_pct,crime_aggravated_assault_yoy_pct,crime_threats_coercion_yoy_pct,crime_bike_theft_yoy_pct,crime_drug_offenses_yoy_pct,crime_neighborhood_crimes_yoy_pct,crime_violent_crime_avg,crime_safety_rank,crime_safety_category,transit_rail_01_name,transit_rail_01_distance_m,transit_rail_01_latitude,transit_rail_01_longitude,transit_rail_01_lines,transit_rail_02_name,transit_rail_02_distance_m,transit_rail_02_latitude,transit_rail_02_longitude,transit_rail_02_lines,transit_rail_03_name,transit_rail_03_distance_m,transit_rail_03_latitude,transit_rail_03_longitude,transit_rail_03_lines,transit_tram_01_name,transit_tram_01_distance_m,transit_tram_01_latitude,transit_tram_01_longitude,transit_tram_01_lines,transit_tram_02_name,transit_tram_02_distance_m,transit_tram_02_latitude,transit_tram_02_longitude,transit_tram_02_lines,transit_tram_03_name,transit_tram_03_distance_m,transit_tram_03_latitude,transit_tram_03_longitude,transit_tram_03_lines,transit_bus_01_name,transit_bus_01_distance_m,transit_bus_01_latitude,transit_bus_01_longitude,transit_bus_01_lines,transit_bus_02_name,transit_bus_02_distance_m,transit_bus_02_latitude,transit_bus_02_longitude,transit_bus_02_lines,transit_bus_03_name,transit_bus_03_distance_m,transit_bus_03_latitude,transit_bus_03_longitude,transit_bus_03_lines,transit_stop_count_1000m,transit_all_lines_1000m,transit_accessibility_score,poi_supermarket_count_500m,poi_supermarket_01_name,poi_supermarket_01_address,poi_supermarket_01_distance_m,poi_supermarket_01_latitude,poi_supermarket_01_longitude,poi_supermarket_02_name,poi_supermarket_02_address,poi_supermarket_02_distance_m,poi_supermarket_02_latitude,poi_supermarket_02_longitude,poi_supermarket_03_name,poi_supermarket_03_address,poi_supermarket_03_distance_m,poi_supermarket_03_latitude,poi_supermarket_03_longitude,poi_restaurant_count_500m,poi_restaurant_01_name,poi_restaurant_01_address,poi_restaurant_01_distance_m,poi_restaurant_01_latitude,poi_restaurant_01_longitude,poi_restaurant_02_name,poi_restaurant_02_address,poi_restaurant_02_distance_m,poi_restaurant_02_latitude,poi_restaurant_02_longitude,poi_restaurant_03_name,poi_restaurant_03_address,poi_restaurant_03_distance_m,poi_restaurant_03_latitude,poi_restaurant_03_longitude,poi_bakery_cafe_count_500m,poi_bakery_cafe_01_name,poi_bakery_cafe_01_address,poi_bakery_cafe_01_distance_m,poi_bakery_cafe_01_latitude,poi_bakery_cafe_01_longitude,poi_bakery_cafe_02_name,poi_bakery_cafe_02_address,poi_bakery_cafe_02_distance_m,poi_bakery_cafe_02_latitude,poi_bakery_cafe_02_longitude,poi_bakery_cafe_03_name,poi_bakery_cafe_03_address,poi_bakery_cafe_03_distance_m,poi_bakery_cafe_03_latitude,poi_bakery_cafe_03_longitude,poi_kita_count_500m,poi_kita_01_name,poi_kita_01_address,poi_kita_01_distance_m,poi_kita_01_latitude,poi_kita_01_longitude,poi_kita_02_name,poi_kita_02_address,poi_kita_02_distance_m,poi_kita_02_latitude,poi_kita_02_longitude,poi_kita_03_name,poi_kita_03_address,poi_kita_03_distance_m,poi_kita_03_latitude,poi_kita_03_longitude,poi_primary_school_count_500m,poi_primary_school_01_name,poi_primary_school_01_address,poi_primary_school_01_distance_m,poi_primary_school_01_latitude,poi_primary_school_01_longitude,poi_primary_school_02_name,poi_primary_school_02_address,poi_primary_school_02_distance_m,poi_primary_school_02_latitude,poi_primary_school_02_longitude,poi_primary_school_03_name,poi_primary_school_03_address,poi_primary_school_03_distance_m,poi_primary_school_03_latitude,poi_primary_school_03_longitude,poi_secondary_school_count_500m,description,tuition_monthly_eur,tuition_annual_eur,registration_fee_eur,material_fee_annual_eur,meal_plan_monthly_eur,after_school_care_monthly_eur,scholarship_available,income_based_tuition,tuition_notes,tuition_source_url,tuition_display,description_de,summary_en,summary_de,most_similar_school_no_01,most_similar_school_no_02,most_similar_school_no_03,abitur_durchschnitt_estimated,abitur_durchschnitt_estimated_lower,abitur_durchschnitt_estimated_upper,abitur_erfolgsquote_estimated,abitur_erfolgsquote_estimated_lower,abitur_erfolgsquote_estimated_upper,abitur_prediction_confidence,abitur_prediction_drivers,abitur_durchschnitt_estimated_rebased,abitur_durchschnitt_estimated_rebased_lower,abitur_durchschnitt_estimated_rebased_upper,abitur_rebase_shift,abitur_state_avg_official,most_similar_school_01,most_similar_school_02,most_similar_school_03,admission_application_window,admission_criteria_bullets,admission_fetched_at,admission_notes_de,adresse,bundesland,crime_assault_2025,crime_aufklaerungsquote_2025,crime_bezirk_index,crime_bezirk_population,crime_bike_theft_2025,crime_data_note,crime_data_source,crime_diebstahl_fahrrad_2025,crime_diebstahl_fahrrad_2025_rate_per_100k,crime_haeufigkeitszahl_2025,crime_koerperverletzung_2025,crime_koerperverletzung_2025_rate_per_100k,crime_stadt,crime_straftaten_2025,crime_straftaten_2025_rate_per_100k,crime_strassenraub_2025,crime_strassenraub_2025_rate_per_100k,crime_street_robbery_2025,crime_total_crimes_2025,crime_wohnungseinbruch_2025,crime_wohnungseinbruch_2025_rate_per_100k,data_retrieved,data_source,description_en,director,fax,last_open_day_seen,lehrer_current,open_days,phone,schueler_current,stadt,state,traeger,traffic_accidents_bicycle,traffic_accidents_fatal,traffic_accidents_minor_injury,traffic_accidents_pedestrian,traffic_accidents_serious_injury,traffic_accidents_total,traffic_safety_score,crime_total_crimes_current,data_school_year,crime_data_year
BY-SCHUL_SCHULSTANDORTEFOERDERZENTREN_423271fd-1786-4e0f-90e9-6a5276a50fd1,Sonderpädagogisches Förderzentrum Rothwiesenstraße /München Nord-West,Förderzentren,Förderzentren,,,Rothwiesenstr. 18,80995,München,,,,,Felix Gerrmann,149.0,31.0,,,,,,,,,,,,,,,,,,,Nicht verfügbar (Bayern),,,,,,,,,,,Bayern Kultusministerium Schulsuche,"Sonderpädagogische Diagnose- und Förderklassen, Förderschwerpunkte Lernen, Sprache, emotionale und soziale Entwicklung.",48.2118155,11.4869204,,,,,,,,,,,,,,,,,,,,,,,,,,,,,,,,,,,,,,,,,,,,,,,,,,,,,,1.0,Durchschnittlich,,,,,,,,,,,,,,,,,,,,,,,,,,,,,,,Kristallstraße,162.0,48.212235,11.484839,,Kristallstraße,182.0,48.213148,11.485483,,Kristallstraße,229.0,48.213042,11.484441,,0.0,,0.0,1.0,Die Ernährungs-Docs,"Kristallstraße 8A, 80995 München, Germany",178.0,48.213385599999995,11.4863842,,,,,,,,,,,0.0,,,,,,,,,,,,,,,,0.0,,,,,,,,,,,,,,,,2.0,Caritas Kinderhaus Ludwigsfeld,"Diamantstraße 10, 80995 München, Germany",221.0,48.2136831,11.4880053,TurBienchen e.V.,"Weißes Haus, Dachauer Str. 665, 80995 München, Germany",439.0,48.213826,11.481829,Kinderkrippe Spielwiese Kunterbunt,"Auf den Schrederwiesen 71C, 80995 München, Germany",694.0,48.20618100000001,11.4909454,0.0,Sporthalle der Grundschule Krenmoosstraße,"Krenmoosstraße 42, 85757 Karlsfeld, Germany",1667.0,48.2254721,11.4776166,Fahrrad Parkplatz Grundschule,"Krenmoosstraße 46R, 85757 Karlsfeld, Germany",1779.0,48.2265857,11.4776927,Grundschule Karlsfeld,"Krenmoosstraße 44, 85757 Karlsfeld, Germany",1903.0,48.227529999999994,11.4767435,2.0,"The Sonderpädagogisches Förderzentrum Rothwiesenstraße / München Nord-West is a specialized educational institution in Munich dedicated to the individual support of children and adolescents with special educational needs. With 149 students and a committed team of 31 teachers, the school provides a supportive learning environment. Under the leadership of Felix Gerrmann, the support center focuses on the areas of learning, language, and emotional and social development.

A central component of the pedagogical concept is the special education diagnostic and support classes. Here, comprehensive diagnostics are used to determine each child's individual support needs, on which tailored support plans are then developed. The goal is to provide the best possible support for students in their personal, social, and academic development and to pave the way for the greatest possible independence. Small class sizes enable intensive and individual care that addresses the specific challenges of the children.

Although no specific information on facilities is available, it can be assumed that the support center has adapted premises that meet the special needs of the students. These typically include special rooms for therapy services (e.g., speech therapy, occupational therapy), barrier-free access, and a learning-conducive environment. The school is located at Rothwiesenstraße 18, 80995 Munich, in a district that ensures good accessibility while potentially offering a quiet learning environment.

The care services usually include reliable school hours and, depending on demand, may also include additional afternoon care or specific support courses to holistically support the students' development. The Sonderpädagogisches Förderzentrum Rothwiesenstraße sees itself as a place where every child is accepted with their strengths and weaknesses and receives the best possible support to unfold their full potential.",,,,,,,,,,,,"Das Sonderpädagogische Förderzentrum Rothwiesenstraße / München Nord-West ist eine spezialisierte Bildungseinrichtung in München, die sich der individuellen Förderung von Kindern und Jugendlichen mit besonderen pädagogischen Bedürfnissen widmet. Mit 149 Schülern und einem engagierten Kollegium von 31 Lehrkräften bietet die Schule ein unterstützendes Lernumfeld. Unter der Leitung von Felix Gerrmann konzentriert sich das Förderzentrum auf die Förderschwerpunkte Lernen, Sprache sowie emotionale und soziale Entwicklung.

Ein zentraler Bestandteil des pädagogischen Konzepts sind die Sonderpädagogischen Diagnose- und Förderklassen. Hier wird durch eine umfassende Diagnostik der individuelle Förderbedarf jedes Kindes ermittelt, um darauf aufbauend maßgeschneiderte Förderpläne zu entwickeln. Ziel ist es, die Schülerinnen und Schüler bestmöglich in ihrer persönlichen, sozialen und schulischen Entwicklung zu unterstützen und ihnen Wege zu einer größtmöglichen Selbstständigkeit zu ebnen. Die kleinen Klassengrößen ermöglichen eine intensive und individuelle Betreuung, die auf die spezifischen Herausforderungen der Kinder eingeht.

Obwohl keine spezifischen Informationen zur Ausstattung vorliegen, ist davon auszugehen, dass das Förderzentrum über angepasste Räumlichkeiten verfügt, die den besonderen Bedürfnissen der Schüler gerecht werden. Dazu gehören in der Regel spezielle Fachräume für Therapieangebote (z.B. Sprachtherapie, Ergotherapie), barrierefreie Zugänge und eine lernförderliche Umgebung. Die Schule befindet sich in der Rothwiesenstraße 18, 80995 München, in einem Stadtteil, der eine gute Erreichbarkeit gewährleistet und gleichzeitig ein ruhiges Lernumfeld bieten kann.

Das Betreuungsangebot umfasst in der Regel eine verlässliche Schulzeit und kann je nach Bedarf auch zusätzliche Nachmittagsbetreuung oder spezifische Förderkurse beinhalten, um die Entwicklung der Schüler ganzheitlich zu unterstützen. Das Sonderpädagogische Förderzentrum Rothwiesenstraße versteht sich als Ort, an dem jedes Kind mit seinen Stärken und Schwächen angenommen wird und die bestmögliche Unterstützung erhält, um sein volles Potenzial zu entfalten.","The Sonderpädagogisches Förderzentrum Rothwiesenstraße / München Nord-West is a specialized school for 149 students with learning, language, and emotional and social development needs. Led by Felix Gerrmann, it offers individual diagnostic and support classes with 31 teachers to ensure comprehensive assistance. Located at Rothwiesenstraße 18, the school focuses on tailored support and personal development.","Das Sonderpädagogische Förderzentrum Rothwiesenstraße / München Nord-West ist eine spezialisierte Schule für 149 Schüler mit Förderschwerpunkten in Lernen, Sprache sowie emotionaler und sozialer Entwicklung. Unter der Leitung von Felix Gerrmann bietet es individuelle Diagnose- und Förderklassen mit 31 Lehrkräften, um eine umfassende Unterstützung zu gewährleisten. Die Schule in der Rothwiesenstraße 18 konzentriert sich auf maßgeschneiderte Förderung und persönliche Entwicklung.",,,,,,,,,,,,,,,,,,,,,,2026-04-20T08:43:12Z,,"Rothwiesenstr. 18, 80995 München",Bayern,12076.0,65.5,1.0,1505022.0,5671.0,München: sicherste Großstadt Deutschlands (>200k Einwohner) seit 50 Jahren,city_aggregate,5671.0,376.8,6061.0,12076.0,802.4,München,91219.0,6061.0,134.0,8.9,134.0,91219.0,815.0,54.2,2026-08-22,"jedeschule.codefor.de (CC0, scraped from km.bayern.de)","The Sonderpädagogisches Förderzentrum Rothwiesenstraße in Munich North-West offers specialized education and individualized support for students with special educational needs. Focusing on an adapted curriculum and small class sizes, the school comprehensively fosters each child's cognitive, social, and emotional development. A multidisciplinary team ensures holistic care, with instruction primarily in German, complemented by targeted support programs.",,,,31.0,,,149.0,München,BY,,3.0,0.0,32.0,1.0,5.0,37.0,26.0,91219.0,2024_25,2025
BY-SCHUL_SCHULSTANDORTEMITTELSCHULEN_9069a59d-17de-4af5-ae33-590be9c91c22,"Mittelschule München, Perlacher Straße 114",Mittelschulen,Mittelschulen,,,Perlacher Str. 114,81539,München,,,,,Christoph Meixner,251.0,21.0,,,,,Englisch,,,,,,,,,,,,,,Nicht verfügbar (Bayern),,,,,,,,,,,Bayern Kultusministerium Schulsuche,"DeutschPLUS (GMS), Profilschule für Informatik und Zukunftstechnologien (ab 2025/26), Robotik mit Thymio und LEGO Spike",48.1088752,11.5891766,,,,,,,,,,,,,,,,,,,,,,,,,,,,,,,,,,,,,,,,,,,,,,,,,,,,,,1.0,Durchschnittlich,Unknown,406.0,48.112322,11.587387,C,Unknown,415.0,48.11246,11.587594,,Unknown,421.0,48.110506,11.594522,F,Giesing Bahnhof,438.0,48.110493,11.594792,,Chiemgaustraße,572.0,48.106707,11.596324,,Werinherstraße,708.0,48.114947,11.592463,,Fockensteinstraße,89.0,48.109721,11.58944,,Fockensteinstraße,100.0,48.109768,11.588932,,Giesing Bahnhof,390.0,48.110715,11.593888,,0.0,C; F,0.0,11.0,PENNY,"Perlacher Str. 122A, 81539 München, Germany",191.0,48.1094417,11.5918266,Netto Marken-Discount,"Deisenhofener Str. 80, 81539 München, Germany",263.0,48.111106199999995,11.5907345,Supermarkt / Metzgerei TAKA - München,"Deisenhofener Str. 108, 81539 München, Germany",283.0,48.110681199999995,11.5921263,13.0,Yen Sushi Asia Cuisine,"Perlacher Str. 122c, 81539 München, Germany",232.0,48.1094647,11.592387,Sironi & Mezzani Cucina Italiana,"Deisenhofener Str. 80, 81539 München, Germany",235.0,48.110895199999995,11.5904919,Sushi Do,"Bayrischzeller Str. 10, 81539 München, Germany",401.0,48.111443099999995,11.5855093,7.0,Bäckerei Morning Dream | München,"Perlacher Str. 100, 81539 München, Germany",119.0,48.109576,11.588114,Zimtschneckenfabrik,"Chiemgaustraße 81, 81549 München, Germany",392.0,48.106229299999995,11.5927874,SB Backshop Giesing,"Schwanseestraße 2, 81539 München, Germany",416.0,48.110003600000006,11.5947404,6.0,Kindertagesstätte,"Perlacher Str. 116, 81539 München, Germany",77.0,48.109473699999995,11.59,Kinderkrippe Meki & Murmele,"Traunsteiner Str. 1, 81549 München, Germany",291.0,48.1064482,11.5880766,Städtische Kindertagesstätte,"Traunsteiner Str. 8, 81549 München, Germany",406.0,48.1060647,11.5859621,1.0,Grundschule Weißenseestraße,"Weißenseestraße 45, 81539 München, Germany",335.0,48.106769799999995,11.5862112,St.-Martin-Schule,"St.-Martin-Straße 30, 81541 München, Germany",836.0,48.1160109,11.58561,Elementary school at the Fromundstraße,"Fromundstraße 5, 81547 München, Germany",936.0,48.1079273,11.5768614,18.0,"Mittelschule München, Perlacher Straße 114, is an established educational institution in the heart of Munich, characterized by a future-oriented profile and comprehensive care services. As a fully developed Mittelschule, it covers grades 5 to 10 and prepares its 251 students for diverse vocational and further educational paths with a dedicated team of 21 teachers. The school places great emphasis on practical training and the promotion of individual talents.

A special feature of Mittelschule München, Perlacher Straße 114, is its development into a profile school for computer science and future technologies starting from the school year 2025/26. This focus is already underpinned by existing robotics programs with Thymio and LEGO Spike, which provide students with digital skills and technical understanding early on. The pedagogical concept is complemented by the DeutschPLUS (GMS) program, offering targeted support for students with German as a second language, thereby creating an inclusive learning environment.

The school is located at Perlacher Straße 114 in the Giesing district, a vibrant and well-connected area of Munich. Its central location ensures good accessibility and provides students with access to urban resources. Facilities include sports venues, offering various opportunities for physical activity. In addition to regular classes, a structured full-day schooling program is offered, ensuring comprehensive care and additional support throughout the school day. School social work is available to support students and their families. The school is led by Principal Christoph Meixner, who guides the institution with a clear focus on innovation and student development. English is taught as a foreign language.",,,,,,,,,,,,"Die Mittelschule München, Perlacher Straße 114, ist eine etablierte Bildungseinrichtung im Herzen Münchens, die sich durch ein zukunftsorientiertes Profil und ein umfassendes Betreuungsangebot auszeichnet. Als voll ausgebaute Mittelschule deckt sie die Jahrgangsstufen 5 bis 10 ab und bereitet ihre 251 Schülerinnen und Schüler mit einem engagierten Kollegium von 21 Lehrkräften auf vielfältige berufliche und weiterführende Bildungswege vor. Die Schule legt großen Wert auf eine praxisnahe Ausbildung und die Förderung individueller Talente.

Ein besonderes Merkmal der Mittelschule München, Perlacher Straße 114, ist ihre Entwicklung zur Profilschule für Informatik und Zukunftstechnologien ab dem Schuljahr 2025/26. Dieser Schwerpunkt wird bereits durch bestehende Angebote im Bereich Robotik mit Thymio und LEGO Spike untermauert, die den Schülerinnen und Schülern frühzeitig digitale Kompetenzen und technisches Verständnis vermitteln. Das pädagogische Konzept wird durch das Programm DeutschPLUS (GMS) ergänzt, das gezielte Unterstützung für Schülerinnen und Schüler mit Deutsch als Zweitsprache bietet und somit eine inklusive Lernumgebung schafft.

Die Schule befindet sich in der Perlacher Straße 114 im Stadtteil Giesing, einer lebendigen und gut angebundenen Gegend Münchens. Die zentrale Lage ermöglicht eine gute Erreichbarkeit und bietet den Schülerinnen und Schülern Zugang zu städtischen Ressourcen. Die Ausstattung umfasst unter anderem Sportstätten, die vielfältige Bewegungsmöglichkeiten bieten. Neben dem regulären Unterricht wird ein gebundener Ganztagsschulbetrieb angeboten, der eine strukturierte Betreuung und zusätzliche Förderangebote über den gesamten Schultag hinweg gewährleistet. Die Schulsozialarbeit steht den Schülerinnen und Schülern sowie ihren Familien unterstützend zur Seite. Die Schulleitung liegt in den Händen von Christoph Meixner, der die Schule mit einem klaren Fokus auf Innovation und Schülerförderung leitet. Englisch wird als Fremdsprache unterrichtet.","Mittelschule München, Perlacher Straße 114, is a future-oriented educational institution in Munich-Giesing, educating 251 students in grades 5-10. From 2025/26, it will become a profile school for computer science and future technologies with robotics programs, also offering DeutschPLUS and a structured full-day schooling program.","Die Mittelschule München, Perlacher Straße 114, ist eine zukunftsorientierte Bildungseinrichtung in München-Giesing, die 251 Schülerinnen und Schüler in den Jahrgangsstufen 5-10 unterrichtet. Ab 2025/26 wird sie zur Profilschule für Informatik und Zukunftstechnologien mit Robotik-Angeboten und bietet zudem DeutschPLUS sowie einen gebundenen Ganztagsschulbetrieb an.",,,,,,,,,,,,,,,,,,,,,"[""Für M-Klassen (M7): Notendurchschnitt von 2,66 im Zwischenzeugnis in Mathematik und Deutsch."", ""Für M-Klassen (M8, M9, M10): Notendurchschnitt von 2,33 im Zwischenzeugnis in Mathematik und Deutsch."", ""Eignung für die M-Klasse."", ""Angabe, ob der Qualifizierende Abschluss der Mittelschule bereits erreicht wurde."", ""Angabe zur Anmeldung für die offene Ganztagsschule.""]",2026-04-20T08:58:15Z,"Die genauen Anmeldefristen für das kommende Schuljahr sind auf der Website nicht explizit genannt. Es gibt Anmeldeformulare für Ganztagesklassen und M-Klassen, die Notendurchschnitte in Mathematik und Deutsch im Zwischenzeugnis als Kriterium für die Aufnahme in die M-Klassen angeben.","Perlacher Str. 114, 81539 München",Bayern,12076.0,65.5,1.0,1505022.0,5671.0,München: sicherste Großstadt Deutschlands (>200k Einwohner) seit 50 Jahren,city_aggregate,5671.0,376.8,6061.0,12076.0,802.4,München,91219.0,6061.0,134.0,8.9,134.0,91219.0,815.0,54.2,2026-08-22,"jedeschule.codefor.de (CC0, scraped from km.bayern.de)","Mittelschule München at Perlacher Straße 114 provides comprehensive education leading to the Qualifizierender Mittelschulabschluss and Mittlerer Schulabschluss. The school places strong emphasis on practical vocational orientation, individual support, and the development of social skills. English is taught as the primary foreign language.",,,,21.0,,,251.0,München,BY,,30.0,0.0,53.0,13.0,5.0,58.0,0.0,91219.0,2024_25,2025
BY-SCHUL_SCHULSTANDORTEMITTELSCHULEN_17cb67f8-0bdd-449a-9d2e-1ad754494991,"Mittelschule München, Simmernstraße 2",Mittelschulen,Mittelschulen,,,Simmernstr. 2,80804,München,,,,,Claudia Grießhammer,249.0,24.0,,,,,"Deutsch, Englisch",,,,,,,,,,,,,,Nicht verfügbar (Bayern),,,,,,,,,,,Bayern Kultusministerium Schulsuche,Modellversuch TAFF - Talente finden und fördern an der Mittelschule,48.1676045,11.5835429,,,,,,,,,,,,,,,,,,,,,,,,,,,,,,,,,,,,,,,,,,,,,,,,,,,,,,1.0,Durchschnittlich,Unknown,277.0,48.166823,11.579198,C,Unknown,305.0,48.166331,11.579044,D,Unknown,322.0,48.166677,11.578631,,Potsdamer Straße,257.0,48.167814,11.586242,,Potsdamer Straße,266.0,48.166607,11.586231,,Kölner Platz,496.0,48.170101,11.577542,,Potsdamer Straße,258.0,48.166627,11.586134,,Potsdamer Straße,266.0,48.16793,11.586336,,Potsdamer Straße,329.0,48.16737,11.587273,,0.0,C; D,0.0,12.0,Made in Portugal & Brasil,"Karl-Theodor-Straße 18A, 80803 München, Germany",188.0,48.1658242,11.5838488,tegut... gute Lebensmittel,"Rheinstraße 1, 80803 München, Germany",226.0,48.1670965,11.5858637,Lidl,"Leopoldstraße 144, 80805 München, Germany",318.0,48.16892,11.58645,20.0,Made in Portugal & Brasil,"Karl-Theodor-Straße 18A, 80803 München, Germany",188.0,48.1658242,11.5838488,Hotel Leopold,"Leopoldstraße 119, 80804 München, Germany",223.0,48.1677633,11.5857918,MIVU - Asian Kitchen & Bar,"Hörwarthstraße 4, 80804 München, Germany",241.0,48.1687026,11.5854091,13.0,Glaze Croissanterie,"Rheinstraße 20, 80803 München, Germany",158.0,48.1671892,11.5807281,Orfanōs Croissanterie,"Mainzer Str. 1, 80803 München, Germany",170.0,48.1664588,11.5810046,089 BackEck,"Mainzer Str. 1 Ecke, Karl-Theodor-Straße, 80803 München, Germany",174.0,48.1664434,11.580957800000002,10.0,Städtische Kindertageseinrichtung,"Birkenfeldstraße 1, 80804 München, Germany",111.0,48.1679166,11.584098700000002,Kuschel & Carlos - Internationale Kindertagesstätte,"Karl-Theodor-Straße 29, 80803 München, Germany",163.0,48.1659393,11.5824562,KOKO Montessori LernOase,"Speyerer Str. 21, 80804 München, Germany",322.0,48.1678416,11.5785502,1.0,BIP mehrsprachige private Ganztag Grundschule München,"Leopoldstraße 133, 80804 München, Germany",294.0,48.1691338,11.5858137,Grundschule Wilhelmstraße,"Wilhelmstraße 29, 80801 München, Germany",638.0,48.1616428,11.5827107,Staatl. Grundschule an der Haimhauserstrasse,"Haimhauserstraße 23, 80802 München, Germany",905.0,48.1619483,11.5919219,18.0,"Mittelschule München, Simmernstraße 2, is a public educational institution located in the heart of Munich's Schwabing district. As a fully developed Mittelschule, it covers grades 5 to 10, providing comprehensive schooling for its 249 students with the support of 24 dedicated teachers. A key feature of its educational concept is its active participation in the TAFF – 'Discover and promote talents at the Mittelschule' model project. This initiative, launched by the Stiftung Bildungspakt Bayern and the Bavarian State Ministry for Education and Culture, aimed to systematically identify and specifically foster the individual aptitudes of students. Talents in diverse areas such as technical skills, craftsmanship, social competencies, and artistic abilities were recognized and strengthened in grades 6 to 9, always with a focus on future career orientation. In addition to this special focus, the school offers further support and care programs, including DeutschPLUS and an open all-day school operation. The school's facilities include a sports complex with small sports halls, providing various opportunities for physical activity. Its location at Simmernstraße 2 in 80804 Munich, within the vibrant Schwabing district, ensures good accessibility and integration into the urban environment. School life is enriched by various projects and events, such as carnival parties, the construction of a castle by class 6b, or the design of their own mobile phone garages, which promote the creative and practical engagement of the students. Mittelschule München, Simmernstraße 2, sees itself as a school that supports its students not only academically but also personally in their strengths and talents, preparing them for their future paths.",,,,,,,,,,,,"Die Mittelschule München, Simmernstraße 2, ist eine öffentliche Bildungseinrichtung im Herzen des Münchner Stadtteils Schwabing. Als voll ausgebaute Mittelschule deckt sie die Jahrgangsstufen 5 bis 10 ab und bietet ihren 249 Schülerinnen und Schülern eine umfassende schulische Ausbildung durch 24 engagierte Lehrkräfte. Ein zentrales Merkmal des pädagogischen Konzepts ist die aktive Teilnahme am Modellversuch TAFF – 'Talente finden und fördern an der Mittelschule'. Dieses Projekt, das von der Stiftung Bildungspakt Bayern und dem Bayerischen Staatsministerium für Unterricht und Kultus initiiert wurde, zielte darauf ab, die individuellen Begabungen der Schülerinnen und Schüler systematisch zu identifizieren und gezielt zu fördern. Dabei wurden Talente in vielfältigen Bereichen wie Technik, Handwerk, sozialen Kompetenzen und musischen Fähigkeiten in den Jahrgangsstufen 6 bis 9 erkannt und gestärkt, stets mit Blick auf die spätere Berufsorientierung. Neben diesem besonderen Schwerpunkt bietet die Schule weitere Betreuungs- und Förderangebote wie DeutschPLUS und einen Ganztagsschulbetrieb in offener Form an. Die Ausstattung der Schule umfasst unter anderem eine Sportstätte mit Kleinsporthallen, die vielfältige Bewegungsmöglichkeiten bietet. Die Lage in der Simmernstraße 2 in 80804 München, im lebendigen Stadtteil Schwabing, ermöglicht eine gute Erreichbarkeit und Integration in das städtische Umfeld. Das Schulleben wird durch diverse Projekte und Veranstaltungen bereichert, wie beispielsweise Faschingspartys, den Bau einer Burg durch die Klasse 6b oder die Gestaltung eigener Handygaragen, die das kreative und praktische Engagement der Schülerinnen und Schüler fördern. Die Mittelschule München, Simmernstraße 2, versteht sich als eine Schule, die ihre Schülerinnen und Schüler nicht nur fachlich, sondern auch persönlich in ihren Stärken und Talenten unterstützt und auf ihren weiteren Lebensweg vorbereitet.","Mittelschule München, Simmernstraße 2, is a public school in Schwabing for grades 5-10, with 249 students and 24 teachers. It is distinguished by its participation in the TAFF model project, which aims at the systematic promotion of individual talents and aptitudes, including career orientation. The offerings are complemented by DeutschPLUS and an open all-day school program.","Die Mittelschule München, Simmernstraße 2, ist eine öffentliche Schule in Schwabing für die Jahrgangsstufen 5-10 mit 249 Schülern und 24 Lehrkräften. Sie zeichnet sich durch die Teilnahme am Modellversuch TAFF aus, der die systematische Förderung individueller Talente und Begabungen, auch im Hinblick auf die Berufsorientierung, zum Ziel hat. Ergänzt wird das Angebot durch DeutschPLUS und einen offenen Ganztagsschulbetrieb.",,,,,,,,,,,,,,,,,,,,"{""opens"": ""2026-05-19"", ""closes"": ""2026-05-21"", ""notes"": ""Dies ist ein allgemeiner Einschreibungszeitraum für Münchner Schulen, nicht spezifisch für die Mittelschule Simmernstraße, aber der nächstgelegene verfügbare Zeitraum.""}","[""Vollständige Unterlagen erforderlich (Anmeldeblatt, Lebenslauf, Bewerbungsschreiben, Zeugniskopien) für die Vorbereitungsklasse 10 (V10)."", ""Voranmeldung für M10 nach dem Zwischenzeugnis der 9. Klasse."", ""Endgültige Anmeldung für M10 nach den Quali Prüfungen."", ""Der Unterricht in der V10 erfolgt auf einem deutlich erhöhten Anforderungsniveau; ein Wiederholen der 10V1 ist nicht vorgesehen."", ""Bestehen des Probeunterrichts kann ein Kriterium sein (allgemein für Münchner Schulen).""]",2026-04-20T09:04:05Z,Die vorläufige Anmeldung dient der Bedarfserhebung und stellt keine Zusage dar. Für die M10 erfolgt eine Voranmeldung nach dem Zwischenzeugnis der 9. Klasse und die endgültige Anmeldung nach den Quali Prüfungen.,"Simmernstr. 2, 80804 München",Bayern,12076.0,65.5,1.0,1505022.0,5671.0,München: sicherste Großstadt Deutschlands (>200k Einwohner) seit 50 Jahren,city_aggregate,5671.0,376.8,6061.0,12076.0,802.4,München,91219.0,6061.0,134.0,8.9,134.0,91219.0,815.0,54.2,2026-08-22,"jedeschule.codefor.de (CC0, scraped from km.bayern.de)","Mittelschule München, Simmernstraße 2, is a public school in Munich, Bavaria, providing a comprehensive general education with a strong practical focus. It prepares students for the Mittlerer Schulabschluss (intermediate secondary school certificate) and emphasizes vocational orientation, individual support, and the development of key competencies. In addition to German as the language of instruction, English is offered as the primary foreign language.",,,,24.0,,,249.0,München,BY,,65.0,1.0,104.0,5.0,6.0,111.0,0.0,91219.0,2024_25,2025
BY-SCHUL_SCHULSTANDORTEMITTELSCHULEN_7a32cfc9-204f-46ce-85f6-9117e815d636,"Mittelschule München, Hochstraße 31",Mittelschulen,Mittelschulen,,1963.0,Hochstr. 31,81669,München,,,,,Angela-Pia Stettner,112.0,10.0,,,,,,,,,,,,,,,,,,,Nicht verfügbar (Bayern),,,,,,,,,,,Bayern Kultusministerium Schulsuche,"DeutschPLUS, Inklusion, Individuelles Lernen, Digitalisierung, Jahrgangsgemischte Klassen.",48.1260916,11.5868816,,,,,,,,,,,,,,,,,,,,,,,,,,,,,,,,,,,,,,,,,,,,,,,,,,,,,,1.0,Durchschnittlich,Rosenheimer Platz,575.0,48.129184,11.593075,,Unknown,850.0,48.128367,11.575935,C,Unknown,855.0,48.13355,11.584106,,Regerplatz,211.0,48.124352,11.588025,,Mariahilfplatz,469.0,48.124039,11.581344,,Carl-Amery-Platz,523.0,48.121445,11.585677,,Regerplatz,211.0,48.124415,11.588216,,Regerplatz,217.0,48.124279,11.587974,,Regerplatz,228.0,48.124704,11.589135,,0.0,C,0.0,6.0,EDEKA,"Zeppelinstraße 25, 81541 München, Germany",350.0,48.1263618,11.5821735,PENNY,"Rablstraße 26, 81669 München, Germany",383.0,48.1271242,11.5917833,NORMA Filiale,"Regerstraße 66, 81541 München, Germany",393.0,48.1225665,11.5863908,20.0,Ayinger in der Au,"Mariahilfpl. 4, 81541 München, Germany",141.0,48.1262828,11.5849848,le Plaisant,"Regerpl. 3, 81541 München, Germany",215.0,48.12419070000001,11.5874582,L'Incontro,"Lilienstraße 67, 81669 München, Germany",240.0,48.1278005,11.5849043,18.0,La Caffettiera,"Regerpl. 2, 81541 München, Germany",252.0,48.1239129,11.5878224,Kindertonstudio,"Franziskanerstraße 43, 81669 München, Germany",258.0,48.1250921,11.5900081,Brez'n Eck,"Schweigerstraße 14, 81541 München, Germany",315.0,48.1266519,11.5827079,5.0,FortSchritt - Conductive day care,"Mariahilfpl. 9, 81541 München, Germany",159.0,48.1258375,11.5847639,Kindergarten Schmetterling,"Gebsattelstraße 32, 81541 München, Germany",304.0,48.1240719,11.589646,die Seepferdchen Kinderkrippe r24,"Rablstraße 24, 81669 München, Germany",359.0,48.127323,11.5913284,4.0,Weilerschule,"Weilerstraße 1, 81541 München, Germany",345.0,48.12299720000001,11.5872841,Isar Wirtschaftsschule München,"Hochstraße 13, 81669 München, Germany",372.0,48.1292254,11.5885988,Staatliche Grundschule,"Mariahilfpl. 18, 81541 München, Germany",397.0,48.1247504,11.5819064,18.0,"Mittelschule München, Hochstraße 31, also known as Grund- und Mittelschule an der Hochstraße with Tagesheim (primary and secondary school with day care), is a public educational institution located in the heart of Munich, in the Au district. Since its establishment in 1963, the school has pursued an innovative pedagogical concept that emphasizes communal living and learning. With currently 112 students and 10 teachers, it offers a personal and supportive learning environment.

The school's profile is characterized by special focuses: inclusion, individualized learning, digitalization, and mixed-age classes are central pillars of its pedagogical approach. This enables tailored support for each child and the development of individual abilities and interests. The offerings are complemented by 'DeutschPLUS,' specifically designed for linguistic integration and support. As an open full-day school, Mittelschule München, Hochstraße 31 provides comprehensive care beyond regular lessons, fostering close collaboration between teachers and educators, as well as strong parental involvement.

The school's facilities include a modern cafeteria with a fresh kitchen, shared with the primary school, a double sports hall, and a project workshop. Its location at Hochstraße 31 is conveniently situated and well-connected to public transport, with stops like Fraunhoferstraße, Rosenheimer Platz, and Regerplatz nearby. The school also benefits from scientific support in cooperation with local universities to continuously evaluate and further develop its innovative concepts. This underscores its ambition to be a forward-looking school in Bavaria.",,,,,,,,,,,,"Die Mittelschule München, Hochstraße 31, auch bekannt als Grund- und Mittelschule an der Hochstraße mit Tagesheim, ist eine öffentliche Bildungseinrichtung im Herzen Münchens, im Stadtteil Au. Seit ihrer Gründung im Jahr 1963 verfolgt die Schule ein innovatives pädagogisches Konzept, das gemeinsames Leben und Lernen in den Vordergrund stellt. Mit aktuell 112 Schülern und 10 Lehrkräften bietet sie eine persönliche und fördernde Lernumgebung.

Das Schulprofil zeichnet sich durch besondere Schwerpunkte aus: Inklusion, individuelles Lernen, Digitalisierung und jahrgangsgemischte Klassen sind zentrale Säulen des pädagogischen Ansatzes. Dies ermöglicht eine maßgeschneiderte Förderung jedes Kindes und die Entwicklung individueller Fähigkeiten und Interessen. Das Angebot wird durch 'DeutschPLUS' ergänzt, das speziell auf die sprachliche Integration und Förderung zugeschnitten ist. Als offene Ganztagsschule bietet die Mittelschule München, Hochstraße 31 eine umfassende Betreuung, die über den regulären Unterricht hinausgeht und eine enge Vernetzung von Lehrkräften und Erziehern sowie eine starke Elternbeteiligung fördert.

Die Ausstattung der Schule umfasst eine moderne Mensa mit Frischküche, die gemeinsam mit der Grundschule genutzt wird, eine Doppelsporthalle und eine Projektwerkstatt. Die Lage in der Hochstraße 31 ist verkehrsgünstig und gut an den öffentlichen Nahverkehr angebunden, mit Haltestellen wie Fraunhoferstraße, Rosenheimer Platz und Regerplatz in der Nähe. Die Schule profitiert zudem von einer wissenschaftlichen Begleitung in Kooperation mit lokalen Universitäten, um ihre innovativen Konzepte kontinuierlich zu evaluieren und weiterzuentwickeln. Dies unterstreicht den Anspruch, eine zukunftsweisende Schule in Bayern zu sein.","Mittelschule München, Hochstraße 31 is a public primary and secondary school with day care, founded in 1963, serving 112 students with 10 teachers. It features an innovative pedagogical concept emphasizing inclusion, individualized learning, digitalization, and mixed-age classes, complemented by 'DeutschPLUS' and open full-day care. The school boasts modern facilities and excellent public transport links.","Die Mittelschule München, Hochstraße 31 ist eine öffentliche Grund- und Mittelschule mit Tagesheim, die 1963 gegründet wurde und 112 Schüler sowie 10 Lehrkräfte zählt. Sie zeichnet sich durch ein innovatives pädagogisches Konzept mit Inklusion, individuellem Lernen, Digitalisierung und jahrgangsgemischten Klassen aus, ergänzt durch 'DeutschPLUS' und offene Ganztagsbetreuung. Die Schule verfügt über eine moderne Ausstattung und ist gut an den öffentlichen Nahverkehr angebunden.",,,,,,,,,,,,,,,,,,,,"{""opens"": ""2025-11-01"", ""closes"": ""2026-03-11"", ""notes"": ""Anmeldung für das Schuljahr 2026/27 im Tagesheim. Das Anmeldeverfahren im Kitafinder+ wird am Tag der Schuleinschreibung geschlossen. Zusagen werden ca. 14 Tage nach dem 16.03.2026 verschickt.""}","[""Anmeldung erfolgt über den Kitafinder+ der Landeshauptstadt München (www.muenchen.de/kita)."", ""Arbeitszeit muss vom Arbeitgeber bescheinigt werden."", ""Nachweise (Arbeitszeitbescheinigung, Schul- und Studienbescheinigungen) sind so bald wie möglich im Tagesheim abzugeben, spätestens zur Vertragsunterzeichnung."", ""Bei Beginn einer Tätigkeit erst im September 2026 kann die Bescheinigung nachgereicht werden."", ""24 Plätze für die neue 1. Klasse werden unter Anmeldungen mit geeigneten Voraussetzungen (Dringlichkeitsstufen unter Berücksichtigung der Tagesheimsatzung) verlost."", ""Geschwisterkinder werden bei gleicher Eignung bevorzugt."", ""Für Sprengelschulen mit dem Modell der Kooperativen Ganztagsbildung (KOGA) werden in der Regel keine Gastschulanträge mehr genehmigt."", ""Einschreibung an der Sprengelschule, dort kann erwähnt werden, dass das Kind an der Grundschule an der Hochstraße 31 vorgemerkt ist."", ""Gastschulantrag wird erst bei Aufnahme des Kindes gestellt und von der Schule übernommen.""]",2026-04-20T09:16:18Z,"Die Anmeldung für die 1. Klasse im Tagesheim und an der Schule an der Hochstraße erfolgt über den Kitafinder+ der Landeshauptstadt München. Es ist wichtig, die Arbeitszeit vom Arbeitgeber bescheinigen zu lassen und die Nachweise fristgerecht einzureichen. Die Plätze werden unter Berücksichtigung von Dringlichkeitsstufen und Geschwisterkindern verlost. Für andere Klassen erfolgt die Anmeldung ebenfalls über den Kitafinder+, gefolgt von einer E-Mail an die Schule.","Hochstr. 31, 81669 München",Bayern,12076.0,65.5,1.0,1505022.0,5671.0,München: sicherste Großstadt Deutschlands (>200k Einwohner) seit 50 Jahren,city_aggregate,5671.0,376.8,6061.0,12076.0,802.4,München,91219.0,6061.0,134.0,8.9,134.0,91219.0,815.0,54.2,2026-08-22,"jedeschule.codefor.de (CC0, scraped from km.bayern.de)","Mittelschule München, Hochstraße 31, provides a solid general education, preparing students for the 'Qualifizierender Abschluss der Mittelschule' and the 'Mittlerer Schulabschluss'. The curriculum emphasizes practical skills and career orientation, complemented by individual support programs and English as a mandatory foreign language.",,,2026-05-05,10.0,"[{""date"": ""2026-05-05"", ""start_time"": ""14:00"", ""end_time"": ""16:00"", ""event_type"": ""Tag der offenen Tür"", ""audience"": ""Mittelschule"", ""notes"": ""Es erwarten Sie Führungen durchs Haus, Einblicke ins Nachmittagsprogramm, eine Vorstellung unseres Hauses und Einiges mehr.""}]",,112.0,München,BY,,58.0,0.0,83.0,16.0,7.0,90.0,0.0,91219.0,2024_25,2025
BY-SCHUL_SCHULSTANDORTEGYMNASIEN_5d9b5eb3-4053-4781-a735-7cfbe6523692,Gymnasium München-Nord,Gymnasien,Gymnasien,,2016.0,Knorrstr. 171,80937,München,,,,,Dr. Petra Reinold,1000.0,84.0,,,,,"Englisch, Latein, Französisch, Spanisch",,,,,,,,,,,,,,Nicht verfügbar (Bayern),,,,,,,,,,,Bayern Kultusministerium Schulsuche,"Sprachliches und Naturwissenschaftlich-technologisches Gymnasium, Eliteschule des Sports, Eliteschule des Fußballs, Schule ohne Rassismus – Schule mit Courage",48.1997303,11.5721362,,,,,,,,,,,,,,,,,,,,,,,,,,,,,,,,,,,,,,,,,,,,,,,,,,,,,,1.0,Durchschnittlich,Unknown,300.0,48.196919,11.571721,,Unknown,306.0,48.196839,11.572112,,Am Hart,409.0,48.195925,11.571815,,,,,,,,,,,,,,,,,Rathenaustraße,123.0,48.200342,11.573528,,Rathenaustraße,137.0,48.200488,11.573571,,Am Hart,265.0,48.197246,11.571673,,0.0,,0.0,0.0,,,,,,,,,,,,,,,,4.0,Ziegelhaus,"Knorrstraße 172, 80937 München, Germany",153.0,48.2004694,11.5738955,Pizzahof,"Goldmarkstraße 88, 80937 München, Germany",337.0,48.2024817,11.573643,Wirtshaus am Hart,"Sudetendeutschestraße 40, 80937 München, Germany",473.0,48.1964438,11.576618,0.0,,,,,,,,,,,,,,,,3.0,HPT-Harthof,"Hugo-Wolf-Straße 8, 80937 München, Germany",404.0,48.2021834,11.568519,"Denk mit Kita München Am Hart, BMW Kids","Schleißheimer Str. 430, 80935 München, Germany",486.0,48.199447199999994,11.565769,Fioretti di San Francesco,"Schleißheimer Str. 430a, 80935 München, Germany",492.0,48.199721,11.5656866,0.0,Grundschule,"Rothpletzstraße 40, 80937 München, Germany",730.0,48.1980064,11.5818872,Hugo-Wolf Schule,"Hugo-Wolf-Straße 70, 80937 München, Germany",767.0,48.2063674,11.5704593,Staatl. Grundschule,"Hugo-Wolf-Straße 70, 80937 München, Germany",913.0,48.2073444,11.5682791,3.0,"Gymnasium München-Nord, founded in 2016, is a state-run public school located in the Milbertshofen-Am Hart district of Munich. It combines the profiles of a linguistic and a scientific-technological Gymnasium and is also recognized as an Elite School of Sports and an Elite School of Football. With approximately 1036 students and 84 teachers, the school offers a comprehensive educational program. A key feature is its pedagogical framework, which is based on a child and youth-friendly rhythmization of the school day, aiming to enable deeper and more sustainable learning through a time-decoupled lesson organization – the 'more time' concept. Lessons are primarily conducted in double periods, supplemented by modular or epochal teaching from the 7th grade and interdisciplinary projects to foster networked thinking. 

The school operates on a 'Lernhauskonzept' (learning house concept), which divides the school into manageable units where classrooms are grouped around multifunctional central areas for teamwork and independent study. The 'Campus-Plus-Konzept' aims to decelerate the school day, partly through supervised study periods in the lower grades, supported by core subject teachers and the cooperation partner 'Essakoff teach and care'. As an Elite School of Sports, performance sports classes are offered from the 8th grade, preparing young talents for both the Abitur and a potential career in competitive sports. The language offerings include English, Latin, French, and Spanish, which can be chosen in various sequences depending on the chosen educational track. 

The school's facilities are designed for approximately 1200 students and were enhanced by an extension building inaugurated in 2025. As a full-day school, Gymnasium München-Nord provides extensive care services until at least 4 PM, including lunch and elective courses for talent and learning development. The school is also a 'School without Racism – School with Courage', underscoring its commitment to a tolerant and respectful community.",,,,,,,,,,,,"Das Gymnasium München-Nord, gegründet im Jahr 2016, ist eine staatliche, öffentliche Schule im Münchner Stadtbezirk Milbertshofen-Am Hart. Es vereint die Profile eines Sprachlichen und eines Naturwissenschaftlich-technologischen Gymnasiums und zeichnet sich zudem als Eliteschule des Sports und Eliteschule des Fußballs aus. Mit rund 1036 Schülern und 84 Lehrkräften bietet die Schule ein umfassendes Bildungsangebot. Ein zentrales Merkmal ist das pädagogische Rahmenkonzept, das auf einer kind- und jugendgerechten Rhythmisierung des Schultags basiert, um durch eine zeitlich entzerrte Unterrichtsorganisation – das „Mehr an Zeit“ – vertieftes und nachhaltiges Lernen zu ermöglichen. Der Unterricht findet vorwiegend in Doppelstunden statt, ergänzt durch modularen oder epochalen Unterricht ab der 7. Jahrgangsstufe und fächerübergreifende Projekte zur Förderung vernetzten Denkens. 

Die Schule arbeitet nach dem Lernhauskonzept, das die Schule in überschaubare Einheiten gliedert, in denen Klassenzimmer um multifunktionale Mitten für Team- und Freiarbeit angeordnet sind. Das „Campus-Plus-Konzept“ zielt auf eine Entschleunigung des Schulalltags ab, unter anderem durch betreute Studierzeiten in der Unterstufe, die von Kernfachlehrkräften und dem Kooperationspartner „Essakoff teach and care“ unterstützt werden. Als Eliteschule des Sports werden ab der 8. Jahrgangsstufe Leistungssportklassen angeboten, die junge Talente sowohl auf das Abitur als auch auf eine mögliche Karriere im Leistungssport vorbereiten. Das Sprachenangebot umfasst Englisch, Latein, Französisch und Spanisch, die in verschiedenen Sprachenfolgen der jeweiligen Ausbildungsrichtung gewählt werden können. 

Die Ausstattung der Schule ist auf ca. 1200 Schüler ausgelegt und wurde 2025 durch einen Erweiterungsbau ergänzt. Als gebundene Ganztagsschule bietet das Gymnasium München-Nord umfangreiche Betreuungsangebote bis mindestens 16 Uhr, inklusive Mittagessen und Wahlkursen zur Talent- und Lernförderung. Die Schule ist zudem eine „Schule ohne Rassismus – Schule mit Courage“, was ihr Engagement für ein tolerantes und respektvolles Miteinander unterstreicht.","Gymnasium München-Nord, founded in 2016, is a state-run Gymnasium in Munich, combining linguistic and scientific-technological profiles with the status of an Elite School of Sports and Football. It offers a rhythmic full-day concept with a learning house structure, supervised study periods, and performance sports classes.","Das Gymnasium München-Nord ist ein 2016 gegründetes staatliches Gymnasium in München, das sprachliche und naturwissenschaftlich-technologische Profile mit dem Status einer Eliteschule des Sports und des Fußballs vereint. Es bietet ein rhythmisches Ganztagskonzept mit Lernhausstruktur, betreuten Studierzeiten und Leistungssportklassen.",,,,,,,,,,,,,,,,,,,,"{""opens"": ""2026-04-14"", ""closes"": null, ""notes"": ""Der Link zur Online-Anmeldung für die Sportklasse ist ab dem 14.04.2026 verfügbar. Der Link zur Online-Anmeldung für die reguläre Klasse ist ab dem 30.04.2026 verfügbar.""}","[""Erfolgreicher Besuch der 4. Klasse einer Grundschule im Schuljahr 2025/2026."", ""Das Kind ist am 30. September 2026 noch keine 11 Jahre alt."", ""Notendurchschnitt von mindestens 2,33 in Deutsch, Mathematik und Heimat- und Sachkunde."", ""Spezifische Unterlagen sind für die Bewerbung zur Aufnahme in die Sportklasse 5 und die reguläre Klasse erforderlich (Details in separaten Schreiben).""]",2026-04-20T09:28:58Z,Die Informationen zur Einschreibung für das Schuljahr 2026/2027 beziehen sich auf die 5. Klasse. Es gibt separate Informationen und Unterlagen für die Sportklasse und die reguläre Klasse.,"Knorrstr. 171, 80937 München",Bayern,12076.0,65.5,1.0,1505022.0,5671.0,München: sicherste Großstadt Deutschlands (>200k Einwohner) seit 50 Jahren,city_aggregate,5671.0,376.8,6061.0,12076.0,802.4,München,91219.0,6061.0,134.0,8.9,134.0,91219.0,815.0,54.2,2026-08-22,"jedeschule.codefor.de (CC0, scraped from km.bayern.de)","Gymnasium München-Nord is a state-run secondary school in Munich, offering a rigorous academic education designed to prepare students for the Abitur and university studies. Its curriculum emphasizes a strong foundation in modern and classical languages, including English and Latin, alongside a robust program in the natural sciences.",,,2026-03-02,84.0,,,1000.0,München,BY,,10.0,1.0,14.0,2.0,4.0,19.0,62.0,91219.0,2024_25,2025
BY-SCHUL_SCHULSTANDORTEGYMNASIEN_26efe204-3c4f-4c7b-89c5-d104e8280e67,Erasmus-Grasser-Gymnasium München,Gymnasien,Gymnasien,,1833.0,Fürstenrieder Str. 159,81377,München,,,,,OStD Henry Steinhäuser,1272.0,98.0,,,,,"Englisch, Latein, Französisch, Italienisch",,,,,,,,,,,,,,Nicht verfügbar (Bayern),,,,,,,,,,,Bayern Kultusministerium Schulsuche,"Naturwissenschaftlich-technologisches Gymnasium, Europäisches Gymnasium, MINT-Förderung, Sportklasse, Theaterklasse, Sternwarte",48.1227453,11.5034479,,,,,,,,,,,,,,,,,,,,,,,,,,,,,,,,,,,,,,,,,,,,,,,,,,,,,,1.0,Durchschnittlich,Unknown,722.0,48.116534,11.502238,,Unknown,723.0,48.116497,11.502689,,Unknown,725.0,48.116472,11.502884,,Ammerseestraße,361.0,48.126101,11.502117,,Ammerseestraße,371.0,48.126121,11.501766,,Stegener Weg,481.0,48.125863,11.508282,,Andreas-Vöst-Straße,151.0,48.121735,11.502649,,Andreas-Vöst-Straße,184.0,48.121452,11.502491,,Ammerseestraße,318.0,48.125821,11.503004,,0.0,,0.0,3.0,Allguth,"Fürstenrieder Str. 210/212, 81377 München, Germany",255.0,48.1208333,11.5022222,Allguth,"Fürstenrieder Str. 175, 81377 München, Germany",332.0,48.1200019,11.5031146,Lidl,"Fürstenrieder Str. 220, 81377 München, Germany",399.0,48.11948,11.50228,10.0,M Kebab,"Fürstenrieder Str. 206, 81377 München, Germany",197.0,48.1214281,11.5021564,Allguth,"Fürstenrieder Str. 210/212, 81377 München, Germany",255.0,48.1208333,11.5022222,Tony's Pizza,"Fürstenrieder Str. 216, 81377 München, Germany",305.0,48.1204039,11.502034,3.0,Literaturcafé,"Fürstenrieder Str. 159, 81377 München, Germany",87.0,48.1224025,11.5042412,Allguth,"Fürstenrieder Str. 210/212, 81377 München, Germany",255.0,48.1208333,11.5022222,Allguth,"Fürstenrieder Str. 175, 81377 München, Germany",332.0,48.1200019,11.5031146,3.0,Kath. Kindertagesstätte Namen Jesu- Kindergarten u. Hort,"Friedrich-Brugger-Weg 12, 81377 München, Germany",259.0,48.1239801,11.5065996,Wichtel Akademie Kita München Hadern,"Fürstenrieder Str. 171-173, 81377 München, Germany",271.0,48.1205711,11.5028979,Minihaus München am Westpark,"Westendstraße 302, 81377 München, Germany",312.0,48.123495299999995,11.5075768,1.0,Grundschule Gilmstrasse,"Gilmstraße 46, 81377 München, Germany",378.0,48.1203387,11.5066552,Elementary school Droste-Hulshoff-Straße 9,"Droste-Hülshoff-Straße 9, 80686 München, Germany",591.0,48.1275452,11.5075243,Förderverein der Droste-Hülshoff-Grundschule e.V.,"Droste-Hülshoff-Straße 9, 80686 München, Germany",591.0,48.1275452,11.5075243,12.0,,,,,,,,,,,,,"Das Erasmus-Grasser-Gymnasium München ist ein etabliertes Gymnasium, das eine anspruchsvolle akademische Ausbildung zur Hochschulreife vermittelt. Es bietet ein vielfältiges Sprachenprofil mit Englisch, Latein und Französisch und legt besonderen Wert auf eine humanistische Bildung im Geiste des Namensgebers Erasmus. Die Schule fördert kritisches Denken und bereitet ihre Schüler umfassend auf zukünftige Herausforderungen vor.",,,,,,,,,,,,,,,,,,,,,,"{""opens"": ""2026-04-15"", ""closes"": ""2026-05-11"", ""notes"": ""Online-Anmeldung dringend erforderlich im Vorfeld der Einschreibung für die 5. Klasse.""}","[""Für die 5. Klasse: Online-Anmeldung ab Mitte April erforderlich, gefolgt von der offiziellen Einschreibung."", ""Für höhere Jahrgangsstufen: E-Mail-Bewerbung an neuaufnahme@egg-muenchen.de mit Vor- und Nachname, Geburtsdatum des Kindes, gewünschter Jahrgangsstufe, bisher besuchter Schule (inkl. Ausbildungsrichtung), zweiter Fremdsprache und besuchtem Religions- bzw. Ethikunterricht."", ""Die Schule ist ein naturwissenschaftlich-technologisches Gymnasium.""]",2026-04-20T09:22:22Z,"Für die reguläre Einschreibung in die Jahrgangsstufe 5 nach dem Übertritt aus der Grundschule ist keine E-Mail notwendig, sondern die Online-Anmeldung und die offizielle Einschreibung vor Ort.","Fürstenrieder Str. 159, 81377 München",Bayern,12076.0,65.5,1.0,1505022.0,5671.0,München: sicherste Großstadt Deutschlands (>200k Einwohner) seit 50 Jahren,city_aggregate,5671.0,376.8,6061.0,12076.0,802.4,München,91219.0,6061.0,134.0,8.9,134.0,91219.0,815.0,54.2,2026-08-22,"jedeschule.codefor.de (CC0, scraped from km.bayern.de)","The Erasmus-Grasser-Gymnasium Munich is an established Gymnasium providing a demanding academic education for university entrance. It offers a diverse language profile including English, Latin, and French, and places special emphasis on a humanistic education in the spirit of its namesake, Erasmus. The school fosters critical thinking and comprehensively prepares its students for future challenges.",,,2026-03-10,98.0,,,1272.0,München,BY,,25.0,1.0,79.0,9.0,6.0,86.0,0.0,91219.0,2024_25,2025
BY-SCHUL_SCHULSTANDORTEBERUFLICHESCHULEN_0f2762e9-d42d-4af9-b028-465ec93628aa,"Therese-von-Bayern-Schule, staatl. Berufsoberschule für Wirtschaft München",Berufsoberschulen,Berufsoberschulen,,,Lindwurmstr. 90,80337,München,,,,,Bärbel Ritthammer,177.0,8.0,,,,,"Französisch, Spanisch, Italienisch",,,,,,,,,,,,,,Nicht verfügbar (Bayern),,,,,,,,,,,Bayern Kultusministerium Schulsuche,"Bilingualer Unterricht, Seminar",48.1238811,11.547261,,,,,,,,,,,,,,,,,,,,,,,,,,,,,,,,,,,,,,,,,,,,,,,,,,,,,,1.0,Durchschnittlich,Unknown,168.0,48.125101,11.549402,,Unknown,181.0,48.124908,11.549735,,Poccistraße,244.0,48.125488,11.550244,,,,,,,,,,,,,,,,,Poccistraße,153.0,48.124861,11.549362,,Senserstraße,172.0,48.122971,11.548588,,Poccistraße,175.0,48.125514,11.548989,,0.0,,0.0,15.0,Emilia&Anton UG (haftungsbeschränkt),"Lindwurmstraße 167, 80337 München, Germany",81.0,48.123622999999995,11.5477896,EuroShop,"Poccistraße 1, 80336 München, Germany",151.0,48.12510090000001,11.5491201,Jacques’ Wein-Depot München-Sendling,"Implerstraße 9a-11, 81371 München, Germany",159.0,48.1231933,11.5487883,20.0,Cafe Blue,"Implerstraße 2, 81371 München, Germany",79.0,48.1238237,11.5482281,Café Erika,"Senserstraße 7, 81371 München, Germany",154.0,48.122938,11.547453,Mimi Grill,"Lindwurmstraße 179, 80337 München, Germany",166.0,48.122948099999995,11.5465682,20.0,Café Bar Cockpit,"Lindwurmstraße 165, 80337 München, Germany",72.0,48.1237599,11.5479379,Cafe Blue,"Implerstraße 2, 81371 München, Germany",79.0,48.1238237,11.5482281,Cup&Cozy,"Lindwurmstraße 92, 80337 München, Germany",87.0,48.123620599999995,11.5469404,8.0,die Seepferdchen Kindertagesstätte lp15,"Lipowskystraße 15, 81373 München, Germany",257.0,48.1248702,11.5440974,Kinderkrippe Sonnenwelt,"Lindwurmstraße 116, 80337 München, Germany",275.0,48.1228239,11.5445136,Montessori Kinderhaus Güllstraße e.V.,"Güllstraße 3, 80336 München, Germany",282.0,48.126028299999994,11.5502755,3.0,Implerschule,"Implerstraße 35, 81371 München, Germany",406.0,48.1207662,11.5486888,Staatl. Grundschule,"Implerstraße 35, 81371 München, Germany",411.0,48.1207257,11.548739,Grundschule Stielerstraße,"Stielerstraße 6, 80336 München, Germany",483.0,48.1274243,11.5520211,20.0,"The Therese-von-Bayern-Schule, state vocational upper secondary school for economics in Munich, is an established educational institution in the heart of Munich, specializing in vocational upper secondary education (BOS) with specializations in Business and Administration, and International Business. With 177 students and 8 teachers, it offers a personal learning environment. The school's pedagogical concept builds upon a secondary school leaving certificate and relevant professional experience, combining a solid general education with application-oriented specialized theory and practical experience. The aim is to optimally prepare students for studies at a university of applied sciences or a university, whether for the Fachabitur after the 12th grade or the Abitur after the 13th grade, possibly with a second foreign language such as French, Spanish, or Italian. 

Special features of the school include bilingual instruction and seminar offerings, which allow for in-depth engagement with specific topics and promote personality development and independent thinking. For students who wish to refresh their knowledge in German, English, and Mathematics, the school offers a preparatory course (Vorkurs) and a preparatory class (Vorklasse) to facilitate the transition into the 12th grade of the BOS. Its central location at Lindwurmstraße 90, 80337 Munich, ensures good accessibility and connection to urban life. Although no specific details on facilities are available, it can be assumed that a modern vocational upper secondary school in a major city possesses the necessary infrastructure for contemporary teaching. The school management, under Bärbel Ritthammer, is committed to practical and future-oriented education.",,,,,,,,,,,,"Die Therese-von-Bayern-Schule, staatliche Berufsoberschule für Wirtschaft München, ist eine etablierte Bildungseinrichtung im Herzen Münchens, die sich auf die berufliche Oberschule (BOS) mit den Ausbildungsrichtungen Wirtschaft und Verwaltung sowie Internationale Wirtschaft spezialisiert hat. Mit 177 Schülern und 8 Lehrkräften bietet sie eine persönliche Lernatmosphäre. Das pädagogische Konzept der Schule baut auf einem mittleren Schulabschluss und einschlägiger beruflicher Vorbildung auf, um eine fundierte Allgemeinbildung mit anwendungsorientierter Fachtheorie und praktischer Erfahrung zu verbinden. Ziel ist es, die Schüler optimal auf ein Studium an einer Hochschule oder Universität vorzubereiten, sei es für das Fachabitur nach der 12. Klasse oder das Abitur nach der 13. Klasse, gegebenenfalls mit einer zweiten Fremdsprache wie Französisch, Spanisch oder Italienisch. 

Besondere Merkmale der Schule sind der bilinguale Unterricht und Seminarangebote, die eine vertiefte Auseinandersetzung mit spezifischen Themen ermöglichen und die Persönlichkeitsentwicklung sowie selbstständiges Denken fördern. Für Schüler, die ihre Kenntnisse in Deutsch, Englisch und Mathematik auffrischen möchten, bietet die Schule einen Vorkurs sowie eine Vorklasse an, um den Übergang in die 12. Jahrgangsstufe der BOS zu erleichtern. Die zentrale Lage in der Lindwurmstraße 90, 80337 München, gewährleistet eine gute Erreichbarkeit und Anbindung an das städtische Leben. Obwohl keine spezifischen Details zur Ausstattung vorliegen, ist von einer modernen Berufsoberschule in einer Großstadt auszugehen, die über die notwendige Infrastruktur für einen zeitgemäßen Unterricht verfügt. Die Schulleitung unter Bärbel Ritthammer engagiert sich für eine praxisnahe und zukunftsorientierte Ausbildung.","The Therese-von-Bayern-Schule is a state vocational upper secondary school for economics in Munich with 177 students and 8 teachers. It offers specializations in Business and Administration and International Business, including bilingual instruction and seminar offerings. The school prepares students for the Fachabitur and Abitur, providing preparatory courses and classes for optimal preparation.","Die Therese-von-Bayern-Schule ist eine staatliche Berufsoberschule für Wirtschaft in München mit 177 Schülern und 8 Lehrkräften. Sie bietet die Ausbildungsrichtungen Wirtschaft und Verwaltung sowie Internationale Wirtschaft an, inklusive bilingualem Unterricht und Seminarangeboten. Die Schule bereitet auf das Fachabitur und Abitur vor und bietet Vorkurse sowie Vorklassen zur optimalen Vorbereitung an.",,,,,,,,,,,,,,,,,,,,"{""opens"": ""2026-02-23"", ""closes"": ""2026-03-06"", ""notes"": ""Im Zeitraum vom 23. Februar 2026 bis zum 06. März 2026 müssen alle Unterlagen abgegeben werden. Dies kann per Post (Poststempel gilt) oder durch Einwurf in die silberne Box vor dem Sekretariat erfolgen.""}","[""Online-Datenerfassung und Ausdruck des Formulars, Unterschrift (bei Minderjährigen durch Erziehungsberechtigte)."", ""Zusammenstellung der Unterlagen gemäß Checkliste."", ""Abgabe aller Unterlagen im Zeitraum vom 23.02.2026 bis 06.03.2026."", ""Für die Aufnahme in die Vorklasse FOS ist eine verbindliche Beratung vorgeschrieben."", ""Nachreichen fehlender Unterlagen (z.B. Zeugnis des Mittleren Schulabschlusses) bis zu bestimmten Fristen im Juli/August 2026 (Vorklasse: 29.07.2026, 11:00 Uhr; FOS11: an den fpA-Infotagen 27.07.2026/29.07.2026; FOS12 & 13: 15.07.2026, 12:00 Uhr)."", ""Bei mittlerem Schulabschluss nicht an einer deutschen Schule: Feststellungsprüfung Deutsch erforderlich."", ""Mittlerer Schulabschluss mit Notendurchschnitt 3,5 in Deutsch, Englisch, Mathematik ODER Vorrückerlaubnis in Jgst. 11 Gymnasium ODER erfolgreicher Abschluss FOS Vorklasse ODER Mittlerer Schulabschluss mit Eignungsprüfung (D, E, M) bei Nichtbesuch der Vorklasse."", ""Für Vorklasse FOS: Mittlerer Schulabschluss mit Notendurchschnitt 3,5 oder besser in D, E, M ODER schlechterer Schnitt mit pädagogischem Gutachten.""]",2026-04-20T08:53:04Z,"Die Anmeldung für das Schuljahr 2026/27 erfolgt durch Online-Datenerfassung und anschließende Abgabe der ausgedruckten und unterschriebenen Unterlagen im Zeitraum vom 23. Februar bis 06. März 2026. Für die Aufnahme in die Vorklasse FOS ist eine verbindliche Beratung erforderlich. Fehlende Zeugnisse können bis Ende Juli/Anfang August 2026 nachgereicht werden. Bewerber ohne deutschen mittleren Schulabschluss müssen eine Deutsch-Feststellungsprüfung ablegen. Die Aufnahmevoraussetzungen für die FOS umfassen in der Regel einen mittleren Schulabschluss mit einem Notendurchschnitt von 3,5 in Deutsch, Englisch und Mathematik oder eine Eignungsprüfung.","Lindwurmstr. 90, 80337 München",Bayern,12076.0,65.5,1.0,1505022.0,5671.0,München: sicherste Großstadt Deutschlands (>200k Einwohner) seit 50 Jahren,city_aggregate,5671.0,376.8,6061.0,12076.0,802.4,München,91219.0,6061.0,134.0,8.9,134.0,91219.0,815.0,54.2,2026-08-22,"jedeschule.codefor.de (CC0, scraped from km.bayern.de)","The Therese-von-Bayern-Schule in Munich is a state vocational upper secondary school specializing in economics and business. It enables graduates with prior vocational training to obtain the *Fachhochschulreife* or *Allgemeine Hochschulreife*, focusing on economic subjects. The school thus optimally prepares students for higher education at universities and universities of applied sciences.",,,2026-03-05,8.0,,,177.0,München,BY,,71.0,0.0,126.0,24.0,15.0,141.0,0.0,91219.0,2024_25,2025
BY-SCHUL_SCHULSTANDORTEGYMNASIEN_98c3861e-69fc-4c91-920d-ee0a2e3a5ace,Michaeli-Gymnasium München,Gymnasien,Gymnasien,,1971.0,Hachinger-Bach-Str. 25,81671,München,,,,,Frank Jung,1268.0,92.0,,,,,"Englisch, Französisch, Latein, Spanisch",,,,,,,,,,,,,,Nicht verfügbar (Bayern),,,,,,,,,,,Bayern Kultusministerium Schulsuche,"Sprachliches und Naturwissenschaftlich-technologisches Gymnasium, MINT-Fächer, Chorklasse, Bläserklasse, Theater, Spanisch, Migrationsförderung.",48.1208058,11.638872,,,,,,,,,,,,,,,,,,,,,,,,,,,,,,,,,,,,,,,,,,,,,,,,,,,,,,1.0,Durchschnittlich,Unknown,473.0,48.118378,11.633309,D,Unknown,494.0,48.118033,11.633313,E,Michaelibad,571.0,48.118349,11.631823,,St.-Veit-Straße,313.0,48.122065,11.642353,,Mutschellestraße,674.0,48.126672,11.638248,,Kreillerstraße,705.0,48.12562,11.644575,,St.-Veit-Straße,280.0,48.121974,11.641905,,St.-Veit-Straße,321.0,48.122304,11.642236,,Heinrich-Wieland-Straße,390.0,48.117234,11.640116,,0.0,D; E,0.0,0.0,,,,,,,,,,,,,,,,5.0,LUCKY,"St.-Veit-Str 68, 81673 München, Germany",250.0,48.118693,11.6404708,Ristorantino PiccoLino,"St.-Veit-Str 49, 81673 München, Germany",414.0,48.122798499999995,11.6432469,"Restaurant & Tagescafé ""Krakengastronomie im Michaelibad""","Heinrich-Wieland-Straße 24, 81735 München, Germany",451.0,48.116848000000005,11.6364772,1.0,"Restaurant & Tagescafé ""Krakengastronomie im Michaelibad""","Heinrich-Wieland-Straße 24, 81735 München, Germany",451.0,48.116848000000005,11.6364772,,,,,,,,,,,5.0,VIOkita gGmbH,"Hochriesstraße 13, 81671 München, Germany",250.0,48.1185972,11.637257600000002,"BRK Haus für Kinder ""Bach-Spiel-Haus""","Hachinger-Bach-Straße 11, 81671 München, Germany",318.0,48.12105,11.63449,Städtische Kindertagesstätte Jella-Lepman-Str. 3,"Jella-Lepman-Straße 3, 81673 München, Germany",339.0,48.1236225,11.6379335,1.0,Grundschule an der St.-Veit-Straße 46,"St.-Veit-Str 46, 81673 München, Germany",219.0,48.120798699999995,11.6416647,Grundschule Berg-am-Laim,"Berg-am-Laim-Straße 142, 81673 München, Germany",1141.0,48.1284918,11.6288614,Grundschule München Strehleranger,"Strehleranger 12, 81735 München, Germany",1343.0,48.1092901,11.632447,9.0,"Michaeli-Gymnasium Munich, a state-run educational institution, was founded in 1971 and is strategically located in the vibrant Munich district of Berg am Laim. It is known for its dual orientation as a linguistic and scientific-technological Gymnasium, offering students a wide range of academic opportunities. With a community of 1268 students and 92 dedicated teachers, the school ensures individual support and a rich educational program.

In the linguistic branch, comprehensive instruction is offered in English, French, Latin, and Spanish, with Spanish standing out as one of the curriculum's special features. The scientific-technological branch places a strong emphasis on MINT subjects (Mathematics, Informatics, Natural Sciences, Technology) to specifically foster young talents in these future-oriented disciplines and prepare them for academic and professional challenges.

The pedagogical mission of Michaeli-Gymnasium is deeply rooted in values such as learning and creativity, diversity and tolerance, fairness and trust. These principles are symbolized by the school's ""Michaeli-Drache"" and significantly shape the positive school climate and strong community.

Among the outstanding additional offerings are the choir class (Chorklasse) and the wind instrument class (Bläserklasse), which nurture musical talents, as well as a dynamic theater group that promotes creative expression. Another important commitment of the school is migration support (Migrationsförderung), which aims to comprehensively integrate and support students with a migration background.

The architecture of the school building, characteristic of the early 1970s, presents itself in a sober concrete construction that prioritizes functionality. Its central location in Berg am Laim not only offers good accessibility but also the advantages of an urban environment with diverse recreational opportunities. For comprehensive student care, an all-day program (Ganztagsangebot) and a canteen for lunch (Mittagsverpflegung) are available. The school is led by Headmaster Frank Jung, who significantly shapes the institution's pedagogical vision.",,,,,,,,,,,,"Das Michaeli-Gymnasium München, eine staatliche Bildungseinrichtung, wurde 1971 gegründet und ist strategisch im lebendigen Münchner Stadtbezirk Berg am Laim gelegen. Es ist bekannt für seine duale Ausrichtung als Sprachliches und Naturwissenschaftlich-technologisches Gymnasium, was den Schülerinnen und Schülern eine breite Palette an akademischen Möglichkeiten eröffnet. Mit einer Gemeinschaft von 1268 Schülern und 92 engagierten Lehrkräften gewährleistet die Schule eine individuelle Förderung und ein reichhaltiges Bildungsangebot.

Im sprachlichen Zweig wird ein fundierter Unterricht in Englisch, Französisch, Latein und Spanisch angeboten, wobei Spanisch als eine der Besonderheiten des Curriculums hervorsticht. Der naturwissenschaftlich-technologische Zweig legt einen ausgeprägten Schwerpunkt auf die MINT-Fächer (Mathematik, Informatik, Naturwissenschaften, Technik), um junge Talente in diesen zukunftsorientierten Disziplinen gezielt zu fördern und auf akademische sowie berufliche Herausforderungen vorzubereiten.

Das pädagogische Leitbild des Michaeli-Gymnasiums ist tief in Werten wie Lernen und Kreativität, Vielfalt und Toleranz, Fairness und Vertrauen verwurzelt. Diese Prinzipien werden durch den schuleigenen ""Michaeli-Drachen"" symbolisiert und prägen maßgeblich das positive Schulklima sowie die starke Gemeinschaft.

Zu den herausragenden zusätzlichen Angeboten zählen die Chorklasse und die Bläserklasse, die musikalische Begabungen pflegen, sowie eine dynamische Theatergruppe, die kreativen Ausdruck fördert. Ein weiteres wichtiges Engagement der Schule ist die Migrationsförderung, die darauf abzielt, Schülerinnen und Schüler mit Migrationshintergrund umfassend zu integrieren und zu unterstützen.

Die Architektur des Schulgebäudes, charakteristisch für die frühen 1970er Jahre, präsentiert sich in einer nüchternen Betonbauweise, die Funktionalität in den Vordergrund stellt. Die zentrale Lage in Berg am Laim bietet nicht nur eine gute Erreichbarkeit, sondern auch die Vorteile einer urbanen Umgebung mit vielfältigen Freizeitmöglichkeiten. Für die umfassende Betreuung der Schülerinnen und Schüler stehen ein Ganztagsangebot sowie eine Mensa für die Mittagsverpflegung zur Verfügung. Die Schule wird von Schulleiter Frank Jung geführt, der die pädagogische Vision der Einrichtung maßgeblich mitgestaltet.","Founded in 1971, Michaeli-Gymnasium Munich is a state-run Gymnasium in Berg am Laim, focusing on linguistic and scientific-technological profiles. It offers 1268 students a broad curriculum including MINT, four languages, and artistic and social programs like choir, wind instrument, and theater classes, plus migration support. Values such as diversity and trust shape school life under the leadership of Frank Jung.","Das 1971 gegründete Michaeli-Gymnasium München ist ein staatliches Gymnasium in Berg am Laim mit sprachlichem und naturwissenschaftlich-technologischem Schwerpunkt. Es bietet 1268 Schülern ein breites Fächerangebot inklusive MINT, vier Sprachen sowie musische und soziale Förderungen wie Chor-, Bläser- und Theaterklassen und Migrationsförderung. Werte wie Vielfalt und Vertrauen prägen das Schulleben unter der Leitung von Frank Jung.",,,,,,,,,,,,,,,,,,,,"{""opens"": ""2026-05-11"", ""closes"": ""2026-05-15"", ""notes"": ""In Ausnahmefällen auch vom 12. bis 13. Mai und am 15. Mai 2026, in der Regel vormittags.""}","[""Erfolgreicher Besuch der 4. Klasse einer Grundschule im Schuljahr 2025/2026."", ""Das Kind muss am 30. September 2026 noch 11 Jahre alt sein."", ""Notendurchschnitt von bis zu 2,33 in Deutsch, Mathematik und Heimat- und Sachunterricht für den Übertritt an ein Gymnasium."", ""Bei einem Notendurchschnitt von 2,66 oder höher ist ein Probeunterricht erforderlich."", ""Der Probeunterricht gilt als bestanden, wenn in einem Fach die Note 3 und im anderen Fach die Note 4 erreicht wird. Bei zweimal Note 4 entscheiden die Eltern/Erziehungsberechtigten."", ""Bei Krankheit mit amts- oder schularztärztlichem Attest ist ein Nachholtermin am Ende der Sommerferien 2026 möglich."", ""Zur Einschreibung sind das Original des Geburtsscheins/der Geburtsurkunde, das Original des Übertrittszeugnisses, gegebenenfalls das Original des Sorgerechtsbeschlusses und gegebenenfalls eine Bescheinigung über eine Teilleistungsstörung mitzubringen."", ""Die Einschreibung kann nur durch Erziehungsberechtigte oder deren bevollmächtigte Vertretung erfolgen."", ""Es besteht kein Anspruch auf Aufnahme an einem bestimmten Gymnasium in der Landeshauptstadt München. Bei Nichtaufnahme an der gewünschten Schule wird die Schulleitung versuchen, einen geeigneten Platz an einem anderen Gymnasium zu finden.""]",2026-04-20T09:27:31Z,"Die Informationen zur Einschreibung und den Aufnahmebedingungen basieren auf der Broschüre 'Einschreibung 2026/27' der Landeshauptstadt München. Es wird empfohlen, zusätzlich die Informationen auf der Schulwebsite zu beachten.","Hachinger-Bach-Str. 25, 81671 München",Bayern,12076.0,65.5,1.0,1505022.0,5671.0,München: sicherste Großstadt Deutschlands (>200k Einwohner) seit 50 Jahren,city_aggregate,5671.0,376.8,6061.0,12076.0,802.4,München,91219.0,6061.0,134.0,8.9,134.0,91219.0,815.0,54.2,2026-08-22,"jedeschule.codefor.de (CC0, scraped from km.bayern.de)","Michaeli-Gymnasium München is a well-established Gymnasium offering a comprehensive academic education designed to prepare students for university studies. The school emphasizes a broad curriculum, with strong profiles in natural sciences, humanities, and languages, including English, Latin, and French. It also fosters individual talents through a variety of extracurricular activities and projects.",,,2026-02-24,92.0,,,1268.0,München,BY,,17.0,2.0,19.0,0.0,4.0,25.0,50.0,91219.0,2024_25,2025
BY-SCHUL_SCHULSTANDORTEGYMNASIEN_c0aa0aa2-c7da-421e-80bf-ee596a002f62,Dante-Gymnasium München,Gymnasien,Gymnasien,,1970.0,Wackersberger Str. 61,81371,München,,,,,Johannes von der Forst,776.0,62.0,,,,,"Englisch, Französisch, Italienisch, Latein, Chinesisch, Spanisch, Russisch",,,,,,,,,,,,,,Nicht verfügbar (Bayern),,,,,,,,,,,Bayern Kultusministerium Schulsuche,"Sprachliches Gymnasium, AbiBac, Schulprofil Inklusion, bilinguales Angebot, Theater- und Percussionklasse, MINT, Musik, Sport",48.1149703,11.5438502,,,,,,,,,,,,,,,,,,,,,,,,,,,,,,,,,,,,,,,,,,,,,,,,,,,,,,1.0,Durchschnittlich,Unknown,326.0,48.117253,11.540448,A,Unknown,335.0,48.11689,11.53976,B,Unknown,350.0,48.116579,11.539196,C,,,,,,,,,,,,,,,,Am Harras,266.0,48.116132,11.540128,,Am Harras,341.0,48.117231,11.540113,,Sylvensteinstraße,341.0,48.112827,11.540108,,0.0,A; B; C,0.0,10.0,Vinzenzmurr Metzgerei - München - Sendling,"Plinganserstraße 49, 81369 München, Germany",318.0,48.1171204,11.5403864,EDEKA,"Plinganserstraße 45, 81369 München, Germany",342.0,48.1174458,11.5404596,EuroShop,"Am Harras 10, 81373 München, Germany",374.0,48.1167581,11.5389806,20.0,Das Wacker Gaststätte,"Demleitnerstraße 4, 81371 München, Germany",86.0,48.11431,11.54289,Zum BlauStern,"Wackersberger Str. 65, 81371 München, Germany",154.0,48.1155556,11.5413889,Café & Bar | Wirtshaus Valley's | München,"Aberlestraße 52, 81371 München, Germany",280.0,48.1173018,11.5449198,11.0,Ratschiller's Harras,"Plinganserstraße 47, 81369 München, Germany",336.0,48.117323299999995,11.5403596,Lu‘s Weihnachtsbäckerei,"Schanzenbachstraße 12, 81371 München, Germany",347.0,48.1135285,11.547401,Backstube Wünsche,"Plinganserstraße 45, 81369 München, Germany",348.0,48.1174648,11.5403672,7.0,Kinderkrippe Tausendfüßler München Gmbh,"Gaißacher Str. 21, 81371 München, Germany",215.0,48.114516599999995,11.5460899,Kinderkrippe | Hilfe von Mensch zu Mensch e.V.,"Gaißacher Str. 21, 81371 München, Germany",215.0,48.114509600000005,11.546092,VIOkita Krippe Sendling,"Gaißacher Str. 21, 81371 München, Germany",215.0,48.114509600000005,11.546092,0.0,Staatl. Grundschule Plinganser,"Meindlstraße 8, 81373 München, Germany",581.0,48.118906300000006,11.5380469,Grundschule,"Gotzinger Pl. 1, 81371 München, Germany",629.0,48.1175194,11.5509118,Staatl. Grundschule,"Implerstraße 35, 81371 München, Germany",751.0,48.1207257,11.548739,17.0,"The Dante-Gymnasium in Munich-Sendling is a state-run, language-focused Gymnasium with a distinct international and inclusive profile. Founded in 1970 and led by Principal Johannes von der Forst, the school currently educates 776 students with a staff of 62 teachers. The school places a strong emphasis on languages, offering English, French, Italian, Latin, Chinese (as a late-beginning foreign language from the 11th grade), and Spanish (as an elective course). A particular highlight is the AbiBac program, which allows for the simultaneous acquisition of the German Abitur and the French Baccalauréat, alongside a bilingual French track.

The pedagogical concept of the Dante-Gymnasium promotes openness, diversity, and the integration of education with innovation. It focuses on individual support and collaborative learning to foster an inclusive school community where everyone feels welcome. In addition to its focus on languages and inclusion, the school offers special profile classes such as the Theater and Percussion classes, which provide creative and artistic-sensory experiences. MINT subjects, music, and sports also play a significant role. The school boasts modern facilities, including a state-of-the-art sports hall, a swimming pool, and spacious outdoor sports areas with an athletics track, football field, and artificial turf pitch.

The Gymnasium is located at Wackersberger Straße 61 in the Sendling district of Munich. For student care, an open all-day program is available for grades 5 to 7, which includes homework supervision from 1:15 PM to 4:00 PM and lunch. International exchanges and partnerships with schools in Kolkata, Beijing, and the Lycée Jean Renoir in Munich underscore the school's global aspirations.",,,,,,,,,,,,"Das Dante-Gymnasium in München-Sendling ist ein staatliches, sprachliches Gymnasium mit einem ausgeprägten internationalen und inklusiven Profil. Es wurde 1970 gegründet und wird von Schulleiter Johannes von der Forst geführt. Aktuell besuchen 776 Schülerinnen und Schüler die Schule, die von 62 Lehrkräften unterrichtet werden. Die Schule legt großen Wert auf Sprachen und bietet Englisch, Französisch, Italienisch, Latein, Chinesisch (als spät beginnende Fremdsprache ab der 11. Jahrgangsstufe) und Spanisch (als Wahlkurs) an. Ein besonderes Highlight ist das AbiBac-Programm, das den gleichzeitigen Erwerb des deutschen Abiturs und des französischen Baccalauréats ermöglicht, sowie ein bilingualer Französischzug.

Das pädagogische Konzept des Dante-Gymnasiums fördert Offenheit, Vielfalt und die Verbindung von Bildung mit Innovation. Es setzt auf individuelle Förderung und gemeinsames Lernen, um eine inklusive Schulgemeinschaft zu schaffen, in der sich alle willkommen fühlen. Neben dem Fokus auf Sprachen und Inklusion bietet die Schule spezielle Profilklassen wie die Theater- und Percussionklasse an, die kreative und künstlerisch-sinnliche Erfahrungen ermöglichen. Auch MINT-Fächer, Musik und Sport spielen eine wichtige Rolle. Die Schule verfügt über eine moderne Ausstattung, darunter eine hochmoderne Sporthalle, ein Schwimmbad und großzügige Sportfreiflächen mit Leichtathletikanlage, Fußball- und Kunstrasenplatz.

Das Gymnasium befindet sich in der Wackersberger Straße 61 im Münchner Stadtteil Sendling. Für die Betreuung der Schülerinnen und Schüler wird ein offener Ganztag für die Jahrgangsstufen 5 bis 7 angeboten, der eine Hausaufgabenbetreuung von 13:15 bis 16:00 Uhr sowie ein Mittagessen umfasst. Internationale Austausche und Partnerschaften mit Schulen in Kalkutta, Peking und dem Lycée Jean Renoir in München unterstreichen den globalen Anspruch der Schule.","The Dante-Gymnasium Munich is a state-run, language-focused Gymnasium in Sendling with 776 students and 62 teachers. It is distinguished by an AbiBac program, a bilingual offering, an inclusion profile, and special theater and percussion classes. The school promotes linguistic diversity, international exchanges, and provides an open all-day program for junior grades.","Das Dante-Gymnasium München ist ein staatliches, sprachliches Gymnasium in Sendling mit 776 Schülern und 62 Lehrkräften. Es zeichnet sich durch ein AbiBac-Programm, ein bilinguales Angebot, ein Schulprofil Inklusion sowie spezielle Theater- und Percussionklassen aus. Die Schule fördert Sprachenvielfalt, internationale Austausche und bietet einen offenen Ganztag für die Unterstufe.",,,,,,,,,,,,,,,,,,,,"{""opens"": ""2026-04-13"", ""closes"": ""2026-05-11"", ""notes"": ""Anmeldung ausschließlich online, Abgabe der Unterlagen in Papierform bis 11.05.2026, 15:00 Uhr.""}","[""Online-Anmeldung im Zeitraum vom 13.04.2026 bis 11.05.2026."", ""Das ausgefüllte Online-Formular muss ausgedruckt, unterschrieben und zusammen mit weiteren Unterlagen bis zum 11.05.2026, 15:00 Uhr, per Post oder persönlichem Einwurf an die Schule gesendet werden."", ""Notwendige Unterlagen: Original-Übertrittszeugnis (Jgst. 4) oder Zwischenzeugnis (Jgst. 5), ausgedruckte und unterschriebene Online-Anmeldung, ausgefüllte Datenschutzerklärung, ausgefüllte IT-Nutzungserklärung (nur Unterschriftsseite), ausgefüllter Masernschutznachweis mit Kopie des Impfpasses, Kopie des Personalausweises der Eltern/Erziehungsberechtigten, Kopie der Geburtsurkunde des Kindes."", ""Ggf. zusätzlich einzureichende Unterlagen: Ausgefülltes Formular Kostenfreiheit des Schulweges, ausgefüllte Anmeldung für den Probeunterricht, ausgefüllte Anmeldung für die Offene Ganztagsschule, Kopie des Sorgerechtsnachweises, Kopie der Lese-Rechtschreib-Schwäche Bestätigung, Kopie einer Vollmacht der/eines Erziehungsberechtigten.""]",2026-04-20T09:30:25Z,Ein Anspruch auf Aufnahme an einem bestimmten Gymnasium in der Landeshauptstadt München besteht nicht. Bei technischen Schwierigkeiten mit der Online-Anmeldung können nach telefonischer Anmeldung persönliche Einzeltermine vereinbart werden. Für besonderen Beratungsbedarf zum Thema Inklusion kann Herr StD Schöder kontaktiert werden.,"Wackersberger Str. 61, 81371 München",Bayern,12076.0,65.5,1.0,1505022.0,5671.0,München: sicherste Großstadt Deutschlands (>200k Einwohner) seit 50 Jahren,city_aggregate,5671.0,376.8,6061.0,12076.0,802.4,München,91219.0,6061.0,134.0,8.9,134.0,91219.0,815.0,54.2,2026-08-22,"jedeschule.codefor.de (CC0, scraped from km.bayern.de)","The Dante-Gymnasium München is a well-established Gymnasium providing a rigorous academic education in preparation for the Abitur. It offers a comprehensive language program, typically including English, Latin, and French, and emphasizes a strong foundation in humanities and modern European studies. The school also fosters individual talents in sciences and arts within a supportive and engaging learning environment.",,,2026-03-04,62.0,,,776.0,München,BY,,65.0,1.0,127.0,26.0,7.0,135.0,0.0,91219.0,2024_25,2025
BY-SCHUL_SCHULSTANDORTEREALSCHULEN_d24ba9f5-6d6b-45cb-9a41-58c0085eb717,Joseph-von-Fraunhofer-Schule Staatl. Realschule München II,Realschulen,Realschulen,,1976.0,Engadiner Str. 1,81475,München,,,,,Michael Schwarzer,995.0,67.0,,,,,Französisch,,,,,,,,,,,,,,Nicht verfügbar (Bayern),,,,,,,,,,,Bayern Kultusministerium Schulsuche,"MINT, SPRINT, KOMPASS, Berufswahlsiegel, Partnerschule Verbraucherbildung, Kooperation FOS",48.0900477,11.4814434,,,,,,,,,,,,,,,,,,,,,,,,,,,,,,,,,,,,,,,,,,,,,,,,,,,,,,1.0,Durchschnittlich,Unknown,155.0,48.089059,11.480076,,Unknown,184.0,48.08871,11.480211,,Fürstenried West,206.0,48.088366,11.48083,U 3,,,,,,,,,,,,,,,,Fürstenried West (U),173.0,48.088791,11.480288,,Fürstenried West (U),174.0,48.088712,11.480539,,Fürstenried West (U),180.0,48.088613,11.480786,,0.0,U 3,0.0,7.0,REWE,"Engadiner Str. 2, 81475 München, Germany",65.0,48.089642000000005,11.4810036,Asia Markt Green Panda 欣馨超市 中国超市,"Engadiner Str. 2, 81475 München, Germany",71.0,48.0898519,11.4804919,Fruchthaus Malimo,"Engadiner Str. 2, 81475 München, Germany",132.0,48.0892075,11.4803155,10.0,EAT HAPPY,"Engadiner Str. 2, 81475 München, Germany",123.0,48.089166,11.480677,Ratschiller’s Spezialbrote Bäckerei & Café,"Engadiner Str. 2, 81475 München, Germany",130.0,48.0891776,11.4804279,Hertel Hähnchen Food-Truck,"Graubündener Straße, WOCHENMARKT, Schweizer Pl., 81475 München, Germany",152.0,48.0890633,11.4801431,5.0,Ratschiller’s Spezialbrote Bäckerei & Café,"Engadiner Str. 2, 81475 München, Germany",130.0,48.0891776,11.4804279,Back & Resch - Coffee to go,"81475 Munich, Germany",201.0,48.088648799999994,11.4799045,Rackls Backstubn,"Steinkirchner Str. 28, 81475 München, Germany",257.0,48.0881976,11.4795453,1.0,Städtische Kindertagesstätte,"Walliser Str. 7, 81475 München, Germany",306.0,48.0925719,11.4833633,Childcare Wiederkunft des Herrn,"Königswieser Str. 14, 81475 München, Germany",730.0,48.0839102,11.4841598,Kitaverbund München Süd-West,"Genfer Pl. 4, 81476 München, Germany",892.0,48.0946244,11.4913075,1.0,staatl. Grundschule an der Walliser Straße,"Walliser Str. 5, 81475 München, Germany",167.0,48.0914496,11.4825435,Grundschule Königswieser Straße,"Bühler Weg 2, 81475 München, Germany",922.0,48.0819382,11.4824526,Grundschule Forstenrieder Allee,"Forstenrieder Allee 175, 81476 München, Germany",1169.0,48.0859809,11.4957192,5.0,"The Joseph-von-Fraunhofer-Schule, State Realschule Munich II, is an established educational institution in Munich characterized by a diverse pedagogical offering and a strong vocational orientation. Located at Engadiner Straße 1 in the Fürstenried-West district, the school benefits from good public transport connections. With approximately 995 students and 67 teachers, it provides comprehensive education in a supportive learning environment.

The school's profile is shaped by a wide range of elective subject groups. Students can choose between the mathematical-scientific-technical field (Group I), the economic field (Group II), the second foreign language French (Group IIIa), or a focus on art education, crafts, home economics, or social studies (Group IIIb). This diversity allows for individual specialization and fosters different talents and interests.

Special offers and awards highlight the school's commitment in various educational areas. The Joseph-von-Fraunhofer-Schule is a ""MINT-friendly school"", emphasizing its dedication to mathematics, computer science, natural sciences, and technology. Other profile areas include SPRINT, KOMPASS, the ""Berufswahlsiegel"" (career choice seal), and the distinction as a ""Partnerschule Verbraucherbildung"" (consumer education partner school). The cooperation with the FOS (Fachoberschule - technical secondary school) facilitates the transition to further educational paths. As a seminar school for German and History, it also contributes to the training of future teachers.

The school places great importance on student care. It offers both a bound and an open all-day school program, including rhythmized all-day classes in grades 5 and 6. Lunch is also provided. Career counseling through the Federal Employment Agency and regular insights into the professional world through events such as the ""Ausbildungsoffensive Bayern"" (Bavarian training offensive) and visits to vocational schools are integral components of the career orientation concept.

The school's facilities are designed to meet the demands of modern teaching, although specific details of the premises and teaching materials cannot be fully described without website access. Its location in a Munich district offers students access to urban resources and good accessibility. Overall, the Joseph-von-Fraunhofer-Schule presents itself as a future-oriented Realschule that comprehensively prepares its students for their further educational and professional paths.",,,,,,,,,,,,"Die Joseph-von-Fraunhofer-Schule, Staatliche Realschule München II, ist eine etablierte Bildungseinrichtung in München, die sich durch ein vielfältiges pädagogisches Angebot und eine starke berufliche Orientierung auszeichnet. Gelegen in der Engadiner Straße 1 im Stadtteil Fürstenried-West, profitiert die Schule von einer guten Anbindung an das öffentliche Verkehrsnetz. Mit rund 995 Schülern und 67 Lehrkräften bietet sie eine umfassende Bildung in einer unterstützenden Lernumgebung.

Das Schulprofil ist geprägt von einem breiten Spektrum an Wahlpflichtfächergruppen. Schüler können zwischen dem mathematisch-naturwissenschaftlich-technischen Bereich (Gruppe I), dem wirtschaftlichen Bereich (Gruppe II), der zweiten Fremdsprache Französisch (Gruppe IIIa) oder einem Schwerpunkt in Kunsterziehung, Werken, Hauswirtschaft oder Sozialwesen (Gruppe IIIb) wählen. Diese Vielfalt ermöglicht eine individuelle Schwerpunktsetzung und fördert unterschiedliche Talente und Interessen.

Besondere Angebote und Auszeichnungen unterstreichen das Engagement der Schule in verschiedenen Bildungsbereichen. Die Joseph-von-Fraunhofer-Schule ist eine ""MINT-freundliche Schule"", was ihr Engagement in Mathematik, Informatik, Naturwissenschaften und Technik hervorhebt. Weitere Profilbereiche umfassen SPRINT, KOMPASS, das Berufswahlsiegel und die Auszeichnung als Partnerschule Verbraucherbildung. Die Kooperation mit der FOS (Fachoberschule) erleichtert den Übergang in weiterführende Bildungsgänge. Als Seminarschule für Deutsch und Geschichte trägt sie zudem zur Ausbildung zukünftiger Lehrkräfte bei.

Die Schule legt großen Wert auf die Betreuung ihrer Schüler. Sie bietet sowohl einen gebundenen als auch einen offenen Ganztagsschulbetrieb an, inklusive rhythmisierter Ganztagsklassen in den Jahrgangsstufen 5 und 6. Ein Mittagessen wird ebenfalls angeboten. Die Berufsberatung durch die Bundesagentur für Arbeit sowie regelmäßige Einblicke in die Berufswelt durch Veranstaltungen wie die Ausbildungsoffensive Bayern und Besuche von Berufsschulen sind feste Bestandteile des Konzepts zur Berufsorientierung.

Die Ausstattung der Schule ist auf die Anforderungen eines modernen Unterrichts ausgerichtet, wobei die genauen Details der Räumlichkeiten und spezifischen Lehrmittel ohne Website-Zugang nicht vollständig beschrieben werden können. Die Lage in einem Münchner Stadtteil bietet den Schülern Zugang zu städtischen Ressourcen und eine gute Erreichbarkeit. Insgesamt präsentiert sich die Joseph-von-Fraunhofer-Schule als eine zukunftsorientierte Realschule, die ihre Schüler umfassend auf ihren weiteren Bildungs- und Berufsweg vorbereitet.","The Joseph-von-Fraunhofer-Schule is a state Realschule in Munich with 995 students and 67 teachers. It offers diverse elective subject groups, including MINT and French, as well as bound and open all-day programs. The school is recognized as a MINT-friendly school and a consumer education partner school, emphasizing career orientation and the training of future teachers.","Die Joseph-von-Fraunhofer-Schule ist eine staatliche Realschule in München mit 995 Schülern und 67 Lehrkräften. Sie bietet vielfältige Wahlpflichtfächergruppen, darunter MINT und Französisch, sowie gebundene und offene Ganztagsangebote. Die Schule ist als MINT-freundliche Schule und Partnerschule Verbraucherbildung ausgezeichnet und legt großen Wert auf Berufsorientierung und die Ausbildung zukünftiger Lehrkräfte.",,,,,,,,,,,,,,,,,,,,"{""opens"": ""2026-05-04"", ""closes"": ""2026-08-04"", ""notes"": ""Online-Voranmeldung ab 04.05.2026, 12:00 Uhr. Verbindliche Anmeldung für die 5. Jahrgangsstufe vom 11.05.2026 bis 15.05.2026 (08:00-12:00 Uhr). Verbindliche Anmeldung für die 5. Jahrgangsstufe nach Probeunterricht (für Schüler mit nicht bestandenem Gymnasium Probeunterricht und Schnitt 2,66 im Übertrittszeugnis) vom 25.05.2026 bis 29.05.2026 (08:00-12:00 Uhr). Voranmeldung für die 6.-10. Jahrgangsstufe vom 11.05.2026 bis 15.05.2026 (08:00-12:00 Uhr). Verbindliche Anmeldung für die 6.-10. Jahrgangsstufe (Vorlage Jahreszeugnis) am 31.07.2026 (12:00-14:00 Uhr), 03.08.2026 (08:00-12:00 Uhr) und 04.08.2026 (08:00-12:00 Uhr). Eine vorherige Voranmeldung über OSA (Online-Schüler-Anmeldung) ist erforderlich.""}","[""Kopie der Geburtsurkunde"", ""Original des Übertrittszeugnisses"", ""Bescheinigung über Masernschutz"", ""Unterschriebener Ausdruck der Datenschutzvereinbarung"", ""Ausgefüllte und unterschriebene EDV-Nutzungsordnung der Schule"", ""Ggf. Sorgerechtsbescheinigung (bei alleinigem Sorgerecht) / Vollmacht des Ex-Partners bzw. der Ex-Partnerin (bei gemeinsamem Sorgerecht)"", ""Ggf. Anmeldung zur gebundenen Ganztagsklasse oder zur offenen Ganztagsbetreuung"", ""Ggf. Bescheinigung über eine Teilleistungsstörung"", ""Ggf. Nachweis über Förderbedarf (Legasthenie, sonderpädagogischer Förderbedarf, Schulbegleitung)""]",2026-04-20T09:28:21Z,"Seit dem Schuljahr 2024/2025 wird Islamischer Unterricht in den Jahrgangsstufen 5, 6 und 7 angeboten. Bei Interesse ist dies bei der Online-Anmeldung anzugeben. Es kann nur eine Klasse gebildet werden, die Entscheidung erfolgt nach Eingang der Anmeldung.","Engadiner Str. 1, 81475 München",Bayern,12076.0,65.5,1.0,1505022.0,5671.0,München: sicherste Großstadt Deutschlands (>200k Einwohner) seit 50 Jahren,city_aggregate,5671.0,376.8,6061.0,12076.0,802.4,München,91219.0,6061.0,134.0,8.9,134.0,91219.0,815.0,54.2,2026-08-22,"jedeschule.codefor.de (CC0, scraped from km.bayern.de)","The Joseph-von-Fraunhofer-Schule is a state Realschule in Munich, offering a comprehensive general education that culminates in the Mittlerer Schulabschluss (intermediate school leaving certificate). It prepares students for vocational training and further academic pathways. The curriculum emphasizes practical learning and includes English as the primary foreign language.",,,2026-02-26,67.0,,,995.0,München,BY,,17.0,0.0,44.0,6.0,1.0,45.0,10.0,91219.0,2024_25,2025
BY-SCHUL_SCHULSTANDORTEGYMNASIEN_3ab60e69-3d30-4d07-82d3-544a2fcd4bb2,Gymnasium München-Freiham,Gymnasien,Gymnasien,,2019.0,Hildegard-Hamm-Brücher-Str. 5,81249,München,,,,,Thomas Schranner,1173.0,88.0,,,,,"Englisch, Latein, Spanisch, Französisch",,,,,,,,,,,,,,Nicht verfügbar (Bayern),,,,,,,,,,,Bayern Kultusministerium Schulsuche,"Naturwissenschaftlich-technologisches und Sprachliches Gymnasium, MINT-Förderung, Seminarschule, Inklusion, Medienerziehung, Forschungsprojekte, musische Zugänge.",48.1405891,11.4041356,,,,,,,,,,,,,,,,,,,,,,,,,,,,,,,,,,,,,,,,,,,,,,,,,,,,,,1.0,Durchschnittlich,Freiham,368.0,48.140008,11.41007,,,,,,,,,,,,,,,,,,,,,,,,,,,Bildungscampus Freiham,142.0,48.141279,11.403499,,Bildungscampus Freiham,175.0,48.141701,11.403368,,Helmut-Schmidt-Allee,253.0,48.14241,11.407569,,0.0,,0.0,8.0,ALDI SÜD,"Amalie-Nacken-Str. 4, 81249 München, Germany",277.0,48.141645999999994,11.4087251,Freiham,"Amalie-Nacken-Str. 4, 81248 München, Germany",277.0,48.141645999999994,11.4087251,Freihamer Supermarkt,"Roman-Herzog-Straße, 81248 München, Germany",319.0,48.1433288,11.407103,15.0,SUNHYE - Korean Streetfood,"Margarete-Vollmar-Str. 1, 81248 München, Germany",193.0,48.1414762,11.4076084,Pit‘s Burger Freiham,"Margarete-Vollmar-Str. 1, 81248 München, Germany",202.0,48.141509,11.4077188,Kentucky Fried Chicken,"im ZAM, Mahatma-Gandhi-Platz 3, 81249 München, Germany",213.0,48.1412254,11.4080194,5.0,Dunkin' Donuts München-Freiham,"Emilie-Maurer-Straße 3, 81248 München, Germany",252.0,48.1409217,11.4086329,Müller Café & Bäckerei,"Freiham, ZAM, Mahatma-Gandhi-Platz 5, 81248 München, Germany",322.0,48.1413897,11.4094765,Feinkost Lisac,"Aubinger Allee 15, 81248 München, Germany",358.0,48.1437653,11.4069314,3.0,Unsere Champions Kinderkrippe & Kindergarten – Freiham (1),"Hans-Stützle-Straße 20, 81249 München, Germany",386.0,48.13957,11.4101365,Unsere Champions Kinderkrippe & Kindergarten – Freiham (2),"Hans-Stützle-Straße 27, 81249 München, Germany",426.0,48.1398449,11.4108209,Denk mit Kita München Freiham,"Golo-Mann-Weg 21, 81248 München, Germany",477.0,48.1444942,11.4083601,1.0,Grundschule Freiham,"Helmut-Schmidt-Allee 45, 81248 München, Germany",129.0,48.141877099999995,11.4048463,Grundschule Gustl-Bayrhammer-Straße,"Gustl-Bayrhammer-Straße 21, 81248 München, Germany",706.0,48.1468075,11.408084,Staatl. Grundschule,"Wiesentfelser Str. 53, 81249 München, Germany",858.0,48.1462325,11.4133801,9.0,"Gymnasium München-Freiham, founded in 2019, is a state educational institution in Munich-Freiham, characterized by an innovative pedagogical concept and modern facilities. As a scientific-technological and linguistic Gymnasium, it offers students from the 5th grade a wide range of educational paths with English, Latin, Spanish, and French as languages. The school is a seminar school and places great emphasis on STEM promotion, media education, and inclusion. The pedagogical concept of Gymnasium Freiham is based on a learning and living culture that fosters self-responsibility, a spirit of inquiry, and a sense of community. Through self-responsible work (EvA), learning jobs, and diverse project work, independence and activity are strengthened. Holistic learning is made possible through multi-perspective research projects as well as creative, scientific, and musical approaches. Structured processes such as double lessons, team teaching, and flexible learning spaces support sustainable and concentrated learning in the full-day school format. With 1173 students and 88 teachers, the Gymnasium is a vibrant learning environment. It is closely integrated with the Freiham district and fosters an inclusive and caring school culture. The school is part of the Freiham educational campus, designed according to the 'Munich Learning House Concept,' which creates 'small schools within the large school.' This campus includes a primary school, a Realschule, and a special education and competence center alongside the Gymnasium. Shared facilities such as a sports park, a cafeteria (Mensa), a library, and open spaces enrich school life. The entire campus is designed to be barrier-free and accommodates inclusive needs. As a full-day school, Gymnasium München-Freiham offers comprehensive childcare services, providing students with a learning and living environment for the entire day.",,,,,,,,,,,,"Das Gymnasium München-Freiham, gegründet im Jahr 2019, ist eine staatliche Bildungseinrichtung in München-Freiham, die sich durch ein innovatives pädagogisches Konzept und eine moderne Ausstattung auszeichnet. Als Naturwissenschaftlich-technologisches und Sprachliches Gymnasium bietet es den Schülerinnen und Schülern ab der 5. Jahrgangsstufe eine breite Palette an Bildungswegen mit den Sprachen Englisch, Latein, Spanisch und Französisch. Die Schule ist eine Seminarschule und legt großen Wert auf MINT-Förderung, Medienerziehung und Inklusion. Das pädagogische Konzept des Gymnasiums Freiham basiert auf einer Lern- und Lebenskultur, die Eigenverantwortung, Forschergeist und Gemeinschaftsgefühl fördert. Durch Eigenverantwortliches Arbeiten (EvA), Lernjobs und vielseitige Projektarbeiten werden Selbstständigkeit und Aktivität gestärkt. Ganzheitliches Lernen wird durch multiperspektivische Forschungsprojekte sowie kreative, wissenschaftliche und musische Zugänge ermöglicht. Strukturierte Abläufe wie Doppelstunden, Teamteaching und flexible Lernräume unterstützen ein nachhaltiges und konzentriertes Lernen im gebundenen Ganztag. Mit 1173 Schülern und 88 Lehrkräften ist das Gymnasium ein lebendiger Lernort. Es ist eng mit dem Stadtteil Freiham vernetzt und gestaltet eine inklusive und fürsorgliche Schulkultur. Die Schule ist Teil des Bildungscampus Freiham, der nach dem 'Münchner Lernhauskonzept' konzipiert wurde und 'kleine Schulen in der großen Schule' schafft. Dieser Campus umfasst neben dem Gymnasium auch eine Grundschule, eine Realschule und ein Sonderpädagogisches Förder- und Kompetenzzentrum. Gemeinsam genutzte Einrichtungen wie ein Sportpark, eine Mensa und eine Bibliothek sowie Freiflächen bereichern das Schulleben. Der gesamte Campus ist barrierefrei gestaltet und berücksichtigt inklusive Bedarfe. Als gebundene Ganztagsschule bietet das Gymnasium München-Freiham umfassende Betreuungsangebote, die den Schülerinnen und Schülern einen Lern- und Lebensort für den ganzen Tag bieten.","Founded in 2019, Gymnasium München-Freiham is a scientific-technological and linguistic Gymnasium with a structured full-day program. It fosters self-responsibility, a spirit of inquiry, and community through innovative pedagogical concepts like EvA and project-based learning. As part of the barrier-free Freiham educational campus, it offers modern facilities and comprehensive childcare services.","Das 2019 gegründete Gymnasium München-Freiham ist ein naturwissenschaftlich-technologisches und sprachliches Gymnasium mit gebundenem Ganztagsbetrieb. Es fördert Eigenverantwortung, Forschergeist und Gemeinschaftsgefühl durch innovative pädagogische Konzepte wie EvA und Projektarbeiten. Als Teil des barrierefreien Bildungscampus Freiham bietet es moderne Ausstattung und umfassende Betreuungsangebote.",,,,,,,,,,,,,,,,,,,,"{""opens"": ""2026-02-26"", ""closes"": ""2026-05-11"", ""notes"": ""Vor-Anmeldung ab 26. Februar 2026 möglich. Einschreibetermin am 11. Mai 2026.""}","[""Anmeldung für die 5. Jahrgangsstufe (Übertritt aus der 4. Jahrgangsstufe der Grundschule oder 5. Jahrgangsstufe der Real- oder Mittelschule)."", ""Vor-Anmeldung ab 26. Februar 2026 möglich."", ""Einschreibetermin: 11. Mai 2026 von 08:00 – 13:00 Uhr und von 14:00 – 17:00 Uhr.""]",2026-04-20T09:29:34Z,Die Informationen beziehen sich auf die Aufnahme in die 5. Jahrgangsstufe des Gymnasiums Freiham aus der 4. Jahrgangsstufe der Grundschule oder der 5. Jahrgangsstufe der Real- oder Mittelschule. Für den Übertritt aus der 5. Jahrgangsstufe ist der Einschreibetermin ebenfalls der 11. Mai 2026.,"Hildegard-Hamm-Brücher-Str. 5, 81249 München",Bayern,12076.0,65.5,1.0,1505022.0,5671.0,München: sicherste Großstadt Deutschlands (>200k Einwohner) seit 50 Jahren,city_aggregate,5671.0,376.8,6061.0,12076.0,802.4,München,91219.0,6061.0,134.0,8.9,134.0,91219.0,815.0,54.2,2026-08-22,"jedeschule.codefor.de (CC0, scraped from km.bayern.de)","Gymnasium München-Freiham is a state-run secondary school preparing students for higher education with a rigorous academic curriculum. It offers a broad educational profile, emphasizing sciences, humanities, and multiple languages including English, Latin, and French. The school fosters critical thinking and personal growth within a modern learning environment.",,,2026-02-25,88.0,,,1173.0,München,BY,,8.0,0.0,20.0,5.0,4.0,24.0,52.0,91219.0,2024_25,2025
BY-SCHUL_SCHULSTANDORTEGYMNASIEN_3f022dad-c351-45bd-8807-a4a94dc39461,Wilhelm-Hausenstein-Gymnasium München,Gymnasien,Gymnasien,,1970.0,Elektrastr. 61,81925,München,,,,,Uwe Barfknecht,1256.0,97.0,,,,,"Englisch, Latein, Spanisch, Französisch",,,,,,,,,,,,,,Nicht verfügbar (Bayern),,,,,,,,,,,Bayern Kultusministerium Schulsuche,"Naturwissenschaftlich-technologisches und neusprachliches Gymnasium, MINT-Schule, digitale Ausstattung (3D-Drucker, Makerspace), offenes Lernkonzept, Theater, Sport.",48.1522078,11.6266563,,,,,,,,,,,,,,,,,,,,,,,,,,,,,,,,,,,,,,,,,,,,,,,,,,,,,,1.0,Durchschnittlich,Unknown,311.0,48.153565,11.623514,C,Unknown,330.0,48.153967,11.623651,B,Unknown,349.0,48.154009,11.62336,,Cosimabad,198.0,48.153569,11.628477,4.0,Cosimabad,210.0,48.153532,11.628819,,Cosimabad,212.0,48.153512,11.628898,5.0,Elektrastraße,104.0,48.15136,11.626117,,Elektrastraße,147.0,48.150779,11.626559,,Cosimabad,195.0,48.153552,11.628433,,0.0,4; 5; B; C,0.0,2.0,Obst und Gemüse / Griechische Feinkost,"Cosimastraße 2, 81927 München, Germany",288.0,48.1538376,11.6298689,Kale Supermarkt,"Cosimastraße 4, 81927 München, Germany",415.0,48.1549775,11.6305301,,,,,,10.0,Schwimmbad Imbiss,"Cosimastraße 5, 81925 München, Germany",320.0,48.1545886,11.6290951,GO by Steffen Henssler,"Cosimastraße 4, 81927 München, Germany",369.0,48.154624899999995,11.6302112,La Cambusa,"Cosimastraße 4, 81927 München, Germany",389.0,48.154872999999995,11.6301607,7.0,AMAL Café/Bäckerei - Bogenhausen,"Englschalkinger Str. 148, 81927 München, Germany",239.0,48.1532668,11.6297227,Foodarista by Lea,"Elektrastraße, 81925 München, Germany",338.0,48.152073699999995,11.6224931,Kanne Café Bogenhausen,"Englschalkinger Str. 77, 81925 München, Germany",397.0,48.155274,11.624734,5.0,KITA Biberbau,"Vollmannstraße 59, 81925 München, Germany",145.0,48.1526036,11.6288244,Kita Biberbau - Bogenhausen,"Vollmannstraße 59, 81925 München, Germany",145.0,48.152604,11.6288246,KIJ European Services GmbH,"Elektrastraße 14A, 81925 München, Germany",379.0,48.1516408,11.621982,0.0,Grundschule an der Ostpreußenstraße,"Ostpreußenstraße 88, 81927 München, Germany",1201.0,48.156292699999995,11.6419405,Grundschule an der Gebelestraße,"Gebelestraße 2, 81679 München, Germany",1217.0,48.1507712,11.6107635,Elementary school at the Stuntzstraße,"Stuntzstraße 55, 81677 München, Germany",1262.0,48.14104390000001,11.6229505,8.0,"The Wilhelm-Hausenstein-Gymnasium (WHG) in Munich is a state-run gymnasium with a dual focus: scientific-technological and modern languages. Founded in 1970, the WHG has established itself as a modern educational institution that offers its students a comprehensive and future-oriented education. Since September 2024, the school has been located in a futuristic new building in the Klimapark at Fideliostraße 145 in the Bogenhausen district, having previously been situated on Elektrastraße.

With approximately 1256 students and 97 teachers, the gymnasium provides a vibrant learning environment. Under the leadership of Principal Uwe Barfknecht, the WHG pursues an open learning concept that promotes individual and free learning, guiding students on their path to independence and adulthood. As an accredited MINT (STEM) school, the WHG places great emphasis on fostering skills in mathematics, computer science, natural sciences, and technology. This is supported by excellent digital equipment, including interactive panels in all classrooms and specialized rooms, comprehensive Wi-Fi, docucams, and a digital lab with four 3D printers and a Makerspace.

In terms of languages, students can choose between English, Latin, Spanish, and French, with various language sequences offered (E,L,Sp and E,F,Sp). In addition to regular classes, the WHG offers a wide range of elective subjects and activities, including theater groups and sports programs, which encourage creativity and physical balance. For younger students, an open all-day school program is available, providing support with homework as well as space for play and leisure. The modern forums in the new building are optimally designed for collaborative learning and innovative teaching methods. The Wilhelm-Hausenstein-Gymnasium sees itself as a school that combines tradition and innovation to best prepare its students for the challenges of the future.",,,,,,,,,,,,"Das Wilhelm-Hausenstein-Gymnasium (WHG) in München ist ein staatliches Gymnasium mit einem doppelten Schwerpunkt: naturwissenschaftlich-technologisch und neusprachlich. Gegründet im Jahr 1970, hat sich das WHG als eine moderne Bildungseinrichtung etabliert, die ihren Schülern eine umfassende und zukunftsorientierte Ausbildung bietet. Seit September 2024 befindet sich die Schule in einem futuristischen Neubau im Klimapark an der Fideliostraße 145 im Stadtbezirk Bogenhausen, nachdem sie zuvor in der Elektrastraße ansässig war.

Mit rund 1256 Schülern und 97 Lehrkräften bietet das Gymnasium eine lebendige Lernumgebung. Unter der Leitung von Schulleiter Uwe Barfknecht verfolgt das WHG ein offenes Lernkonzept, das individuelles und freies Lernen fördert und die Schüler auf ihrem Weg zu Selbstständigkeit und Erwachsensein begleitet. Als anerkannte MINT-Schule legt das WHG großen Wert auf die Förderung in Mathematik, Informatik, Naturwissenschaften und Technik. Dies wird durch eine hervorragende digitale Ausstattung unterstützt, die interaktive Panels in allen Klassenzimmern und Fachräumen, flächendeckendes WLAN, Dokucams sowie ein Digitallabor mit vier 3D-Druckern und einem Makerspace umfasst.

Im sprachlichen Bereich können die Schüler zwischen Englisch, Latein, Spanisch und Französisch wählen, wobei verschiedene Sprachenfolgen angeboten werden (E,L,Sp und E,F,Sp). Neben dem regulären Unterricht bietet das WHG vielfältige Wahlfächer und Aktivitäten, darunter Theatergruppen und Sportangebote, die Kreativität und körperlichen Ausgleich fördern. Für jüngere Schüler steht ein offener Ganztagsbetrieb zur Verfügung, der sowohl bei den Hausaufgaben unterstützt als auch Raum für Spiel und Freizeit bietet. Die modernen Foren im Neubau sind optimal für kollaboratives Lernen und innovative Lehrmethoden konzipiert. Das Wilhelm-Hausenstein-Gymnasium versteht sich als eine Schule, die Tradition und Innovation verbindet, um ihre Schüler bestmöglich auf die Herausforderungen der Zukunft vorzubereiten.","The Wilhelm-Hausenstein-Gymnasium Munich, founded in 1970, is a scientific-technological and modern languages gymnasium with 1256 students and 97 teachers. It offers an open learning concept, is a MINT (STEM) school with modern digital equipment, and provides an open all-day program. Since September 2024, the school has been located in a new, futuristic building in Munich-Bogenhausen.","Das Wilhelm-Hausenstein-Gymnasium München ist ein 1970 gegründetes naturwissenschaftlich-technologisches und neusprachliches Gymnasium mit 1256 Schülern und 97 Lehrkräften. Es bietet ein offenes Lernkonzept, ist eine MINT-Schule mit moderner digitaler Ausstattung und verfügt über einen offenen Ganztagsbetrieb. Seit September 2024 befindet sich die Schule in einem neuen, futuristischen Gebäude in München-Bogenhausen.",,,,,,,,,,,,,,,,,,,,,,2026-04-20T08:43:12Z,,"Elektrastr. 61, 81925 München",Bayern,12076.0,65.5,1.0,1505022.0,5671.0,München: sicherste Großstadt Deutschlands (>200k Einwohner) seit 50 Jahren,city_aggregate,5671.0,376.8,6061.0,12076.0,802.4,München,91219.0,6061.0,134.0,8.9,134.0,91219.0,815.0,54.2,2026-08-22,"jedeschule.codefor.de (CC0, scraped from km.bayern.de)","The Wilhelm-Hausenstein-Gymnasium München is a state-run Gymnasium that prepares its students for the Abitur and university studies. It offers a demanding academic profile with a broad curriculum, including modern and classical languages (e.g., English, Latin, French) as well as a focus on natural sciences and humanities. The school emphasizes comprehensive education and the development of individual talents.",,,,97.0,,,1256.0,München,BY,,17.0,0.0,36.0,3.0,1.0,37.0,26.0,91219.0,2024_25,2025
BY-SCHUL_SCHULSTANDORTEGYMNASIEN_ac819b62-69e4-41cb-a478-614ba687e4f2,Gymnasium München - Fürstenried,Gymnasien,Gymnasien,,1971.0,Engadiner Str. 1,81475,München,,,,,Gregor Pelger,919.0,71.0,,,,,"Englisch, Latein, Französisch",,,,,,,,,,,,,,Nicht verfügbar (Bayern),,,,,,,,,,,Bayern Kultusministerium Schulsuche,Naturwissenschaftlich-technologisches und sprachliches Gymnasium,48.0900477,11.4814434,,,,,,,,,,,,,,,,,,,,,,,,,,,,,,,,,,,,,,,,,,,,,,,,,,,,,,1.0,Durchschnittlich,Unknown,155.0,48.089059,11.480076,,Unknown,184.0,48.08871,11.480211,,Fürstenried West,206.0,48.088366,11.48083,U 3,,,,,,,,,,,,,,,,Fürstenried West (U),173.0,48.088791,11.480288,,Fürstenried West (U),174.0,48.088712,11.480539,,Fürstenried West (U),180.0,48.088613,11.480786,,0.0,U 3,0.0,7.0,REWE,"Engadiner Str. 2, 81475 München, Germany",65.0,48.089642000000005,11.4810036,Asia Markt Green Panda 欣馨超市 中国超市,"Engadiner Str. 2, 81475 München, Germany",71.0,48.0898519,11.4804919,Fruchthaus Malimo,"Engadiner Str. 2, 81475 München, Germany",132.0,48.0892075,11.4803155,10.0,EAT HAPPY,"Engadiner Str. 2, 81475 München, Germany",123.0,48.089166,11.480677,Ratschiller’s Spezialbrote Bäckerei & Café,"Engadiner Str. 2, 81475 München, Germany",130.0,48.0891776,11.4804279,Hertel Hähnchen Food-Truck,"Graubündener Straße, WOCHENMARKT, Schweizer Pl., 81475 München, Germany",152.0,48.0890633,11.4801431,5.0,Ratschiller’s Spezialbrote Bäckerei & Café,"Engadiner Str. 2, 81475 München, Germany",130.0,48.0891776,11.4804279,Back & Resch - Coffee to go,"81475 Munich, Germany",201.0,48.088648799999994,11.4799045,Rackls Backstubn,"Steinkirchner Str. 28, 81475 München, Germany",257.0,48.0881976,11.4795453,1.0,Städtische Kindertagesstätte,"Walliser Str. 7, 81475 München, Germany",306.0,48.0925719,11.4833633,Childcare Wiederkunft des Herrn,"Königswieser Str. 14, 81475 München, Germany",730.0,48.0839102,11.4841598,Kitaverbund München Süd-West,"Genfer Pl. 4, 81476 München, Germany",892.0,48.0946244,11.4913075,1.0,staatl. Grundschule an der Walliser Straße,"Walliser Str. 5, 81475 München, Germany",167.0,48.0914496,11.4825435,Grundschule Königswieser Straße,"Bühler Weg 2, 81475 München, Germany",922.0,48.0819382,11.4824526,Grundschule Forstenrieder Allee,"Forstenrieder Allee 175, 81476 München, Germany",1169.0,48.0859809,11.4957192,5.0,"Gymnasium München - Fürstenried, founded in 1971, is an established Gymnasium located at Engadiner Str. 1, 81475 Munich. With 919 students and 71 teachers, it offers comprehensive education in a supportive environment. The school is characterized by both a science and technology profile and a linguistic profile, enabling students to specifically foster their individual talents and interests.

The pedagogical concept of Gymnasium München - Fürstenried aims to strengthen both analytical thinking and problem-solving skills in the scientific domain, as well as intercultural competencies and communication skills in the linguistic domain. The languages offered – English, Latin, and French – form a solid foundation for a globally oriented education. Through a combination of profound subject knowledge and practical application, students are prepared for future challenges.

Special offerings likely include advanced courses in mathematics, computer science, natural sciences, and technology (STEM), as well as diverse linguistic projects and exchange programs. It can be assumed that the school also offers extracurricular activities (AGs) in areas such as robotics, debating, or theater to promote students' interests outside of regular classes. Facilities typically include modern specialized rooms for natural sciences and computer science, a well-equipped library, sports facilities, and bright classrooms that create an optimal learning environment.

The school is situated in the Fürstenried district, a quiet residential area in the southwest of Munich, offering good accessibility by public transport and providing a safe and pleasant environment for students. The surroundings allow students to concentrate on their academic tasks while benefiting from the proximity to the city. In terms of care offers, midday supervision, homework assistance, and a wide range of afternoon activities are usually provided to support students outside of regular lessons and promote their personal development. The school leadership under Gregor Pelger ensures the continuous development of the school's profile.",,,,,,,,,,,,"Das Gymnasium München - Fürstenried, gegründet im Jahr 1971, ist ein etabliertes Gymnasium in der Engadiner Str. 1, 81475 München. Mit 919 Schülern und 71 Lehrkräften bietet es eine umfassende Bildung in einem unterstützenden Umfeld. Die Schule zeichnet sich durch ein naturwissenschaftlich-technologisches und ein sprachliches Profil aus, was den Schülern ermöglicht, ihre individuellen Talente und Interessen gezielt zu fördern.

Das pädagogische Konzept des Gymnasiums München - Fürstenried zielt darauf ab, sowohl analytisches Denken und Problemlösungskompetenzen im naturwissenschaftlichen Bereich als auch interkulturelle Kompetenzen und Kommunikationsfähigkeiten im sprachlichen Bereich zu stärken. Die angebotenen Sprachen Englisch, Latein und Französisch bilden eine solide Grundlage für eine weltoffene Bildung. Durch eine Kombination aus fundiertem Fachwissen und praktischer Anwendung werden die Schüler auf zukünftige Herausforderungen vorbereitet.

Zu den besonderen Angeboten gehören voraussichtlich vertiefende Kurse in Mathematik, Informatik, Naturwissenschaften und Technik (MINT), sowie vielfältige sprachliche Projekte und Austauschprogramme. Es ist anzunehmen, dass die Schule auch Arbeitsgemeinschaften in Bereichen wie Robotik, Debattierkunst oder Theater anbietet, um die außerschulischen Interessen der Schüler zu fördern. Die Ausstattung umfasst typischerweise moderne Fachräume für Naturwissenschaften und Informatik, eine gut ausgestattete Bibliothek, Sportanlagen und helle Klassenzimmer, die eine optimale Lernumgebung schaffen.

Die Schule liegt im Stadtteil Fürstenried, einem ruhigen Wohngebiet im Südwesten Münchens, das eine gute Erreichbarkeit mit öffentlichen Verkehrsmitteln bietet und ein sicheres und angenehmes Umfeld für Schüler darstellt. Die Umgebung ermöglicht es den Schülern, sich auf ihre schulischen Aufgaben zu konzentrieren und gleichzeitig von der Nähe zur Stadt zu profitieren. Im Bereich der Betreuungsangebote sind in der Regel eine Mittagsbetreuung, Hausaufgabenhilfe und ein breites Spektrum an Nachmittagsaktivitäten vorgesehen, um die Schüler auch außerhalb des regulären Unterrichts zu unterstützen und ihre persönliche Entwicklung zu fördern. Die Schulleitung unter Gregor Pelger gewährleistet eine kontinuierliche Weiterentwicklung des Schulprofils.","Gymnasium München - Fürstenried, founded in 1971, is a Gymnasium in Munich-Fürstenried with 919 students and 71 teachers. It features a science and technology profile alongside a linguistic profile, offering English, Latin, and French. Led by Gregor Pelger, the school fosters analytical thinking, intercultural competencies, and comprehensively prepares students for future challenges.","Das Gymnasium München - Fürstenried ist ein 1971 gegründetes Gymnasium mit 919 Schülern und 71 Lehrkräften in München-Fürstenried. Es bietet ein naturwissenschaftlich-technologisches und ein sprachliches Profil mit Englisch, Latein und Französisch. Unter der Leitung von Gregor Pelger fördert die Schule analytisches Denken, interkulturelle Kompetenzen und bereitet umfassend auf zukünftige Herausforderungen vor.",,,,,,,,,,,,,,,,,,,,"{""opens"": ""2026-03-30"", ""closes"": ""2026-05-11"", ""notes"": ""Online-Voranmeldung von 30. März 2026 (0:00 Uhr) bis 07. Mai 2026 (12:00 Uhr), spätestens bis 11. Mai 2026 (15:00 Uhr). Abgabe der Anmeldeunterlagen (insbesondere Übertrittszeugnis im Original) bis spätestens 11. Mai 2026 (16:00 Uhr).""}","[""Digitale Online-Voranmeldung ist erforderlich."", ""Abgabe des Übertrittszeugnisses im Original ist erforderlich."", ""Probeunterrichtstermine sind für Schüler, die diesen benötigen, verfügbar."", ""Für die 5. Jahrgangsstufe ist die digitale Online-Anmeldung sowie die Abgabe des Übertrittszeugnisses im Original dringend erforderlich."", ""Für einen Schulwechsel ab der 6. Jahrgangsstufe ist eine direkte Kontaktaufnahme mit dem Sekretariat erforderlich.""]",2026-04-20T09:30:54Z,Alle nötigen Informationen zum Anmeldeverfahren sind auf der Website verfügbar. Bei Beratungsbedarf kann frühzeitig ein Termin mit der Beratungslehrerin vereinbart werden.,"Engadiner Str. 1, 81475 München",Bayern,12076.0,65.5,1.0,1505022.0,5671.0,München: sicherste Großstadt Deutschlands (>200k Einwohner) seit 50 Jahren,city_aggregate,5671.0,376.8,6061.0,12076.0,802.4,München,91219.0,6061.0,134.0,8.9,134.0,91219.0,815.0,54.2,2026-08-22,"jedeschule.codefor.de (CC0, scraped from km.bayern.de)","Gymnasium München-Fürstenried provides a rigorous academic education, preparing students thoroughly for the Abitur and higher education. Its curriculum spans a broad range of natural sciences, humanities, and a diverse language program, typically including English, Latin, and French. The school emphasizes the development of critical thinking and the individual nurturing of talents.",,,2026-05-21,71.0,"[{""date"": ""2026-05-11"", ""start_time"": ""08:00"", ""end_time"": ""16:00"", ""event_type"": ""Anmeldetag"", ""audience"": ""zukünftige Klasse 5"", ""notes"": ""Haupteinschreibetag.""}, {""date"": ""2026-05-12"", ""start_time"": ""08:00"", ""end_time"": ""12:00"", ""event_type"": ""Anmeldetag"", ""audience"": ""zukünftige Klasse 5"", ""notes"": ""Zusätzlicher Einschreibetag.""}, {""date"": ""2026-05-13"", ""start_time"": ""08:00"", ""end_time"": ""12:00"", ""event_type"": ""Anmeldetag"", ""audience"": ""zukünftige Klasse 5"", ""notes"": ""Zusätzlicher Einschreibetag.""}, {""date"": ""2026-05-15"", ""start_time"": null, ""end_time"": null, ""event_type"": ""Anmeldetag"", ""audience"": ""zukünftige Klasse 5"", ""notes"": ""In Ausnahmefällen auch am 15. Mai 2026, in der Regel vormittags.""}, {""date"": ""2026-05-19"", ""start_time"": ""08:00"", ""end_time"": ""11:30"", ""event_type"": ""Schnuppertag"", ""audience"": ""Probeunterricht"", ""notes"": ""Probeunterricht: Fragen zum Textverständnis, Aufsatz, Mathematik I.""}, {""date"": ""2026-05-20"", ""start_time"": ""08:30"", ""end_time"": ""11:30"", ""event_type"": ""Schnuppertag"", ""audience"": ""Probeunterricht"", ""notes"": ""Probeunterricht: Mathematik II, Rechtschreibung, Sprachkompetenz.""}, {""date"": ""2026-05-21"", ""start_time"": ""08:30"", ""end_time"": ""11:00"", ""event_type"": ""Schnuppertag"", ""audience"": ""Probeunterricht"", ""notes"": ""Probeunterricht: mündlicher Unterricht.""}]",,919.0,München,BY,,17.0,0.0,44.0,6.0,1.0,45.0,10.0,91219.0,2024_25,2025
BY-SCHUL_SCHULSTANDORTEMITTELSCHULEN_502932a2-2f0f-47e9-84cf-1e82554133be,"Mittelschule München, Albert-Schweitzer-Straße 59",Mittelschulen,Mittelschulen,,1969.0,Albert-Schweitzer-Str. 59,81735,München,,,,,Frau Dr. Angelika v. Damnitz,403.0,33.0,,,,,Englisch,,,,,,,,,,,,,,Nicht verfügbar (Bayern),,,,,,,,,,,Bayern Kultusministerium Schulsuche,DeutschPLUS (GMS),48.1081921,11.6477091,,,,,,,,,,,,,,,,,,,,,,,,,,,,,,,,,,,,,,,,,,,,,,,,,,,,,,1.0,Durchschnittlich,Unknown,71.0,48.107392,11.647418,C,Quiddestraße,79.0,48.108112,11.646674,,Unknown,89.0,48.107505,11.646779,B,,,,,,,,,,,,,,,,Quiddestraße,110.0,48.108558,11.6465,,Quiddestraße,127.0,48.108799,11.646509,,Quiddestraße,127.0,48.108661,11.646323,,0.0,B; C,0.0,6.0,dm-drogerie markt,"im Einkaufs-Center Life, Albert-Schweitzer-Straße 78, 81735 München, Germany",228.0,48.1063244,11.6459499,REWE,"Albert-Schweitzer-Straße 78, 81735 München, Germany",231.0,48.1064929,11.6455689,Vinzenzmurr Metzgerei - München - Neuperlach,"Albert-Schweitzer-Straße 78, 81735 München, Germany",231.0,48.1065001,11.645556,6.0,Kebabwerk,"Albert-Schweitzer-Straße 62, 81735 München, Germany",162.0,48.1072618,11.6458429,Vinzenzmurr Metzgerei - München - Neuperlach,"Albert-Schweitzer-Straße 78, 81735 München, Germany",231.0,48.1065001,11.645556,Sushi Bistro,"Albert-Schweitzer-Straße 78, 81735 München, Germany",242.0,48.106601399999995,11.6452161,3.0,Balkan Bäckerei Pazifik 3,"Albert-Schweitzer-Straße 62, 81735 München, Germany",151.0,48.1072476,11.6460235,"Bäckerei, Konditorei Heinrich Traublinger GmbH","Albert-Schweitzer-Straße 78, 81735 München, Germany",209.0,48.1065285,11.6459661,Landbäckerei IHLE GmbH,"Albert-Schweitzer-Straße 70, 81735 München, Germany",263.0,48.1064902,11.6449926,5.0,Kindertagesstätte,"Quiddestraße 3, 81735 München, Germany",100.0,48.1087959,11.6483276,Little Giants München Ramersdorf Neuperlach,"Albert-Schweitzer-Straße 66, 81735 München, Germany",247.0,48.10724,11.64459,Little Giants München Perlach,"Albert-Schweitzer-Straße 72a, 81735 München, Germany",331.0,48.1065133,11.6438619,1.0,Städtische schulartunabhängige Orientierungsstufe,"Quiddestraße 4, 81735 München, Germany",211.0,48.1097364,11.6488396,Grundschule an der Max-Kolmsperger-Straße,"Max-Kolmsperger-Straße 6, 81735 München, Germany",501.0,48.10673,11.65419,Elementary school on Theodor-Heuss-Platz,"Theodor-Heuss-Platz 6, 81737 München, Germany",877.0,48.10228,11.6395801,14.0,"Mittelschule München, Albert-Schweitzer-Straße 59, is a public educational institution located in Munich-Neuperlach. Inaugurated in 1969 as the first school of the new school center, it was known as Hauptschule Albert-Schweitzer-Straße until 2012. With 403 students and 33 teachers in the 2024/25 school year, it offers a comprehensive educational program for grades 5 to 10. The pedagogical concept of Mittelschulen in Bavaria is characterized by a strong vocational and practical orientation, preparing students for dual apprenticeships and opening up further educational paths. The school places great emphasis on personality development and individual support, aiming to enable all students to achieve a successful graduation and offering high-achieving students the opportunity to obtain the intermediate school leaving certificate. The lessons are designed to be practical and vivid, complemented by internships and in-depth vocational orientation. A special offering of the school is DeutschPLUS (GMS), a support measure for students with a non-German mother tongue, who receive additional assistance in acquiring the German language to improve their subject-specific and academic language skills. This support can take place in addition to or parallel to regular classes. The school also provides full-day care in both bound and open forms. The school is led by Frau Dr. Angelika v. Damnitz. Its location in Neuperlach offers an urban environment with good connectivity.",,,,,,,,,,,,"Die Mittelschule München, Albert-Schweitzer-Straße 59, ist eine öffentliche Bildungseinrichtung in München-Neuperlach, die 1969 als erste Schule des neuen Schulzentrums eingeweiht wurde und bis 2012 als Hauptschule Albert-Schweitzer-Straße bekannt war. Mit 403 Schülern und 33 Lehrkräften im Schuljahr 2024/25 bietet sie ein umfassendes Bildungsangebot für die Jahrgangsstufen 5 bis 10. Das pädagogische Konzept der Mittelschule in Bayern zeichnet sich durch eine starke Berufs- und Praxisorientierung aus, die auf die duale Ausbildung vorbereitet und weitere Bildungswege eröffnet. Die Schule legt großen Wert auf Persönlichkeitsbildung und individuelle Förderung, um allen Schülern einen erfolgreichen Abschluss zu ermöglichen und leistungsstarken Schülern den mittleren Schulabschluss zu eröffnen. Der Unterricht ist lebensnah und anschaulich gestaltet, ergänzt durch Praktika und eine vertiefte Berufsorientierung. Ein besonderes Angebot der Schule ist DeutschPLUS (GMS), eine Fördermaßnahme für Schülerinnen und Schüler mit nichtdeutscher Muttersprache, die zusätzliche Unterstützung beim Erwerb der deutschen Sprache erhalten, um ihre Fach- und Bildungssprache zu verbessern. Diese Förderung kann ergänzend oder parallel zum regulären Unterricht stattfinden. Die Schule bietet zudem Ganztagsbetreuung in gebundener und offener Form an. Die Schulleitung obliegt Frau Dr. Angelika v. Damnitz. Die Lage in Neuperlach bietet eine städtische Umgebung mit guter Anbindung.","Mittelschule München, Albert-Schweitzer-Straße 59, founded in 1969, is a public school in Neuperlach with 403 students and 33 teachers. It offers comprehensive education from grade 5 to 10 with a strong vocational and practical orientation and individual support. A special feature is the DeutschPLUS program for language support for non-German speaking students and full-day care.","Die Mittelschule München, Albert-Schweitzer-Straße 59, gegründet 1969, ist eine öffentliche Schule in Neuperlach mit 403 Schülern und 33 Lehrkräften. Sie bietet eine umfassende Bildung von der 5. bis zur 10. Klasse mit starker Berufs- und Praxisorientierung sowie individueller Förderung. Ein besonderes Merkmal ist das DeutschPLUS-Programm zur Sprachförderung für Schüler mit nichtdeutscher Muttersprache und Ganztagsbetreuung.",,,,,,,,,,,,,,,,,,,,,"[""Anmeldeformulare für den Quali & MSA 2026 (Extern) verfügbar."", ""Anmeldeformulare für Regelklassen (5-6, 7, 8, 9) verfügbar."", ""Anmeldeformulare für M-Klassen (M7, M8, M9, M10) verfügbar."", ""Anmeldeformular für die Praxisklasse verfügbar.""]",2026-04-20T08:43:50Z,"Die Schule bietet spezifische Anmeldeformulare für verschiedene Klassenstufen (Regelklassen, M-Klassen, Praxisklasse) sowie für externe Prüfungen (Quali & MSA 2026) an. Konkrete Aufnahme-/Anmeldekriterien oder Anmeldefristen für die regulären Klassen sind auf der Webseite der Anmeldeformulare nicht explizit aufgeführt, es werden lediglich die Formulare bereitgestellt.","Albert-Schweitzer-Str. 59, 81735 München",Bayern,12076.0,65.5,1.0,1505022.0,5671.0,München: sicherste Großstadt Deutschlands (>200k Einwohner) seit 50 Jahren,city_aggregate,5671.0,376.8,6061.0,12076.0,802.4,München,91219.0,6061.0,134.0,8.9,134.0,91219.0,815.0,54.2,2026-08-22,"jedeschule.codefor.de (CC0, scraped from km.bayern.de)","Mittelschule München at Albert-Schweitzer-Straße 59 offers a practice-oriented education, preparing students for the ""qualifizierender Hauptschulabschluss"" and ""mittlerer Schulabschluss."" The curriculum emphasizes vocational guidance and individual support, with German as the language of instruction and English taught as the primary foreign language.",,,2026-03-10,33.0,,,403.0,München,BY,,22.0,1.0,61.0,5.0,5.0,67.0,0.0,91219.0,2024_25,2025
BY-SCHUL_SCHULSTANDORTEMITTELSCHULEN_cb66bae7-fa14-4e9e-b30e-ccbcf2f5ca72,"Mittelschule München, Bernaysstraße 35",Mittelschulen,Mittelschulen,,2012.0,Bernaysstr. 35,80937,München,,,,,Marion Lein-Egger,446.0,,,,,,Englisch,,,,,,,,,,,,,,Nicht verfügbar (Bayern),,,,,,,,,,,Bayern Kultusministerium Schulsuche,"Berufsorientierung, Kreativität, Mittlerer Bildungsabschluss, Schulsozialarbeit, Schüler AG, Förderverein, gemeinsames Frühstück.",48.2033588,11.5793752,,,,,,,,,,,,,,,,,,,,,,,,,,,,,,,,,,,,,,,,,,,,,,,,,,,,,,1.0,Durchschnittlich,Unknown,717.0,48.204821,11.569755,,Unknown,718.0,48.205124,11.56966,,Unknown,744.0,48.204797,11.569401,,,,,,,,,,,,,,,,,Dientzenhoferstraße,342.0,48.203344,11.577143,,Röblingweg,508.0,48.204323,11.572919,,Anton-Will-Straße,514.0,48.205194,11.586061,,0.0,,0.0,1.0,EDEKA Sabisz,"Lieberweg 42, 80937 München, Germany",479.0,48.2046496,11.5731507,,,,,,,,,,,2.0,Gebäude 08,"Goldammerweg 12, 80937 München, Germany",304.0,48.208239,11.581758,Mannschaftsheim,"Neuherbergstraße 11, 80937 München, Germany",366.0,48.2085145,11.5825673,,,,,,2.0,Bäckerei Höflinger,"Dientzenhoferstraße 62, 80937 München, Germany",155.0,48.205473399999995,11.5773616,Backstube Wünsche,"Lieberweg 42, 80937 München, Germany",476.0,48.2048318,11.5731026,,,,,,2.0,Kita München Kind Milbertshofen,"Bernaysstraße 27, 80937 München, Germany",148.0,48.204753499999995,11.5795102,Nordstern KIDDIES - Haus für Kinder (Kreisjugendring München-Stadt),"Dientzenhoferstraße 28, 80937 München, Germany",359.0,48.2030515,11.5775548,Kindergarten St. Gertrud,"Weyprechtstraße, 80937 München, Germany",637.0,48.2056918,11.5706668,1.0,Grundschule München Rockefellerstr. 11,"Rockefellerstraße 11, 80937 München, Germany",82.0,48.2067588,11.5788357,Hugo-Wolf Schule,"Hugo-Wolf-Straße 70, 80937 München, Germany",652.0,48.2063674,11.5704593,Grundschule Hildegard-von-Bingen-Anger,"Hildegard-von-Bingen-Anger 4, 80937 München, Germany",822.0,48.210560099999995,11.5704306,3.0,"Mittelschule München, Bernaysstraße 35, founded in 2012, is an established educational institution located in the Milbertshofen-Am Hart district of Munich. Led by Marion Lein-Egger, the school currently serves 446 students, offering comprehensive preparation for the intermediate secondary school certificate (Mittlerer Bildungsabschluss) and the transition into the professional world. The school's pedagogical concept places a strong emphasis on career orientation to provide young people with realistic prospects for their future. This is complemented by targeted projects and collaborations that give students insights into various professional fields.

Another focus is on fostering creativity, which is promoted through diverse offerings and projects in lessons and student clubs (Schüler-AGs). The school offers English as a foreign language, strengthening students' linguistic competence. To support students in their personal and academic development, dedicated school social work is available, providing advice on social issues and problems. The communal breakfast not only promotes community but also provides a healthy start to the school day. An active support association (Förderverein) assists the school in implementing its projects and acquiring materials.

Although specific details about the facilities are not available, it can be assumed that the school, founded in 2012, features modern classrooms, specialized rooms for science and technical subjects, and sports facilities that meet the requirements of a contemporary learning environment. Its location at Bernaysstraße 35 in Munich's district 11 offers good public transport connections and allows students to utilize the city's diverse cultural and professional opportunities. Mittelschule München, Bernaysstraße 35, sees itself as a school that holistically supports its students and prepares them for the challenges of the future.",,,,,,,,,,,,"Die Mittelschule München, Bernaysstraße 35, im Jahr 2012 gegründet, ist eine etablierte Bildungseinrichtung im Münchner Stadtteil Milbertshofen-Am Hart. Unter der Leitung von Marion Lein-Egger betreut die Schule derzeit 446 Schülerinnen und Schüler und bietet eine umfassende Vorbereitung auf den Mittleren Bildungsabschluss sowie auf den Übergang in die Berufswelt. Das pädagogische Konzept der Schule legt einen starken Fokus auf die Berufsorientierung, um den Jugendlichen realistische Perspektiven für ihre Zukunft zu eröffnen. Dies wird durch gezielte Projekte und Kooperationen ergänzt, die den Schülern Einblicke in verschiedene Berufsfelder ermöglichen.

Ein weiterer Schwerpunkt liegt auf der Förderung von Kreativität, die durch vielfältige Angebote und Projekte im Unterricht sowie in den Schüler-AGs gefördert wird. Die Schule bietet Englisch als Fremdsprache an, was die sprachliche Kompetenz der Schüler stärkt. Zur Unterstützung der Schülerinnen und Schüler in ihrer persönlichen und schulischen Entwicklung steht eine engagierte Schulsozialarbeit zur Verfügung, die bei sozialen Fragen und Problemen beratend zur Seite steht. Das gemeinsame Frühstück fördert nicht nur die Gemeinschaft, sondern stellt auch eine gesunde Grundlage für den Schultag dar. Ein aktiver Förderverein unterstützt die Schule bei der Umsetzung ihrer Projekte und der Anschaffung von Materialien.

Obwohl spezifische Details zur Ausstattung nicht vorliegen, ist davon auszugehen, dass die 2012 gegründete Schule über moderne Unterrichtsräume, Fachräume für naturwissenschaftlichen und technischen Unterricht sowie Sportanlagen verfügt, die den Anforderungen eines zeitgemäßen Lernumfelds gerecht werden. Die Lage in der Bernaysstraße 35 im Stadtbezirk 11 von München bietet eine gute Anbindung an öffentliche Verkehrsmittel und ermöglicht den Schülern die Nutzung der vielfältigen kulturellen und beruflichen Angebote der Stadt. Die Mittelschule München, Bernaysstraße 35, versteht sich als eine Schule, die ihre Schüler ganzheitlich fördert und auf die Herausforderungen der Zukunft vorbereitet.","Founded in 2012, Mittelschule München, Bernaysstraße 35, serves 446 students with a strong focus on career orientation, creativity, and the intermediate secondary school certificate. Special features include school social work, student clubs, a support association, and a communal breakfast. The school comprehensively prepares its students for their professional future.","Die 2012 gegründete Mittelschule München, Bernaysstraße 35, betreut 446 Schüler und legt einen starken Fokus auf Berufsorientierung, Kreativität und den Mittleren Bildungsabschluss. Besondere Angebote umfassen Schulsozialarbeit, Schüler-AGs, einen Förderverein und ein gemeinsames Frühstück. Die Schule bereitet ihre Schüler umfassend auf die berufliche Zukunft vor.",,,,,,,,,,,,,,,,,,,,,,2026-04-20T08:43:12Z,,"Bernaysstr. 35, 80937 München",Bayern,12076.0,65.5,1.0,1505022.0,5671.0,München: sicherste Großstadt Deutschlands (>200k Einwohner) seit 50 Jahren,city_aggregate,5671.0,376.8,6061.0,12076.0,802.4,München,91219.0,6061.0,134.0,8.9,134.0,91219.0,815.0,54.2,2026-08-22,"jedeschule.codefor.de (CC0, scraped from km.bayern.de)","Mittelschule München at Bernaysstraße 35 is a public educational institution in Munich, Bavaria. It provides students with a solid general education with a strong practical focus, preparing them for the Qualifizierender Mittelschulabschluss or the Mittlerer Schulabschluss. The school emphasizes individual support and vocational orientation, complemented by English language instruction.",,,,,,,446.0,München,BY,,21.0,0.0,37.0,8.0,5.0,42.0,16.0,91219.0,2024_25,2025
BY-SCHUL_SCHULSTANDORTEMITTELSCHULEN_ec28fc2d-2760-4217-a0f8-6e3ef8e3357a,"Mittelschule München, Fernpaßstraße 41",Mittelschulen,Mittelschulen,,1957.0,Fernpaßstr. 41,81373,München,,,,,Dr. Julia Bernreuther,400.0,31.0,,,,,"Deutsch, Englisch",,,,,,,,,,,,,,Nicht verfügbar (Bayern),,,,,,,,,,,Bayern Kultusministerium Schulsuche,DeutschPLUS (GMS),48.1208059,11.5223493,,,,,,,,,,,,,,,,,,,,,,,,,,,,,,,,,,,,,,,,,,,,,,,,,,,,,,1.0,Durchschnittlich,Unknown,494.0,48.118067,11.517425,A,Unknown,514.0,48.118112,11.517,C,Unknown,531.0,48.117672,11.517306,,,,,,,,,,,,,,,,,Hinterbärenbadstraße,294.0,48.120626,11.51839,,Hinterbärenbadstraße,308.0,48.120637,11.518195,,Westpark,472.0,48.118364,11.517418,,0.0,A; C,0.0,6.0,REWE To Go bei Aral,"Aral, Garmischer Str. 197, 81377 München, Germany",222.0,48.1212135,11.5192946,Aral,"Garmischer Str. 197, 81377 München, Germany",239.0,48.1212269,11.5190626,PENNY,"Ohlstadter Str. 22, 81373 München, Germany",348.0,48.1179741,11.522227,8.0,Dolce e Salato,"Hinterbärenbadstraße 74, 81373 München, Germany",216.0,48.120840699999995,11.5193911,REWE To Go bei Aral,"Aral, Garmischer Str. 197, 81377 München, Germany",222.0,48.1212135,11.5192946,Eximas Russkij magasin Russische spezialitäten München,"Krüner Str. 75, 81373 München, Germany",405.0,48.118886499999995,11.517956,3.0,Dolce e Salato,"Hinterbärenbadstraße 74, 81373 München, Germany",216.0,48.120840699999995,11.5193911,REWE To Go bei Aral,"Aral, Garmischer Str. 197, 81377 München, Germany",222.0,48.1212135,11.5192946,Tiro,"Hinterbärenbadstraße 14A, 81373 München, Germany",457.0,48.120681399999995,11.5284002,5.0,Städtisches Haus für Kinder,"Hinterbärenbadstraße 67, 81373 München, Germany",126.0,48.12003,11.52176,Städtische Kindertageseinrichtung,"Heiterwanger Str. 69, 81373 München, Germany",149.0,48.1212254,11.520272,Kita Luna Sendling,"Garmischer Str. 207, 81377 München, Germany",311.0,48.1200396,11.5184099,3.0,Staatl. Grundschule,"Fernpaßstraße 41, 81373 München, Germany",129.0,48.1206922,11.5206485,1. Griechische Grundschule,"Hinterbärenbadstraße 69, 81373 München, Germany",134.0,48.1201702,11.5211436,Private Volksschule der Republik Griechenland,"Hinterbärenbadstraße 71, 81373 München, Germany",141.0,48.1202212,11.5209158,17.0,"Mittelschule München, Fernpaßstraße 41, is a state-run educational institution located in the Sendling-Westpark district, providing education for students from grades 5 to 10 and preparing them for their future paths. With approximately 400 students and 31 teachers, the school offers a supportive learning environment. The pedagogical concept of Mittelschule Fernpaßstraße aims to foster individual strengths and provide comprehensive education that prepares students for both vocational training and further academic careers. A special focus is placed on language support through the DeutschPLUS (GMS) program, specifically designed for students with a migration background or particular language support needs, enabling their successful integration and participation in lessons. The school also offers extensive childcare services in the form of both full-day and open all-day schooling, providing students with additional learning and leisure activities and ensuring reliable supervision. The school's facilities include modern sports amenities, such as two single halls, an outdoor sports facility, and a conditioning room, offering diverse opportunities for sports education and extracurricular activities. Its central location in Munich-Sendling-Westpark ensures good accessibility and integrates the school into a vibrant urban environment.",,,,,,,,,,,,"Die Mittelschule München, Fernpaßstraße 41, ist eine staatliche Bildungseinrichtung im Stadtteil Sendling-Westpark, die Schülerinnen und Schüler der Jahrgangsstufen 5 bis 10 unterrichtet und auf ihren weiteren Lebensweg vorbereitet. Mit rund 400 Schülern und 31 Lehrkräften bietet die Schule ein unterstützendes Lernumfeld. Das pädagogische Konzept der Mittelschule Fernpaßstraße zielt darauf ab, individuelle Stärken zu fördern und eine umfassende Bildung zu vermitteln, die sowohl auf eine berufliche Ausbildung als auch auf weiterführende schulische Laufbahnen vorbereitet. Ein besonderer Schwerpunkt liegt auf der Sprachförderung durch das Programm DeutschPLUS (GMS), das speziell für Schülerinnen und Schüler mit Migrationshintergrund oder besonderem Sprachförderbedarf konzipiert ist, um ihnen eine erfolgreiche Integration und Teilhabe am Unterricht zu ermöglichen. Die Schule bietet zudem umfangreiche Betreuungsangebote in Form eines gebundenen und offenen Ganztagsbetriebs an, die den Schülerinnen und Schülern zusätzliche Lern- und Freizeitaktivitäten ermöglichen und eine verlässliche Betreuung gewährleisten. Die Ausstattung der Schule umfasst moderne Sportstätten, darunter zwei Einfachhallen, eine Freisportanlage und einen Konditionsraum, die vielfältige Möglichkeiten für den Sportunterricht und außerschulische Aktivitäten bieten. Die zentrale Lage in München-Sendling-Westpark sorgt für eine gute Erreichbarkeit und bindet die Schule in ein lebendiges städtisches Umfeld ein.","Mittelschule München, Fernpaßstraße 41, is a state school in Sendling-Westpark for grades 5-10 with 400 students and 31 teachers. It offers the DeutschPLUS (GMS) language support program and both full-day and open all-day schooling. The school features modern sports facilities and prepares students for vocational and further academic paths.","Die Mittelschule München, Fernpaßstraße 41, ist eine staatliche Schule in Sendling-Westpark für die Jahrgangsstufen 5-10 mit 400 Schülern und 31 Lehrkräften. Sie bietet das Sprachförderprogramm DeutschPLUS (GMS) sowie gebundenen und offenen Ganztagsbetrieb an. Die Schule verfügt über moderne Sportstätten und bereitet auf berufliche und weiterführende schulische Wege vor.",,,,,,,,,,,,,,,,,,,,,,2026-04-20T08:56:19Z,,"Fernpaßstr. 41, 81373 München",Bayern,12076.0,65.5,1.0,1505022.0,5671.0,München: sicherste Großstadt Deutschlands (>200k Einwohner) seit 50 Jahren,city_aggregate,5671.0,376.8,6061.0,12076.0,802.4,München,91219.0,6061.0,134.0,8.9,134.0,91219.0,815.0,54.2,2026-08-22,"jedeschule.codefor.de (CC0, scraped from km.bayern.de)","Mittelschule München, Fernpaßstraße 41, is a state-run secondary school in Munich, Bavaria, dedicated to practical education. It offers a comprehensive general education with a strong focus on hands-on learning and vocational preparation. Students can achieve the qualifying or intermediate secondary school certificates, with English taught as a mandatory foreign language.",,,,31.0,,,400.0,München,BY,,23.0,0.0,59.0,4.0,3.0,62.0,0.0,91219.0,2024_25,2025
BY-SCHUL_SCHULSTANDORTEMITTELSCHULEN_bc614253-fa2e-460d-824d-c996be230e91,"Mittelschule München, Peslmüllerstraße 8",Mittelschulen,Mittelschulen,,2011.0,Peslmüllerstr. 8,81243,München,,,,,Patricia Höhl,387.0,32.0,,,,,Englisch,,,,,,,,,,,,,,Nicht verfügbar (Bayern),,,,,,,,,,,Bayern Kultusministerium Schulsuche,"M-Zug, DeutschPLUS, Schulsozialarbeit, Jugendsozialarbeit an Schulen (JaS)",48.1419177,11.4458511,,,,,,,,,,,,,,,,,,,,,,,,,,,,,,,,,,,,,,,,,,,,,,,,,,,,,,1.0,Durchschnittlich,Westkreuz,810.0,48.148897,11.443763,,,,,,,,,,,,,,,,,,,,,,,,,,,Peslmüllerstraße,44.0,48.141371,11.446003,,Peslmüllerstraße,46.0,48.141345,11.445953,,Peslmüllerstraße,95.0,48.14104,11.446559,,0.0,,0.0,1.0,Machl Rudolf u. Kiosk,"Peslmüllerstraße 6, 81243 München, Germany",127.0,48.141189999999995,11.44735,,,,,,,,,,,1.0,da Ugo,"Maria-Eich-Straße 32, 81243 München, Germany",217.0,48.141652,11.4487842,,,,,,,,,,,2.0,StuCafe Hochschule München (Campus Pasing),"Am Stadtpark 20, 81243 München, Germany",351.0,48.1416256,11.450593,Backhaus & Cafe,"Maria-Eich-Straße 71, 81243 München, Germany",364.0,48.1384993,11.4452973,,,,,,3.0,Städtische Kindertageseinrichtung,"Maria-Eich-Straße 42, 81243 München, Germany",116.0,48.1415133,11.4473792,Kindergarten St. Hildegard,"Paosostraße 29, 81243 München, Germany",164.0,48.1431213,11.4466974,Kinderkrippe Blumenkinder,"Am Stadtpark 20, 81243 München, Germany",393.0,48.141797399999994,11.4511543,1.0,Grundschule Peslmüllerschule,"Peslmüllerstraße, 81243 München, Germany",121.0,48.1414307,11.4474193,Volksschule der Republik Griechenland,"Ernsbergerstraße 5B, 81241 München, Germany",1006.0,48.1478985,11.4558092,Staatl. Grundschule an der Bäckerstraße,"Bäckerstraße 58, 81241 München, Germany",1166.0,48.138843099999995,11.460953,8.0,"Mittelschule München, Peslmüllerstraße 8, founded in 2011, is an educational institution located in the west of Munich, characterized by a practice-oriented and supportive learning environment. With 387 students and 32 teachers, the school offers individualized support and specifically prepares its students for the transition into the professional world or further educational pathways.

A central component of the pedagogical concept is the M-Zug (Mittlerer Schulabschluss Zug), which offers motivated students the opportunity to obtain the Mittlerer Schulabschluss (intermediate secondary school certificate), thereby significantly improving their educational and career prospects. For students with a non-German mother tongue or special language support needs, the DeutschPLUS program provides intensive assistance to overcome language barriers and ensure successful integration into school life.

The school places great emphasis on social support and personal development. Through school social work (Schulsozialarbeit) and youth social work at schools (Jugendsozialarbeit an Schulen - JaS), qualified contact persons are available to students to advise and support them with personal problems, conflicts, or academic challenges. These services significantly contribute to a positive school climate and strengthen students' social competencies.

Although no specific details about the facilities are available, middle schools in Munich typically feature modern classrooms, specialized rooms for science, technology, home economics, and art, as well as sports facilities. The location at Peslmüllerstraße 8 in 81243 Munich, an established residential area, offers good accessibility by public transport and a quiet learning environment. The school sees itself as an important part of the local community and promotes cooperation with parents and external partners.",,,,,,,,,,,,"Die Mittelschule München, Peslmüllerstraße 8, ist eine im Jahr 2011 gegründete Bildungseinrichtung im Westen Münchens, die sich durch ein praxisorientiertes und unterstützendes Lernumfeld auszeichnet. Mit 387 Schülern und 32 Lehrkräften bietet die Schule eine individuelle Förderung und bereitet ihre Schüler gezielt auf den Übergang in die Berufswelt oder weiterführende Bildungsgänge vor.

Ein zentraler Bestandteil des pädagogischen Konzepts ist der M-Zug (Mittlerer Schulabschluss Zug), der engagierten Schülern die Möglichkeit bietet, den Mittleren Schulabschluss zu erwerben und somit ihre Bildungs- und Berufschancen erheblich zu verbessern. Für Schüler mit nicht-deutscher Muttersprache oder besonderem Sprachförderbedarf bietet das Programm DeutschPLUS intensive Unterstützung, um sprachliche Barrieren abzubauen und eine erfolgreiche Integration in den Schulalltag zu gewährleisten.

Die Schule legt großen Wert auf soziale Unterstützung und persönliche Entwicklung. Durch die Schulsozialarbeit und die Jugendsozialarbeit an Schulen (JaS) stehen den Schülern qualifizierte Ansprechpartner zur Seite, die bei persönlichen Problemen, Konflikten oder schulischen Herausforderungen beraten und unterstützen. Diese Angebote tragen maßgeblich zu einem positiven Schulklima und zur Stärkung der sozialen Kompetenzen der Schüler bei.

Obwohl keine spezifischen Details zur Ausstattung vorliegen, verfügen Mittelschulen in München in der Regel über moderne Klassenzimmer, Fachräume für Naturwissenschaften, Technik, Hauswirtschaft und Kunst sowie über Sportanlagen. Die Lage in der Peslmüllerstraße 8 in 81243 München, einem etablierten Wohngebiet, bietet eine gute Erreichbarkeit mit öffentlichen Verkehrsmitteln und eine ruhige Lernumgebung. Die Schule versteht sich als wichtiger Bestandteil des lokalen Gemeinwesens und fördert die Zusammenarbeit mit Eltern und externen Partnern.","Mittelschule München, Peslmüllerstraße 8, founded in 2011, provides 387 students with practice-oriented education, including the M-Zug and DeutschPLUS support. Key features include comprehensive school and youth social work, ensuring individualized support and a positive learning environment.","Die Mittelschule München, Peslmüllerstraße 8, gegründet 2011, bietet 387 Schülern eine praxisorientierte Bildung mit M-Zug und DeutschPLUS-Förderung. Besondere Merkmale sind die umfassende Schul- und Jugendsozialarbeit, die eine individuelle Unterstützung und ein positives Lernumfeld gewährleisten.",,,,,,,,,,,,,,,,,,,,,"[""Beglaubigte Geburtsurkunde"", ""Lebenslauf"", ""Letztes Jahreszeugnis oder Bescheinigung über den Schulbesuch der zuletzt besuchten Schule""]",2026-04-20T08:59:13Z,Diese Kriterien gelten für externe Prüflinge des Mittleren Schulabschlusses (MSA).,"Peslmüllerstr. 8, 81243 München",Bayern,12076.0,65.5,1.0,1505022.0,5671.0,München: sicherste Großstadt Deutschlands (>200k Einwohner) seit 50 Jahren,city_aggregate,5671.0,376.8,6061.0,12076.0,802.4,München,91219.0,6061.0,134.0,8.9,134.0,91219.0,815.0,54.2,2026-08-22,"jedeschule.codefor.de (CC0, scraped from km.bayern.de)","Mittelschule München, Peslmüllerstraße 8, offers a comprehensive general education with a strong focus on vocational orientation and practical skills. Alongside English as a compulsory subject, students are specifically prepared for the Mittlerer Schulabschluss (intermediate secondary school certificate) and receive individual support for their personal development. Special programs include career internships and projects designed to enhance social and professional competencies.",,,2026-03-11,32.0,,,387.0,München,BY,,19.0,0.0,26.0,1.0,0.0,26.0,48.0,91219.0,2024_25,2025
BY-SCHUL_SCHULSTANDORTEMITTELSCHULEN_b294e9b4-f0c9-4202-aa3b-79355b6dbc08,"Mittelschule München, Elisabeth-Kohn-Straße 4",Mittelschulen,Mittelschulen,,,Elisabeth-Kohn-Str. 4,80797,München,,,,,Frau Kolb,335.0,31.0,,,,,,,,,,,,,,,,,,,Nicht verfügbar (Bayern),,,,,,,,,,,Bayern Kultusministerium Schulsuche,"Schulprofil Inklusion, DeutschPLUS, Seminarschule, Umweltschule, Schulsozialarbeit, Berufsorientierung, LBV-Partnerschule im Naturschutz",48.1641175,11.5537195,,,,,,,,,,,,,,,,,,,,,,,,,,,,,,,,,,,,,,,,,,,,,,,,,,,,,,1.0,Durchschnittlich,,,,,,,,,,,,,,,,Olympiapark Süd,193.0,48.162884,11.55246,,Infanteriestraße,333.0,48.161444,11.553832,,Barbarastraße,438.0,48.161434,11.557438,,Ackermannbogen,124.0,48.165,11.555062,,Ackermannbogen,206.0,48.165044,11.556244,,Georg-Birk-Straße,263.0,48.163956,11.557085,,0.0,,0.0,2.0,EDEKA Ravlic,"Georg-Birk-Straße 13, 80797 München, Germany",222.0,48.1642969,11.556611,REWE,"Petra-Kelly-Straße 1, 80797 München, Germany",363.0,48.1618192,11.5565578,,,,,,6.0,Piazza Italia,"Georg-Birk-Straße 10, 80797 München, Germany",259.0,48.1643289,11.5571032,Zum Biereder,"Thusnelda-Lang-Brumann-Str. 14, 80797 München, Germany",309.0,48.163185,11.5499015,Bäckerei Konditorei Ziegler GmbH,"Petra-Kelly-Straße 1, 80797 München, Germany",363.0,48.1618192,11.5565578,4.0,Backstube Wünsche,"Georg-Birk-Straße 13, 80797 München, Germany",219.0,48.1644481,11.556576800000002,Bäckerei Konditorei Ziegler GmbH,"Petra-Kelly-Straße 1, 80797 München, Germany",363.0,48.1618192,11.5565578,Speisecafé Rigoletto,"Rosa-Aschenbrenner-Bogen 9, 80797 München, Germany",372.0,48.164629399999995,11.5586202,8.0,Städtische Kinderkrippe,"Elisabeth-Kohn-Straße 15, 80797 München, Germany",151.0,48.165316399999995,11.5551705,House for children,"Lissi-Kaeser-Straße 22, 80797 München, Germany",201.0,48.162671,11.554244,Kindervilla Drei Eichen (Kreisjugendring München-Stadt),"Elisabeth-Kohn-Straße 20, 80797 München, Germany",219.0,48.1659077,11.5555819,1.0,Grundschule an der Infanteriestraße,"Infanteriestraße 25, 80797 München, Germany",455.0,48.1603415,11.5534504,Staatl. Grundschule,"Gertrud-Bäumer-Straße 19, 80637 München, Germany",550.0,48.1637595,11.5462658,Montessori Munich e.V.,"Willi-Gebhardt-Ufer 32, 80809 München, Germany",810.0,48.1697585,11.5461688,19.0,"Mittelschule München at Elisabeth-Kohn-Straße 4 is an established educational institution in the heart of Munich, characterized by a comprehensive and inclusive pedagogical concept. With 335 students and 31 teachers, it offers a personal learning atmosphere where individual support is paramount. As a ""Seminarschule"" (training school for teachers), it plays an important role in the education of future teachers and benefits from innovative pedagogical approaches. A central pillar of the school's profile is inclusion, which aims to enable all students, regardless of their individual circumstances, to participate equally in school life and lessons. The ""DeutschPLUS"" program underscores the school's commitment to the linguistic integration and support of students with a migration background or special language needs, ensuring them the best possible access to education. Vocational orientation is another key focus, preparing students specifically for the transition into the working world. Through diverse projects, internships, and cooperations, young people are introduced to various professional fields early on and supported in their individual career choices. School social work complements this offering by assisting students and parents with social, personal, and academic challenges, creating a supportive environment. As an ""Umweltschule"" (environmental school) and ""LBV-Partnerschule im Naturschutz"" (LBV nature conservation partner school), Mittelschule München is actively involved in environmental education and sustainability. Projects and activities in these areas raise students' awareness of ecological issues and promote responsible action. The school is centrally located in Munich, ensuring good accessibility and offering students access to the city's cultural and professional opportunities. Facilities include modern classrooms, specialized rooms for science and technology, and sports facilities, enabling a versatile education. The school management under Frau Kolb ensures the continuous development of the school profile and a high quality of education.",,,,,,,,,,,,"Die Mittelschule München an der Elisabeth-Kohn-Straße 4 ist eine etablierte Bildungseinrichtung im Herzen Münchens, die sich durch ein umfassendes und inklusives pädagogisches Konzept auszeichnet. Mit 335 Schülern und 31 Lehrkräften bietet sie eine persönliche Lernatmosphäre, in der individuelle Förderung im Vordergrund steht. Als Seminarschule spielt sie eine wichtige Rolle in der Ausbildung zukünftiger Lehrkräfte und profitiert von innovativen pädagogischen Ansätzen. Ein zentraler Pfeiler des Schulprofils ist die Inklusion, die darauf abzielt, allen Schülern, unabhängig von ihren individuellen Voraussetzungen, eine gleichberechtigte Teilhabe am Schulleben und am Unterricht zu ermöglichen. Das Programm ""DeutschPLUS"" unterstreicht das Engagement der Schule für die sprachliche Integration und Förderung von Schülern mit Migrationshintergrund oder besonderem Sprachförderbedarf, um ihnen den bestmöglichen Zugang zu Bildung zu gewährleisten. Die Berufsorientierung ist ein weiterer Schwerpunkt, der die Schüler gezielt auf den Übergang in die Arbeitswelt vorbereitet. Durch vielfältige Projekte, Praktika und Kooperationen werden die Jugendlichen frühzeitig an verschiedene Berufsfelder herangeführt und in ihrer individuellen Berufsfindung unterstützt. Die Schulsozialarbeit ergänzt dieses Angebot, indem sie Schülern und Eltern bei sozialen, persönlichen und schulischen Herausforderungen zur Seite steht und ein unterstützendes Umfeld schafft. Als ""Umweltschule"" und ""LBV-Partnerschule im Naturschutz"" engagiert sich die Mittelschule München aktiv für Umweltbildung und Nachhaltigkeit. Projekte und Aktivitäten in diesen Bereichen sensibilisieren die Schüler für ökologische Themen und fördern ein verantwortungsbewusstes Handeln. Die Schule befindet sich in einer zentralen Lage in München, was eine gute Erreichbarkeit gewährleistet und den Schülern Zugang zu den kulturellen und beruflichen Möglichkeiten der Stadt bietet. Die Ausstattung umfasst moderne Klassenräume, Fachräume für Naturwissenschaften und Technik sowie Sportanlagen, die eine vielseitige Bildung ermöglichen. Die Schulleitung unter Frau Kolb sorgt für eine kontinuierliche Weiterentwicklung des Schulprofils und eine hohe Bildungsqualität.","Mittelschule München, Elisabeth-Kohn-Straße 4, is an inclusive training school with 335 students and 31 teachers. It focuses on inclusion, language support (DeutschPLUS), comprehensive vocational orientation, and environmental education as an LBV nature conservation partner school. School social work supports students and families in a central Munich location.","Die Mittelschule München, Elisabeth-Kohn-Straße 4, ist eine inklusive Seminarschule mit 335 Schülern und 31 Lehrkräften. Sie legt Schwerpunkte auf Inklusion, Sprachförderung (DeutschPLUS), umfassende Berufsorientierung und Umweltbildung als LBV-Partnerschule. Schulsozialarbeit unterstützt Schüler und Familien in einer zentralen Münchner Lage.",,,,,,,,,,,,,,,,,,,,,"[""Für die 5. Klasse erfolgt die Aufnahme in der Regel automatisch durch die für den Wohnort zuständige Mittelschule, sofern das Kind nicht an einer anderen weiterführenden Schule angemeldet wird."", ""Für die Anmeldung in höheren Klassen wird empfohlen, sich direkt an die Mittelschule zu wenden.""]",2026-04-20T09:27:58Z,Die Übertrittsbedingungen für Mittelschulen in Bayern sind allgemein gehalten und ermöglichen mit jedem erreichten Abschluss den Weg zum nächsthöheren schulischen Ziel. Die erste Schulwahl nach der Grundschule ist nicht endgültig.,"Elisabeth-Kohn-Str. 4, 80797 München",Bayern,12076.0,65.5,1.0,1505022.0,5671.0,München: sicherste Großstadt Deutschlands (>200k Einwohner) seit 50 Jahren,city_aggregate,5671.0,376.8,6061.0,12076.0,802.4,München,91219.0,6061.0,134.0,8.9,134.0,91219.0,815.0,54.2,2026-08-22,"jedeschule.codefor.de (CC0, scraped from km.bayern.de)","Mittelschule München, located at Elisabeth-Kohn-Straße 4, provides comprehensive general education with a strong emphasis on vocational orientation and practical skills. It prepares students for the 'qualifizierender Mittelschulabschluss' and 'mittlerer Schulabschluss', optimally equipping them for apprenticeships or further vocational schools. In addition to German as the language of instruction, English is offered as a foreign language, complemented by individual support.",,,2026-03-01,31.0,,,335.0,München,BY,,25.0,0.0,42.0,6.0,6.0,48.0,4.0,91219.0,2024_25,2025
BY-SCHUL_SCHULSTANDORTEGYMNASIEN_f4bf16af-64d0-4da2-b1be-af09200332dc,Karlsgymnasium München-Pasing,Gymnasien,Gymnasien,,1910.0,Am Stadtpark 21,81243,München,,,,,Dr. Matthias Ludolph,691.0,60.0,,,,,"Englisch, Latein, Französisch, Griechisch, Italienisch",,,,,,,,,,,,,,Nicht verfügbar (Bayern),,,,,,,,,,,Bayern Kultusministerium Schulsuche,"Musikalischer Schwerpunkt (Streicherklasse), Seminarschule, Projekte zur Schülerverantwortung.",48.1406797,11.4522504,,,,,,,,,,,,,,,,,,,,,,,,,,,,,,,,,,,,,,,,,,,,,,,,,,,,,,1.0,Durchschnittlich,,,,,,,,,,,,,,,,Rathaus Pasing,816.0,48.146625,11.460436,,Rathaus Pasing,901.0,48.146673,11.461899,,,,,,,Avenariusplatz,176.0,48.142093,11.450226,,Avenariusplatz,180.0,48.142024,11.450133,,Planegger Straße,325.0,48.140548,11.456563,,0.0,,0.0,3.0,E xpress,"Planegger Str. 51, 81241 München, Germany",329.0,48.1401677,11.4563641,Machl Rudolf u. Kiosk,"Peslmüllerstraße 6, 81243 München, Germany",382.0,48.141189999999995,11.44735,Tayyib International Store,"Planegger Str. 48, 81241 München, Germany",459.0,48.1376079,11.4541795,8.0,da Ugo,"Maria-Eich-Straße 32, 81243 München, Germany",273.0,48.141652,11.4487842,burgerme München Pasing,"Weinbergerstraße 109, 81241 München, Germany",372.0,48.1398429,11.4567618,chicky chick München Pasing,"Weinbergerstraße 109, 81241 München, Germany",372.0,48.1398429,11.4567618,2.0,StuCafe Hochschule München (Campus Pasing),"Am Stadtpark 20, 81243 München, Germany",139.0,48.1416256,11.450593,Bäckerei-Konditorei Lidl GmbH,"Steinerweg 5, 81241 München, Germany",369.0,48.1447,11.45413,,,,,,8.0,Städtische Kindertageseinrichtung,"Avenariusstraße 3, 81243 München, Germany",42.0,48.141642399999995,11.4530188,Kinderkrippe Blumenkinder,"Am Stadtpark 20, 81243 München, Germany",100.0,48.141797399999994,11.4511543,Katholischer Kindergarten Maria Schutz,"Engelbertstraße 11, 81241 München, Germany",307.0,48.1431841,11.4558308,2.0,Grundschule Peslmüllerschule,"Peslmüllerstraße, 81243 München, Germany",375.0,48.1414307,11.4474193,Förderverein für die Mittagsbetreuung an der Grundschule Peslmüllerstr. e.V.,"Peslmüllerstraße 8, 81243 München, Germany",491.0,48.1416967,11.4458552,Staatl. Grundschule an der Bäckerstraße,"Bäckerstraße 58, 81241 München, Germany",699.0,48.138843099999995,11.460953,11.0,"Karlsgymnasium München-Pasing is a traditional grammar school with a humanistic and linguistic focus, situated by the Pasinger Stadtpark in Munich. The school was founded in 1910 as a royal humanistic 'Progymnasium' and is housed in a listed Art Nouveau building dating from 1909/10. Currently, approximately 691 students attend the institution, taught by 60 teachers. Since the 2017/18 school year, the nine-year Gymnasium (G9) curriculum has been offered again.

The pedagogical concept of Karlsgymnasium places a strong emphasis on comprehensive linguistic education. Latin is taught as the first foreign language from the 5th grade, followed by English from the 6th grade. From the 8th grade, students can choose between Greek and French. For late-starting foreign languages, Italian is available from the 11th grade. The Gymnasium enables students to acquire the 'Latinum' certificate and offers numerous elective courses in various fields. A special feature is its musical focus, including a string class, as well as projects promoting student responsibility, which encourage active participation in school life.

As a 'Seminarschule' (training school), Karlsgymnasium contributes to the education of future teachers. The school offers an open all-day school program to support and encourage students beyond regular lessons. Its location by the Pasinger Stadtpark provides a green and tranquil learning environment. Karlsgymnasium has received multiple awards for its achievements in the past, including top rankings in Abitur results and successes in competitions. The school is operated by the Free State of Bavaria.",,,,,,,,,,,,"Das Karlsgymnasium München-Pasing ist ein traditionsreiches Gymnasium mit humanistischer und sprachlicher Ausrichtung, gelegen am Pasinger Stadtpark in München. Die Schule wurde 1910 als königlich humanistisches Progymnasium gegründet und ist in einem denkmalgeschützten Jugendstilgebäude aus dem Jahr 1909/10 untergebracht. Aktuell besuchen rund 691 Schülerinnen und Schüler die Einrichtung, die von 60 Lehrkräften unterrichtet werden. Seit dem Schuljahr 2017/18 wird wieder das neunjährige Gymnasium (G9) angeboten.

Das pädagogische Konzept des Karlsgymnasiums legt einen starken Fokus auf eine fundierte sprachliche Bildung. Latein wird als erste Fremdsprache ab der 5. Klasse unterrichtet, gefolgt von Englisch ab der 6. Klasse. Ab der 8. Jahrgangsstufe können die Schülerinnen und Schüler zwischen Griechisch und Französisch wählen. Für spät beginnende Fremdsprachen steht ab der 11. Klasse Italienisch zur Verfügung. Das Gymnasium ermöglicht den Erwerb des Latinums und bietet zahlreiche Wahlfachangebote in verschiedenen Bereichen. Ein besonderes Merkmal ist der musikalische Schwerpunkt mit einer Streicherklasse sowie Projekte zur Schülerverantwortung, die eine aktive Mitgestaltung des Schulalltags fördern.

Als Seminarschule trägt das Karlsgymnasium zur Ausbildung zukünftiger Lehrkräfte bei. Die Schule bietet einen Ganztagsschulbetrieb in offener Form an, um die Schülerinnen und Schüler auch außerhalb des regulären Unterrichts zu betreuen und zu fördern. Die Lage am Pasinger Stadtpark bietet eine grüne und ruhige Lernumgebung. Das Karlsgymnasium hat in der Vergangenheit mehrfach Auszeichnungen für seine Leistungen erhalten, darunter Spitzenplätze bei Abitur-Ergebnissen und Erfolge bei Wettbewerben. Die Trägerschaft liegt beim Freistaat Bayern.","Karlsgymnasium München-Pasing is a humanistic and linguistic grammar school with 691 students and 60 teachers, founded in 1910. It offers a G9 curriculum with Latin from 5th grade, English from 6th, and Greek/French from 8th, with Italian as a late-starting foreign language. The school is a training school, has a musical focus, promotes student responsibility through projects, and offers an open all-day program.","Das Karlsgymnasium München-Pasing ist ein humanistisches und sprachliches Gymnasium mit 691 Schülern und 60 Lehrkräften, gegründet 1910. Es bietet ein G9-Curriculum mit Latein ab Klasse 5, Englisch ab Klasse 6 und Griechisch/Französisch ab Klasse 8, sowie Italienisch als spät beginnende Fremdsprache. Die Schule ist eine Seminarschule, hat einen musikalischen Schwerpunkt und fördert Schülerverantwortung durch Projekte, zudem bietet sie einen offenen Ganztagsbetrieb.",,,,,,,,,,,,,,,,,,,,"{""opens"": ""2026-05-04"", ""closes"": ""2026-05-11"", ""notes"": ""Online-Einschreibung für die neuen fünften Klassen zum Schuljahr 2026/27.""}","[""Unterschriebener Ausdruck der Online-Voranmeldung"", ""Übertrittszeugnis im Original"", ""Kopie der Geburtsurkunde"", ""Bei Bedarf: Anmeldeformular zur Offenen Ganztagsschule und Erklärung Schweigepflichtsentbindung"", ""Bei Bedarf: Sorgerechtsbeschluss bei Alleinerziehenden"", ""Bei Bedarf: Antrag auf Teilnahme am evangelischen/katholischen Religionsunterricht (bei nicht evangelischer/katholischer Konfession)"", ""Bei Bedarf: Antrag auf Kostenfreiheit des Schulweges (Stadt München oder Landkreis München)""]",2026-04-20T09:17:25Z,"Die Online-Anmeldung erfolgt über einen Link, auf dem auch eine Übersicht der relevanten Unterlagen zu finden ist. Die Anmeldung wird erst mit Vorlage aller erforderlichen Unterlagen gültig.","Am Stadtpark 21, 81243 München",Bayern,12076.0,65.5,1.0,1505022.0,5671.0,München: sicherste Großstadt Deutschlands (>200k Einwohner) seit 50 Jahren,city_aggregate,5671.0,376.8,6061.0,12076.0,802.4,München,91219.0,6061.0,134.0,8.9,134.0,91219.0,815.0,54.2,2026-08-22,"jedeschule.codefor.de (CC0, scraped from km.bayern.de)","Karlsgymnasium München-Pasing is a well-regarded Gymnasium providing a comprehensive academic education in preparation for the Abitur. The school places a strong emphasis on foreign languages, including English, Latin, and French, and fosters individual talents through a wide range of extracurricular activities and elective subjects.",,,2026-03-05,60.0,,,691.0,München,BY,,18.0,0.0,32.0,7.0,0.0,32.0,36.0,91219.0,2024_25,2025
BY-SCHUL_SCHULSTANDORTEGYMNASIEN_310319b1-7423-426d-a0a3-51b0681edf3e,Asam-Gymnasium München,Gymnasien,Gymnasien,,1935.0,Schlierseestr. 20,81539,München,,,,,Peter Heinz Rothmann,1192.0,93.0,,,,,"Englisch, Latein, Französisch, Italienisch",,,,,,,,,,,,,,Nicht verfügbar (Bayern),,,,,,,,,,,Bayern Kultusministerium Schulsuche,"MINT-Schwerpunkt (HoriZONTec), Sprachlicher Zweig, Asamesischer Zirkus, Schüleraustausch (Frankreich), Seminarschule.",48.1143718,11.5918046,,,,,,,,,,,,,,,,,,,,,,,,,,,,,,,,,,,,,,,,,,,,,,,,,,,,,,1.0,Durchschnittlich,Unknown,332.0,48.112871,11.587512,A,Unknown,337.0,48.112566,11.587736,B,Untersbergstraße,349.0,48.112595,11.587508,,Werinherstraße,103.0,48.114947,11.592463,,Sankt-Martins-Platz,390.0,48.117219,11.58837,,Giesing Bahnhof,497.0,48.110493,11.594792,,Werinherstraße,81.0,48.114546,11.592444,,Werinherstraße,97.0,48.114563,11.592673,,Giesing Bahnhof,378.0,48.111485,11.594126,,0.0,A; B,0.0,8.0,Burak Supermarkt,"Eintrachtstraße 16, 81541 München, Germany",106.0,48.1152434,11.5919017,NORMA Filiale,"Schlierseestraße 28-30, 81539 München, Germany",136.0,48.1133651,11.5924723,E xpress,"Schlierseestraße 23, 81541 München, Germany",202.0,48.115789799999995,11.5930658,20.0,Domino's Pizza München Giesing,"Schlierseestraße 31, 81539 München, Germany",121.0,48.1147618,11.5929072,burgerme München Giesing,"Schlierseestraße 33, 81539 München, Germany",124.0,48.1146471,11.5930051,Yuan China Restaurant,"Werinherstraße 69, 81541 München, Germany",190.0,48.1151252,11.5936812,12.0,Werinher Bäckerei,"Werinherstraße 65, 81541 München, Germany",154.0,48.1151251,11.5931196,@ Cafe 1 - München,"Eintrachtstraße 8, 81541 München, Germany",177.0,48.1159383,11.5912972,Sufrah Cafe,"Schlierseestraße 53, 81539 München, Germany",243.0,48.1126519,11.5934495,2.0,Kreakids,"Werinherstraße 48, 81541 München, Germany",251.0,48.1150995,11.5882065,Kani Kids Deisenhofenerstraße,"Deisenhofener Str. 59, 81539 München, Germany",320.0,48.1125604,11.5880289,Kindertagesstätte,"Perlacher Str. 116, 81539 München, Germany",552.0,48.109473699999995,11.59,1.0,St.-Martin-Schule,"St.-Martin-Straße 30, 81541 München, Germany",468.0,48.1160109,11.58561,Grundschule Weißenseestraße,"Weißenseestraße 45, 81539 München, Germany",927.0,48.106769799999995,11.5862112,"Grundschule mit Tagesheim, Ichostraße 2","Ichostraße 2, 81541 München, Germany",961.0,48.1157273,11.5786206,19.0,"Asam-Gymnasium München, a state-run educational institution located in the Obergiesing district in the south of Munich's city center, was founded in 1935 and has been situated at its current address, Schlierseestraße 20, since 1964. With 1192 students and 93 teachers, it offers a comprehensive educational program. The school is known for its MINT focus (HoriZONTec) and features both a scientific-technological and a linguistic branch, the latter introduced in 2005. The language sequence includes English, Latin, French, and Italian, with French also offered as a late-starting foreign language from the 11th grade.

As a seminar school, Asam-Gymnasium trains prospective teachers in subjects such as Mathematics, Physics, Biology, Chemistry, German, English, History, Sports, and Protestant Religious Education, underscoring its high pedagogical quality. The pedagogical concept is characterized by openness, plurality, and high educational and upbringing standards, fostering a friendly and learning-conducive environment. The school was the first public gymnasium in Munich to establish a compulsory full-day program for grades 5 to 8, complemented by lunch provisions.

The school's facilities are described as very modern. In addition to regular classes, Asam-Gymnasium offers a wide range of special features and elective courses, including the Asamesischer Zirkus, student exchange programs with France, a school first-aid service, performing arts, a library team, tutoring programs, and numerous musical offerings such as wind instrument classes, choirs, a jazz band, and a wind orchestra. Projects like ""Jugend forscht"" and various working groups (AK Green, AK Rainbow, AK Schulküche, AK Feste, Streitschlichter) also promote the holistic development of students. Asam-Gymnasium also prepares students with a Mittlerer Schulabschluss for the Gymnasium's upper secondary level. It provides a demanding, holistic, and high-quality school experience for engaged learners.",,,,,,,,,,,,"Das Asam-Gymnasium München, eine staatliche Bildungseinrichtung im Stadtteil Obergiesing im Süden der Münchner Stadtmitte, wurde 1935 gegründet und ist seit 1964 an seinem heutigen Standort in der Schlierseestraße 20 ansässig. Mit 1192 Schülern und 93 Lehrkräften bietet es ein umfassendes Bildungsangebot. Die Schule ist bekannt für ihren MINT-Schwerpunkt (HoriZONTec) und verfügt über einen naturwissenschaftlich-technologischen sowie einen sprachlichen Zweig, der 2005 eingeführt wurde. Die Sprachenfolge umfasst Englisch, Latein, Französisch und Italienisch, wobei Französisch auch als spät beginnende Fremdsprache ab der 11. Jahrgangsstufe angeboten wird.

Als Seminarschule bildet das Asam-Gymnasium Studienreferendare in Fächern wie Mathematik, Physik, Biologie, Chemie, Deutsch, Englisch, Geschichte, Sport und Evangelischer Religionslehre aus, was die hohe pädagogische Qualität unterstreicht. Das pädagogische Konzept zeichnet sich durch Offenheit, Pluralität und einen hohen Bildungs- und Erziehungsanspruch aus, der ein freundliches und lernförderliches Umfeld schafft. Die Schule war das erste öffentliche Gymnasium in München, das einen gebundenen Ganztageszweig für die Jahrgangsstufen 5 bis 8 etablierte, ergänzt durch Mittagsverpflegung.

Die Ausstattung des Gymnasiums wird als sehr modern beschrieben. Neben dem regulären Unterricht bietet das Asam-Gymnasium ein breites Spektrum an Besonderheiten und Wahlfächern, darunter der Asamesische Zirkus, Schüleraustauschprogramme mit Frankreich, Schulsanitätsdienst, Bewegungskünste, ein Bibliotheksteam, Tutorenprogramme sowie zahlreiche musische Angebote wie Bläserklassen, Chöre, eine Jazzband und ein Blasorchester. Auch Projekte wie ""Jugend forscht"" und verschiedene Arbeitskreise (AK Green, AK Rainbow, AK Schulküche, AK Feste, Streitschlichter) fördern die ganzheitliche Entwicklung der Schüler. Das Asam-Gymnasium bereitet zudem Schüler mit Mittlerem Schulabschluss auf die gymnasiale Oberstufe vor. Es bietet eine anspruchsvolle, ganzheitliche und qualitativ hochwertige Schulzeit für engagierte Lernende.","Asam-Gymnasium München is a state gymnasium in Obergiesing with a MINT focus and a linguistic branch. It offers a compulsory full-day program, serves as a seminar school, and promotes students through diverse musical, athletic, and social activities. The school is characterized by a modern environment and high educational standards.","Das Asam-Gymnasium München ist ein staatliches Gymnasium in Obergiesing mit MINT-Schwerpunkt und sprachlichem Zweig. Es bietet einen gebundenen Ganztageszweig, ist Seminarschule und fördert Schüler durch vielfältige musische, sportliche und soziale Angebote. Die Schule zeichnet sich durch ein modernes Umfeld und einen hohen Bildungsanspruch aus.",,,,,,,,,,,,,,,,,,,,"{""opens"": ""2026-05-11"", ""closes"": ""2026-05-11"", ""notes"": ""Die Einschreibung für die 5. Klasse findet am 11. Mai 2026 statt.""}","[""Anmeldung für die 5. Klasse eines öffentlichen Gymnasiums in München für das Schuljahr 2026/2027.""]",2026-04-20T09:21:56Z,Die genauen Kriterien für die Aufnahme sind auf der Webseite des Asam-Gymnasiums nicht öffentlich zugänglich. Die Anmeldung für die 5. Klasse erfolgt zentral am 11. Mai 2026 für alle öffentlichen Gymnasien in München.,"Schlierseestr. 20, 81539 München",Bayern,12076.0,65.5,1.0,1505022.0,5671.0,München: sicherste Großstadt Deutschlands (>200k Einwohner) seit 50 Jahren,city_aggregate,5671.0,376.8,6061.0,12076.0,802.4,München,91219.0,6061.0,134.0,8.9,134.0,91219.0,815.0,54.2,2026-08-22,"jedeschule.codefor.de (CC0, scraped from km.bayern.de)","The Asam-Gymnasium München is a respected Gymnasium that comprehensively prepares its students for the Abitur and higher education. It offers a broad curriculum and a wide range of languages, including English, Latin, and French. The school focuses on a strong general education with emphasis on both humanities and natural sciences.",,,,93.0,,,1192.0,München,BY,,30.0,0.0,55.0,10.0,4.0,59.0,0.0,91219.0,2024_25,2025
BY-SCHUL_SCHULSTANDORTEMITTELSCHULEN_74a711e7-38f9-4188-80f2-d5fcb5cba118,"Mittelschule München, Gotzinger Platz 1",Mittelschulen,Mittelschulen,,1905.0,Gotzinger Platz 1,81371,München,,,,,Annette Ried,244.0,17.0,,,,,,,,,,,,,,,,,,,Nicht verfügbar (Bayern),,,,,,,,,,,Bayern Kultusministerium Schulsuche,"DeutschPLUS (GMS), Seminarschule, Ganztagsschulbetrieb, Wertebildung, Demokratieerziehung, Medienerziehung, JADE, Partnerklasse, Leseförderung",48.1175149,11.5501001,,,,,,,,,,,,,,,,,,,,,,,,,,,,,,,,,,,,,,,,,,,,,,,,,,,,,,1.0,Durchschnittlich,Unknown,274.0,48.119177,11.548454,D,Unknown,280.0,48.119389,11.548738,C,Unknown,284.0,48.119149,11.548207,E,,,,,,,,,,,,,,,,Gotzinger Platz,51.0,48.117674,11.550438,,Implerstraße,245.0,48.118731,11.548329,1,Implerstraße,262.0,48.119295,11.548979,,0.0,1; C; D; E,0.0,9.0,Fruchthof München UG (haftungsbeschränkt),"Schäftlarnstraße 10, 81371 München, Germany",166.0,48.1187713,11.550598,Richard Ostermeier GmbH,"Großmarkthalle München, Kochelseestraße 13/Halle I - Stand 18-20, 81371 München, Germany",232.0,48.1186255,11.5532194,Greenyard Fresh Germany GmbH DC Munich,"Oberländerstraße 2, 81371 München, Germany",296.0,48.11994490000001,11.5511462,20.0,Saluki,"Thalkirchner Str. 130, 81371 München, Germany",122.0,48.11838470000001,11.5507165,franz.,"Valleystraße 19, 81371 München, Germany",152.0,48.117514,11.5488001,Ticaret,"Thalkirchner Str. 126, 81371 München, Germany",190.0,48.1189872,11.5510887,16.0,Stuzzicadenti,"Gotzinger Str. 54, 81371 München, Germany",159.0,48.118713,11.5505892,MULLER & HÖFLINGER,"Implerstraße 52, 81371 München, Germany",214.0,48.1178415,11.5480607,Neulinger Brot & Feinbäckerei,"Gotzinger Str. 48, 81371 München, Germany",215.0,48.1191901,11.5503149,6.0,Kindergarten Apfelbäumchen e.V.,"Valleystraße 19, 81371 München, Germany",162.0,48.1174129,11.548639,Kinderkreis Sendling e.V.,"Danklstraße 34, 81371 München, Germany",318.0,48.1169,11.54658,Städt. Kindertageseinrichtung,"Implerstraße 35, 81371 München, Germany",418.0,48.1207662,11.5486888,2.0,Staatl. Grundschule,"Implerstraße 35, 81371 München, Germany",412.0,48.1207257,11.548739,Implerschule,"Implerstraße 35, 81371 München, Germany",418.0,48.1207662,11.5486888,Staatl. Grundschule Plinganser,"Meindlstraße 8, 81373 München, Germany",965.0,48.118906300000006,11.5380469,15.0,"Mittelschule München at Gotzinger Platz 1 is a traditional educational institution located in the heart of Munich's Sendling district, founded in 1905. With currently 244 students and 17 teachers, it offers a personal learning atmosphere and a dedicated pedagogical team. As a Mittelschule (middle school), it focuses on comprehensive general education and preparing students for vocational training or further academic paths.

The school's pedagogical concept is diverse and aims to individually support and strengthen each student. A special feature is the DeutschPLUS (GMS) program, which intensively supports and integrates students with non-German mother tongues in the German language. As a ""Seminarschule"" (training school for teachers), it also contributes to the education of future teachers and benefits from innovative pedagogical approaches. The full-day school operation allows for extended supervision and a variety of support programs beyond regular classes.

The school is strongly committed to values education and democracy education to raise students into responsible citizens. Media education is another important component of the curriculum to strengthen students' media literacy in the digital world. Special projects such as JADE (Youth work and learn in school) and partner classes promote social skills and enable practical experiences. Reading promotion is highly valued to develop linguistic abilities and the joy of reading.

Mittelschule München, Gotzinger Platz 1, is situated in an urban environment in the Sendling district, which offers good connections to public transport. Although specific details about the facilities are not available, it can be assumed that the school has functional classrooms and specialized rooms that meet the requirements of modern school operations. The full-day care ensures that students are comprehensively supervised and supported even after classes.",,,,,,,,,,,,"Die Mittelschule München am Gotzinger Platz 1 ist eine traditionsreiche Bildungseinrichtung im Herzen des Münchner Stadtteils Sendling, die im Jahr 1905 gegründet wurde. Mit derzeit 244 Schülern und 17 Lehrkräften bietet sie eine persönliche Lernatmosphäre und ein engagiertes pädagogisches Team. Als Mittelschule legt sie den Fokus auf eine umfassende Allgemeinbildung und die Vorbereitung der Schüler auf das Berufsleben oder weiterführende schulische Wege.

Das pädagogische Konzept der Schule ist vielfältig und zielt darauf ab, jeden Schüler individuell zu fördern und zu stärken. Ein besonderes Merkmal ist das Programm DeutschPLUS (GMS), das Schüler mit nicht-deutscher Muttersprache intensiv in der deutschen Sprache unterstützt und integriert. Als Seminarschule trägt sie zudem zur Ausbildung zukünftiger Lehrkräfte bei und profitiert von innovativen pädagogischen Ansätzen. Der Ganztagsschulbetrieb ermöglicht eine erweiterte Betreuung und vielfältige Förderangebote über den regulären Unterricht hinaus.

Die Schule engagiert sich stark in der Wertebildung und Demokratieerziehung, um die Schüler zu verantwortungsbewussten Bürgern zu erziehen. Medienerziehung ist ein weiterer wichtiger Bestandteil des Lehrplans, um die Medienkompetenz der Schüler in der digitalen Welt zu stärken. Besondere Projekte wie JADE (Jugendliche arbeiten und lernen in der Schule) und Partnerklassen fördern soziale Kompetenzen und ermöglichen praktische Erfahrungen. Die Leseförderung wird großgeschrieben, um die sprachlichen Fähigkeiten und die Freude am Lesen zu entwickeln.

Die Mittelschule München, Gotzinger Platz 1, befindet sich in einem urbanen Umfeld im Stadtteil Sendling, der eine gute Anbindung an öffentliche Verkehrsmittel bietet. Obwohl keine spezifischen Details zur Ausstattung vorliegen, ist davon auszugehen, dass die Schule über zweckmäßige Klassenräume und Fachräume verfügt, die den Anforderungen eines modernen Schulbetriebs gerecht werden. Die Ganztagsbetreuung stellt sicher, dass die Schüler auch nach dem Unterricht umfassend betreut und gefördert werden.","Mittelschule München at Gotzinger Platz 1, founded in 1905, is a traditional school in Sendling with 244 students and 17 teachers. It offers a comprehensive pedagogical concept including DeutschPLUS, full-day operation, values and media education, and special projects like JADE and reading promotion, to holistically support students and prepare them for their future.","Die Mittelschule München am Gotzinger Platz 1, gegründet 1905, ist eine traditionsreiche Schule in Sendling mit 244 Schülern und 17 Lehrkräften. Sie bietet ein umfassendes pädagogisches Konzept mit DeutschPLUS, Ganztagsbetrieb, Werte- und Medienerziehung sowie speziellen Projekten wie JADE und Leseförderung, um Schüler ganzheitlich zu fördern und auf ihre Zukunft vorzubereiten.",,,,,,,,,,,,,,,,,,,,,,2026-04-20T08:55:46Z,"Auf der offiziellen Website der Mittelschule München, Gotzinger Platz 1, sowie in den Suchergebnissen konnten keine spezifischen Aufnahme- oder Anmeldekriterien gefunden werden. Es gab keine expliziten Informationen zu Anmeldefristen oder -verfahren.","Gotzinger Platz 1, 81371 München",Bayern,12076.0,65.5,1.0,1505022.0,5671.0,München: sicherste Großstadt Deutschlands (>200k Einwohner) seit 50 Jahren,city_aggregate,5671.0,376.8,6061.0,12076.0,802.4,München,91219.0,6061.0,134.0,8.9,134.0,91219.0,815.0,54.2,2026-08-22,"jedeschule.codefor.de (CC0, scraped from km.bayern.de)","Mittelschule München at Gotzinger Platz 1 offers a practice-oriented education, specifically preparing students for the Mittlerer Schulabschluss (intermediate school leaving certificate) and entry into vocational training. The curriculum strongly focuses on vocational guidance, the acquisition of key qualifications, and individualized support. English is offered as a foreign language alongside German.",,,,17.0,,,244.0,München,BY,,31.0,1.0,56.0,13.0,2.0,59.0,0.0,91219.0,2024_25,2025
BY-SCHUL_SCHULSTANDORTEMITTELSCHULEN_87018f9c-ec98-440b-b2eb-55c042ee1ce4,"Mittelschule München, Ridlerstraße 26",Mittelschulen,Mittelschulen,,1905.0,Ridlerstr. 26,80339,München,,,,,Dr. Johannes Ratzka,265.0,20.0,,,,,,,,,,,,,,,,,,,Nicht verfügbar (Bayern),,,,,,,,,,,Bayern Kultusministerium Schulsuche,"DeutschPLUS (GMS), M-Zug",48.1321195,11.5369355,,,,,,,,,,,,,,,,,,,,,,,,,,,,,,,,,,,,,,,,,,,,,,,,,,,,,,1.0,Durchschnittlich,Unknown,260.0,48.133598,11.539523,F,Unknown,267.0,48.133556,11.534188,A,Unknown,280.0,48.133563,11.539925,E,Trappentreustraße,891.0,48.139958,11.535307,,Trappentreustraße,897.0,48.139991,11.535161,,Schrenkstraße,902.0,48.139598,11.541276,,Ridlerstraße,202.0,48.131119,11.539315,,Ridlerstraße,240.0,48.130454,11.539167,,Schwanthalerhöhe,257.0,48.133381,11.539736,,0.0,A; E; F,0.0,5.0,Obstladen Westend,"Heimeranstraße 51, 80339 München, Germany",196.0,48.1337834,11.536978,REWE,"Ridlerstraße 37 - 39, 80339 München, Germany",253.0,48.1328536,11.5337731,E xpress,"Anglerstraße 6, 80339 München, Germany",291.0,48.134326599999994,11.5351154,20.0,Stragula,"Bergmannstraße 66, 80339 München, Germany",66.0,48.1322084,11.5361041,Café Simurg,"Sandtnerstraße 5, 80339 München, Germany",160.0,48.1330011,11.5385134,Cafe Westend Gaststättenbetriebs GmbH,"Ganghoferstraße 50, 80339 München, Germany",174.0,48.1322106,11.5392715,20.0,Café Simurg,"Sandtnerstraße 5, 80339 München, Germany",160.0,48.1330011,11.5385134,Cafe Westend Gaststättenbetriebs GmbH,"Ganghoferstraße 50, 80339 München, Germany",174.0,48.1322106,11.5392715,Café Nido,"Anglerstraße 25, 80339 München, Germany",187.0,48.1325246,11.539348,4.0,Kindertagesstätten städt.,"Trappentreustraße 44, 80339 München, Germany",370.0,48.134481,11.5335933,Die blaue Giraffe e.V.,"Kazmairstraße 36, 80339 München, Germany",414.0,48.134886599999994,11.5404949,Kinderhaus St. Rupert,"Kazmairstraße 66, 80339 München, Germany",448.0,48.1351863,11.5332205,1.0,Grundschule an der Bergmannstraße 36 e.V.,"Bergmannstraße 36, 80339 München, Germany",388.0,48.1355091,11.5370401,Städt. Tagesheim an der Grundschule,"Pfeuferstraße 1, 81373 München, Germany",568.0,48.1272912,11.5398631,Pfeuferschule,"Pfeuferstraße 1, 81373 München, Germany",610.0,48.1270892,11.5405517,14.0,"Mittelschule München, Ridlerstraße 26, is a state-run educational institution located in the heart of Munich, in the Schwanthalerhöhe district. With 265 students and a dedicated team of 20 teachers, the school provides a supportive learning environment. The school is known for its comprehensive educational offerings tailored to the individual needs of its students. A central feature of the school's profile is the intensive language support provided through the DeutschPLUS (GMS) program. This offering is aimed at students with a non-German mother tongue who require additional support in acquiring the German language. DeutschPLUS can take place as a supplementary course or as a differentiation measure parallel to regular lessons and is crucial for successful integration and educational achievement. Furthermore, Mittelschule München, Ridlerstraße 26, offers the Mittlere-Reife-Zug (M-Zug). This four-year educational path, spanning from the 7th to the 10th grade, enables more capable and motivated students to obtain the Mittlere Reife (intermediate secondary school certificate). The M-Zug is characterized by an increased level of demand in the core subjects of German, Mathematics, and English, as well as a strong practical and career orientation. The qualification is equivalent to the Mittlere Reife from Realschulen and Wirtschaftsschulen and opens up diverse prospects for vocational training or transition to further education institutions such as the Fachoberschule. The school operates on the class teacher principle and emphasizes close cooperation with the employment agency, as well as the implementation of company internships, to optimally prepare students for professional life. As an open all-day school, it also offers childcare services that support the daily school life of families. Its location at Ridlerstraße 26, 80339 Munich, ensures good accessibility and the use of urban infrastructure. The school is led by Dr. Johannes Ratzka.",,,,,,,,,,,,"Die Mittelschule München, Ridlerstraße 26, ist eine staatliche Bildungseinrichtung im Herzen Münchens, im Stadtteil Schwanthalerhöhe gelegen. Mit einer Schülerzahl von 265 und einem engagierten Kollegium von 20 Lehrkräften bietet die Schule ein unterstützendes Lernumfeld. Die Schule ist bekannt für ihre umfassenden Bildungsangebote, die auf die individuellen Bedürfnisse der Schüler zugeschnitten sind. Ein zentrales Merkmal des Schulprofils ist die intensive Sprachförderung durch das Programm DeutschPLUS (GMS). Dieses Angebot richtet sich an Schülerinnen und Schüler mit nichtdeutscher Muttersprache, die zusätzliche Unterstützung beim Erwerb der deutschen Sprache benötigen. DeutschPLUS kann als ergänzender Kurs oder als Differenzierungsmaßnahme parallel zum regulären Unterricht stattfinden und ist entscheidend für die erfolgreiche Integration und den Bildungserfolg. Darüber hinaus bietet die Mittelschule München, Ridlerstraße 26, den Mittlere-Reife-Zug (M-Zug) an. Dieser vierjährige Bildungsgang, der von der 7. bis zur 10. Jahrgangsstufe reicht, ermöglicht leistungsstärkeren und motivierten Schülern den Erwerb der Mittleren Reife. Der M-Zug zeichnet sich durch ein verstärktes Anforderungsniveau in den Hauptfächern Deutsch, Mathematik und Englisch sowie eine ausgeprägte Praxis- und Berufsorientierung aus. Der Abschluss ist gleichwertig mit der Mittleren Reife an Realschulen und Wirtschaftsschulen und eröffnet vielfältige Perspektiven für die berufliche Ausbildung oder den Übergang zu weiterführenden Schulen wie der Fachoberschule. Die Schule arbeitet nach dem Klassenlehrerprinzip und legt Wert auf eine enge Zusammenarbeit mit der Arbeitsagentur sowie die Durchführung von Betriebspraktika, um die Schüler optimal auf das Berufsleben vorzubereiten. Als offene Ganztagsschule bietet sie zudem Betreuungsangebote, die den schulischen Alltag der Familien unterstützen. Die Lage in der Ridlerstraße 26, 80339 München, ermöglicht eine gute Erreichbarkeit und die Nutzung der städtischen Infrastruktur. Die Schulleitung liegt in den Händen von Dr. Johannes Ratzka.","Mittelschule München, Ridlerstraße 26, is a state school in Munich with 265 students and 20 teachers. It offers the DeutschPLUS program for language support for non-German speaking students and the Mittlere-Reife-Zug (M-Zug), leading to an intermediate secondary school certificate. The school emphasizes individual support, career orientation, and all-day care.","Die Mittelschule München, Ridlerstraße 26, ist eine staatliche Schule in München mit 265 Schülern und 20 Lehrkräften. Sie bietet das DeutschPLUS-Programm zur Sprachförderung für Schüler mit nichtdeutscher Muttersprache und den Mittlere-Reife-Zug (M-Zug) an, der zum mittleren Bildungsabschluss führt. Die Schule legt Wert auf individuelle Förderung, Berufsorientierung und Ganztagsbetreuung.",,,,,,,,,,,,,,,,,,,,"{""opens"": ""2026-08-03"", ""closes"": ""2026-08-09"", ""notes"": ""Die endgültige Anmeldung für die M-Klassen findet in der ersten Woche der bayerischen Sommerferien 2026 statt.""}","[""Für die 5. Klasse ist in der Regel keine Anmeldung erforderlich; die zuständige Mittelschule nimmt das Kind automatisch auf, sofern es nicht an einer anderen weiterführenden Schule angemeldet wird."", ""Für höhere Klassen ist eine direkte Kontaktaufnahme mit der zuständigen Mittelschule erforderlich."", ""Für den M-Zug (Mittlere-Reife-Klassen): Aufnahmevoraussetzung M7: Notendurchschnitt von 2,66 in Deutsch, Mathematik und Englisch."", ""Für den M-Zug (Mittlere-Reife-Klassen): Aufnahmevoraussetzung M8-M10: Notendurchschnitt von 2,33 in Deutsch, Mathematik und Englisch."", ""Für den M-Zug (Mittlere-Reife-Klassen): Aufnahme ist auch bei Deutsch als Zweitsprache-Unterricht möglich, jedoch wird im M-Zweig ausschließlich Deutsch angeboten."", ""Für externe Prüflinge zum qualifizierenden Abschluss der Mittelschule: Erforderlich sind zwei vollständig ausgefüllte Dokumente, eine beglaubigte Abschrift des Geburtsscheins/Geburtsurkunde, ein Lebenslauf mit Schulbesuchsdaten, das letzte Jahreszeugnis und ggf. eine Bescheinigung über den Schulbesuch der zuletzt besuchten Schule.""]",2026-04-20T08:44:58Z,"Die Anmeldefristen für den Quali für externe Prüflinge (bis 01.03.2026) und die Voranmeldung für den M-Zug (bis 20.03.2026) liegen in der Vergangenheit. Die endgültige Anmeldung für die M-Klassen findet in der ersten Woche der bayerischen Sommerferien 2026 statt, beginnend am 03.08.2026.","Ridlerstr. 26, 80339 München",Bayern,12076.0,65.5,1.0,1505022.0,5671.0,München: sicherste Großstadt Deutschlands (>200k Einwohner) seit 50 Jahren,city_aggregate,5671.0,376.8,6061.0,12076.0,802.4,München,91219.0,6061.0,134.0,8.9,134.0,91219.0,815.0,54.2,2026-08-22,"jedeschule.codefor.de (CC0, scraped from km.bayern.de)","Mittelschule München, Ridlerstraße 26, is a state secondary school located in Munich, Bavaria. It provides a comprehensive general education with a strong emphasis on vocational orientation and practical skill development. Students can achieve the Mittelschulabschluss and, via the M-Zug, the Mittlerer Schulabschluss, with English taught as a foreign language.",,,2026-03-18,20.0,,,265.0,München,BY,,34.0,0.0,79.0,13.0,7.0,86.0,0.0,91219.0,2024_25,2025
BY-SCHUL_SCHULSTANDORTEMITTELSCHULEN_4efad132-7475-46fe-b549-c62aa9d07179,"Mittelschule München, Zielstattstraße 74",Mittelschulen,Mittelschulen,,,Zielstattstr. 74,81379,München,,,,,Michael Gibis,335.0,25.0,,,,,Englisch,,,,,,,,,,,,,,Nicht verfügbar (Bayern),,,,,,,,,,,Bayern Kultusministerium Schulsuche,"DeutschPLUS (GMS), M-Zug, Projekte: Respekt-Coaches, Vorurteile abbauen, Schulsanitäter.",48.1022987,11.5202553,,,,,,,,,,,,,,,,,,,,,,,,,,,,,,,,,,,,,,,,,,,,,,,,,,,,,,1.0,Durchschnittlich,"Aidenbachstraße, Ratzingerplatz",516.0,48.098513,11.523975,,Unknown,542.0,48.098037,11.523512,,Unknown,549.0,48.098142,11.523948,,,,,,,,,,,,,,,,,Aichacher Straße,315.0,48.104913,11.518343,,Murnauer Straße,315.0,48.101899,11.524141,,Aichacher Straße,317.0,48.104951,11.51843,,0.0,,0.0,5.0,REWE to go,"Aral, Boschetsrieder Str. 127, 81379 München, Germany",425.0,48.09854370000001,11.5188025,ALDI SÜD,"Zielstattstraße 73, 81379 München, Germany",432.0,48.101356,11.525584,Aral,"Boschetsrieder Str. 127, 81379 München, Germany",436.0,48.0984936,11.5184726,10.0,STYLE Restaurant,"Surheimer Weg 3, 81379 München, Germany",271.0,48.1044002,11.518114,Gyros by Alexis Sorbas,"Boschetsrieder Str. 118, 81379 München, Germany",339.0,48.099253,11.5194302,Enjoy Da Battista,"Boschetsrieder Str. 118, 81379 München, Germany",341.0,48.0992532,11.5192857,6.0,Enjoy Da Battista,"Boschetsrieder Str. 118, 81379 München, Germany",341.0,48.0992532,11.5192857,Eiscafe La Fantastica,"Boschetsrieder Str. 118, 81379 München, Germany",342.0,48.099225,11.519575,Karolina Schmidhofer Konditorei - Cafe,"Boschetsrieder Str. 118, 81379 München, Germany",353.0,48.099184099999995,11.5189507,2.0,Städtische Kindertagesstätte Zielstattstraße,"Zielstattstraße 72, 81379 München, Germany",123.0,48.102273399999994,11.5215964,Städtische Kindertageseinrichtung,"Slevogtstraße 20, 81379 München, Germany",254.0,48.1040125,11.5221845,Kinderhaus St. Joachim München // Kindergarten - Kinderkrippe,"Gysisstraße 6, 81379 München, Germany",681.0,48.096172499999994,11.5195492,0.0,Grundschule Aidenbachstraße 23,"Aidenbachstraße 23, 81379 München, Germany",539.0,48.0984847,11.5244373,Immanuel Schule & Hort Private Immanuel-VS München des Fördervereins advent. Schulen in Bayern e.V.,"Oberauer Str. 3, 81377 München, Germany",1070.0,48.1094723,11.5103495,konrad-celtis-schule,"Konrad-Celtis-Straße 44, 81369 München, Germany",1155.0,48.1112916,11.5276801,3.0,"Mittelschule München, Zielstattstraße 74, is an established educational institution located in the Obersendling district of Munich. Currently, the school operates from a transitional building at Würmseestraße 71, 81476 Munich. It serves approximately 335 students with a dedicated team of 25 teachers. As a fully developed Mittelschule, it covers grades 5 to 10 and offers diverse educational pathways, including the M-Zug, which leads to an intermediate school leaving certificate.

The school's pedagogical concept focuses on comprehensively preparing students for professional life while also enabling them to achieve higher educational qualifications. A special emphasis is placed on individual support, reflected in the DeutschPLUS (GMS) program, which provides intensive language support.

The school is actively involved in various projects that strengthen social skills and a sense of responsibility. These include 'Respekt-Coaches' (Respect Coaches), initiatives to 'reduce prejudices,' and the 'Schulsanitäter' (School Paramedics) program. These projects significantly contribute to a positive school climate and foster community spirit.

While specific details about facilities are not available, it can be assumed that the school possesses the necessary specialized rooms and equipment for modern teaching. Its location within the school district of Mittersendling and Obersendling ensures good connectivity to urban life. For student care, Mittelschule München, Zielstattstraße 74, offers an open all-day school program with registration options, ensuring a reliable and supportive environment beyond regular class hours.",,,,,,,,,,,,"Die Mittelschule München, Zielstattstraße 74, ist eine etablierte Bildungseinrichtung im Münchner Stadtteil Obersendling, die derzeit in einem Übergangsgebäude in der Würmseestraße 71 in 81476 München untergebracht ist. Sie betreut rund 335 Schülerinnen und Schüler mit einem engagierten Kollegium von 25 Lehrkräften. Als voll ausgebaute Mittelschule deckt sie die Jahrgangsstufen 5 bis 10 ab und bietet vielfältige Bildungswege an, darunter den M-Zug, der zum mittleren Schulabschluss führt.

Das pädagogische Konzept der Schule ist darauf ausgerichtet, Schülerinnen und Schüler umfassend auf das Berufsleben vorzubereiten und ihnen gleichzeitig die Möglichkeit zu geben, höhere Bildungsabschlüsse zu erreichen. Ein besonderer Schwerpunkt liegt auf der individuellen Förderung, was sich im Angebot von DeutschPLUS (GMS) widerspiegelt, einem Programm zur intensiven Sprachförderung.

Die Schule engagiert sich aktiv in verschiedenen Projekten, die soziale Kompetenzen und Verantwortungsbewusstsein stärken. Dazu gehören die 'Respekt-Coaches', Initiativen zum 'Vorurteile abbauen' und das Programm der 'Schulsanitäter'. Diese Projekte tragen maßgeblich zu einem positiven Schulklima bei und fördern das Miteinander.

Obwohl spezifische Details zur Ausstattung nicht vorliegen, ist davon auszugehen, dass die Schule über die notwendigen Fachräume und Einrichtungen für einen modernen Unterricht verfügt. Die Lage im Schulsprengel Mittersendling und Obersendling bedeutet eine gute Anbindung an das städtische Leben. Für die Betreuung der Schülerinnen und Schüler bietet die Mittelschule München, Zielstattstraße 74, einen offenen Ganztagsschulbetrieb mit Anmeldeoptionen an, der eine verlässliche und fördernde Umgebung auch außerhalb des regulären Unterrichts gewährleistet.","Mittelschule München, Zielstattstraße 74, is a comprehensive middle school for grades 5-10 with 335 students and 25 teachers. It offers the M-Zug for an intermediate school leaving certificate, the DeutschPLUS language support program, and projects like 'Respekt-Coaches'. The school, currently in a transitional building, provides an open all-day school program.","Die Mittelschule München, Zielstattstraße 74, ist eine voll ausgebaute Mittelschule für die Jahrgangsstufen 5-10 mit 335 Schülern und 25 Lehrkräften. Sie bietet den M-Zug zum mittleren Schulabschluss, das DeutschPLUS-Programm zur Sprachförderung und Projekte wie 'Respekt-Coaches'. Die Schule, derzeit in einem Übergangsgebäude, verfügt über einen offenen Ganztagsschulbetrieb.",,,,,,,,,,,,,,,,,,,,"{""opens"": ""2026-05-11"", ""closes"": ""2026-05-15"", ""notes"": ""Voranmeldung für Schüler*innen ab der 5. Jahrgangsstufe. Die Anmeldung in die höheren Jahrgangsstufen findet am 2026-07-31 und 2026-08-03 statt.""}","[""Ausgefülltes Anmeldeformular mit Unterschrift"", ""Vorlage des Jahreszeugnisses im Original"", ""Geburtsurkunde oder Familienstammbuch im Original (zur Einsicht) + Kopie"", ""Kopie des Reisepasses/Personalausweises des Kindes"", ""Evtl. Sorgerechtsbescheid (Nachweis über Einverständnis beider Erziehungsberechtigter oder bei alleinigem Sorgerecht der Sorgerechtsbescheid)"", ""Einverständniserklärung für die Anmeldung"", ""Einverständniserklärung Visavid Visavid-Formular"", ""Evtl. Antrag auf Kostenfreiheit des Schulweges (ab 3 km)"", ""Nachweis über einen ausreichenden Masernschutz – Impfpass im Original"", ""Ggf. Bescheinigung über eine Teilleistungsstörung (in 2-facher Kopie)"", ""Datenschutzerklärung (Veröffentlichung personenbezogener Daten) Datenschutzerklärung-Formular"", ""Nutzungsordnung der EDV-Einrichtungen in der Schule Nutzungsordnung EDV – Formular"", ""Einwilligungserklärung JAS JAS-Formular"", ""Einwilligungserklärung WebUnits Webuntis-Formular""]",2026-04-20T09:15:15Z,Die hier genannten Kriterien und Anmeldefristen stammen von einer allgemeinen Informationsseite für Münchner Schulen und könnten für die Mittelschule München Zielstattstraße zutreffen. Es konnte keine spezifische Seite der Mittelschule Zielstattstraße mit diesen Informationen direkt aufgerufen werden.,"Zielstattstr. 74, 81379 München",Bayern,12076.0,65.5,1.0,1505022.0,5671.0,München: sicherste Großstadt Deutschlands (>200k Einwohner) seit 50 Jahren,city_aggregate,5671.0,376.8,6061.0,12076.0,802.4,München,91219.0,6061.0,134.0,8.9,134.0,91219.0,815.0,54.2,2026-08-22,"jedeschule.codefor.de (CC0, scraped from km.bayern.de)","Mittelschule München, Zielstattstraße 74, is a secondary school in Munich, Bavaria, preparing students for the Qualifizierender Mittelschulabschluss and the Mittlerer Schulabschluss. The school emphasizes vocational orientation, practical skills, and essential competencies for apprenticeships or further vocational education. English is offered as the primary foreign language.",,,2026-03-19,25.0,,,335.0,München,BY,,23.0,0.0,42.0,5.0,4.0,46.0,8.0,91219.0,2024_25,2025
BY-SCHUL_SCHULSTANDORTEFOERDERZENTREN_9f389ef5-e340-4dc6-a32b-588736928eab,Sonderpädagogisches Förderzentrum München Nord-Ost,Förderzentren,Förderzentren,,,Rothpletzstr. 40,80937,München,,,,,Jan Grosser,242.0,32.0,,,,,,,,,,,,,,,,,,,Nicht verfügbar (Bayern),,,,,,,,,,,Bayern Kultusministerium Schulsuche,"Schulprofil Inklusion, Sonderpädagogische Diagnose- und Förderklassen, Förderschwerpunkte Lernen, Sprache, emotionale und soziale Entwicklung.",48.1981849,11.5820622,,,,,,,,,,,,,,,,,,,,,,,,,,,,,,,,,,,,,,,,,,,,,,,,,,,,,,1.0,Durchschnittlich,Unknown,716.0,48.196839,11.572112,,Unknown,743.0,48.196919,11.571721,,Unknown,753.0,48.195162,11.572469,,,,,,,,,,,,,,,,,Kollwitzstraße,230.0,48.197901,11.584638,,Kollwitzstraße,255.0,48.198621,11.584941,,Gundelkoferstraße,277.0,48.195867,11.582926,,0.0,,0.0,3.0,ETC gGmbH - ALMA (AusbildungsLebensmittelMarkt),"Ingolstädter Str. 107, 80939 München, Germany",284.0,48.196145099999995,11.5838634,Marktschwärmerei am Hart,"Rothpletzstraße 57, 80937 München, Germany",372.0,48.201480499999995,11.5807048,Gärtnerei am Hart – Frische Blumen & Gemüse mit sozialem Mehrwert – Pfennigparade ChancenWerk GmbH,"Rothpletzstraße 57, 80937 München, Germany",377.0,48.2015208,11.5806583,6.0,Gaststätte Wenzelstüberl,"Wenzelstraße 2, 80937 München, Germany",171.0,48.197636,11.5837198,Rubin Cafe,"Wenzelstraße 2, 80937 München, Germany",171.0,48.197636,11.5837198,ISARDOGS Food Truck GbR,"Dohlenweg 7, 80937 München, Germany",409.0,48.2016526,11.5834087,2.0,Cafe Bar Steherl,"Ingolstädter Str. 111A, 80939 München, Germany",265.0,48.1964621,11.5840183,Privat Bäckerei Wimmer GmbH & Co. KG,"Ingolstädter Str. 101, 80939 München, Germany",332.0,48.1955661,11.5837075,,,,,,3.0,Städt. Kindertagesstätte,"Rothpletzstraße 40, 80937 München, Germany",26.0,48.198409,11.581448,Städtische Kindertageseinrichtung,"Rothpletzstraße 38, 80937 München, Germany",117.0,48.197209,11.5821532,Kindergarten zu den Heiligen 14 Nothelfern,"Kaadener Str. 4, 80937 München, Germany",468.0,48.194795199999994,11.5778156,0.0,Grundschule München Rockefellerstr. 11,"Rockefellerstraße 11, 80937 München, Germany",974.0,48.2067588,11.5788357,Hugo-Wolf Schule,"Hugo-Wolf-Straße 70, 80937 München, Germany",1226.0,48.2063674,11.5704593,Staatl. Grundschule an der Bad-Soden-Straße 27,"Bad-Soden-Straße 27, 80807 München, Germany",1326.0,48.186274399999995,11.5822733,4.0,"The Special Education Support Center Munich North-East (Sonderpädagogisches Förderzentrum München Nord-Ost), located at Rothpletzstraße 40 in the 80937 district of Munich, is a specialized educational institution dedicated to the individual development of children and adolescents. With 242 students and 32 teachers (as of 2024/25), the school provides a supportive learning environment. Its school profile is strongly oriented towards inclusion and includes special education diagnostic and support classes. The main areas of focus are learning, language, and emotional and social development, aiming to enable each child to achieve the best possible academic and personal growth.

The pedagogical concept of the support center is based on a holistic approach that uses the individual abilities and needs of the students as a starting point for differentiated educational and teaching offerings. [cite:2, 5 - second search block] The goal is to empower students for an equal life in society through the greatest possible academic and professional integration, and to educate them towards self-determination and co-responsibility. [cite:2 - second search block] Close cooperation with parents, other schools, and specialized services is a central component of this approach. [cite:2, 5 - second search block]

Special offerings include a School Preparatory Facility (SVE) for 5 and 6-year-old children, who receive holistic support in small groups of approximately 10 children. [cite:6 - first search block] Furthermore, the support center engages in collaborations with partners such as ""Ballhelden"" (Ball Heroes), ""Lesezeichen"" (Bookmarks), ""K.i.d.S."" (Children in difficult situations), and ""Verbraucherbildung"" (Consumer Education), which enrich school life. [cite:2 - first search block] The school also offers counseling services. [cite:2 - first search block]

The facilities of the support center are tailored to the specific needs of the students, with rooms that allow for individual and small-group instruction. Although a detailed list of facilities is not available, it can be assumed that modern teaching aids and therapeutic facilities are present to optimally support the focus areas. The school is situated in a residential area in the north-east of Munich, offering a quiet and conducive learning environment. There is current information about an upcoming relocation, which could indicate a modernization or expansion of the school premises. [cite:2 - first search block]

Regarding care services, the special education diagnostic and support classes are a core element. [cite:4 - first search block] It is likely that, similar to other special education centers in Munich, some form of after-school care is offered, which includes a communal lunch, homework supervision, and various leisure activities to strengthen students' social competence and conflict resolution skills. [cite:3 - fourth search block] Office hours are Monday to Friday from 7:30 AM to 2:00 PM. [cite:2 - first search block]",,,,,,,,,,,,"Das Sonderpädagogische Förderzentrum München Nord-Ost, gelegen in der Rothpletzstraße 40 im Münchner Stadtteil 80937, ist eine spezialisierte Bildungseinrichtung, die sich der individuellen Förderung von Kindern und Jugendlichen widmet. Mit 242 Schülern und 32 Lehrkräften (Stand 2024/25) bietet die Schule ein unterstützendes Lernumfeld. Ihr Schulprofil ist stark auf Inklusion ausgerichtet und umfasst Sonderpädagogische Diagnose- und Förderklassen. Die Förderschwerpunkte liegen auf den Bereichen Lernen, Sprache sowie der emotionalen und sozialen Entwicklung, um jedem Kind eine bestmögliche schulische und persönliche Entwicklung zu ermöglichen.

Das pädagogische Konzept des Förderzentrums basiert auf einem ganzheitlichen Ansatz, der die individuellen Fähigkeiten und Bedürfnisse der Schüler als Ausgangspunkt für differenzierte Erziehungs- und Unterrichtsangebote nimmt. [cite:2, 5 - second search block] Ziel ist es, die Schüler durch größtmögliche schulische und berufliche Eingliederung zu einem gleichberechtigten Leben in der Gesellschaft zu befähigen und sie zu Selbstbestimmung und Mitverantwortung zu erziehen. [cite:2 - second search block] Eine enge Zusammenarbeit mit Eltern, anderen Schulen und Fachdiensten ist dabei ein zentraler Bestandteil. [cite:2, 5 - second search block]

Zu den besonderen Angeboten gehört eine Schulvorbereitende Einrichtung (SVE) für 5- und 6-jährige Kinder, die in kleinen Gruppen von etwa 10 Kindern ganzheitlich gefördert werden. [cite:6 - first search block] Darüber hinaus engagiert sich das Förderzentrum in Kooperationen mit Partnern wie ""Ballhelden"", ""Lesezeichen"", ""K.i.d.S."" und ""Verbraucherbildung"", die das schulische Leben bereichern. [cite:2 - first search block] Die Schule bietet zudem Beratungsdienste an. [cite:2 - first search block]

Die Ausstattung des Förderzentrums ist auf die spezifischen Bedürfnisse der Schüler zugeschnitten, mit Räumlichkeiten, die individuelle und kleingruppenbezogene Förderung ermöglichen. Obwohl keine detaillierte Liste der Ausstattung vorliegt, ist davon auszugehen, dass moderne Lehrmittel und therapeutische Einrichtungen vorhanden sind, um die Förderschwerpunkte optimal zu unterstützen. Die Schule befindet sich in einem Wohngebiet im Nord-Osten Münchens, was eine ruhige und förderliche Lernumgebung bietet. Aktuell gibt es Informationen über einen bevorstehenden Umzug, was auf eine Modernisierung oder Erweiterung der Schulräumlichkeiten hindeuten könnte. [cite:2 - first search block]

Im Bereich der Betreuungsangebote sind die Sonderpädagogischen Diagnose- und Förderklassen ein Kernstück. [cite:4 - first search block] Es ist wahrscheinlich, dass, ähnlich wie bei anderen Förderzentren in München, auch eine Form der Nachmittagsbetreuung angeboten wird, die ein gemeinsames Mittagessen, Hausaufgabenbetreuung und vielfältige Freizeitaktivitäten umfasst, um die soziale Kompetenz und Konfliktfähigkeit der Schüler zu stärken. [cite:3 - fourth search block] Die Bürozeiten sind montags bis freitags von 7:30 bis 14:00 Uhr. [cite:2 - first search block]","The Special Education Support Center Munich North-East is a specialized school for 242 students focusing on learning, language, and emotional and social development. It offers inclusive education, diagnostic and support classes, and a School Preparatory Facility (SVE), emphasizing individual support and close parental cooperation. [cite:4, 6 - first search block] Located in a quiet residential area in Munich North-East, the school is planning a relocation, suggesting modernization. [cite:2 - first search block]","Das Sonderpädagogische Förderzentrum München Nord-Ost ist eine spezialisierte Schule für 242 Schüler mit Förderschwerpunkten in Lernen, Sprache sowie emotionaler und sozialer Entwicklung. Es bietet inklusive Bildung, Diagnose- und Förderklassen sowie eine Schulvorbereitende Einrichtung (SVE) und legt Wert auf individuelle Förderung und enge Zusammenarbeit mit Eltern. [cite:4, 6 - first search block] Die Schule befindet sich in einem ruhigen Wohngebiet in München Nord-Ost und plant einen Umzug, der auf eine Modernisierung hindeutet. [cite:2 - first search block]",,,,,,,,,,,,,,,,,,,,,"[""Sprengelzugehörigkeit (Wohnsitz im Einzugsgebiet bestimmter Grundschulen)"", ""Festgestellter sonderpädagogischer Förderbedarf (für Vorschulkinder oder vom Schulbesuch zurückgestellte Kinder)"", ""Kontaktaufnahme mit der Mobilen Sonderpädagogischen Hilfe (MSH)"", ""Erforderliche Unterlagen für MSH: Einverständniserklärung der Eltern, Schweigepflichtentbindung, Betreuungsantrag der Einrichtungen"", ""Für zurückgestellte Kinder: Einladung zur Diagnostik und ergebnisoffenen Beratung am SFZ"", ""Empfehlung für SVE-Besuch führt zum Ausfüllen des Anmeldeformulars"", ""Antragstellung bedeutet keine Zusage; Entscheidung durch Schulleitung in der Regel Ende Mai""]",2026-04-20T08:50:11Z,"Die gefundenen Aufnahmekriterien beziehen sich spezifisch auf die Schulvorbereitende Einrichtung (SVE) des Sonderpädagogischen Förderzentrums München Nord-Ost. Es wurden keine allgemeinen Aufnahmekriterien für das Förderzentrum als Ganzes gefunden, außer den Förderschwerpunkten Lernen, Sprache sowie emotionale und soziale Entwicklung.","Rothpletzstr. 40, 80937 München",Bayern,12076.0,65.5,1.0,1505022.0,5671.0,München: sicherste Großstadt Deutschlands (>200k Einwohner) seit 50 Jahren,city_aggregate,5671.0,376.8,6061.0,12076.0,802.4,München,91219.0,6061.0,134.0,8.9,134.0,91219.0,815.0,54.2,2026-08-22,"jedeschule.codefor.de (CC0, scraped from km.bayern.de)",Sonderpädagogisches Förderzentrum München Nord-Ost is a specialized educational institution dedicated to comprehensively supporting students with special educational needs. It provides individualized learning pathways and tailored pedagogical concepts to optimally guide each child's development and unlock their full potential. The centre focuses on holistic support within a nurturing and inclusive environment.,,,,32.0,,,242.0,München,BY,,20.0,0.0,51.0,8.0,6.0,57.0,0.0,91219.0,2024_25,2025
BY-SCHUL_SCHULSTANDORTEMITTELSCHULEN_b5d4871c-efd4-4733-b637-f81d1bb8309f,"Mittelschule München, Schleißheimer Straße 275",Mittelschulen,Mittelschulen,,,Schleißheimer Str. 275,80809,München,,,,,Janina Buchert,343.0,27.0,,,,,,,,,,,,,,,,,,,Nicht verfügbar (Bayern),,,,,,,,,,,Bayern Kultusministerium Schulsuche,"Schulprofil Inklusion, DeutschPLUS (GMS), Praxis-, Übergangs-, Regel- und Mittlere-Reife-Klassen, interkulturell.",48.1807037,11.5660149,,,,,,,,,,,,,,,,,,,,,,,,,,,,,,,,,,,,,,,,,,,,,,,,,,,,,,1.0,Durchschnittlich,Unknown,474.0,48.179979,11.572828,,Unknown,479.0,48.181838,11.572688,,Unknown,483.0,48.17636,11.564999,E,Petuelring,613.0,48.17507,11.566361,,Gartenstraße,945.0,48.172152,11.564919,,,,,,,Curt-Mezger-Platz,74.0,48.181183,11.566933,,Curt-Mezger-Platz,89.0,48.181343,11.566908,,Schopenhauerstraße,234.0,48.17938,11.563916,,0.0,E,0.0,15.0,Asia Markt,"Georgenschwaigstraße 4, 80807 München, Germany",52.0,48.180431299999995,11.567169500000002,PENNY,"Schleißheimer Str. 267, 80809 München, Germany",89.0,48.17981710000001,11.5668173,Hof-Egeler Wochenmarkt,"Curt-Mezger-Platz, 80807 München, Germany",131.0,48.1816128,11.5673731,20.0,Tattva Indisches Restaurant Milbertshofen,"Schleißheimer Str. 283, 80809 München, Germany",138.0,48.1818272,11.5665258,Milbertshofener Backstüberl,"Keferloherstraße 51a, 80809 München, Germany",171.0,48.1815993,11.5647627,REWE To Go bei Aral,"Aral, Schleißheimer Str. 257, 80809 München, Germany",205.0,48.1787749,11.5670331,15.0,Sb-Backshop Kaffee & Snacks,"Georgenschwaigstraße, 80807 München, Germany",53.0,48.1806098,11.5672174,Kulturcafé,"Curt-Mezger-Platz 1, 80809 München, Germany",164.0,48.1819864,11.5671846,Milbertshofener Backstüberl,"Keferloherstraße 51a, 80809 München, Germany",171.0,48.1815993,11.5647627,5.0,Kindertagesstätten städt.,"Schleißheimer Str. 279, 80809 München, Germany",38.0,48.18092,11.56661,Kindergarten der evang.-luth. Dankeskirche Milbertshofen,"Keferloherstraße 68, 80807 München, Germany",176.0,48.181563999999995,11.5683706,die Seepferdchen Kinderkrippe k49,"Keferloherstraße 49A, 80809 München, Germany",245.0,48.1818333,11.5637805,1.0,Elementary school on the road Hanselmann,"Hanselmannstraße 45, 80809 München, Germany",185.0,48.1814762,11.5643978,Ernst-Barlach-Schule,"Barlachstraße 36 - 38, 80804 München, Germany",869.0,48.177367399999994,11.577187,Grundschule Torquato-Tasso-Straße,"Torquato-Tasso-Straße 38, 80807 München, Germany",1100.0,48.1805836,11.5813375,11.0,"Mittelschule München, Schleißheimer Straße 275, is a state-run middle school located in the heart of Munich, distinguished by its comprehensive and inclusive educational offerings. With 343 students and 27 teachers, it provides a dedicated learning environment for grades 5 through 10. A core pillar of the school's profile is inclusion, aiming to provide optimal support for all students, regardless of their individual circumstances. This is complemented by the DeutschPLUS (GMS) program, specifically designed for the linguistic integration and support of students with a migration background, highlighting the school's intercultural character. The school is known for its friendly, athletic, well-read, conflict-resolving, networked, and inclusive atmosphere. 

The pedagogical concept of Mittelschule Schleißheimer Straße 275 encompasses a wide range of class formats, including practical, transitional, regular, and intermediate-level classes, catering to diverse learning needs and student goals. The full-day school program in a structured format offers supervised care and additional learning opportunities beyond regular lessons. A special focus is placed on career orientation, intensively preparing students from grades 7 to 10 for the transition into professional life. This includes programs such as SKILLplus, career entry assistance, Jade, b-wege, job mentoring, close cooperation with the Federal Employment Agency's career counseling, and its own career workshop. Students can obtain the Qualifizierender Mittelschulabschluss (Quali) and the Mittlerer Schulabschluss (intermediate school leaving certificate) at the school. 

The school also offers various support services, including school social work, a school doctor, a school psychologist, and counseling teachers who assist students with personal, social, and academic challenges. Its location at Schleißheimer Straße 275 in 80809 Munich places the school in an urban environment with good connectivity. Although detailed information on specific facilities is not available, the school possesses the necessary infrastructure for modern middle school operations, including sports facilities. Mittelschule München, Schleißheimer Straße 275, sees itself as a place of learning and personal development that values diversity and supports each student on their individual path.",,,,,,,,,,,,"Die Mittelschule München, Schleißheimer Straße 275, ist eine staatliche Mittelschule im Herzen Münchens, die sich durch ein umfassendes und inklusives Bildungsangebot auszeichnet. Mit 343 Schülern und 27 Lehrkräften bietet sie eine engagierte Lernumgebung für die Jahrgangsstufen 5 bis 10. Ein zentraler Pfeiler des Schulprofils ist die Inklusion, die darauf abzielt, allen Schülern, unabhängig von ihren individuellen Voraussetzungen, eine optimale Förderung zu ermöglichen. Ergänzt wird dies durch das Programm DeutschPLUS (GMS), das speziell auf die sprachliche Integration und Förderung von Schülern mit Migrationshintergrund zugeschnitten ist und den interkulturellen Charakter der Schule unterstreicht. Die Schule ist bekannt für ihre freundliche, sportliche, belesene, streitschlichtende, vernetzte und inklusive Atmosphäre. 

Das pädagogische Konzept der Mittelschule Schleißheimer Straße 275 umfasst ein breites Spektrum an Klassenformen, darunter Praxis-, Übergangs-, Regel- und Mittlere-Reife-Klassen, die den unterschiedlichen Lernbedürfnissen und Zielen der Schüler gerecht werden. Der Ganztagsschulbetrieb in gebundener Form bietet eine strukturierte Betreuung und zusätzliche Lernmöglichkeiten über den regulären Unterricht hinaus. Ein besonderer Fokus liegt auf der Berufsorientierung, die Schüler der 7. bis 10. Klasse intensiv auf den Übergang ins Berufsleben vorbereitet. Hierzu gehören Angebote wie SKILLplus, Berufseinstiegsbegleitung, Jade, b-wege, Jobmentoring und eine enge Zusammenarbeit mit der Berufsberatung der Bundesagentur für Arbeit sowie eine eigene Berufswerkstatt. Schüler können an der Schule den Qualifizierenden Mittelschulabschluss (Quali) und den Mittleren Schulabschluss erwerben. 

Die Schule bietet zudem vielfältige Betreuungs- und Unterstützungsangebote, darunter Schulsozialarbeit, eine Schulärztin, eine Schulpsychologin und Beratungslehrerinnen, die den Schülern bei persönlichen, sozialen und schulischen Herausforderungen zur Seite stehen. Die Lage an der Schleißheimer Straße 275 in 80809 München platziert die Schule in einem urbanen Umfeld mit guter Anbindung. Obwohl keine detaillierten Informationen zur spezifischen Ausstattung verfügbar sind, verfügt die Schule über die notwendigen Einrichtungen für einen modernen Mittelschulbetrieb, einschließlich Sportstätten. Die Mittelschule München, Schleißheimer Straße 275, versteht sich als ein Ort des Lernens und der persönlichen Entwicklung, der Vielfalt schätzt und jeden Schüler auf seinem individuellen Weg begleitet.","Mittelschule München, Schleißheimer Straße 275, is a state middle school for 343 students and 27 teachers, committed to an inclusive and intercultural educational profile. It offers various class formats, full-day care, and comprehensive career orientation for grades 5 to 10, enabling students to achieve the Quali and intermediate school leaving certificates. Support services like school social work and psychological counseling are also integral to its approach.","Die Mittelschule München, Schleißheimer Straße 275, ist eine staatliche Mittelschule für 343 Schüler und 27 Lehrkräfte, die ein inklusives und interkulturelles Bildungsprofil verfolgt. Sie bietet verschiedene Klassenformen, Ganztagsbetreuung und eine umfassende Berufsorientierung für die Jahrgangsstufen 5 bis 10, mit der Möglichkeit, den Quali und Mittleren Schulabschluss zu erwerben. Unterstützungsangebote wie Schulsozialarbeit und psychologische Beratung sind ebenfalls Teil des Konzepts.",,,,,,,,,,,,,,,,,,,,,,2026-04-20T08:43:12Z,,"Schleißheimer Str. 275, 80809 München",Bayern,12076.0,65.5,1.0,1505022.0,5671.0,München: sicherste Großstadt Deutschlands (>200k Einwohner) seit 50 Jahren,city_aggregate,5671.0,376.8,6061.0,12076.0,802.4,München,91219.0,6061.0,134.0,8.9,134.0,91219.0,815.0,54.2,2026-08-22,"jedeschule.codefor.de (CC0, scraped from km.bayern.de)","Mittelschule München at Schleißheimer Straße 275 provides students with a solid general education, preparing them for the qualifying secondary school certificate and the intermediate secondary school certificate. The school emphasizes practical vocational orientation and individual support to facilitate the transition into apprenticeships or further education. German and English are taught as core languages.",,,,27.0,,,343.0,München,BY,,30.0,0.0,69.0,12.0,6.0,75.0,0.0,91219.0,2024_25,2025
BY-SCHUL_SCHULSTANDORTEMITTELSCHULEN_c4b8ef16-4e11-4d6a-bda2-5e45aef8fa33,"Mittelschule München, Wittelsbacherstraße 10",Mittelschulen,Mittelschulen,,1888.0,Wittelsbacherstr. 10,80469,München,,,,,Ulrich Gierer,310.0,32.0,,,,,Englisch,,,,,,,,,,,,,,Nicht verfügbar (Bayern),,,,,,,,,,,Bayern Kultusministerium Schulsuche,"DeutschPLUS (GMS), Preisträger Münchner Schulpreis 2024, Schule ohne Rassismus, Umweltschule in Europa/ Internationale Nachhaltigkeitsschule",48.1250468,11.5702546,,,,,,,,,,,,,,,,,,,,,,,,,,,,,,,,,,,,,,,,,,,,,,,,,,,,,,1.0,Durchschnittlich,Unknown,517.0,48.128206,11.575419,D,Unknown,553.0,48.128468,11.575717,,Unknown,557.0,48.128367,11.575935,C,Fraunhoferstraße,536.0,48.128394,11.575511,,Eduard-Schmid-Straße,614.0,48.12628,11.578398,,Eduard-Schmid-Straße,615.0,48.126211,11.578437,,Klenzestraße,74.0,48.125651,11.570703,,Klenzestraße,81.0,48.125247,11.571377,,Baldeplatz,293.0,48.123673,11.566961,,0.0,C; D,0.0,9.0,Varieta am Körner Eck,"Körnerstraße 5, 80469 München, Germany",47.0,48.125401499999995,11.570050900000002,WirLiefernEsDir,"Klenzestraße 99, 80469 München, Germany",120.0,48.1261087,11.5703323,schmatz. Naturkost am Glockenbach GmbH,"Holzstraße 49, 80469 München, Germany",319.0,48.127025499999995,11.5672457,20.0,Das Maria,"Klenzestraße 97, 80469 München, Germany",149.0,48.1263697,11.5701863,Rumpler,"Baumstraße 21, 80469 München, Germany",189.0,48.126371,11.568781,Colette,"Klenzestraße 72, 80469 München, Germany",207.0,48.1268713,11.5699408,17.0,Varieta am Körner Eck,"Körnerstraße 5, 80469 München, Germany",47.0,48.125401499999995,11.570050900000002,Auen-Backshop,"Auenstraße 52, 80469 München, Germany",74.0,48.125675099999995,11.5705637,Café Glück,"Palmstraße 4, 80469 München, Germany",142.0,48.125929,11.568981,7.0,Städtische Kindertageseinrichtung,"Auenstraße 17, 80469 München, Germany",74.0,48.1246515,11.5695243,Kinderkrippe Körnerstraße,"Körnerstraße 1, 80469 München, Germany",89.0,48.1256941,11.5696699,Kinderkrippe Ulmenhaus Baumstraße,"Baumstraße 8, 80469 München, Germany",179.0,48.1266211,11.5707447,1.0,Klenzeschule,"Klenzestraße 48, 80469 München, Germany",495.0,48.1293763,11.5717728,Grundschule Tumblingerstraße,"Tumblingerstraße 6, 80337 München, Germany",791.0,48.1276699,11.5604412,Staatliche Grundschule,"Mariahilfpl. 18, 81541 München, Germany",859.0,48.1247504,11.5819064,19.0,"Mittelschule München, Wittelsbacherstraße 10, is a traditional public school located in the heart of Munich, founded in 1888, boasting a long history. Under the leadership of Principal Ulrich Gierer, it currently provides a dedicated learning environment for 310 students and 32 teachers. As a fully developed Mittelschule, it covers grades 5 to 10, placing great emphasis on comprehensive education and individual support.

The school's pedagogical concept is characterized by a strong focus on social responsibility, democratic participation, and sustainability. This is reflected in its numerous awards: Mittelschule München, Wittelsbacherstraße 10, is a laureate of the Munich School Award 2024, where it secured 1st place for the democratic involvement of its students through the SMV (Student Council) and a project week on the Basic Law. Furthermore, it holds the titles ""School without Racism"" and ""Environmental School in Europe/International Sustainability School,"" underscoring its commitment to diversity, tolerance, and ecological awareness.

A special offering is the DeutschPLUS program (GMS), which specifically supports students with non-German mother tongues in their language development. The full-day schooling in a structured format ensures supervised care and diverse learning opportunities beyond regular lessons. The school is situated in an urban environment on Wittelsbacherstraße, providing students with access to the cultural and educational offerings of the state capital Munich. Its facilities include a lovingly restored historical model of the school, symbolizing its connection to its history. Mittelschule München, Wittelsbacherstraße 10, sees itself as a modern educational institution that prepares its students not only academically but also personally and socially for their future.",,,,,,,,,,,,"Die Mittelschule München, Wittelsbacherstraße 10, ist eine traditionsreiche öffentliche Schule im Herzen Münchens, die im Jahr 1888 gegründet wurde und auf eine lange Geschichte zurückblickt. Unter der Leitung von Rektor Ulrich Gierer bietet sie aktuell 310 Schülerinnen und Schülern sowie 32 Lehrkräften ein engagiertes Lernumfeld. Als voll ausgebaute Mittelschule deckt sie die Jahrgangsstufen 5 bis 10 ab und legt großen Wert auf eine umfassende Bildung und individuelle Förderung.

Das pädagogische Konzept der Schule zeichnet sich durch einen starken Fokus auf soziale Verantwortung, demokratische Teilhabe und Nachhaltigkeit aus. Dies spiegelt sich in ihren zahlreichen Auszeichnungen wider: Die Mittelschule München, Wittelsbacherstraße 10, ist Preisträger des Münchner Schulpreises 2024, wo sie den 1. Platz für die demokratische Mitwirkung ihrer Schülerinnen und Schüler durch die SMV und eine Projektwoche zum Grundgesetz errang. Zudem trägt sie die Titel ""Schule ohne Rassismus"" und ""Umweltschule in Europa/Internationale Nachhaltigkeitsschule"", was ihr Engagement für Vielfalt, Toleranz und ökologisches Bewusstsein unterstreicht.

Ein besonderes Angebot ist das DeutschPLUS-Programm (GMS), das Schülerinnen und Schüler mit nicht-deutscher Muttersprache gezielt in ihrer Sprachentwicklung unterstützt. Der gebundene Ganztagsschulbetrieb gewährleistet eine strukturierte Betreuung und vielfältige Lernmöglichkeiten über den regulären Unterricht hinaus. Die Schule ist in einem urbanen Umfeld in der Wittelsbacherstraße gelegen, was den Schülerinnen und Schülern Zugang zu den kulturellen und bildungsrelevanten Angeboten der Landeshauptstadt München ermöglicht. Die Ausstattung umfasst unter anderem ein liebevoll aufbereitetes historisches Modell der Schule, das die Verbundenheit mit ihrer Geschichte symbolisiert. Die Mittelschule München, Wittelsbacherstraße 10, versteht sich als eine moderne Bildungseinrichtung, die ihre Schülerinnen und Schüler nicht nur fachlich, sondern auch persönlich und sozial auf ihre Zukunft vorbereitet.","Mittelschule München, Wittelsbacherstraße 10, is a traditional public school founded in 1888, serving 310 students and 32 teachers. Its pedagogical approach emphasizes social responsibility, democratic participation, and sustainability, evidenced by awards such as 1st place in the Munich School Award 2024, ""School without Racism,"" and ""Environmental School in Europe."" Special programs include DeutschPLUS and a structured full-day schooling system.","Die Mittelschule München, Wittelsbacherstraße 10, ist eine traditionsreiche öffentliche Schule mit 310 Schülern und 32 Lehrkräften, die 1888 gegründet wurde. Sie zeichnet sich durch ein pädagogisches Konzept aus, das soziale Verantwortung, demokratische Teilhabe und Nachhaltigkeit fördert, was durch Auszeichnungen wie den 1. Platz beim Münchner Schulpreis 2024, ""Schule ohne Rassismus"" und ""Umweltschule in Europa"" belegt wird. Besondere Angebote umfassen DeutschPLUS und einen gebundenen Ganztagsschulbetrieb.",,,,,,,,,,,,,,,,,,,,"{""opens"": ""2026-04-20"", ""closes"": null, ""notes"": ""Die Anmeldung für das Schuljahr 2026/27 ist ab sofort von Dienstag bis Freitag, 08:00 - 14:00 Uhr, möglich. Ein Enddatum wurde nicht genannt.""}","[""Für den Mittlere-Reife-Zug (M-Zug) in der 7. Jahrgangsstufe: Notendurchschnitt von 2,66 in Deutsch, Mathematik und Englisch oder eine bestandene Aufnahmeprüfung bei Nichterreichen des Notendurchschnitts."", ""Für Schüler anderer Schularten: Vorrückungserlaubnis für die 7. Jahrgangsstufe."", ""Eine Voranmeldung für Ganztagesklassen und M-Klassen ist unbedingt erforderlich."", ""Die Anmeldung für das Schuljahr 2026/27 ist von Dienstag bis Freitag jeweils von 08:00 bis 14:00 Uhr möglich.""]",2026-04-20T08:57:34Z,"Die Mittelschule an der Wittelsbacherstraße bietet Regelklassen im gebundenen Ganztagsbetrieb (5.-9. Klassen) und M-Klassen im gebundenen Ganztagsbetrieb (7.-10. Klassen) an. Ein Einstieg in die M8-, M9- und M10-Klasse ist ebenfalls möglich.","Wittelsbacherstr. 10, 80469 München",Bayern,12076.0,65.5,1.0,1505022.0,5671.0,München: sicherste Großstadt Deutschlands (>200k Einwohner) seit 50 Jahren,city_aggregate,5671.0,376.8,6061.0,12076.0,802.4,München,91219.0,6061.0,134.0,8.9,134.0,91219.0,815.0,54.2,2026-08-22,"jedeschule.codefor.de (CC0, scraped from km.bayern.de)","Mittelschule München, located at Wittelsbacherstraße 10, is a Bavarian secondary school focusing on practical skills and vocational preparation. It guides students towards the 'qualifizierender Mittelschulabschluss' and 'mittlerer Schulabschluss' through career-oriented programs and individual support. German is the primary language of instruction, with English offered as a compulsory foreign language.",,,2026-03-11,32.0,,,310.0,München,BY,,78.0,0.0,101.0,15.0,9.0,110.0,0.0,91219.0,2024_25,2025
BY-SCHUL_SCHULSTANDORTEMITTELSCHULEN_9e890a21-ef6a-4b3a-9621-ef6815ec778f,"Mittelschule München, Alfonsstraße 8",Mittelschulen,Mittelschulen,,,Alfonsstr. 8,80636,München,,,,,,406.0,31.0,,,,,,,,,,,,,,,,,,,Nicht verfügbar (Bayern),,,,,,,,,,,Bayern Kultusministerium Schulsuche,"DeutschPLUS (GMS), Übergangsklassen, M-Klassen",48.1519241,11.5423482,,,,,,,,,,,,,,,,,,,,,,,,,,,,,,,,,,,,,,,,,,,,,,,,,,,,,,1.0,Durchschnittlich,Maillingerstraße,148.0,48.150448,11.5443,B,Maillingerstraße,158.0,48.150509,11.544656,C,Maillingerstraße,171.0,48.150182,11.544181,A,Albrechtstraße,498.0,48.155647,11.540406,,Fasaneriestraße,640.0,48.157348,11.543532,,Rotkreuzplatz,707.0,48.153155,11.534039,,Maillingerstraße,146.0,48.150879,11.544933,,Maillingerstraße,160.0,48.150315,11.544273,,Landshuter Allee,377.0,48.151524,11.538195,,0.0,A; B; C,0.0,13.0,Pela Antipasti Bar,"Alfonsstraße 9, 80636 München, Germany",104.0,48.1522142,11.5422279,Köstliches Obst & Gemüse vom Italiener,"Lazarettstraße 94, 80636 München, Germany",151.0,48.1505197,11.5445305,etepetete GmbH,"Lazarettstraße 4, 80636 München, Germany",154.0,48.1510719,11.5452082,20.0,Chiang Shing,"Nymphenburger Str. 98, 80636 München, Germany",94.0,48.150769999999994,11.54352,Geisha,"Alfonsstraße 7, 80636 München, Germany",120.0,48.1520472,11.5418179,Sumi - Panasia Kitchen & New Style Sushi,"Alfonsstraße 3, 80636 München, Germany",138.0,48.151498499999995,11.5414239,15.0,Die Mercerie,"Nymphenburger Str. 96, 80636 München, Germany",100.0,48.1507693,11.5438037,Lolly's Bakery,"Alfonsstraße 9, 80636 München, Germany",103.0,48.1521923,11.542212,Ivi´s DELI,"Nymphenburger Str. 105, 80636 München, Germany",167.0,48.150453299999995,11.541832,8.0,Villa Kunterbunt GmbH | Neuhausen,"Elvirastraße 2, 80636 München, Germany",174.0,48.150035800000005,11.5431579,International House for Kids,"Nymphenburger Str. 120, 80636 München, Germany",183.0,48.151309999999995,11.540857,Elterninitiative Arcoiris e.V.,"Blutenburgstraße 68, 80636 München, Germany",245.0,48.1493945,11.5433647,0.0,Elementary school at the Blutenburgstrasse,"Blutenburgstraße 3, 80636 München, Germany",520.0,48.1479751,11.5477155,Primary school with day care at the Helmholtzstraße,"Helmholtzstraße 6, 80636 München, Germany",808.0,48.1445498,11.5406428,Primary school at the Dachauerstraße 98,"Dachauer Str. 98, 80335 München, Germany",1029.0,48.152904,11.5570145,18.0,"Mittelschule München, Alfonsstraße 8, is an educational institution located in the heart of Munich's Neuhausen-Nymphenburg district, dedicated to the comprehensive development of its approximately 406 students. With a committed team of 31 teachers, the school provides a supportive learning environment tailored to the individual needs of young people. As a Mittelschule (middle school), it places a strong focus on imparting practical skills and preparing students for vocational training as well as further educational paths.

A central feature of the pedagogical concept is its special support programs. These include the DeutschPLUS programs, specifically designed to intensively support students with non-German mother tongues or increased language support needs in the German language and facilitate their integration. The establishment of ""Übergangsklassen"" (transition classes) underscores this approach by providing newly arrived young people with a structured entry into the German school system and helping them quickly acquire linguistic and academic foundations. Furthermore, Mittelschule München, Alfonsstraße 8, offers ""M-Klassen"" (M-classes), which provide students with the opportunity to obtain the Mittlerer Schulabschluss (intermediate school leaving certificate). This qualification prepares them for more demanding vocational training professions and the transition to further education schools.

The school is centrally located in Munich, ensuring good accessibility by public transport and offering students access to the city's diverse cultural and professional opportunities. Although no specific information on facilities is available, it can be assumed that the school has the necessary specialized rooms and learning areas to ensure modern instruction. After-school care services, extending beyond regular lessons, are typically part of Mittelschulen's profiles and contribute to the compatibility of family and career. Mittelschule München, Alfonsstraße 8, sees itself as a place of learning and living that values diversity and accompanies each individual on their educational journey.",,,,,,,,,,,,"Die Mittelschule München, Alfonsstraße 8, ist eine Bildungseinrichtung im Herzen des Münchner Stadtteils Neuhausen-Nymphenburg, die sich der umfassenden Förderung ihrer rund 406 Schülerinnen und Schüler widmet. Mit einem engagierten Kollegium von 31 Lehrkräften bietet die Schule ein unterstützendes Lernumfeld, das auf die individuellen Bedürfnisse der Jugendlichen zugeschnitten ist. Als Mittelschule legt sie einen starken Fokus auf die Vermittlung von praxisorientierten Kompetenzen und die Vorbereitung auf das Berufsleben sowie weiterführende Bildungswege.

Ein zentrales Merkmal des pädagogischen Konzepts sind die besonderen Förderangebote. Dazu gehören die DeutschPLUS-Programme, die speziell darauf abzielen, Schülerinnen und Schüler mit nicht-deutscher Muttersprache oder erhöhtem Sprachförderbedarf intensiv in der deutschen Sprache zu unterstützen und ihre Integration zu erleichtern. Die Einrichtung von Übergangsklassen unterstreicht diesen Ansatz, indem sie neu zugewanderten Jugendlichen einen strukturierten Einstieg in das deutsche Schulsystem ermöglicht und ihnen hilft, schnell sprachliche und schulische Grundlagen zu erwerben. Darüber hinaus bietet die Mittelschule München, Alfonsstraße 8, M-Klassen an, die den Schülerinnen und Schülern die Möglichkeit eröffnen, den Mittleren Schulabschluss zu erwerben. Dieser Abschluss qualifiziert sie für anspruchsvollere Ausbildungsberufe und den Übergang an weiterführende Schulen.

Die Schule befindet sich in einer zentralen Lage in München, was eine gute Erreichbarkeit mit öffentlichen Verkehrsmitteln gewährleistet und den Schülerinnen und Schülern Zugang zu den vielfältigen kulturellen und beruflichen Möglichkeiten der Stadt bietet. Obwohl keine spezifischen Informationen zur Ausstattung vorliegen, ist davon auszugehen, dass die Schule über die notwendigen Fachräume und Lernbereiche verfügt, um einen modernen Unterricht zu gewährleisten. Betreuungsangebote, die über den regulären Unterricht hinausgehen, sind in der Regel Teil des Profils von Mittelschulen und tragen zur Vereinbarkeit von Familie und Beruf bei. Die Mittelschule München, Alfonsstraße 8, versteht sich als ein Ort des Lernens und Lebens, der Vielfalt schätzt und jeden Einzelnen auf seinem Bildungsweg begleitet.","Mittelschule München, Alfonsstraße 8, supports approximately 406 students with 31 teachers in Neuhausen-Nymphenburg. It offers special DeutschPLUS and transition classes for language support, as well as M-classes for the intermediate school leaving certificate, preparing students for vocational training and further education. The school emphasizes practical skills and individual support in a central Munich location.","Die Mittelschule München, Alfonsstraße 8, fördert rund 406 Schüler mit 31 Lehrkräften in Neuhausen-Nymphenburg. Sie bietet spezielle DeutschPLUS- und Übergangsklassen zur Sprachförderung sowie M-Klassen für den Mittleren Schulabschluss an, um auf Beruf und weiterführende Bildung vorzubereiten. Die Schule legt Wert auf praxisorientierte Kompetenzen und individuelle Unterstützung in zentraler Münchner Lage.",,,,,,,,,,,,,,,,,,,,,,2026-04-20T08:43:12Z,,"Alfonsstr. 8, 80636 München",Bayern,12076.0,65.5,1.0,1505022.0,5671.0,München: sicherste Großstadt Deutschlands (>200k Einwohner) seit 50 Jahren,city_aggregate,5671.0,376.8,6061.0,12076.0,802.4,München,91219.0,6061.0,134.0,8.9,134.0,91219.0,815.0,54.2,2026-08-22,"jedeschule.codefor.de (CC0, scraped from km.bayern.de)","Mittelschule München, Alfonsstraße 8, provides a comprehensive general education with a strong emphasis on preparing students for vocational training and professional life. It is characterized by its practice-oriented teaching methods, supports individual learning paths, and aims to equip students with practical skills and the Mittelschulabschluss qualification. German is the primary language of instruction, with English offered as the first foreign language.",,,,31.0,,,406.0,München,BY,,112.0,0.0,152.0,22.0,19.0,171.0,0.0,91219.0,2024_25,2025
BY-SCHUL_SCHULSTANDORTEMITTELSCHULEN_712220cc-5e63-46df-b43e-7fce35d75518,"Mittelschule München, Cincinnatistraße 63",Mittelschulen,Mittelschulen,,1996.0,Cincinnatistr. 63,81549,München,,,,,Herbert Haas,338.0,31.0,,,,,"Deutsch, Englisch",,,,,,,,,,,,,,Nicht verfügbar (Bayern),,,,,,,,,,,Bayern Kultusministerium Schulsuche,"Umweltschule in Europa/Internationale Nachhaltigkeitsschule, Erasmus+ Schüleraustausch, Berufsorientierung, Schulgarten, Schulbienen, Schulsozialarbeit, Streitschlichter.",48.0931477,11.6016619,,,,,,,,,,,,,,,,,,,,,,,,,,,,,,,,,,,,,,,,,,,,,,,,,,,,,,1.0,Durchschnittlich,Fasangarten,333.0,48.093167,11.60582,,,,,,,,,,,,,,,,,,,,,,,,,,,Cincinnatistraße,47.0,48.092672,11.601572,,Cincinnatistraße,53.0,48.09274,11.601863,,Fasangarten,178.0,48.093165,11.603739,,0.0,,0.0,2.0,HIT Supermarkt,"Auguste-Kent-Platz 2, 81549 München, Germany",242.0,48.093149,11.6045972,Vinzenzmurr Metzgerei - München - Fasangarten,"Auguste-Kent-Platz 4, 81549 München, Germany",280.0,48.0934134,11.6050841,,,,,,2.0,EAT HAPPY,"Auguste-Kent-Platz 2, 81549 München, Germany",248.0,48.093073,11.604681,Vinzenzmurr Metzgerei - München - Fasangarten,"Auguste-Kent-Platz 4, 81549 München, Germany",280.0,48.0934134,11.6050841,,,,,,1.0,Landbäckerei IHLE GmbH,"Auguste-Kent-Platz 2, 81549 München, Germany",288.0,48.093499099999995,11.6051671,,,,,,,,,,,1.0,AWO-Haus für Kinder Lincolnstraße,"Lincolnstraße 62, 81549 München, Germany",230.0,48.094811799999995,11.5996798,Städtische Kindertagesstätte Tirschenreuther Str. 11,"Tirschenreuther Str. 11, 81549 München, Germany",541.0,48.0929773,11.6086298,Kita Luna Fasangarten,"Holtzendorffstraße 37, 81549 München, Germany",981.0,48.0959072,11.5888458,2.0,Grundschule Lincolnstraße mit KoGa,"Lincolnstraße 62, 81549 München, Germany",200.0,48.0947241,11.600289,Europäische Schule München - Standort Fasangarten - Grundschule / Kindergarten,"Auguste-Kent-Platz 3, 81549 München, Germany",256.0,48.0938413,11.6045907,Staatl. Grundschule,"Balanstraße 153, 81549 München, Germany",1277.0,48.1039399,11.6068864,5.0,"Mittelschule München, Cincinnatistraße 63, is an established educational institution located in the southern Munich district of Fasangarten, near the Perlacher Forst. With 338 students and 31 teachers, it offers a comprehensive educational program for grades 5 to 10. The school is distinguished by a strong commitment to sustainability and environmental education, reflected in its recognition as an 'Environmental School in Europe/International Sustainability School'. Practical projects such as the school garden and school bees promote environmental awareness and provide students with unique learning opportunities.

The pedagogical concept places great emphasis on open and project-oriented teaching, complemented by M-classes and flexible full-day programs in both bound and open formats. This allows for individualized support and diverse learning paths. Special support programs like DeutschPLUS (GMS) assist students with specific language development needs. Career orientation is a central pillar of the school's profile, aiming to optimally prepare students for their professional future.

Students gain international experience through the Erasmus+ student exchange program, for example with Vác in Hungary, which fosters intercultural exchange and broadens horizons. The school community is strengthened by offerings such as school social work and peer mediators, creating a supportive and harmonious learning environment. Facilities include a canteen and a kiosk, ensuring warm lunch provisions. The school offers the opportunity to obtain the Hauptschulabschluss (lower secondary school certificate, with extension) and the Mittlere Reife (intermediate secondary school certificate). The school building, which originally served as a US-American school and was extensively renovated in 1992, is now a modern learning environment in a quiet and green setting.",,,,,,,,,,,,"Die Mittelschule München, Cincinnatistraße 63, ist eine etablierte Bildungseinrichtung im südlichen Münchener Stadtteil Fasangarten, nahe dem Perlacher Forst. Mit 338 Schülern und 31 Lehrkräften bietet sie ein umfassendes Bildungsangebot für die Jahrgangsstufen 5 bis 10. Die Schule zeichnet sich durch ein starkes Engagement für Nachhaltigkeit und Umweltbildung aus, was sich in ihrer Auszeichnung als 'Umweltschule in Europa/Internationale Nachhaltigkeitsschule' widerspiegelt. Praktische Projekte wie der Schulgarten und die Schulbienen fördern das Umweltbewusstsein und bieten den Schülern einzigartige Lernmöglichkeiten.

Das pädagogische Konzept legt großen Wert auf offenen und projektorientierten Unterricht, ergänzt durch M-Klassen und flexible Ganztagsangebote in gebundener und offener Form. Dies ermöglicht eine individuelle Förderung und vielfältige Lernwege. Besondere Betreuungsangebote wie DeutschPLUS (GMS) unterstützen Schüler mit spezifischem Sprachförderbedarf. Die Berufsorientierung ist ein zentraler Pfeiler des Schulprofils, um die Schüler bestmöglich auf ihre berufliche Zukunft vorzubereiten.

Internationale Erfahrungen sammeln die Schüler durch den Erasmus+ Schüleraustausch, beispielsweise mit Vác in Ungarn, der den interkulturellen Austausch und die Erweiterung des Horizonts fördert. Die Schulgemeinschaft wird durch Angebote wie Schulsozialarbeit und Streitschlichter gestärkt, die ein unterstützendes und harmonisches Lernumfeld schaffen. Die Ausstattung umfasst eine Mensa und einen Kiosk, die eine warme Mittagsverpflegung sicherstellen. Die Schule bietet die Möglichkeit, den Hauptschulabschluss (mit Erweiterung) und die Mittlere Reife zu erwerben. Das Schulgebäude, das ursprünglich als US-amerikanische Schule diente und 1992 umfassend renoviert wurde, ist heute ein moderner Lernort in einer ruhigen und grünen Umgebung.","Mittelschule München, Cincinnatistraße 63, is an Environmental School in Europe with 338 students and 31 teachers, offering a comprehensive education from 5th to 10th grade. It features project-oriented teaching, career orientation, Erasmus+ student exchange, and social services like school social work. The school enables students to obtain the Hauptschulabschluss and Mittlere Reife, and is located in a renovated building in Fasangarten.","Die Mittelschule München, Cincinnatistraße 63, ist eine Umweltschule in Europa mit 338 Schülern und 31 Lehrkräften, die ein umfassendes Bildungsangebot von der 5. bis zur 10. Klasse bietet. Sie zeichnet sich durch projektorientierten Unterricht, Berufsorientierung, Erasmus+ Schüleraustausch und soziale Angebote wie Schulsozialarbeit aus. Die Schule ermöglicht den Erwerb des Hauptschulabschlusses und der Mittleren Reife und ist in einem renovierten Gebäude im Fasangarten gelegen.",,,,,,,,,,,,,,,,,,,,,"[""Anmeldung für M-Klassen (M7-M10) im Schulverbund Südost erfordert vorläufige Anmeldung an der Sprengelschule, die an den M-Standort weitergeleitet wird."", ""Schulanmeldung für das kommende Schuljahr ist jederzeit möglich."", ""Ausfüllen und Einsenden der benötigten Formulare an die Mittelschule an der Cincinnatistraße 63."", ""Verpflichtend ist das Mitschicken einer Bestätigung der Masern-Impfung (Kopie Impfpass, Attest)."", ""Möglichkeit zur Beantragung von Nachteilsausgleich/Notenschutz bei Lese-Rechtschreib-Störung."", ""Möglichkeit zur Beantragung von Leistungen aus dem Bildungs- und Teilhabepaket bei Finanzierungsproblemen (Mittagessen, Schulmaterialien).""]",2026-04-20T08:46:30Z,"Die Schulanmeldung für das kommende Schuljahr ist jederzeit möglich. Es ist wichtig, die erforderlichen Formulare auszufüllen und zusammen mit einem Nachweis der Masernimpfung einzusenden. Für die M-Klassen erfolgt eine vorläufige Anmeldung über die Sprengelschule. Informationen zum Übertritt sind auch in einer Videopräsentation verfügbar.","Cincinnatistr. 63, 81549 München",Bayern,12076.0,65.5,1.0,1505022.0,5671.0,München: sicherste Großstadt Deutschlands (>200k Einwohner) seit 50 Jahren,city_aggregate,5671.0,376.8,6061.0,12076.0,802.4,München,91219.0,6061.0,134.0,8.9,134.0,91219.0,815.0,54.2,2026-08-22,"jedeschule.codefor.de (CC0, scraped from km.bayern.de)","Mittelschule München, Cincinnatistraße 63, is a secondary school in Munich, preparing students for the ""Qualifizierender Mittelschulabschluss"" and the ""Mittlerer Schulabschluss"". The curriculum emphasizes practical learning, individual support, and comprehensive vocational orientation to equip students for their future careers. English is taught as the primary foreign language.",,,,31.0,,,338.0,München,BY,,4.0,0.0,3.0,1.0,2.0,5.0,90.0,91219.0,2024_25,2025
BY-SCHUL_SCHULSTANDORTEMITTELSCHULEN_a8a2d980-67d3-4727-8791-d1cbf7f92c6e,"Mittelschule München, am Echardinger Grünstreifen, Innsbrucker Ring 75",Mittelschulen,Mittelschulen,,,Innsbrucker Ring 75,81671,München,,,,,Martin Herz-Hüttinger,236.0,17.0,,,,,,,,,,,,,,,,,,,Nicht verfügbar (Bayern),,,,,,,,,,,Bayern Kultusministerium Schulsuche,"DeutschPLUS (GMS), sozialpädagogische Lernförderung, Sprachförderung, Projekte, Computer-Projekte, spiel- und freizeitpädagogische Angebote, gemeinsames Mittagessen.",48.1218508,11.6211725,,,,,,,,,,,,,,,,,,,,,,,,,,,,,,,,,,,,,,,,,,,,,,,,,,,,,,1.0,Durchschnittlich,Unknown,138.0,48.120642,11.620707,B,Unknown,156.0,48.120473,11.621608,C,Unknown,156.0,48.120678,11.619996,A,Schlüsselbergstraße,887.0,48.129742,11.622855,,Baumkirchner Straße,982.0,48.128457,11.629937,,,,,,,Bad-Schachener-Straße,321.0,48.11982,11.624241,,Bad-Schachener-Straße,333.0,48.119957,11.624643,,Grafinger Straße,336.0,48.124628,11.619409,,0.0,A; B; C,0.0,5.0,REWE express,"Innsbrucker Ring 52, 81671 München, Germany",194.0,48.1234989,11.6203425,Vinzenzmurr Metzgerei - München - Berg am Laim,"Echardinger Str. 65, 81671 München, Germany",212.0,48.1205061,11.6232055,EDEKA,"Echardinger Str. 65, 81671 München, Germany",212.0,48.1205043,11.6232055,4.0,Asabites,"Innsbrucker Ring, 81671 München, Germany",53.0,48.122051899999995,11.6205187,Gaststätte Isarflimmern,"Achentalstraße 9, 81671 München, Germany",313.0,48.122045799999995,11.6169633,Echardinger Einkehr,"Bad-Kreuther-Straße 8, 81671 München, Germany",331.0,48.121185999999994,11.6255094,1.0,Backstube Wünsche,"Echardinger Str. 65, 81671 München, Germany",179.0,48.1207049,11.6228701,,,,,,,,,,,5.0,Kindertagesstätte Fehwiesenstr. 120,"Fehwiesenstraße 120, 81673 München, Germany",223.0,48.1236202,11.6225716,Munich Child gGmbH - Haus für Kinder - Berg am Laim,"Oedkarspitzstraße 13, 81671 München, Germany",297.0,48.1214952,11.6172033,Kinderkrippen,"Grafinger Str. 96, 81671 München, Germany",302.0,48.1243996,11.6197753,1.0,Grundschule an der Grafinger Str,"Grafinger Str. 71, 81671 München, Germany",460.0,48.1250283,11.6172062,Primary school at the Führichstraße,"Führichstraße 53, 81671 München, Germany",794.0,48.1160078,11.614997,Grundschule Berg-am-Laim,"Berg-am-Laim-Straße 142, 81673 München, Germany",934.0,48.1284918,11.6288614,11.0,"Mittelschule München, am Echardinger Grünstreifen, Innsbrucker Ring 75, is a fully developed middle school covering grades 5 to 10. With 236 students and 17 teachers, it offers a personal learning environment. The school is located at Innsbrucker Ring 75 in 81671 Munich, in the Berg am Laim district, benefiting from an urban location with good connectivity.

The school's pedagogical concept is strongly focused on individual support and social competencies. A central offering is DeutschPLUS (GMS), specifically aimed at the linguistic development of students. Furthermore, the school provides comprehensive socio-pedagogical learning support, which includes intensive homework assistance, individual tutoring, and targeted exercises. This support aims to impart social competencies and enable peaceful coexistence. German language support is another important component of the school's profile.

Mittelschule am Echardinger Grünstreifen is characterized by diverse projects, including thematic and computer projects, which provide students with practical skills and knowledge. The offerings are complemented by play and leisure pedagogical activities, which enrich daily school life and are intended to foster the development of self-confidence and awareness of one's own abilities. As a full-day school, it also offers a communal lunch, which strengthens social cohesion and ensures comprehensive care. The school emphasizes creating an environment where students can develop holistically, both academically and personally and socially.",,,,,,,,,,,,"Die Mittelschule München, am Echardinger Grünstreifen, Innsbrucker Ring 75, ist eine voll ausgebaute Mittelschule, die die Jahrgangsstufen 5 bis 10 umfasst. Mit 236 Schülern und 17 Lehrkräften bietet sie eine persönliche Lernumgebung. Die Schule befindet sich am Innsbrucker Ring 75 in 81671 München, im Stadtteil Berg am Laim, und profitiert von einer urbanen Lage mit guter Anbindung.

Das pädagogische Konzept der Schule ist stark auf die individuelle Förderung und soziale Kompetenzen ausgerichtet. Ein zentrales Angebot ist DeutschPLUS (GMS), das speziell auf die sprachliche Entwicklung der Schüler abzielt. Darüber hinaus bietet die Schule eine umfassende sozialpädagogische Lernförderung, die intensive Hausaufgabenbetreuung, Einzelbetreuung und gezielte Übungen umfasst. Diese Förderung zielt darauf ab, soziale Kompetenzen zu vermitteln und ein friedvolles Miteinander zu ermöglichen. Die Sprachförderung im Deutschen ist ein weiterer wichtiger Bestandteil des Schulprofils.

Die Mittelschule am Echardinger Grünstreifen zeichnet sich durch vielfältige Projekte aus, darunter themenbezogene und Computer-Projekte, die den Schülern praktische Fähigkeiten und Wissen vermitteln. Ergänzt wird das Angebot durch spiel- und freizeitpädagogische Aktivitäten, die den Schulalltag bereichern und die Entwicklung von Selbstvertrauen sowie das Bewusstsein für die eigenen Fähigkeiten fördern sollen. Als Ganztagesschule bietet sie zudem ein gemeinsames Mittagessen an, was den sozialen Zusammenhalt stärkt und eine umfassende Betreuung gewährleistet. Die Schule legt Wert darauf, ein Umfeld zu schaffen, in dem sich die Schüler ganzheitlich entwickeln können, sowohl akademisch als auch persönlich und sozial.","Mittelschule München, am Echardinger Grünstreifen, is a fully developed middle school for grades 5-10 with 236 students and 17 teachers. It offers special programs like DeutschPLUS (GMS), socio-pedagogical learning and language support, and various projects and leisure activities as a full-day school. The focus is on holistic development, social competencies, and strengthening students' self-confidence.","Die Mittelschule München, am Echardinger Grünstreifen, ist eine voll ausgebaute Mittelschule für die Klassen 5-10 mit 236 Schülern und 17 Lehrkräften. Sie bietet spezielle Förderprogramme wie DeutschPLUS (GMS), sozialpädagogische Lern- und Sprachförderung sowie vielfältige Projekte und freizeitpädagogische Angebote als Ganztagesschule. Der Fokus liegt auf ganzheitlicher Entwicklung, sozialen Kompetenzen und der Stärkung des Selbstvertrauens der Schüler.",,,,,,,,,,,,,,,,,,,,,,2026-04-20T08:54:33Z,"Die Website erwähnt ein Anmeldeformular und Unterlagen zur Anmeldung sowie Informationen zum Schuljahr 2025/26. Ein spezifischer Erfassungsbogen für die Anmeldung ist als .doc-Datei aufgeführt, konnte aber nicht direkt eingesehen werden. Konkrete Aufnahmekriterien oder Anmeldefristen wurden auf der durchsuchten Seite nicht gefunden.","Innsbrucker Ring 75, 81671 München",Bayern,12076.0,65.5,1.0,1505022.0,5671.0,München: sicherste Großstadt Deutschlands (>200k Einwohner) seit 50 Jahren,city_aggregate,5671.0,376.8,6061.0,12076.0,802.4,München,91219.0,6061.0,134.0,8.9,134.0,91219.0,815.0,54.2,2026-08-22,"jedeschule.codefor.de (CC0, scraped from km.bayern.de)","Mittelschule München, situated at Echardinger Grünstreifen, offers a practice-oriented education preparing students for the qualifying Mittelschulabschluss or the intermediate secondary school certificate. The curriculum emphasizes vocational orientation and the development of practical skills. Alongside German, English is taught as a key foreign language to optimally prepare students for their future careers.",,,,17.0,,,236.0,München,BY,,27.0,0.0,72.0,10.0,5.0,77.0,0.0,91219.0,2024_25,2025
BY-SCHUL_SCHULSTANDORTEMITTELSCHULEN_6ee130bf-7a96-4cd2-9891-a854bb43c7cf,"Mittelschule München, Reichenaustraße 3",Mittelschulen,Mittelschulen,,1967.0,Reichenaustr. 3,81243,München,,,,,G. Godau,394.0,31.0,,,,,,,,,,,,,,,,,,,Nicht verfügbar (Bayern),,,,,,,,,,,Bayern Kultusministerium Schulsuche,"Schwerpunkt Berufsorientierung, DeutschPLUS, interaktive Whiteboards, Leitbild: Miteinander lernen, Selbstständig handeln, Respekt leben.",48.147111,11.4357347,,,,,,,,,,,,,,,,,,,,,,,,,,,,,,,,,,,,,,,,,,,,,,,,,,,,,,1.0,Durchschnittlich,Westkreuz,593.0,48.148897,11.443763,,,,,,,,,,,,,,,,,,,,,,,,,,,Überlinger Weg,245.0,48.145038,11.434894,,Überlinger Weg,254.0,48.144942,11.434922,,Mainaustraße,311.0,48.149318,11.433829,,0.0,,0.0,6.0,EDEKA Turan & Marienwald,"Radolfzeller Str. 13, 81243 München, Germany",268.0,48.14932,11.43507,PENNY,"Radolfzeller Str. 11 a, 81243 München, Germany",298.0,48.1496151,11.4351191,Raab Karcher Baustoffhandel,"Bodenseestr. 151, 81243 München, Germany",425.0,48.1433887,11.4345859,13.0,Pizza Don A Roma,"Bodenseestr. 129, 81243 München, Germany",307.0,48.1443737,11.4373079,Drivers Inn Biss,"Bodenseestr. 148, 81243 München, Germany",317.0,48.1444469,11.4344907,Burger House,"Bodenseestr. 148, 81243 München, Germany",321.0,48.144437,11.434423,5.0,Backstube Wünsche,"Radolfzeller Str. 5A, 81243 München, Germany",278.0,48.1493847,11.4349366,Rackls Bakery,"Radolfzeller Str. 11, 81243 München, Germany",301.0,48.1496102,11.4349557,Burger House,"Bodenseestr. 148, 81243 München, Germany",321.0,48.144437,11.434423,3.0,Städtische Kindertagesstätte,"Reichenaustraße 5, 81243 München, Germany",20.0,48.147061099999995,11.4359937,Krippe und Kindergarten Paula und Max,"Mainaustraße 6, 81243 München, Germany",219.0,48.1452446,11.4350736,Wichtel Akademie Kita München Westkreuz,"Radolfzeller Str. 11a, 81243 München, Germany",298.0,48.1496151,11.4351191,0.0,Elementary school at Ravensburger Ring,"Ravensburger Ring 37, 81243 München, Germany",626.0,48.1521081,11.4399419,Förderverein für die Mittagsbetreuung an der Grundschule Peslmüllerstr. e.V.,"Peslmüllerstraße 8, 81243 München, Germany",927.0,48.1416967,11.4458552,Grundschule Peslmüllerschule,"Peslmüllerstraße, 81243 München, Germany",1037.0,48.1414307,11.4474193,5.0,"Mittelschule München, Reichenaustraße 3, is an established educational institution located in the Aubing district of Munich, founded in 1967. Under the leadership of G. Godau, the school currently provides comprehensive education to 394 students, supported by a dedicated faculty of 31 teachers. As a fully developed Mittelschule, it covers grades 5 to 10 and places a special emphasis on career orientation to optimally prepare its students for the transition into the professional world.

The school's pedagogical concept is shaped by its mission statement 'Learning together, acting independently, living with respect,' which promotes cooperative and self-reliant learning in a respectful environment. Among its special offerings is 'DeutschPLUS,' a support program specifically designed for students with language development needs. The school also operates as a bound full-day school, ensuring intensive supervision and diverse learning opportunities beyond regular classes. Facilities include modern interactive whiteboards in classrooms and extensive sports facilities, including a single hall, an outdoor sports area, and a small sports hall, enabling a variety of athletic activities.

Its location at Reichenaustraße 3 in western Munich-Aubing offers good accessibility and is situated within a residential area. In addition to instruction, the school provides comprehensive school social work, supporting students, parents, and teachers with personal, academic, and professional challenges, working closely with the youth welfare office and other partners. This holistic support system significantly contributes to the individual development and well-being of the students.",,,,,,,,,,,,"Die Mittelschule München, Reichenaustraße 3, ist eine etablierte Bildungseinrichtung im Münchner Stadtteil Aubing, die im Jahr 1967 gegründet wurde. Unter der Leitung von G. Godau bietet die Schule derzeit 394 Schülerinnen und Schülern eine umfassende Bildung, unterstützt von einem engagierten Kollegium von 31 Lehrkräften. Als voll ausgebaute Mittelschule deckt sie die Jahrgangsstufen 5 bis 10 ab und legt einen besonderen Schwerpunkt auf die Berufsorientierung, um ihre Schüler optimal auf den Übergang in die Arbeitswelt vorzubereiten.

Das pädagogische Konzept der Schule wird durch ihr Leitbild 'Miteinander lernen, Selbstständig handeln, Respekt leben' geprägt, das ein kooperatives und eigenverantwortliches Lernen in einem respektvollen Umfeld fördert. Zu den besonderen Angeboten zählt 'DeutschPLUS', ein Förderprogramm, das Schülerinnen und Schüler mit Sprachförderbedarf gezielt unterstützt. Die Schule ist zudem als gebundene Ganztagsschule konzipiert, was eine intensive Betreuung und vielfältige Lernmöglichkeiten über den regulären Unterricht hinaus gewährleistet. Die Ausstattung umfasst moderne interaktive Whiteboards in den Klassenzimmern sowie umfangreiche Sportstätten, darunter eine Einfachhalle, eine Freisportanlage und eine Kleinsporthalle, die vielfältige sportliche Aktivitäten ermöglichen.

Die Lage in der Reichenaustraße 3 im westlichen München-Aubing bietet eine gute Erreichbarkeit und ist in ein Wohngebiet eingebettet. Ergänzend zum Unterricht bietet die Schule eine umfassende Schulsozialarbeit an, die Schüler, Eltern und Lehrkräfte bei persönlichen, schulischen und beruflichen Herausforderungen unterstützt und eng mit dem Jugendamt sowie weiteren Kooperationspartnern zusammenarbeitet. Dieses ganzheitliche Betreuungsangebot trägt maßgeblich zur individuellen Entwicklung und zum Wohlbefinden der Schüler bei.","Mittelschule München, Reichenaustraße 3, founded in 1967, serves 394 students with 31 teachers, focusing on career orientation. It offers DeutschPLUS support, operates as a bound full-day school, and features modern facilities and school social work. The mission statement 'Learning together, acting independently, living with respect' guides its educational approach.","Die Mittelschule München, Reichenaustraße 3, gegründet 1967, betreut 394 Schüler mit 31 Lehrkräften und legt einen Schwerpunkt auf Berufsorientierung. Sie bietet DeutschPLUS-Förderung, ist eine gebundene Ganztagsschule und verfügt über moderne Ausstattung sowie Schulsozialarbeit. Das Leitbild 'Miteinander lernen, Selbstständig handeln, Respekt leben' prägt das pädagogische Konzept.",,,,,,,,,,,,,,,,,,,,,,2026-04-20T08:58:58Z,"Die Mittelschule an der Reichenaustraße bietet die Anmeldung für Regelklassen 5 bis 9 sowie für die M-Klassen M8 und M10 für das Schuljahr 2026/2027 an. Spezifische Aufnahme-/Anmeldekriterien sind nicht direkt auf der Webseite aufgeführt, sondern werden in einer Broschüre der Landeshauptstadt München zum Übertritt in die Mittelschule referenziert.","Reichenaustr. 3, 81243 München",Bayern,12076.0,65.5,1.0,1505022.0,5671.0,München: sicherste Großstadt Deutschlands (>200k Einwohner) seit 50 Jahren,city_aggregate,5671.0,376.8,6061.0,12076.0,802.4,München,91219.0,6061.0,134.0,8.9,134.0,91219.0,815.0,54.2,2026-08-22,"jedeschule.codefor.de (CC0, scraped from km.bayern.de)","Mittelschule München, Reichenaustraße 3, is a Bavarian Mittelschule providing practice-oriented education from grade 5 to 9 or 10. It prepares students for the ""qualifizierender Mittelschulabschluss"" and the ""Mittlerer Schulabschluss,"" with a strong focus on vocational orientation, individual support, and core subjects like German, Mathematics, and English.",,,2026-03-26,31.0,,,394.0,München,BY,,13.0,0.0,27.0,4.0,1.0,28.0,44.0,91219.0,2024_25,2025
BY-SCHUL_SCHULSTANDORTEMITTELSCHULEN_61dd325b-0534-4bb6-a269-54a41a1bd1ca,"Mittelschule München, Wiesentfelser Straße 53",Mittelschulen,Mittelschulen,,1969.0,Wiesentfelser Str. 53,81249,München,,,,,Stefan Fischer,467.0,34.0,,,,,Englisch,,,,,,,,,,,,,,Nicht verfügbar (Bayern),,,,,,,,,,,Bayern Kultusministerium Schulsuche,"DeutschPLUS (GMS), Schülerpatenprojekt „Sprungbrett“, Kooperationen mit Gesellschaft macht Schule, Kultur&Spielraum, SchlauSchule.",48.1453937,11.4132288,,,,,,,,,,,,,,,,,,,,,,,,,,,,,,,,,,,,,,,,,,,,,,,,,,,,,,1.0,Durchschnittlich,Freiham,715.0,48.140008,11.41007,,Neuaubing,836.0,48.141692,11.422085,,,,,,,,,,,,,,,,,,,,,,Wiesentfelser Straße,66.0,48.146469,11.413735,,Wiesentfelser Straße,91.0,48.146481,11.414108,,Wiesentfelser Straße,129.0,48.146478,11.414663,,0.0,,0.0,0.0,,,,,,,,,,,,,,,,3.0,Restaurant Sayram Kebaphaus,"Ellis-Kaut-Straße 11, 81248 München, Germany",387.0,48.1452901,11.4079299,Restaurant Zur Aubinger Einkehr,"Gößweinsteinpl. 7, 81249 München, Germany",396.0,48.1437906,11.4170204,Restaurant Merak,"Hans-Clarin-Weg 7, 81248 München, Germany",404.0,48.146076099999995,11.4075554,2.0,Restaurant Merak,"Hans-Clarin-Weg 7, 81248 München, Germany",404.0,48.146076099999995,11.4075554,Ludwig Stocker Hofpfisterei GmbH,"Riesenburgstraße 40, 81249 München, Germany",472.0,48.1503692,11.4134783,,,,,,7.0,Städtische Kindertageseinrichtung,"Wiesentfelser Str. 55, 81249 München, Germany",61.0,48.145961199999995,11.4122139,Kath. Kindergarten St. Markus,"Wiesentfelser Str. 49, 81249 München, Germany",137.0,48.14562,11.4146651,Städtische Kindertageseinrichtung,"Ehrenbürgstraße 33, 81249 München, Germany",183.0,48.1444922,11.4130619,1.0,Grundschule Gustl-Bayrhammer-Straße,"Gustl-Bayrhammer-Straße 21, 81248 München, Germany",372.0,48.1468075,11.408084,Grundschule an der Limesstraße,"Limesstraße 38, 81243 München, Germany",714.0,48.150699499999995,11.4197666,Städt. Tagesheim an der Grundschule,"Limesstraße 38, 81243 München, Germany",714.0,48.150699499999995,11.4197666,8.0,"Mittelschule München, Wiesentfelser Straße 53, also known as Mittelschule Neuaubing, is a state-run middle school located in the Neuaubing district of Munich. Established as an independent Hauptschule in September 1969, it has evolved into a fully developed middle school catering to grades 5 to 10. Under the leadership of Stefan Fischer, 34 teachers educate approximately 467 students (as of the 2024/25 school year). 

The school's pedagogical approach is characterized by a comprehensive, structured full-day school program and open all-day care. A particular focus is placed on language support, evident in the DeutschPLUS (GMS) program. The school is also deeply committed to student development through its 'Sprungbrett' student mentoring project, where older students act as mentors for younger or newly arrived pupils. 

Mittelschule München, Wiesentfelser Straße 53, maintains diverse collaborations with external partners such as 'Gesellschaft macht Schule', 'Kultur&Spielraum', and 'SchlauSchule'. These partnerships enrich the educational offerings and provide students with additional learning and development opportunities. The school has received several awards since 2005, highlighting the quality of its educational work. 

The school building, construction of which began in 1967 with classes commencing in 1968, is situated in a densely populated residential area in Neuaubing. Its location offers convenient access to public transportation via the Wiesentfelser Straße and Freiham Bf. stops. The school provides a modern learning environment, continuously improved through renovations and the establishment of new administrative facilities in 2000. Mittelschule Neuaubing thus stands as a key educational institution, dedicated to individual support and a wide array of supplementary programs.",,,,,,,,,,,,"Die Mittelschule München, Wiesentfelser Straße 53, auch bekannt als Mittelschule Neuaubing, ist eine staatliche Mittelschule im Münchner Stadtteil Neuaubing. Seit ihrer Gründung als eigenständige Hauptschule im September 1969 hat sie sich zu einer voll ausgebauten Mittelschule für die Jahrgangsstufen 5 bis 10 entwickelt. Unter der Leitung von Stefan Fischer betreuen 34 Lehrkräfte rund 467 Schülerinnen und Schüler (Stand Schuljahr 2024/25). 

Das pädagogische Konzept der Schule zeichnet sich durch ein umfassendes Ganztagsschulangebot in gebundener Form sowie eine offene Ganztagsbetreuung aus. Ein besonderer Schwerpunkt liegt auf der Sprachförderung, was sich im Programm DeutschPLUS (GMS) widerspiegelt. Die Schule engagiert sich zudem stark in der Schülerförderung durch das Schülerpatenprojekt „Sprungbrett“, das ältere Schüler als Mentoren für jüngere oder neu ankommende Schüler einsetzt. 

Die Mittelschule München, Wiesentfelser Straße 53, pflegt vielfältige Kooperationen mit externen Partnern wie 'Gesellschaft macht Schule', 'Kultur&Spielraum' und 'SchlauSchule', die das Bildungsangebot erweitern und den Schülern zusätzliche Lern- und Entwicklungsmöglichkeiten bieten. Die Schule hat seit 2005 mehrere Schulpreise erhalten, was die Qualität ihrer pädagogischen Arbeit unterstreicht. 

Das Schulgebäude, dessen Bau 1967 begann und der Unterricht 1968 aufgenommen wurde, befindet sich in einem dicht besiedelten Wohngebiet in Neuaubing. Die Lage ist verkehrsgünstig mit Anbindung an den öffentlichen Nahverkehr durch die Haltestellen Wiesentfelser Straße und Freiham Bf. Die Schule bietet eine moderne Lernumgebung, die durch Sanierungen und die Einrichtung neuer Verwaltungsräume im Jahr 2000 kontinuierlich verbessert wurde. Die Mittelschule Neuaubing ist somit ein zentraler Bildungsstandort, der auf individuelle Förderung und eine breite Palette an unterstützenden Angeboten setzt.","Mittelschule München, Wiesentfelser Straße 53 (Mittelschule Neuaubing), is a state middle school in Munich-Neuaubing with 467 students and 34 teachers. It offers a comprehensive full-day school program, the DeutschPLUS language support program, and the 'Sprungbrett' student mentoring project. Established in 1969, the school is distinguished by diverse collaborations and multiple school awards.","Die Mittelschule München, Wiesentfelser Straße 53 (Mittelschule Neuaubing), ist eine staatliche Mittelschule in München-Neuaubing mit 467 Schülern und 34 Lehrkräften. Sie bietet ein umfassendes Ganztagsschulangebot, das Sprachförderprogramm DeutschPLUS und das Schülerpatenprojekt „Sprungbrett“. Die Schule, die seit 1969 besteht, zeichnet sich durch vielfältige Kooperationen und mehrere Schulpreise aus.",,,,,,,,,,,,,,,,,,,,,"[""Für die 5. Jahrgangsstufe ist in der Regel keine Anmeldung erforderlich; die zuständige Mittelschule nimmt das Kind automatisch auf, sofern es nicht an einer anderen weiterführenden Schule angemeldet wird."", ""Für die Anmeldung in höheren Klassen ist eine direkte Kontaktaufnahme mit der zuständigen Mittelschule erforderlich.""]",2026-04-20T09:14:34Z,Die Mittelschule umfasst die Jahrgangsstufen 5 bis 9 oder 5 bis 10. Der Unterricht ist stark auf berufsbezogene Inhalte ausgerichtet.,"Wiesentfelser Str. 53, 81249 München",Bayern,12076.0,65.5,1.0,1505022.0,5671.0,München: sicherste Großstadt Deutschlands (>200k Einwohner) seit 50 Jahren,city_aggregate,5671.0,376.8,6061.0,12076.0,802.4,München,91219.0,6061.0,134.0,8.9,134.0,91219.0,815.0,54.2,2026-08-22,"jedeschule.codefor.de (CC0, scraped from km.bayern.de)","Mittelschule München, Wiesentfelser Straße 53, provides a comprehensive education with a strong practical focus. It specifically prepares students for the Qualifizierender Mittelschulabschluss and Mittlerer Schulabschluss, emphasizing vocational orientation and individual support. German is the primary language of instruction, with English offered as a foreign language.",,,,34.0,,,467.0,München,BY,,12.0,0.0,25.0,3.0,5.0,30.0,40.0,91219.0,2024_25,2025
BY-SCHUL_SCHULSTANDORTEGYMNASIEN_ce41bb75-f3f8-4124-a39a-9be8fda6bed0,Maximiliansgymnasium München,Gymnasien,Gymnasien,,1849.0,Oettingenstr. 78,80538,München,,,,,Thomas Bednar,720.0,70.0,,,,,"Latein, Englisch, Griechisch, Spanisch",,,,,,,,,,,,,,Nicht verfügbar (Bayern),,,,,,,,,,,Bayern Kultusministerium Schulsuche,"Humanistisches und Europäisches Gymnasium mit Schwerpunkt auf altsprachlichem und naturwissenschaftlichem Unterricht. Ehemalige Schüler: Max Planck, Werner Heisenberg.",48.1498654,11.5956119,,,,,,,,,,,,,,,,,,,,,,,,,,,,,,,,,,,,,,,,,,,,,,,,,,,,,,1.0,Durchschnittlich,,,,,,,,,,,,,,,,Tivolistraße,38.0,48.149838,11.596229,,Mauerkircherstraße,393.0,48.148837,11.600789,,Paradiesstraße,459.0,48.146346,11.592977,,Tivolistraße,44.0,48.150128,11.596376,,Tivolistraße,45.0,48.150225,11.596319,,Hirschauer Straße,120.0,48.150933,11.594923,,0.0,,0.0,5.0,Cesar Markt,"Emil-Riedel-Straße 11, 80538 München, Germany",364.0,48.1468466,11.5945893,Biomarkt Bioparadies,"Lerchenfeldstraße 10, 80538 München, Germany",408.0,48.1466912,11.5934897,REWE City,"Pienzenauerstraße 1, 81679 München, Germany",419.0,48.1506575,11.6013707,15.0,SmartFoodie @LMU Informatik,"Raum U146, Oettingenstraße 67, 80538 München, Germany",96.0,48.15020560000001,11.5945278,TIVO,"Oettingenstraße 74, 80538 München, Germany",97.0,48.1493061,11.595058,Nuovo Tivoli,"Widenmayerstraße 52, 80538 München, Germany",101.0,48.1496094,11.5970123,5.0,fair geniessBar,"Oettingenstraße 67, 80538 München, Germany",116.0,48.1498266,11.5942616,Backspielhaus,"Mauerkircherstraße 2, 81679 München, Germany",348.0,48.1489476,11.6002033,CASA CORPO,"Kufsteiner Pl. 4, 81679 München, Germany",430.0,48.1498593,11.6015947,1.0,Bambini - Krippe am Englischen Garten,"Lerchenfeldstraße 11, 80538 München, Germany",403.0,48.1468433,11.5931987,Städtischer Kindergarten,"Neuberghauser Str. 11, 81675 München, Germany",560.0,48.147768,11.6025431,Williams Kids München - Privater Kindergarten | Kita | Kinderkrippe,"Rauchstraße 5, 81679 München, Germany",777.0,48.145089899999995,11.6032194,0.0,Phorms Campus Munich,"Maria-Theresia-Straße 35, 81675 München, Germany",508.0,48.147194299999995,11.6011713,Grundschule an der Gebelestraße,"Gebelestraße 2, 81679 München, Germany",1113.0,48.1507712,11.6107635,St.-Anna-Grundschule,"St.-Anna-Straße 22, 80538 München, Germany",1186.0,48.1412762,11.5866612,3.0,"Maximiliansgymnasium München, often referred to as ""Max,"" is a renowned co-educational humanist and European Gymnasium under state sponsorship, centrally located in Schwabing, not far from Münchner Freiheit. Founded in 1849 by King Maximilian II, it is the city's third-oldest Gymnasium and is housed in a listed Art Nouveau building that offers modern learning and living spaces. Currently, approximately 720 students attend the school, taught by about 55 full-time teachers.

The pedagogical concept of Maximiliansgymnasium is characterized by a strong emphasis on classical languages and natural sciences. The language sequence begins in the 5th grade with Latin, followed by English in the 6th grade, and Ancient Greek in the 8th grade. Optionally, Spanish can be chosen from the 10th or 11th grade, with the possibility of dropping Latin. This approach promotes a comprehensive education that considers both the humanities and the exact sciences. The Gymnasium is proud of its tradition and its famous alumni, such as Max Planck and Werner Heisenberg.

Special offerings include an Open All-Day School (oGTS), which has been provided free of charge for lower-grade children since 2016/17. It includes lunch, an ""active break,"" and supervised study time for homework and learning material on four school days (Mon-Thu), supported by qualified staff. Furthermore, the school offers comprehensive counseling and support services, including school counseling, school psychology, compensation for disadvantages, and tutoring programs. A well-equipped library, elective courses, and school trips complement school life. The school values a socially active community. In addition to the historic building, the facilities include modern amenities and sports facilities. Its central location in Schwabing provides an attractive environment with good connectivity.",,,,,,,,,,,,"Das Maximiliansgymnasium München, kurz „Max“, ist ein renommiertes koedukatives humanistisches und Europäisches Gymnasium mit staatlicher Trägerschaft, gelegen im Herzen Schwabings, unweit der Münchner Freiheit. Gegründet im Jahr 1849 von König Maximilian II., ist es das drittälteste Gymnasium der Stadt und in einem denkmalgeschützten Jugendstilgebäude untergebracht, das moderne Lern- und Lebensräume bietet. Aktuell besuchen rund 720 Schülerinnen und Schüler die Schule, die von etwa 55 hauptamtlichen Lehrkräften unterrichtet werden.

Das pädagogische Konzept des Maximiliansgymnasiums zeichnet sich durch einen besonderen Schwerpunkt auf altsprachlichem und naturwissenschaftlichem Unterricht aus. Die Sprachenfolge beginnt in der 5. Jahrgangsstufe mit Latein, gefolgt von Englisch in der 6. Jahrgangsstufe und Altgriechisch in der 8. Jahrgangsstufe. Optional kann ab der 10. oder 11. Jahrgangsstufe Spanisch gewählt werden, wobei Latein abgewählt werden kann. Dieser Ansatz fördert eine umfassende Bildung, die sowohl die Geisteswissenschaften als auch die exakten Wissenschaften berücksichtigt. Das Gymnasium ist stolz auf seine Tradition und seine berühmten ehemaligen Schüler wie Max Planck und Werner Heisenberg.

Zu den besonderen Angeboten gehört eine Offene Ganztagsschule (oGTS), die seit 2016/17 für Unterstufenkinder kostenfrei angeboten wird. Sie umfasst an vier Unterrichtstagen (Mo-Do) ein Mittagessen, eine „bewegte Pause“ und eine betreute Arbeitszeit für Hausaufgaben und Lernstoff, unterstützt von qualifiziertem Personal. Darüber hinaus bietet die Schule umfassende Beratungs- und Förderangebote, darunter Schulberatung, Schulpsychologie, Nachteilsausgleich und Tutorenprogramme. Eine gut ausgestattete Bibliothek, Wahlunterricht und Schulfahrten ergänzen das schulische Leben. Die Schule legt Wert auf eine sozialaktive Gemeinschaft. Die Ausstattung umfasst neben dem historischen Gebäude auch moderne Einrichtungen und Sportanlagen. Die zentrale Lage in Schwabing bietet eine attraktive Umgebung mit guter Anbindung.","Maximiliansgymnasium Munich is a state-sponsored humanist and European Gymnasium in Schwabing, founded in 1849. It offers a comprehensive education with a focus on classical languages and natural sciences, alongside an Open All-Day School. Known for famous alumni like Max Planck, the school combines tradition in a listed Art Nouveau building with modern learning spaces and diverse support programs.","Das Maximiliansgymnasium München ist ein staatliches humanistisches und Europäisches Gymnasium in Schwabing, gegründet 1849. Es bietet eine umfassende Bildung mit Schwerpunkten auf altsprachlichem und naturwissenschaftlichem Unterricht sowie einer Offenen Ganztagsschule. Die Schule, bekannt für ihre berühmten Alumni wie Max Planck, vereint Tradition in einem denkmalgeschützten Jugendstilgebäude mit modernen Lernräumen und vielfältigen Förderangeboten.",,,,,,,,,,,,,,,,,,,,,,2026-04-20T08:43:12Z,,"Oettingenstr. 78, 80538 München",Bayern,12076.0,65.5,1.0,1505022.0,5671.0,München: sicherste Großstadt Deutschlands (>200k Einwohner) seit 50 Jahren,city_aggregate,5671.0,376.8,6061.0,12076.0,802.4,München,91219.0,6061.0,134.0,8.9,134.0,91219.0,815.0,54.2,2026-08-22,"jedeschule.codefor.de (CC0, scraped from km.bayern.de)","Maximiliansgymnasium München is a renowned Gymnasium offering a comprehensive academic education that culminates in the Abitur. The school provides a broad language curriculum, typically including English, Latin, and French, alongside fostering talents in natural sciences and the arts. It thoroughly prepares its students for successful university studies.",,,,70.0,,,720.0,München,BY,,56.0,0.0,68.0,14.0,5.0,73.0,0.0,91219.0,2024_25,2025
BY-SCHUL_SCHULSTANDORTEGYMNASIEN_7fe22a7c-24c6-469f-a593-d3f153e6ae3c,Ludwigsgymnasium München,Gymnasien,Gymnasien,,1824.0,Fürstenrieder Str. 159 a,81377,München,,,,,Sabine Wintermantel,691.0,55.0,,,,,"Englisch, Latein, Griechisch, Spanisch",,,,,,,,,,,,,,Nicht verfügbar (Bayern),,,,,,,,,,,Bayern Kultusministerium Schulsuche,"Humanistisches und Sprachliches Gymnasium, Seminarschule, offener Ganztagsbetrieb.",48.1221312,11.5052986,,,,,,,,,,,,,,,,,,,,,,,,,,,,,,,,,,,,,,,,,,,,,,,,,,,,,,1.0,Durchschnittlich,Unknown,642.0,48.116472,11.502884,,Unknown,642.0,48.116497,11.502689,,Unknown,647.0,48.116534,11.502238,,Ammerseestraße,482.0,48.126101,11.502117,,Ammerseestraße,495.0,48.126121,11.501766,,Stegener Weg,495.0,48.125863,11.508282,,Andreas-Vöst-Straße,157.0,48.121735,11.502649,,Andreas-Vöst-Straße,179.0,48.121452,11.502491,,Ammerseestraße,430.0,48.125821,11.503004,,0.0,,0.0,3.0,Allguth,"Fürstenrieder Str. 210/212, 81377 München, Germany",232.0,48.1208333,11.5022222,Allguth,"Fürstenrieder Str. 175, 81377 München, Germany",262.0,48.1200019,11.5031146,Lidl,"Fürstenrieder Str. 220, 81377 München, Germany",343.0,48.11948,11.50228,10.0,M Kebab,"Fürstenrieder Str. 206, 81377 München, Germany",202.0,48.1214281,11.5021564,Allguth,"Fürstenrieder Str. 210/212, 81377 München, Germany",232.0,48.1208333,11.5022222,Allguth,"Fürstenrieder Str. 175, 81377 München, Germany",262.0,48.1200019,11.5031146,3.0,Literaturcafé,"Fürstenrieder Str. 159, 81377 München, Germany",45.0,48.1224025,11.5042412,Allguth,"Fürstenrieder Str. 210/212, 81377 München, Germany",232.0,48.1208333,11.5022222,Allguth,"Fürstenrieder Str. 175, 81377 München, Germany",262.0,48.1200019,11.5031146,3.0,Wichtel Akademie Kita München Hadern,"Fürstenrieder Str. 171-173, 81377 München, Germany",217.0,48.1205711,11.5028979,Kath. Kindertagesstätte Namen Jesu- Kindergarten u. Hort,"Friedrich-Brugger-Weg 12, 81377 München, Germany",251.0,48.1239801,11.5065996,Minihaus München am Westpark,"Westendstraße 302, 81377 München, Germany",264.0,48.123495299999995,11.5075768,1.0,Grundschule Gilmstrasse,"Gilmstraße 46, 81377 München, Germany",246.0,48.1203387,11.5066552,Elementary school Droste-Hulshoff-Straße 9,"Droste-Hülshoff-Straße 9, 80686 München, Germany",639.0,48.1275452,11.5075243,Förderverein der Droste-Hülshoff-Grundschule e.V.,"Droste-Hülshoff-Straße 9, 80686 München, Germany",639.0,48.1275452,11.5075243,9.0,"Ludwigsgymnasium München, founded in 1824, is a traditional Humanistic and Linguistic Grammar School located in Munich's Sendling-Westpark district, counting among the city's oldest educational institutions. With 691 students and 55 teachers, it offers a solid education based on classical values and modern linguistic competencies. As a humanistic grammar school, it places a special emphasis on engaging with ancient languages and cultures, reflected in the offered languages: English, Latin, and Greek. Students can choose between different language sequences, including English, Latin, Greek, or Latin, English, Greek. Additionally, Spanish is offered as a late-starting foreign language from the 11th grade.

The pedagogical concept of Ludwigsgymnasium aims to educate young people to think critically, understand cultures, and act responsibly. The school is also a ""Seminarschule"" (teacher training school), meaning it plays an important role in the education of future teachers and thus benefits from a high pedagogical standard. The open all-day school operation provides students with diverse care and support programs beyond regular classes, enabling individual assistance and the opportunity to participate in additional activities.

Its location in Sendling-Westpark offers good accessibility and an urban environment. Although specific details about facilities are not available, the all-day operation suggests appropriate premises for lunch and leisure activities. Ludwigsgymnasium maintains international partnerships with Taunton's College in Southampton (England) and Lycée Kléber in Strasbourg (France), as well as a local partnership with Erasmus-Grasser-Gymnasium in Munich, fostering intercultural exchange. Named after King Ludwig I of Bavaria, the school combines a rich history with a future-oriented education.",,,,,,,,,,,,"Das Ludwigsgymnasium München, gegründet im Jahr 1824, ist ein traditionsreiches Humanistisches und Sprachliches Gymnasium im Münchner Stadtbezirk Sendling-Westpark und zählt zu den ältesten Bildungseinrichtungen der Stadt. Mit 691 Schülern und 55 Lehrkräften bietet es eine fundierte Ausbildung, die auf klassischen Werten und modernen sprachlichen Kompetenzen basiert. Als humanistisches Gymnasium legt es einen besonderen Schwerpunkt auf die Auseinandersetzung mit antiken Sprachen und Kulturen, was sich in den angebotenen Sprachen Englisch, Latein und Griechisch widerspiegelt. Schüler können zwischen verschiedenen Sprachenfolgen wählen, darunter Englisch, Latein, Griechisch oder Latein, Englisch, Griechisch. Zusätzlich wird Spanisch als spät beginnende Fremdsprache ab der 11. Jahrgangsstufe angeboten.

Das pädagogische Konzept des Ludwigsgymnasiums zielt darauf ab, junge Menschen zu kritischem Denken, kulturellem Verständnis und eigenverantwortlichem Handeln zu erziehen. Die Schule ist zudem eine Seminarschule, was bedeutet, dass sie eine wichtige Rolle in der Ausbildung zukünftiger Lehrkräfte spielt und somit von einem hohen pädagogischen Standard profitiert. Der offene Ganztagsbetrieb bietet den Schülern vielfältige Betreuungs- und Förderangebote über den regulären Unterricht hinaus, was eine individuelle Unterstützung und die Möglichkeit zur Teilnahme an zusätzlichen Aktivitäten ermöglicht.

Die Lage in Sendling-Westpark bietet eine gute Erreichbarkeit und eine städtische Umgebung. Obwohl keine spezifischen Details zur Ausstattung vorliegen, lässt der Ganztagsbetrieb auf entsprechende Räumlichkeiten für Mittagessen und Freizeitaktivitäten schließen. Das Ludwigsgymnasium pflegt internationale Partnerschaften mit dem Taunton's College in Southampton (England) und dem Lycée Kléber in Straßburg (Frankreich) sowie eine lokale Partnerschaft mit dem Erasmus-Grasser-Gymnasium in München, die den interkulturellen Austausch fördern. Benannt nach König Ludwig I. von Bayern, verbindet die Schule eine reiche Geschichte mit einer zukunftsorientierten Bildung.","Founded in 1824, Ludwigsgymnasium München is a humanistic and linguistic grammar school with 691 students and 55 teachers. It offers a classical education with languages like English, Latin, Greek, and Spanish, serves as a teacher training school, and provides open all-day care. The school promotes critical thinking and cultural understanding through diverse educational programs and international partnerships.","Das 1824 gegründete Ludwigsgymnasium München ist ein humanistisches und sprachliches Gymnasium mit 691 Schülern und 55 Lehrkräften. Es bietet eine klassische Bildung mit Sprachen wie Englisch, Latein, Griechisch und Spanisch, fungiert als Seminarschule und verfügt über einen offenen Ganztagsbetrieb. Die Schule fördert kritisches Denken und kulturelles Verständnis durch ein vielfältiges Bildungsangebot und internationale Partnerschaften.",,,,,,,,,,,,,,,,,,,,"{""opens"": ""2026-05-11"", ""closes"": ""2026-05-11"", ""notes"": ""Die Unterlagen müssen am Einschreibetag, dem 11.05.2026 von 08:00 bis 18:00 Uhr persönlich im Sekretariat (Fürstenriederstr. 159a, 1. Stock, Raum 204) abgegeben werden. Das Übertrittszeugnis muss bis 11.05.2026, 18:00 Uhr im Original vorliegen.""}","[""Ausgedruckte Anmeldung für die Vorläuferklasse Gymnasium Südpark (Dok. 1a)"", ""Übertrittszeugnis im ORIGINAL"", ""Datenschutzerklärung (Dok. 1)"", ""IuK (Dok. 2)"", ""Kopie des Personalausweises eines Erziehungsberechtigten"", ""Geburtsurkunde des Kindes"", ""Impfpass mit Nachweis der Masernimpfung (bzw. entsprechende ärztliche Bescheinigung, siehe Dok. 4)"", ""ggf. Kopie des Sorgerechtsbescheids"", ""ggf. Anmeldung Offene Ganztagsschule (Dok. 3)"", ""ggf. Antrag auf Kostenfreiheit des Schulweges (Dok. 5)"", ""ggf. Bestellung Hausaufgabenheft (Häft Dok. 6)""]",2026-04-20T09:18:55Z,"Die Einschreibung für die 5. Klassen des Schuljahres 2026/2027 findet am 11. Mai 2026 statt. Es werden Anmeldeunterlagen für die Vorläuferklasse Gymnasium Südpark benötigt, da der Unterricht bis zur Fertigstellung des Gymnasiums am Südpark am Ludwigsgymnasium stattfindet.","Fürstenrieder Str. 159 a, 81377 München",Bayern,12076.0,65.5,1.0,1505022.0,5671.0,München: sicherste Großstadt Deutschlands (>200k Einwohner) seit 50 Jahren,city_aggregate,5671.0,376.8,6061.0,12076.0,802.4,München,91219.0,6061.0,134.0,8.9,134.0,91219.0,815.0,54.2,2026-08-22,"jedeschule.codefor.de (CC0, scraped from km.bayern.de)","Ludwigsgymnasium München is a renowned Gymnasium offering a comprehensive academic education that prepares students for university studies. It emphasizes a broad general education with a focus on natural sciences and a diverse range of languages, including English, Latin, and French. The school also fosters critical thinking and cultural understanding within a challenging learning environment.",,,2026-03-19,55.0,,,691.0,München,BY,,24.0,1.0,83.0,10.0,5.0,89.0,0.0,91219.0,2024_25,2025
BY-SCHUL_SCHULSTANDORTEGYMNASIEN_0073b9c0-48c4-4c00-a995-d2d5ad0d45b8,Gisela-Gymnasium München,Gymnasien,Gymnasien,,1904.0,Arcisstr. 65,80801,München,,,,,Herr OStD Christoph Pfaffendorf,900.0,77.0,,,,,"Englisch, Latein, Französisch, Spanisch, Japanisch, Russisch",,,,,,,,,,,,,,Nicht verfügbar (Bayern),,,,,,,,,,,Bayern Kultusministerium Schulsuche,"MINT, Sprachen, Inklusion, Basketball-Stützpunktschule, vielfältige Wahlfächer (Japanisch, Russisch, Kunst, Musik, Theater, Schach)",48.1566933,11.5732647,,,,,,,,,,,,,,,,,,,,,,,,,,,,,,,,,,,,,,,,,,,,,,,,,,,,,,1.0,Durchschnittlich,Unknown,436.0,48.156628,11.567446,B,Unknown,447.0,48.156646,11.567288,A,Josephsplatz,472.0,48.155744,11.567093,,Elisabethplatz,166.0,48.157642,11.574992,,Nordendstraße,256.0,48.154821,11.575418,,Kurfürstenplatz,387.0,48.159958,11.574921,,Kurfürstenplatz,426.0,48.160443,11.574066,,Kurfürstenplatz,428.0,48.160478,11.57386,,Josephsplatz,568.0,48.154837,11.566153,,0.0,A; B,0.0,20.0,Herrmannsdorfer in Schwabing am Elisabethmarkt,"Elisabethpl. 8, 80796 München, Germany",87.0,48.156930599999995,11.5744066,Obst-Gemüse-Südfrüchte-Exoten - Karl Huczala,"Elisabethpl., 80796 München, Germany",94.0,48.156945500000006,11.5744998,Tante Lilibeth,"Elisabethmarkt Stand 21, 80796 München, Germany",101.0,48.1569048,11.5746263,20.0,Beef Room 61,"Arcisstraße 61, 80801 München, Germany",79.0,48.1559392,11.5732653,Wintergarten,"Elisabethpl. 4B, 80796 München, Germany",132.0,48.1572772,11.5748253,Kalypso restaurant,"Agnesstraße 8, 80801 München, Germany",158.0,48.1573709,11.5714831,20.0,Standl 20 - Da wo's an Kaffee gibt,"Elisabethmarkt, Elisabethpl. Stand Nr. 20, 80796 München, Germany",102.0,48.1569692,11.5746006,NEOSOCIETY MUNICH,"Elisabethmarkt Stand 16, Elisabethpl. 17, 80796 München, Germany",103.0,48.1568808,11.574654400000002,Bar del Giorno,"Elisabethpl. 1, 80796 München, Germany",146.0,48.1578148,11.5742163,5.0,Eltern-Kind-Initiative Maxvorstadt e.V.,"Georgenstraße 61, 80799 München, Germany",137.0,48.1560423,11.5717052,Städtische Kinderkrippe,"Adalbertstraße 106, 80798 München, Germany",345.0,48.1551341,11.5692527,KunstKiga Privatkindergarten,"Adalbertstraße 51, 80799 München, Germany",353.0,48.153483099999995,11.5737317,1.0,Elterninitiative der Grundschule an der Türkenstraße eV,"Georgenstraße 30, 80799 München, Germany",415.0,48.1549439,11.5782897,Grundschule Türkenstraße,"Türkenstraße 68, 80799 München, Germany",693.0,48.1508371,11.5767165,Grundschule an der Schwindstraße,"Zentnerstraße 2, 80798 München, Germany",773.0,48.1548886,11.5632378,19.0,"Gisela-Gymnasium München, founded in 1904, is a renowned Gymnasium located in the heart of Schwabing, directly adjacent to Elisabethplatz. Under the leadership of Headmaster Herr OStD Christoph Pfaffendorf, the listed Art Nouveau building contributes to the distinctive charm of this Munich district. The school sees itself as a cosmopolitan ""European School"" and ""School without Racism – School with Courage,"" firmly rooted in Munich while maintaining international contacts. A special focus is placed on the inclusion of hearing-impaired students, who are supported through dedicated ""A-classes"" with technical room equipment, targeted assistance, and a cooperative climate of mutual respect. School dogs and reading dogs also enrich the pedagogical work.

The pedagogical concept is based on the ""Good Spirit of Gisela-Gymnasium,"" which prioritizes human interaction, communication, and the imparting of intercultural competencies to prepare students for life in a united Europe. The Gymnasium offers the Abitur after nine school years (G9) and features a natural science-technological branch and a linguistic branch starting from the 8th grade. In addition to core subjects, a variety of languages such as English, Latin, French, Spanish, Japanese, and Russian are offered. As a MINT-friendly school (STEM-friendly) and a basketball support school, whose team has already won the Bavarian championship, Gisela-Gymnasium fosters both scientific talents and athletic excellence. The offerings are complemented by diverse elective subjects like art, music, theater, and chess.

For after-school care, the school provides an open all-day program (OGTS), implemented in cooperation with Condrobs e.V. This program, which begins at 1:00 PM, includes qualified homework supervision for 5th and 6th graders from 2:00 PM to 4:30 PM, as well as meaningful leisure activities. The school day starts at 8:00 AM and ends no later than 5:25 PM. With approximately 1017 students and 77 teachers, Gisela-Gymnasium creates a liberal atmosphere of mutual respect and tolerance that recognizes and promotes the diversity of lifestyles.",,,,,,,,,,,,"Das Gisela-Gymnasium München, gegründet im Jahr 1904, ist ein renommiertes Gymnasium im Herzen Schwabings, direkt am Elisabethplatz gelegen. Unter der Leitung von Herrn OStD Christoph Pfaffendorf prägt das unter Denkmalschutz stehende Jugendstilgebäude den unverwechselbaren Charme dieses Münchner Stadtteils. Die Schule versteht sich als kosmopolitische ""Europaschule"" und ""Schule ohne Rassismus – Schule mit Courage"", die fest in München verwurzelt ist und internationale Kontakte pflegt. Ein besonderer Schwerpunkt liegt auf der Inklusion hörgeschädigter Schülerinnen und Schüler, die durch spezielle ""A-Klassen"" mit technischer Raumausstattung, gezielter Förderung und einem kooperativen Klima des gegenseitigen Respekts unterstützt werden. Schulhunde und Lesehunde bereichern zudem die pädagogische Arbeit.

Das pädagogische Konzept basiert auf dem ""Guten Geist des Gisela-Gymnasiums"", der menschliche Interaktion, Kommunikation und die Vermittlung interkultureller Kompetenzen in den Vordergrund stellt, um die Schülerinnen und Schüler auf ein Leben im gemeinsamen Europa vorzubereiten. Das Gymnasium bietet das Abitur nach neun Schuljahren (G9) an und führt ab der 8. Jahrgangsstufe einen naturwissenschaftlich-technologischen sowie einen sprachlichen Zweig. Neben den Kernfächern werden vielfältige Sprachen wie Englisch, Latein, Französisch, Spanisch, Japanisch und Russisch angeboten. Als MINT-freundliche Schule und Basketball-Stützpunktschule, deren Team bereits die Bayerische Meisterschaft gewann, fördert das Gisela-Gymnasium sowohl naturwissenschaftliche Talente als auch sportliche Exzellenz. Ergänzt wird das Angebot durch diverse Wahlfächer wie Kunst, Musik, Theater und Schach.

Für die Betreuung bietet die Schule ein offenes Ganztagesangebot (OGTS) an, das in Kooperation mit Condrobs e.V. durchgeführt wird. Dieses Programm, das um 13:00 Uhr beginnt, umfasst qualifizierte Hausaufgabenbetreuung für die 5. und 6. Jahrgangsstufe von 14:00 bis 16:30 Uhr sowie eine sinnvolle Freizeitgestaltung. Der Schultag beginnt um 8:00 Uhr und endet spätestens um 17:25 Uhr. Mit rund 1017 Schülerinnen und Schülern und 77 Lehrkräften schafft das Gisela-Gymnasium ein liberales Klima des gegenseitigen Respekts und der Toleranz, das die Vielfalt der Lebensweisen anerkennt und fördert.","Gisela-Gymnasium Munich is a traditional ""European School"" in the heart of Schwabing, characterized by an inclusive concept for hearing-impaired students and a cosmopolitan pedagogical mission. It offers natural science-technological and linguistic branches (G9) with a wide range of languages (including Japanese, Russian), MINT promotion, and is a basketball support school. An open all-day program with homework supervision completes its profile.","Das Gisela-Gymnasium München ist eine traditionsreiche ""Europaschule"" im Herzen Schwabings, die sich durch ein inklusives Konzept für hörgeschädigte Schüler und ein weltoffenes pädagogisches Leitbild auszeichnet. Es bietet naturwissenschaftlich-technologische und sprachliche Zweige (G9) mit einem breiten Sprachenangebot (u.a. Japanisch, Russisch), MINT-Förderung und ist eine Basketball-Stützpunktschule. Ein offenes Ganztagesangebot mit Hausaufgabenbetreuung rundet das Profil ab.",,,,,,,,,,,,,,,,,,,,"{""opens"": null, ""closes"": ""2026-05-11"", ""notes"": ""Frist für die Online-Einschreibung. Für Basketballer ist eine Kontaktaufnahme bis 04.05.2026 erforderlich. Der Probeunterricht findet vom 19. bis 21.05.2026 statt.""}","[""Offizielle Einschreibung erfolgt online."", ""Bei fehlender gymnasialer Eignung ist eine Aufnahme nach bestandenem Probeunterricht möglich."", ""Für die Inklusionsklasse (Förderschwerpunkt Hören) ist eine Voranmeldung mit Nachweisen zur Behinderung und zum Leistungsstand erforderlich."", ""Maximal 3 Plätze sind für Schülerinnen und Schüler mit hohem Vereinsniveau im Basketball reserviert.""]",2026-04-20T09:22:47Z,Ein Informationsabend für die zukünftige 5. Jahrgangsstufe fand am 05.03.2026 statt. Eine Informationsveranstaltung für die Einführungsklasse 2026/27 fand am 12.02.2026 statt.,"Arcisstr. 65, 80801 München",Bayern,12076.0,65.5,1.0,1505022.0,5671.0,München: sicherste Großstadt Deutschlands (>200k Einwohner) seit 50 Jahren,city_aggregate,5671.0,376.8,6061.0,12076.0,802.4,München,91219.0,6061.0,134.0,8.9,134.0,91219.0,815.0,54.2,2026-08-22,"jedeschule.codefor.de (CC0, scraped from km.bayern.de)","Gisela-Gymnasium Munich is a renowned Gymnasium in the Bavarian capital, offering comprehensive academic education up to the Abitur. It features a broad curriculum with a strong focus on languages such as English, Latin, and French, as well as the natural sciences. The school fosters critical thinking and individual talents in a challenging and supportive learning environment.",,,2026-03-05,77.0,,,900.0,München,BY,,100.0,0.0,131.0,15.0,7.0,138.0,0.0,91219.0,2024_25,2025
BY-SCHUL_SCHULSTANDORTEWEITERERSCHULEN_2d3302da-85e3-404c-aaf9-6b3be1c0a796,Staatliche Dieter-Hildebrandt-Wirtschaftsschule München,Wirtschaftsschulen,Wirtschaftsschulen,,2003.0,Meindlstr. 8 a,81369,München,,,,,,351.0,27.0,,,,,,,,,,,,,,,,,,,Nicht verfügbar (Bayern),,,,,,,,,,,Bayern Kultusministerium Schulsuche,"Zweistufige Wirtschaftsschule (Jahrgangsstufen 10-11, voll ausgebaut), dreistufige Wirtschaftsschule (Jahrgangsstufen 8-10, voll ausgebaut)",48.1189998,11.5377611,,,,,,,,,,,,,,,,,,,,,,,,,,,,,,,,,,,,,,,,,,,,,,,,,,,,,,1.0,Durchschnittlich,Harras,132.0,48.118399,11.536535,,Unknown,238.0,48.116881,11.537971,,Harras,238.0,48.116874,11.538062,,,,,,,,,,,,,,,,,Am Harras,231.0,48.117501,11.540165,,Margaretenplatz,232.0,48.12007,11.540743,,Margaretenplatz,236.0,48.120115,11.540763,,0.0,,0.0,20.0,dm-drogerie markt,"Plinganserstraße, Am Harras 33, 81369 München, Germany",201.0,48.118458,11.540629,Herrmannsdorfer Sendling,"Am Harras 14, 81373 München, Germany",209.0,48.117393,11.539458,Käsealm Christian Ertl,"Margaretenpl. 4, 81373 München, Germany",212.0,48.1206761,11.5394541,20.0,Gaststätte Meindleck,"Meindlstraße 4, 81373 München, Germany",55.0,48.1195059,11.5381843,Lokanta Kebap & Falafel,"Am Harras 15, 81373 München, Germany",217.0,48.1174039,11.5396806,Best Döner Kebap,"Plinganserstraße 19, 81369 München, Germany",220.0,48.119819199999995,11.5407568,15.0,Bäckerei Konditorei Ziegler GmbH,"Meindlstraße 6, 81373 München, Germany",28.0,48.1192678,11.5380878,Cafe Grass,"Plinganserstraße 36, 81369 München, Germany",190.0,48.118212199999995,11.5402982,Caffè & Cucina Sorriso,"Plinganserstraße 38A, 81369 München, Germany",195.0,48.117921,11.5400978,6.0,Städtische Kindertagesstätte,"Meindlstraße 8, 81373 München, Germany",12.0,48.118906300000006,11.5380469,Kindertagesstätte St.Margaret,"Margaretenpl. 5, 81373 München, Germany",222.0,48.1206812,11.5397007,Infanterix Harras,"Trautmannstraße 1, 81373 München, Germany",253.0,48.1174994,11.5355067,1.0,Team Grundschule,"Hansastraße 136, 81373 München, Germany",302.0,48.1202985,11.5344617,Staatl. Grundschule,"Implerstraße 35, 81371 München, Germany",816.0,48.1207257,11.548739,Pfeuferschule,"Pfeuferstraße 1, 81373 München, Germany",917.0,48.1270892,11.5405517,16.0,"The Staatliche Dieter-Hildebrandt-Wirtschaftsschule München, founded in 2003, is a renowned vocational preparatory school in Munich that combines comprehensive general education with solid basic vocational training in the field of business and administration. The school is named after the famous Munich cabaret artist Dieter Hildebrandt, a unique naming convention in Germany. With 351 students and 27 teachers (as of 2024/25), it offers an engaging learning environment. It leads its students to an intermediate school leaving certificate (Mittlerer Schulabschluss), which allows graduates to shorten a commercial apprenticeship by up to one year.

The school operates at two locations: a main office in Munich-Sendling (Meindlstr. 8 a / Plinganserstraße 28, 81369 Munich) and an external branch in Oberhaching. It offers both a two-stage commercial school (grades 10-11) and a three-stage commercial school (grades 8-10), both fully developed. The pedagogical concept aims to attract highly motivated young people with a particular interest in practical business or administration issues. The curriculum is interdisciplinary and competence-oriented, designed to establish a direct link to professional life. General subjects include German, English, Mathematics, Social Studies, Religion/Ethics, and Sports, complemented by vocational subjects such as Business Management and Control, Information Processing, and the Practice Firm (Übungsunternehmen), where students can experience the reality of a commercial profession.

Notably, from 2018 to 2023, the school participated as a pilot school in the “Leistung macht Schule – LemaS” initiative to promote high-achieving students and now acts as a multiplier in the second funding phase. Specific care services beyond regular instruction are not explicitly listed, but the focus is on intensive vocational preparation. The school is state-owned.",0.0,,,,,,,,,,,"Die Staatliche Dieter-Hildebrandt-Wirtschaftsschule München, gegründet im Jahr 2003, ist eine renommierte berufsvorbereitende Schule in München, die eine umfassende allgemeine Bildung mit einer fundierten beruflichen Grundbildung im Berufsfeld Wirtschaft und Verwaltung verbindet. Die Schule ist nach dem bekannten Münchner Kabarettisten Dieter Hildebrandt benannt, eine in Deutschland einzigartige Namensvergabe. Mit 351 Schülern und 27 Lehrkräften (Stand 2024/25) bietet sie eine engagierte Lernumgebung. Sie führt ihre Schülerinnen und Schüler zu einem mittleren Schulabschluss, der Absolventen die Möglichkeit eröffnet, eine kaufmännische Ausbildung um bis zu einem Jahr zu verkürzen.

Die Schule operiert an zwei Standorten: einer Hauptdienststelle in München-Sendling (Meindlstr. 8 a / Plinganserstraße 28, 81369 München) und einer Außenstelle in Oberhaching. Sie bietet sowohl eine zweistufige Wirtschaftsschule (Jahrgangsstufen 10-11) als auch eine dreistufige Wirtschaftsschule (Jahrgangsstufen 8-10) an, die beide voll ausgebaut sind. Das pädagogische Konzept zielt darauf ab, hochmotivierte Jugendliche anzusprechen, die ein besonderes Interesse an praktischen Fragen der Wirtschaft oder Verwaltung haben. Der Unterricht ist fächerübergreifend und kompetenzorientiert gestaltet, um einen direkten Bezug zum Berufsleben herzustellen. Zu den allgemeinbildenden Fächern gehören Deutsch, Englisch, Mathematik, Sozialkunde, Religion/Ethik und Sport, ergänzt durch berufsbildende Fächer wie Betriebswirtschaftliche Steuerung und Kontrolle, Informationsverarbeitung und das Übungsunternehmen, in dem die Schüler die Realität eines kaufmännischen Berufs erproben können.

Als Besonderheit nahm die Schule von 2018 bis 2023 als Pilotschule an der Initiative „Leistung macht Schule – LemaS“ zur Förderung leistungsstarker Schüler teil und fungiert nun als Multiplikatorin in der zweiten Förderphase. Betreuungsangebote über den Unterricht hinaus sind nicht explizit aufgeführt, jedoch liegt der Fokus auf einer intensiven beruflichen Vorbereitung. Die Trägerschaft ist staatlich.","Founded in 2003, the Staatliche Dieter-Hildebrandt-Wirtschaftsschule München is a state-owned commercial school with 351 students and 27 teachers. It offers two- and three-stage educational programs leading to an intermediate school leaving certificate, providing basic vocational training in business and administration. The school is known for its practice-oriented teaching and participation in programs for high-achieving students.","Die Staatliche Dieter-Hildebrandt-Wirtschaftsschule München, gegründet 2003, ist eine staatliche Wirtschaftsschule mit 351 Schülern und 27 Lehrkräften. Sie bietet zwei- und dreistufige Bildungsgänge an, die zu einem mittleren Schulabschluss führen und eine berufliche Grundbildung in Wirtschaft und Verwaltung vermitteln. Die Schule ist bekannt für ihren praxisorientierten Unterricht und die Teilnahme an Förderprogrammen für leistungsstarke Schüler.",,,,,,,,,,,,,,,,,,,,"{""opens"": ""2026-06-08"", ""closes"": null, ""notes"": ""Die Anmeldung für das Schuljahr 2026/27 beginnt am 8. Juni 2026. Die Anmeldung für das folgende Schuljahr beginnt stets nach den Pfingstferien.""}","[""Qualifizierender Mittelschulabschluss oder Bestehen einer Probezeit in der Wirtschaftsschule."", ""Übertritt aus Gymnasium, Realschule oder M-Zug nach der 9. Klasse möglich."", ""Bei Übertritt aus Gymnasium/Realschule/M-Zug: mindestens Note 4 in Deutsch und Englisch oder Bestehen der Klasse."", ""Die Schule bietet eine zweistufige Form an, die in zwei Jahrgangsstufen zum mittleren Schulabschluss führt.""]",2026-04-20T08:47:05Z,"Die Reihenfolge der Anmeldungen hat keinen Einfluss auf eine Zu- oder Absage. Nach Eingang aller Anmeldungen und dem internen Auswahlprozess erhalten alle Bewerber eine schriftliche Zu- oder Absage. Die Online-Anmeldung ist der erste Schritt, gefolgt von der persönlichen Abgabe der Unterlagen am vereinbarten Termin.","Meindlstr. 8 a, 81369 München",Bayern,12076.0,65.5,1.0,1505022.0,5671.0,München: sicherste Großstadt Deutschlands (>200k Einwohner) seit 50 Jahren,city_aggregate,5671.0,376.8,6061.0,12076.0,802.4,München,91219.0,6061.0,134.0,8.9,134.0,91219.0,815.0,54.2,2026-08-22,"jedeschule.codefor.de (CC0, scraped from km.bayern.de)","The Staatliche Dieter-Hildebrandt-Wirtschaftsschule München is a state-run commercial school providing a solid business education. It equips students with comprehensive knowledge in economics, administration, and modern information technologies, preparing them optimally for commercial professions or further business-related studies. The curriculum emphasizes practical learning, digital competencies, and English as a core foreign language.",,,2026-03-05,27.0,,,351.0,München,BY,,80.0,1.0,112.0,21.0,10.0,123.0,0.0,91219.0,2024_25,2025
BY-SCHUL_SCHULSTANDORTEWEITERERSCHULEN_ece522cf-89fa-4d51-8ef3-d089a764bf22,Staatl. Wirtschaftsschule München an der Bayer. Landesschule für Körperbehinderte,Wirtschaftsschulen,Wirtschaftsschulen,,1832.0,Kurzstr. 2,81547,München,,,,,Britta Büchter,,,,,,,Englisch,,,,,,,,,,,,,,Nicht verfügbar (Bayern),,,,,,,,,,,Bayern Kultusministerium Schulsuche,"Inklusion (körperlich-motorische Entwicklung, Autismus), kleine Klassen, individuelle Förderung, MINT, digitale Bildung, Berufsorientierung, Kooperation mit Condrobs.",48.1046703,11.5688886,,,,,,,,,,,,,,,,,,,,,,,,,,,,,,,,,,,,,,,,,,,,,,,,,,,,,,1.0,Durchschnittlich,Unknown,634.0,48.108531,11.575053,,Unknown,642.0,48.109106,11.574362,A,Wettersteinplatz,652.0,48.108206,11.57574,U1,Kurzstraße,95.0,48.104623,11.569862,,Südtiroler Straße,475.0,48.100725,11.566624,,Wettersteinplatz,680.0,48.10929,11.574805,,Kurzstraße,100.0,48.104983,11.56993,,Kurzstraße,106.0,48.104297,11.569835,,Lebschéestraße,429.0,48.107868,11.565124,,0.0,A; U1,0.0,2.0,Jacques’ Wein-Depot,"Grünwalder Str. 40, 81547 München, Germany",143.0,48.1054906,11.5702263,Edeka Martinovic,"Säbener Str. 21, 81547 München, Germany",472.0,48.1060872,11.5746605,,,,,,7.0,CHUAN-FANS,"Grünwalder Str. 71, 81547 München, Germany",125.0,48.1039024,11.5696438,Bäckerei Zöttl,"Grünwalder Str. 61, 81547 München, Germany",130.0,48.104675400000005,11.5703479,Ritzer’s Gourmet-Catering,"Birkenleiten 48, 81543 München, Germany",252.0,48.1066813,11.5667312,4.0,Bäckerei Zöttl,"Grünwalder Str. 61, 81547 München, Germany",130.0,48.104675400000005,11.5703479,Schön Cafe,"Harlachinger Str. 51, 81547 München, Germany",155.0,48.1040807,11.5668131,Frischbackstube Alp,"Harlachinger Str. 51, 81547 München, Germany",155.0,48.1040807,11.5668131,3.0,Joki Kinderbetreuung Harlaching,"Birkenleiten 41, 81543 München, Germany",185.0,48.1060917,11.567048,Echte-Naturhelden,"Reichenhaller Str., 81547 München, Germany",356.0,48.10761,11.5708771,Städt. Kindertagesstätte,"Schönstraße 75, 81543 München, Germany",413.0,48.104685,11.5630533,0.0,Mittagsbetreuung an der Grundschule Fromundstraße,"Fromundstraße 1, 81547 München, Germany",674.0,48.108360999999995,11.5759379,Elementary school at the Fromundstraße,"Fromundstraße 5, 81547 München, Germany",705.0,48.1079273,11.5768614,Elementary school at the Rotbuchenstraße,"Rotbuchenstraße 81, 81547 München, Germany",888.0,48.097774,11.5743167,11.0,"The Staatliche Wirtschaftsschule München an der Bayerischen Landesschule für Körperbehinderte is a state-recognized commercial school in Munich, distinguished by its comprehensive inclusive educational offerings. As part of the Bayerische Landesschule, founded in 1832 and the oldest institution for children and young people with physical disabilities in Europe, it provides holistic and individual support for students with physical-motor developmental disorders and autism. The school, led by Britta Büchter, emphasizes small classes and personalized care to meet the needs of every child. Its pedagogical concept combines a solid general education with fundamental commercial knowledge, specifically preparing students for careers in business and administration. Current megatrends in vocational education are integrated into elective learning areas and modules. 

Special offerings include a strong focus on MINT subjects and digital education, comprehensive career orientation, and elective courses such as the ICDL Computer Certificate and Erasmus+. The school also cooperates with Condrobs. A prominent feature is the wide range of therapeutic and specialized services, including physiotherapy, speech therapy, occupational therapy, as well as nursing and psychological services. These are complemented by a therapeutic day care center (Heilpädagogische Tagesstätte) and a therapeutic boarding school (Heilpädagogisches Internat), ensuring comprehensive care. Counseling services, such as a counseling center, the Mobile Special Education Service, and the Social Education Service, are available. For students with blindness and visual impairments, there is the affiliated Bavarian Media Department (Mediablis). The school is located at Kurzstr. 2, 81547 Munich, and offers a modern learning environment with its own canteen. Graduates achieve an intermediate secondary school certificate, which opens doors to dual vocational training or technical secondary school.",,,,,,,,,,,,"Die Staatliche Wirtschaftsschule München an der Bayerischen Landesschule für Körperbehinderte ist eine staatlich anerkannte Wirtschaftsschule in München, die sich durch ein umfassendes inklusives Bildungsangebot auszeichnet. Als Teil der 1832 gegründeten Bayerischen Landesschule, der ältesten Einrichtung für Kinder und Jugendliche mit körperlichen Beeinträchtigungen in Europa, bietet sie eine ganzheitliche und individuelle Förderung für Schülerinnen und Schüler mit körperlich-motorischen Entwicklungsstörungen und Autismus. Die Schule, unter der Leitung von Britta Büchter, legt großen Wert auf kleine Klassen und persönliche Betreuung, um jedem Kind gerecht zu werden. Das pädagogische Konzept verbindet eine fundierte allgemeine Bildung mit einer kaufmännischen Grundbildung und bereitet gezielt auf Berufsfelder in Wirtschaft und Verwaltung vor. Dabei werden aktuelle Megatrends der beruflichen Bildung in Wahllernbereichen und Modulen aufgegriffen. 

Zu den besonderen Angeboten gehören eine starke Ausrichtung auf MINT-Fächer und digitale Bildung, umfassende Berufsorientierung sowie Wahlkurse wie das ICDL Computerzertifikat und Erasmus+. Die Schule kooperiert zudem mit Condrobs. Ein herausragendes Merkmal sind die vielfältigen Therapie- und Fachdienste, darunter Physiotherapie, Logopädie, Ergotherapie, ein pflegerischer und psychologischer Dienst. Ergänzt wird dies durch eine heilpädagogische Tagesstätte und ein heilpädagogisches Internat, die umfassende Betreuungsangebote sicherstellen. Beratungsangebote wie ein Beratungszentrum, der Mobile Sonderpädagogische Dienst und der Sozialpädagogische Dienst stehen zur Verfügung. Für Schülerinnen und Schüler mit Blindheit und Seheinschränkungen gibt es die angegliederte Bayerische Medienabteilung (Mediablis). Die Schule befindet sich in der Kurzstr. 2, 81547 München, und bietet eine moderne Lernumgebung mit einer eigenen Kantine. Der Abschluss ist der mittlere Bildungsabschluss, der den Weg in eine duale Berufsausbildung oder zur Fachoberschule ebnet.","The Staatliche Wirtschaftsschule München an der Bayerischen Landesschule für Körperbehinderte is a state-sponsored, inclusive commercial school in Munich, specializing in the holistic support of students with physical-motor impairments and autism. It offers foundational commercial education, digital literacy, and comprehensive therapy and care services, including a therapeutic day care center and boarding school. The qualification obtained enables entry into vocational training or further schooling.","Die Staatliche Wirtschaftsschule München an der Bayerischen Landesschule für Körperbehinderte ist eine staatliche, inklusive Wirtschaftsschule in München, die sich auf die ganzheitliche Förderung von Schülern mit körperlich-motorischen Beeinträchtigungen und Autismus spezialisiert hat. Sie bietet eine kaufmännische Grundbildung, digitale Bildung und umfassende Therapie- sowie Betreuungsangebote, einschließlich einer heilpädagogischen Tagesstätte und eines Internats. Der Abschluss ermöglicht den Einstieg in die Berufsausbildung oder den Besuch weiterführender Schulen.",,,,,,,,,,,,,,,,,,,,,"[""Einreichung des Anmeldeformulars für die jeweilige Schulform (Förderschule, Wirtschaftsschule, Berufsfachschule)."", ""Maximal 1-2 ärztliche Gutachten (speziell für die Förderschule)."", ""Einreichung eines medizinischen Bogens."", ""Für die Förderschule (SVE/1. Klasse) sind die Unterlagen an anmeldung@baylfk.de zu senden."", ""Für Quereinsteiger der Förderschule sind die Unterlagen an bls@baylfk.de zu senden.""]",2026-04-20T08:47:07Z,"Die Anmeldung erfolgt durch Einreichung des entsprechenden Anmeldeformulars zusammen mit ärztlichen Gutachten und einem medizinischen Bogen. Es gibt spezifische Formulare für Förderschule, Wirtschaftsschule und Berufsfachschule, die im Downloadbereich der Website zu finden sind.","Kurzstr. 2, 81547 München",Bayern,12076.0,65.5,1.0,1505022.0,5671.0,München: sicherste Großstadt Deutschlands (>200k Einwohner) seit 50 Jahren,city_aggregate,5671.0,376.8,6061.0,12076.0,802.4,München,91219.0,6061.0,134.0,8.9,134.0,91219.0,815.0,54.2,2026-08-22,"jedeschule.codefor.de (CC0, scraped from km.bayern.de)","The State Business School Munich offers a practical commercial education, preparing students for careers in business and administration. As an integral part of the Bavarian State School for Physically Disabled, it places a strong focus on inclusion and accessible learning environments. The curriculum provides comprehensive knowledge in business, IT, and foreign languages, culminating in a qualified intermediate school leaving certificate.",,,,,,,,München,BY,,11.0,0.0,23.0,6.0,2.0,25.0,50.0,91219.0,,2025
BY-SCHUL_SCHULSTANDORTEFOERDERZENTREN_127a5f60-ae93-49c9-a97d-37ab5be346ce,Sonderpädagogisches Förderzentrum Dachauer Straße 98 / Nadistraße / München Mitte 1,Förderzentren,Förderzentren,,1912.0,Dachauer Str. 98,80335,München,,,,,Karin Güthler,236.0,50.0,,,,,Englisch,,,,,,,,,,,,,,Nicht verfügbar (Bayern),,,,,,,,,,,Bayern Kultusministerium Schulsuche,"Sonderpädagogische Diagnose- und Förderklassen, Förderschwerpunkte: Lernen, Sprache, emotionale und soziale Entwicklung.",48.1528352,11.5570287,,,,,,,,,,,,,,,,,,,,,,,,,,,,,,,,,,,,,,,,,,,,,,,,,,,,,,1.0,Durchschnittlich,Stiglmaierplatz,455.0,48.148379,11.555742,B,Stiglmaierplatz,503.0,48.147896,11.556977,,Stiglmaierplatz,505.0,48.147986,11.55528,A,Sandstraße,226.0,48.150596,11.558125,,Hochschule München (Lothstraße),263.0,48.154028,11.554177,2.0,Hochschule München (Lothstraße),339.0,48.154534,11.55348,1.0,Hochschule München (Lothstraße),297.0,48.154627,11.554517,5,Hochschule München (Lothstraße),300.0,48.154739,11.554718,4,Gaiglstraße,465.0,48.152462,11.550496,,0.0,1; 2; 4; 5; A; B,0.0,7.0,dm-drogerie markt,"Dachauer Str. 92, 80335 München, Germany",144.0,48.1513157,11.55781,Lidl,"Dachauer Str. 92, 80335 München, Germany",159.0,48.151682400000006,11.5586166,"treemans store, bakery & coffee","Dachauer Str. 69, 80335 München, Germany",289.0,48.149938899999995,11.5579772,20.0,Hotel Europa,"Dachauer Str. 115, 80335 München, Germany",64.0,48.1519229,11.5563283,Baal,"Kreittmayrstraße 26, 80335 München, Germany",194.0,48.1516291,11.5544318,AMARi | Kantine & Bar,"Dachauer Str. 90, 80335 München, Germany",198.0,48.15102900000001,11.5584386,20.0,Hotel Europa,"Dachauer Str. 115, 80335 München, Germany",64.0,48.1519229,11.5563283,Landbäckerei IHLE GmbH,"Dachauer Str. 92, 80797 München, Germany",160.0,48.1512712,11.5580817,AMARi | Kantine & Bar,"Dachauer Str. 90, 80335 München, Germany",198.0,48.15102900000001,11.5584386,9.0,Privater russisch-deutscher Kindergarten Matrjoschka,"Dachauer Str. 107, 80335 München, Germany",107.0,48.1515,11.55633,Krümelbande Kinderkrippe,"Dachauer Str. 97, 80335 München, Germany",122.0,48.1513344,11.557053800000002,Kinderhaus Spitzmäuse,"Erzgießereistraße 33, 80335 München, Germany",169.0,48.1518042,11.5546773,1.0,Primary school at the Dachauerstraße 98,"Dachauer Str. 98, 80335 München, Germany",57.0,48.152904,11.5570145,Grundschule an der Schwindstraße,"Zentnerstraße 2, 80798 München, Germany",553.0,48.1548886,11.5632378,Elementary school at the Blutenburgstrasse,"Blutenburgstraße 3, 80636 München, Germany",834.0,48.1479751,11.5477155,19.0,"The Special Education Support Center Dachauer Straße 98 / Nadistraße / München Mitte 1 is a specialized educational institution in the heart of Munich, dedicated to the individual support of children and adolescents with special educational needs. Located at Dachauer Straße 98, 80335 Munich, it is centrally situated and easily accessible. As a support center, the school focuses on providing special education diagnostic and support classes, aiming to comprehensively assist students in their specific developmental areas.

The pedagogical work of the support center is geared towards the focus areas of learning, language, and emotional and social development. This means that the school employs tailored curricula and didactic approaches to meet the individual learning paths and needs of each child. With 236 students and a dedicated team of 50 teachers, the center offers a student-teacher ratio that enables intensive and personal support. The small class sizes and specialized professionals ensure a high quality of special educational assistance.

Special offerings include not only the diagnostic classes but also a variety of therapeutic and counseling services that work closely with families and, if necessary, external specialists. Although no specific equipment features are mentioned, it can be assumed that the support center has barrier-free premises, specialized rooms for therapy and support, and age-appropriate learning environments tailored to the needs of the focus areas. Its location in Munich Mitte also provides access to urban resources and good connections to public transport. The care services typically include full-day care and supportive measures to strengthen students' social competencies and personality development.",,,,,,,,,,,,"Das Sonderpädagogische Förderzentrum Dachauer Straße 98 / Nadistraße / München Mitte 1 ist eine spezialisierte Bildungseinrichtung im Herzen Münchens, die sich der individuellen Förderung von Kindern und Jugendlichen mit besonderen pädagogischen Bedürfnissen widmet. Mit seiner Adresse in der Dachauer Straße 98, 80335 München, ist es zentral gelegen und gut erreichbar. Als Förderzentrum konzentriert sich die Schule auf die Bereitstellung von sonderpädagogischen Diagnose- und Förderklassen, die darauf abzielen, Schülerinnen und Schüler in ihren spezifischen Entwicklungsbereichen umfassend zu unterstützen.

Die pädagogische Arbeit des Förderzentrums ist auf die Förderschwerpunkte Lernen, Sprache sowie emotionale und soziale Entwicklung ausgerichtet. Dies bedeutet, dass die Schule maßgeschneiderte Lehrpläne und didaktische Ansätze anwendet, um den individuellen Lernwegen und Bedürfnissen jedes Kindes gerecht zu werden. Mit 236 Schülerinnen und Schülern und einem engagierten Team von 50 Lehrkräften bietet das Zentrum ein Betreuungsverhältnis, das eine intensive und persönliche Förderung ermöglicht. Die kleinen Klassengrößen und die spezialisierten Fachkräfte gewährleisten eine hohe Qualität der sonderpädagogischen Unterstützung.

Zu den besonderen Angeboten gehören nicht nur die diagnostischen Klassen, sondern auch eine Vielzahl von therapeutischen und beratenden Diensten, die eng mit den Familien und gegebenenfalls externen Fachstellen zusammenarbeiten. Obwohl keine spezifischen Ausstattungsmerkmale genannt werden, ist davon auszugehen, dass das Förderzentrum über barrierefreie Räumlichkeiten, spezialisierte Fachräume für Therapie und Förderung sowie altersgerechte Lernumgebungen verfügt, die auf die Bedürfnisse der Förderschwerpunkte zugeschnitten sind. Die Lage in München Mitte bietet zudem Zugang zu städtischen Ressourcen und eine gute Anbindung an öffentliche Verkehrsmittel. Das Betreuungsangebot umfasst in der Regel auch Ganztagsbetreuung und unterstützende Maßnahmen zur Stärkung der sozialen Kompetenzen und der Persönlichkeitsentwicklung der Schülerinnen und Schüler.","The Special Education Support Center Dachauer Straße 98 / Nadistraße / München Mitte 1 is a specialized school in Munich, serving 236 students with learning, language, and emotional and social development needs. With 50 teachers, it offers intensive, individualized support in special education diagnostic and support classes. Its central location and comprehensive care services complete the profile.","Das Sonderpädagogische Förderzentrum Dachauer Straße 98 / Nadistraße / München Mitte 1 ist eine spezialisierte Schule in München, die 236 Schüler mit Förderschwerpunkten in Lernen, Sprache sowie emotionaler und sozialer Entwicklung betreut. Mit 50 Lehrkräften bietet es intensive, individuelle Förderung in sonderpädagogischen Diagnose- und Förderklassen. Die zentrale Lage und umfassende Betreuungsangebote runden das Profil ab.",,,,,,,,,,,,,,,,,,,,"{""opens"": null, ""closes"": null, ""notes"": ""Die Anmeldung für die Grundschule in München, die als allgemeiner Anhaltspunkt dienen könnte, war am 2026-03-11. Spezifische Anmeldefristen für das Förderzentrum wurden nicht gefunden.""}","[""Schülerinnen und Schüler mit sonderpädagogischem Förderbedarf in den Bereichen Lernen oder Sprache."", ""Es gilt die Sprengelpflicht für öffentliche Förderzentren; ein Gastschulantrag ist bei zwingenden persönlichen Gründen möglich.""]",2026-04-20T08:48:28Z,Das Sonderpädagogische Förderzentrum München Mitte 1 bietet sonderpädagogische Diagnose- und Förderklassen (DFK) sowie eine Schulvorbereitende Einrichtung (SVE) an. Die Aufnahme setzt einen entsprechenden sonderpädagogischen Förderbedarf voraus.,"Dachauer Str. 98, 80335 München",Bayern,12076.0,65.5,1.0,1505022.0,5671.0,München: sicherste Großstadt Deutschlands (>200k Einwohner) seit 50 Jahren,city_aggregate,5671.0,376.8,6061.0,12076.0,802.4,München,91219.0,6061.0,134.0,8.9,134.0,91219.0,815.0,54.2,2026-08-22,"jedeschule.codefor.de (CC0, scraped from km.bayern.de)","The Sonderpädagogisches Förderzentrum Dachauer Straße 98 / Nadistraße in Munich Mitte 1 is a specialized special needs education center, dedicated to individually supporting students with special educational needs. It offers tailored curricula and pedagogical concepts to optimally develop their personal, social, and academic competencies, ensuring a holistic education.",,,,50.0,,,236.0,München,BY,,79.0,0.0,113.0,17.0,9.0,122.0,0.0,91219.0,2024_25,2025
BY-SCHUL_SCHULSTANDORTEFOERDERZENTREN_7375aaed-3037-42f5-be96-bbfe1cba24d3,"Mathilde-Eller-Schule, Förderzentrum mit Förderschwerpunkt geist. Entw. München",Förderzentren,Förderzentren,,1961.0,Klenzestr. 27,80469,München,,,,,Ulrike Stöger,157.0,30.0,,,,,,,,,,,,,,,,,,,Nicht verfügbar (Bayern),,,,,,,,,,,Bayern Kultusministerium Schulsuche,"Förderschwerpunkt geistige Entwicklung, Jahrgangsstufen 7-12",48.1313376,11.5777756,,,,,,,,,,,,,,,,,,,,,,,,,,,,,,,,,,,,,,,,,,,,,,,,,,,,,,1.0,Durchschnittlich,Unknown,357.0,48.130178,11.573439,B,Fraunhoferstraße,383.0,48.129429,11.574103,,Unknown,386.0,48.130089,11.573032,A,Reichenbachplatz,126.0,48.133296,11.576738,,Reichenbachplatz,130.0,48.133288,11.576564,,Müllerstraße,376.0,48.131698,11.572164,,Gärtnerplatztheater,129.0,48.132123,11.575443,,Gärtnerplatztheater,151.0,48.132333,11.575151,,Baaderstraße,252.0,48.130062,11.578318,,0.0,A; B,0.0,20.0,EDEKA van Dungen,"Reichenbachstraße 19, 80469 München, Germany",65.0,48.1320991,11.5763028,PENNY,"Klenzestraße 26, 80469 München, Germany",152.0,48.131508,11.5754088,NORMA Filiale,"Am Einlaß 3, 80469 München, Germany",201.0,48.1334028,11.5751477,20.0,Hotel Deutsche Eiche,"Reichenbachstraße 13, 80469 München, Germany",84.0,48.1327495,11.5764049,Cotidiano Gärtnerplatz,"Gärtnerpl. 6, 80469 München, Germany",113.0,48.132161499999995,11.575647,"QYU Restaurant Gärtnerplatz - Japanese & Vietnamese - Asia, Sushi & Cocktail Bar","Klenzestraße 8, 80469 München, Germany",134.0,48.1331948,11.5781884,20.0,Cotidiano Gärtnerplatz,"Gärtnerpl. 6, 80469 München, Germany",113.0,48.132161499999995,11.575647,The Victorian House,"Frauenstraße 14, 80469 München, Germany",241.0,48.134350399999995,11.5775669,Café Fräulein,"Frauenstraße 11, 80469 München, Germany",267.0,48.1345231,11.5780325,6.0,Kinderkrippen,"Baaderstraße 9, 80469 München, Germany",272.0,48.132546,11.5807972,Waldkindergarten Die Löwenkinder e.V.,"Baaderstraße 10, 80469 München, Germany",275.0,48.132867399999995,11.5807373,Städtische Kindertageseinrichtung,"Klenzestraße 46 A, 80469 München, Germany",416.0,48.1298605,11.5727906,4.0,Privat Realschule Huber (staatl. anerkannt) / Wahlpflichtfächergruppen III gemeinützige GmbH,"Kohlstraße 5, 80469 München, Germany",280.0,48.131917099999995,11.5809258,"Th-Gerhardinger-GS am Anger, München","Blumenstraße 26, 80331 München, Germany",361.0,48.133215,11.5725601,Isar primary school München Isartor,"Kohlstraße 5, 80469 München, Germany",395.0,48.13227080000001,11.5824966,18.0,"The Mathilde-Eller-Schule in Munich is a special education center with a specific focus on intellectual development, dedicated to the comprehensive education and individual support of students in grades 7 to 12. Since its founding in 1961, the school has developed into an important institution in Munich's educational landscape, currently serving 157 students with a dedicated team of 30 teachers. The pedagogical concept of the Mathilde-Eller-Schule is based on a holistic approach that places the individual strengths and needs of each child at its core. The aim is to prepare students as best as possible for an independent life and participation in society. This is achieved through individualized learning plans that promote cognitive, social, emotional, and motor skills. Special offers include therapeutic measures such as occupational therapy and speech therapy, which are directly integrated into the school day. Furthermore, a variety of projects and extracurricular activities are offered to address creative, musical, and athletic interests and support personal development. Another focus is on vocational orientation and preparation to facilitate the transition into working life. The school's facilities are tailored to the needs of students with intellectual development and include barrier-free classrooms, specialized rooms for crafts and home economics, a computer room, as well as therapy rooms and a sports area. The school is located at Klenzestraße 27 in the heart of Munich, in the vibrant Isarvorstadt district. This central location provides good access to public transport and offers access to cultural institutions and green spaces along the Isar river, which can be used for extracurricular activities. Care services typically include lunch and afternoon care, providing reliable support for parents and enabling students to have a structured daily routine. The Mathilde-Eller-Schule sees itself as a place of learning and living where everyone experiences appreciation and can develop their full potential.",,,,,,,,,,,,"Die Mathilde-Eller-Schule in München ist ein Förderzentrum mit dem spezifischen Förderschwerpunkt geistige Entwicklung, das sich der umfassenden Bildung und individuellen Förderung von Schülern der Jahrgangsstufen 7 bis 12 widmet. Seit ihrer Gründung im Jahr 1961 hat sich die Schule zu einer wichtigen Institution in der Münchner Bildungslandschaft entwickelt, die derzeit 157 Schülerinnen und Schüler von einem engagierten Team aus 30 Lehrkräften betreut. Das pädagogische Konzept der Mathilde-Eller-Schule basiert auf einem ganzheitlichen Ansatz, der die individuellen Stärken und Bedürfnisse jedes Kindes in den Mittelpunkt stellt. Ziel ist es, die Schülerinnen und Schüler bestmöglich auf ein selbstbestimmtes Leben und die Teilhabe an der Gesellschaft vorzubereiten. Dies geschieht durch individualisierte Lernpläne, die sowohl kognitive als auch soziale, emotionale und motorische Kompetenzen fördern. Besondere Angebote umfassen therapeutische Maßnahmen wie Ergotherapie und Logopädie, die direkt in den Schulalltag integriert sind. Darüber hinaus werden vielfältige Projekte und Arbeitsgemeinschaften angeboten, die kreative, musische und sportliche Interessen ansprechen und die Persönlichkeitsentwicklung unterstützen. Ein weiterer Schwerpunkt liegt auf der beruflichen Orientierung und Vorbereitung, um den Übergang ins Arbeitsleben zu erleichtern. Die Ausstattung der Schule ist auf die Bedürfnisse der Schülerinnen und Schüler mit geistiger Entwicklung zugeschnitten und umfasst barrierefreie Klassenzimmer, Fachräume für Werken und Hauswirtschaft, einen Computerraum sowie Therapieräume und einen Sportbereich. Die Schule befindet sich in der Klenzestraße 27 im Herzen von München, im lebendigen Stadtteil Isarvorstadt. Diese zentrale Lage ermöglicht eine gute Anbindung an öffentliche Verkehrsmittel und bietet Zugang zu kulturellen Einrichtungen sowie Grünflächen entlang der Isar, die für außerschulische Aktivitäten genutzt werden können. Betreuungsangebote umfassen in der Regel eine Mittagsverpflegung und eine Nachmittagsbetreuung, die den Eltern eine verlässliche Unterstützung bietet und den Schülerinnen und Schülern einen strukturierten Tagesablauf ermöglicht. Die Mathilde-Eller-Schule versteht sich als ein Ort des Lernens und Lebens, an dem jeder Einzelne Wertschätzung erfährt und sein volles Potenzial entfalten kann.","The Mathilde-Eller-Schule is a special education center in Munich for students in grades 7-12 with a focus on intellectual development. Since 1961, it has offered holistic education with individualized learning plans, therapeutic services, and vocational orientation to prepare its 157 students for an independent life. Its central location in Isarvorstadt and adapted facilities support this goal.","Die Mathilde-Eller-Schule ist ein Förderzentrum in München für Schüler der Jahrgangsstufen 7-12 mit Förderschwerpunkt geistige Entwicklung. Sie bietet seit 1961 eine ganzheitliche Bildung mit individualisierten Lernplänen, therapeutischen Angeboten und beruflicher Orientierung, um die 157 Schüler auf ein selbstbestimmtes Leben vorzubereiten. Die zentrale Lage in der Isarvorstadt und angepasste Ausstattung unterstützen dieses Ziel.",,,,,,,,,,,,,,,,,,,,,"[""Schüler:innen der Jahrgangsstufen 7 bis 12."", ""Es muss ein hoher sonderpädagogischer Förderbedarf festgestellt worden sein."", ""Der Förderschwerpunkt ist geistige Entwicklung.""]",2026-04-20T08:49:45Z,"Die Mathilde-Eller-Schule 2 ist ein Förderzentrum mit dem Förderschwerpunkt geistige Entwicklung für Schüler:innen der Jahrgangsstufen 7 bis 12. Ein hoher sonderpädagogischer Förderbedarf im Bereich der geistigen Entwicklung ist Voraussetzung für den Schulbesuch. Es wurden keine spezifischen Anmeldefristen oder -fenster gefunden, die über die allgemeine Feststellung des Förderbedarfs hinausgehen.","Klenzestr. 27, 80469 München",Bayern,12076.0,65.5,1.0,1505022.0,5671.0,München: sicherste Großstadt Deutschlands (>200k Einwohner) seit 50 Jahren,city_aggregate,5671.0,376.8,6061.0,12076.0,802.4,München,91219.0,6061.0,134.0,8.9,134.0,91219.0,815.0,54.2,2026-08-22,"jedeschule.codefor.de (CC0, scraped from km.bayern.de)","The Mathilde-Eller-Schule in Munich is a special education center dedicated to students with intellectual developmental needs. It offers highly individualized pedagogical and therapeutic programs, with curricula tailored to foster each child's personal, social, and cognitive abilities. The school's aim is to enable students to achieve the greatest possible participation in society.",,,,30.0,,,157.0,München,BY,,118.0,0.0,192.0,42.0,16.0,208.0,0.0,91219.0,2024_25,2025
BY-SCHUL_SCHULSTANDORTEFOERDERZENTREN_43fbc6df-81e6-400c-8b1b-36a11704a520,Sonderpädagogisches Förderzentrum Innsbrucker Ring/Berg-am-Laim-Str./ München Mitte 4,Förderzentren,Förderzentren,,,Innsbrucker Ring 75,81671,München,,,,,Dr. Stephan Hubel,266.0,44.0,,,,,,,,,,,,,,,,,,,Nicht verfügbar (Bayern),,,,,,,,,,,Bayern Kultusministerium Schulsuche,"Sonderpädagogische Diagnose- und Förderklassen. Förderschwerpunkte: Sprache, Lernen, emotionale und soziale Entwicklung.",48.1218508,11.6211725,,,,,,,,,,,,,,,,,,,,,,,,,,,,,,,,,,,,,,,,,,,,,,,,,,,,,,1.0,Durchschnittlich,Unknown,138.0,48.120642,11.620707,B,Unknown,156.0,48.120473,11.621608,C,Unknown,156.0,48.120678,11.619996,A,Schlüsselbergstraße,887.0,48.129742,11.622855,,Baumkirchner Straße,982.0,48.128457,11.629937,,,,,,,Bad-Schachener-Straße,321.0,48.11982,11.624241,,Bad-Schachener-Straße,333.0,48.119957,11.624643,,Grafinger Straße,336.0,48.124628,11.619409,,0.0,A; B; C,0.0,5.0,REWE express,"Innsbrucker Ring 52, 81671 München, Germany",194.0,48.1234989,11.6203425,Vinzenzmurr Metzgerei - München - Berg am Laim,"Echardinger Str. 65, 81671 München, Germany",212.0,48.1205061,11.6232055,EDEKA,"Echardinger Str. 65, 81671 München, Germany",212.0,48.1205043,11.6232055,4.0,Asabites,"Innsbrucker Ring, 81671 München, Germany",53.0,48.122051899999995,11.6205187,Gaststätte Isarflimmern,"Achentalstraße 9, 81671 München, Germany",313.0,48.122045799999995,11.6169633,Echardinger Einkehr,"Bad-Kreuther-Straße 8, 81671 München, Germany",331.0,48.121185999999994,11.6255094,1.0,Backstube Wünsche,"Echardinger Str. 65, 81671 München, Germany",179.0,48.1207049,11.6228701,,,,,,,,,,,5.0,Kindertagesstätte Fehwiesenstr. 120,"Fehwiesenstraße 120, 81673 München, Germany",223.0,48.1236202,11.6225716,Munich Child gGmbH - Haus für Kinder - Berg am Laim,"Oedkarspitzstraße 13, 81671 München, Germany",297.0,48.1214952,11.6172033,Kinderkrippen,"Grafinger Str. 96, 81671 München, Germany",302.0,48.1243996,11.6197753,1.0,Grundschule an der Grafinger Str,"Grafinger Str. 71, 81671 München, Germany",460.0,48.1250283,11.6172062,Primary school at the Führichstraße,"Führichstraße 53, 81671 München, Germany",794.0,48.1160078,11.614997,Grundschule Berg-am-Laim,"Berg-am-Laim-Straße 142, 81673 München, Germany",934.0,48.1284918,11.6288614,11.0,"The Sonderpädagogisches Förderzentrum Innsbrucker Ring/Berg-am-Laim-Str./ München Mitte 4 is a public educational institution in Munich specializing in supporting children and adolescents with special educational needs. With 266 students and 44 teachers, the school offers comprehensive care and individual support. The main areas of focus are language, learning, and emotional and social development. For this purpose, special education diagnostic and support classes are offered, enabling a targeted pedagogy tailored to the students' needs. The educational program ranges from preschool to vocational transition, with the learning focus area fully covering grades 1 to 9.

The school is located at Innsbrucker Ring 75, 81671 Munich, and is well-connected to public transport, with the Innsbrucker Ring subway station in the immediate vicinity. The special education center serves as a competence center for special education and is an important alternative learning environment to general schools for students from surrounding districts such as Berg am Laim, Ramersdorf-Perlach, Haidhausen, Obergiesing, Untergiesing, and Harlaching.

The school's facilities were modernized through extensive general renovation, conversion, and expansion measures completed around 2014. The center includes a main school, the special education center itself, and sports halls, with special rooms available for individual support. In addition to the bound full-day school program, the school also offers midday care and an open full-day program to provide families with flexible childcare options. A key component of the pedagogical concept is also the support of inclusion in mainstream schools through Mobile Special Education Services (MSD) and cooperation classes, through which the special education center shares its expertise beyond its own walls. The City of Munich is the financial sponsor of the school.",,,,,,,,,,,,"Das Sonderpädagogische Förderzentrum Innsbrucker Ring/Berg-am-Laim-Str./ München Mitte 4 ist eine öffentliche Bildungseinrichtung in München, die sich auf die Förderung von Kindern und Jugendlichen mit sonderpädagogischem Förderbedarf spezialisiert hat. Mit 266 Schülern und 44 Lehrkräften bietet die Schule eine umfassende Betreuung und individuelle Unterstützung. Die Förderschwerpunkte liegen in den Bereichen Sprache, Lernen sowie emotionale und soziale Entwicklung. Hierfür werden sonderpädagogische Diagnose- und Förderklassen angeboten, die eine gezielte und auf die Bedürfnisse der Schüler zugeschnittene Pädagogik ermöglichen. Das Bildungsangebot reicht von der Vorschule bis zum Übergang in den Beruf, wobei der Förderschwerpunkt Lernen die Jahrgangsstufen 1 bis 9 vollständig abdeckt.

Die Schule befindet sich am Innsbrucker Ring 75 in 81671 München und ist gut an den öffentlichen Nahverkehr angebunden, mit der U-Bahn-Haltestelle Innsbrucker Ring in unmittelbarer Nähe. Das Förderzentrum dient als Kompetenzzentrum für Sonderpädagogik und ist ein wichtiger alternativer Lernort zur allgemeinen Schule für Schüler aus den umliegenden Stadtteilen wie Berg am Laim, Ramersdorf-Perlach, Haidhausen, Obergiesing, Untergiesing und Harlaching.

Die Ausstattung der Schule wurde durch umfangreiche Generalsanierungs-, Umbau- und Erweiterungsmaßnahmen, die um 2014 abgeschlossen wurden, modernisiert. Das Zentrum umfasst eine Hauptschule, das sonderpädagogische Förderzentrum selbst und Sporthallen, wobei besondere Räumlichkeiten für die individuelle Förderung zur Verfügung stehen. Neben dem gebundenen Ganztagsschulbetrieb bietet die Schule auch Mittagsbetreuung und einen offenen Ganztag an, um den Familien flexible Betreuungsangebote zu ermöglichen. Ein wesentlicher Bestandteil des pädagogischen Konzepts ist auch die Unterstützung der Inklusion in Regelschulen durch Mobile Sonderpädagogische Dienste (MSD) und Kooperationsklassen, wodurch das Förderzentrum seine Expertise über die eigenen Mauern hinaus teilt. Die Landeshauptstadt München ist der Sachaufwandsträger der Schule.","The Sonderpädagogisches Förderzentrum Innsbrucker Ring/Berg-am-Laim-Str./ München Mitte 4 is a public special education center in Munich with 266 students and 44 teachers. It specializes in language, learning, and emotional and social development, offering diagnostic and support classes from preschool to vocational entry. The school features modernized facilities, full-day programs, and supports inclusion in mainstream schools.","Das Sonderpädagogische Förderzentrum Innsbrucker Ring/Berg-am-Laim-Str./ München Mitte 4 ist ein öffentliches Förderzentrum in München mit 266 Schülern und 44 Lehrkräften. Es spezialisiert sich auf die Förderschwerpunkte Sprache, Lernen sowie emotionale und soziale Entwicklung und bietet Diagnose- und Förderklassen von der Vorschule bis zum Berufseinstieg an. Die Schule verfügt über modernisierte Einrichtungen, Ganztagsangebote und unterstützt die Inklusion in Regelschulen.",,,,,,,,,,,,,,,,,,,,,"[""Der Mobile Sonderpädagogische Dienst (MSD) wird von Lehrkräften der Grund- oder Mittelschulen eingeschaltet."", ""Voraussetzung ist, dass ein Kind große Schwierigkeiten im Lernen, der Sprache oder dem Verhalten hat."", ""Ziel ist es, das Lernen und Leben der Kinder und Jugendlichen ihren persönlichen Möglichkeiten entsprechend zu unterstützen."", ""Beantragende Lehrkräfte füllen ein Formular aus und schicken es über die Schulleitung an das SFZ."", ""Anschließend nimmt eine SFZ-Kollegin oder ein Kollege Kontakt auf und vereinbart einen Beratungstermin."", ""Ein Anmeldeformular ist verfügbar.""]",2026-04-20T08:48:54Z,Die Aufnahme erfolgt über den Mobilen Sonderpädagogischen Dienst (MSD) nach Antragstellung durch die Grund- oder Mittelschule des Kindes. Ein Beratungstermin wird nach Einreichung des Anmeldeformulars vereinbart. Für weitere Informationen und das Anmeldeformular sollte direkter Kontakt mit dem SFZ aufgenommen werden.,"Innsbrucker Ring 75, 81671 München",Bayern,12076.0,65.5,1.0,1505022.0,5671.0,München: sicherste Großstadt Deutschlands (>200k Einwohner) seit 50 Jahren,city_aggregate,5671.0,376.8,6061.0,12076.0,802.4,München,91219.0,6061.0,134.0,8.9,134.0,91219.0,815.0,54.2,2026-08-22,"jedeschule.codefor.de (CC0, scraped from km.bayern.de)","The Sonderpädagogisches Förderzentrum Innsbrucker Ring/Berg-am-Laim-Str. in Munich is a specialized educational institution providing individualized support for students with diverse special educational needs. It focuses on holistic development through adapted curricula, aiming to strengthen academic and social competencies. Instruction is primarily conducted in German.",,,,44.0,,,266.0,München,BY,,27.0,0.0,72.0,10.0,5.0,77.0,0.0,91219.0,2024_25,2025
BY-SCHUL_SCHULSTANDORTEMITTELSCHULEN_6a992f2f-eb1e-4c80-9376-da5276bab040,"Mittelschule München, Knappertsbuschstraße 43",Mittelschulen,Mittelschulen,,1968.0,Knappertsbuschstr. 43,81927,München,,,,,Christiane Geerkens,228.0,22.0,,,,,Englisch,,,,,,,,,,,,,,Nicht verfügbar (Bayern),,,,,,,,,,,Bayern Kultusministerium Schulsuche,"DeutschPLUS (GMS), Fokus im sozialen Bereich, individuelle Förderpläne, Methoden-Team-Training, zusätzliche Stunden in Deutsch, Mathe, Englisch.",48.1632165,11.6391562,,,,,,,,,,,,,,,,,,,,,,,,,,,,,,,,,,,,,,,,,,,,,,,,,,,,,,1.0,Durchschnittlich,Johanneskirchen,665.0,48.167608,11.646009,,Englschalking,979.0,48.156763,11.648351,,,,,,,Taimerhofstraße,758.0,48.166711,11.63073,,Prinz-Eugen-Park,780.0,48.162616,11.629201,,Regina-Ullmann-Straße,799.0,48.169904,11.635135,,Bruno-Walter-Ring,123.0,48.162332,11.640143,183; 184; 185,Bruno-Walter-Ring,125.0,48.162326,11.640207,,Knappertsbuschstraße,347.0,48.160385,11.640951,,0.0,183; 184; 185,0.0,1.0,Lidl,"Freischützstraße 46, 81927 München, Germany",434.0,48.165119999999995,11.6449,,,,,,,,,,,1.0,Osteria Casa-Mia,"Freischützstraße 42, 81927 München, Germany",460.0,48.1637974,11.6458199,,,,,,,,,,,1.0,Prinzen Cafe,"Jörg-Hube-Straße 115, 81927 München, Germany",472.0,48.1604289,11.6350837,,,,,,,,,,,2.0,Städtische Kindertagesstätte An Der Tuchbleiche,"An d. Tuchbleiche 24, 81927 München, Germany",448.0,48.1667731,11.636380400000002,Städtische Kindertageseinrichtung,"Robert-Heger-Straße 11, 81927 München, Germany",475.0,48.1592637,11.6413447,Partou Kita Meistersingerstraße (ehem. Paula & Max),"Meistersingerstraße 79, 81927 München, Germany",534.0,48.1585942,11.6402217,0.0,Staatl. Grundschule,"Regina-Ullmann-Straße 6, 81927 München, Germany",725.0,48.1696417,11.636915,Grundschule an der Ostpreußenstraße,"Ostpreußenstraße 88, 81927 München, Germany",807.0,48.156292699999995,11.6419405,Grundschule an der Oberföhringer Straße,"Oberföhringer Str. 224, 81925 München, Germany",1222.0,48.1714527,11.6284704,6.0,"Mittelschule München, Knappertsbuschstraße 43, is a public middle school in Munich, currently educating 228 students with a dedicated team of 22 teachers across grades 5 to 10. Its mission statement, ""Fit for life – starting into the future with personality and perspective,"" forms the foundation of all school activities, emphasizing a comprehensive preparation for students' future lives. A special focus is placed on the social domain, aiming to re-instill the joy of learning in students who may have had negative school experiences and to strengthen their personalities.

As a full-day school with mandatory attendance, Mittelschule an der Knappertsbuschstraße offers an extended timeframe that enables innovative pedagogical approaches. This includes integrating practical experiences into daily lessons and applying modern, time-intensive methods. In addition to extra lessons in German, Mathematics, and English, students benefit from individual support plans based on learning diagnostics and targeted methods team training, which teaches them 'how to learn.' The DeutschPLUS (GMS) program is another feature of the special care offerings. From the 7th grade onwards, qualified specialized instruction is offered in elective subjects to optimally prepare students for vocational readiness.

The school is located at Knappertsbuschstraße 43 in the Bogenhausen district of Munich. The quality of its work is ensured through regular comparative assessments and participation in studies on the development of full-day classes. Mittelschule München, Knappertsbuschstraße 43, is thus an educational institution characterized by strong social commitment, individual support, and future-oriented pedagogy.",,,,,,,,,,,,"Die Mittelschule München, Knappertsbuschstraße 43, ist eine öffentliche Mittelschule in München, die derzeit 228 Schülerinnen und Schüler mit einem engagierten Team von 22 Lehrkräften in den Jahrgangsstufen 5 bis 10 unterrichtet. Ihr Leitbild „Fit fürs Leben – mit Persönlichkeit und Perspektive in die Zukunft (starten)“ bildet die Grundlage aller schulischen Aktivitäten und unterstreicht den Anspruch, die Schüler umfassend auf ihr zukünftiges Leben vorzubereiten. Ein besonderer Fokus liegt auf dem sozialen Bereich, um Schülerinnen und Schülern, die möglicherweise negative Schulerfahrungen gemacht haben, wieder Freude am Lernen zu vermitteln und ihre Persönlichkeit zu stärken.

Als gebundene Ganztagsschule bietet die Mittelschule an der Knappertsbuschstraße ein erweitertes Zeitfenster, das innovative pädagogische Ansätze ermöglicht. Dazu gehören die Integration praktischer Erfahrungen in den Unterrichtsalltag sowie die Anwendung moderner, zeitaufwändiger Methoden. Neben zusätzlichen Unterrichtsstunden in Deutsch, Mathematik und Englisch profitieren die Schüler von individuellen Förderplänen, die auf Lernstandsdiagnosen basieren, und einem gezielten Methoden-Team-Training, das ihnen das 'Lernen lernen' vermittelt. Das Angebot DeutschPLUS (GMS) ist ein weiteres Merkmal der besonderen Betreuungsangebote. Ab der 7. Jahrgangsstufe wird qualifizierter Fachunterricht in den Wahlpflichtfächern angeboten, um die Schüler optimal auf die Ausbildungsreife vorzubereiten.

Die Schule befindet sich in der Knappertsbuschstraße 43 im Stadtteil Bogenhausen von München. Die Qualität der Arbeit wird durch regelmäßige Vergleichsarbeiten und die Teilnahme an Studien zur Entwicklung von Ganztagsklassen gesichert. Die Mittelschule München, Knappertsbuschstraße 43, ist somit eine Bildungseinrichtung, die sich durch ein starkes soziales Engagement, individuelle Förderung und eine zukunftsorientierte Pädagogik auszeichnet.","Mittelschule München, Knappertsbuschstraße 43, is a public full-day middle school for grades 5-10 with 228 students and 22 teachers. It emphasizes social development, individual support through DeutschPLUS (GMS) and extra hours in core subjects, and methods team training to prepare students 'fit for life.'","Die Mittelschule München, Knappertsbuschstraße 43, ist eine öffentliche Ganztagsschule für die Jahrgangsstufen 5-10 mit 228 Schülern und 22 Lehrkräften. Sie legt großen Wert auf soziale Entwicklung, individuelle Förderung durch DeutschPLUS (GMS) und zusätzliche Stunden in Kernfächern sowie Methoden-Team-Training, um Schüler 'fit fürs Leben' zu machen.",,,,,,,,,,,,,,,,,,,,"{""opens"": null, ""closes"": ""2026-04-03"", ""notes"": ""Die Frist für die digitale Voranmeldung endete am 3. April 2026.""}","[""Voranmeldung erforderlich, wenn das Kind im Zwischenzeugnis die Eignung für die Mittelschule oder den M-Zug einer Mittelschule erhalten hat."", ""Digitale Voranmeldung über ein Portal des Staatlichen Schulamts München möglich."", ""Persönliche oder telefonische Voranmeldung an der Sprengel-Mittelschule ist ebenfalls möglich."", ""Online-Anmeldung verfügbar, bei der die Mailadressen aller Erziehungsberechtigten anzugeben sind.""]",2026-04-20T08:57:56Z,Die digitale Voranmeldung für das Schuljahr 2026/27 war bis zum 3. April 2026 möglich. Eine persönliche oder telefonische Voranmeldung an der Sprengel-Mittelschule ist als Alternative zur digitalen Voranmeldung genannt.,"Knappertsbuschstr. 43, 81927 München",Bayern,12076.0,65.5,1.0,1505022.0,5671.0,München: sicherste Großstadt Deutschlands (>200k Einwohner) seit 50 Jahren,city_aggregate,5671.0,376.8,6061.0,12076.0,802.4,München,91219.0,6061.0,134.0,8.9,134.0,91219.0,815.0,54.2,2026-08-22,"jedeschule.codefor.de (CC0, scraped from km.bayern.de)","Mittelschule München at Knappertsbuschstraße 43 is a secondary school in Munich, Bavaria, offering a practice-oriented general education. It prepares students for the ""qualifizierender Mittelschulabschluss"" and the ""mittlerer Schulabschluss,"" with a strong focus on vocational guidance and the development of practical skills. In addition to German as the language of instruction, English is taught as the primary foreign language.",,,,22.0,,,228.0,München,BY,,9.0,0.0,16.0,0.0,2.0,18.0,64.0,91219.0,2024_25,2025
BY-SCHUL_SCHULSTANDORTEFOERDERZENTREN_3721b800-751d-49a1-a6d2-19d237e7bcc8,"Bayerische Landesschule f.Körperbehinderte München Förderzentr., Förderschwerp.körperl.u.mot.Entw.",Förderzentren,Förderzentren,,1832.0,Kurzstr. 2,81547,München,,,,,,223.0,51.0,,,,,,,,,,,,,,,,,,,Nicht verfügbar (Bayern),,,,,,,,,,,Bayern Kultusministerium Schulsuche,"Förderzentrum für körperliche und motorische Entwicklung, Sonderpädagogische Diagnose- und Förderklassen, SVE, BVJ, Berufsschulstufe, Heilpädagogische Tagesstätte/Internat.",48.1046703,11.5688886,,,,,,,,,,,,,,,,,,,,,,,,,,,,,,,,,,,,,,,,,,,,,,,,,,,,,,1.0,Durchschnittlich,Unknown,634.0,48.108531,11.575053,,Unknown,642.0,48.109106,11.574362,A,Wettersteinplatz,652.0,48.108206,11.57574,U1,Kurzstraße,95.0,48.104623,11.569862,,Südtiroler Straße,475.0,48.100725,11.566624,,Wettersteinplatz,680.0,48.10929,11.574805,,Kurzstraße,100.0,48.104983,11.56993,,Kurzstraße,106.0,48.104297,11.569835,,Lebschéestraße,429.0,48.107868,11.565124,,0.0,A; U1,0.0,2.0,Jacques’ Wein-Depot,"Grünwalder Str. 40, 81547 München, Germany",143.0,48.1054906,11.5702263,Edeka Martinovic,"Säbener Str. 21, 81547 München, Germany",472.0,48.1060872,11.5746605,,,,,,7.0,CHUAN-FANS,"Grünwalder Str. 71, 81547 München, Germany",125.0,48.1039024,11.5696438,Bäckerei Zöttl,"Grünwalder Str. 61, 81547 München, Germany",130.0,48.104675400000005,11.5703479,Ritzer’s Gourmet-Catering,"Birkenleiten 48, 81543 München, Germany",252.0,48.1066813,11.5667312,4.0,Bäckerei Zöttl,"Grünwalder Str. 61, 81547 München, Germany",130.0,48.104675400000005,11.5703479,Schön Cafe,"Harlachinger Str. 51, 81547 München, Germany",155.0,48.1040807,11.5668131,Frischbackstube Alp,"Harlachinger Str. 51, 81547 München, Germany",155.0,48.1040807,11.5668131,3.0,Joki Kinderbetreuung Harlaching,"Birkenleiten 41, 81543 München, Germany",185.0,48.1060917,11.567048,Echte-Naturhelden,"Reichenhaller Str., 81547 München, Germany",356.0,48.10761,11.5708771,Städt. Kindertagesstätte,"Schönstraße 75, 81543 München, Germany",413.0,48.104685,11.5630533,0.0,Mittagsbetreuung an der Grundschule Fromundstraße,"Fromundstraße 1, 81547 München, Germany",674.0,48.108360999999995,11.5759379,Elementary school at the Fromundstraße,"Fromundstraße 5, 81547 München, Germany",705.0,48.1079273,11.5768614,Elementary school at the Rotbuchenstraße,"Rotbuchenstraße 81, 81547 München, Germany",888.0,48.097774,11.5743167,11.0,"The Bavarian State School for Physically Disabled in Munich is a renowned special education center focusing on physical and motor development, located at Kurzstraße 2, 81547 Munich. Established in 1832, the school has a long tradition in specialized education and is sponsored by the Free State of Bavaria. With 223 students and 51 teachers, it offers intensive and individualized support. The pedagogical concept is designed to comprehensively support students with physical and motor impairments. This is achieved through special education diagnostic and support classes, enabling targeted assistance. The educational program includes special education centers for grades 1-10 with focuses on physical and motor development, learning, and intellectual development. Furthermore, the school offers a School Preparatory Facility (SVE) for preschoolers and a vocational school level (grades 10-12), which also includes the Vocational Preparation Year (BVJ) and vocational preparatory training measures (BVB) to facilitate the transition into professional life. A special feature is the Curative Education Day Care Center and boarding school, which ensure comprehensive care services beyond regular classes. The school also functions as a training school for teachers and offers full-day schooling. Additional special features include counseling services for communication aids for preschoolers and students and their caregivers, as well as career counseling provided by the Federal Employment Agency, which supports students in their career orientation. Its central location in Munich ensures good accessibility and integration into the urban environment, while specialized facilities and dedicated staff create an optimal learning and living environment for the students.",,,,,,,,,,,,"Die Bayerische Landesschule für Körperbehinderte München ist ein renommiertes Förderzentrum mit dem Förderschwerpunkt körperliche und motorische Entwicklung, gelegen in der Kurzstraße 2, 81547 München. Gegründet im Jahr 1832, blickt die Schule auf eine lange Tradition in der spezialisierten Bildung zurück und wird vom Freistaat Bayern getragen. Mit 223 Schülern und 51 Lehrkräften bietet sie eine intensive und individuelle Betreuung. Das pädagogische Konzept ist darauf ausgerichtet, Schülerinnen und Schüler mit körperlichen und motorischen Einschränkungen umfassend zu fördern. Dies geschieht durch Sonderpädagogische Diagnose- und Förderklassen, die eine gezielte Unterstützung ermöglichen. Das Bildungsangebot umfasst Förderzentren für die Jahrgangsstufen 1-10 mit Schwerpunkten in körperlicher und motorischer Entwicklung, Lernen sowie geistiger Entwicklung. Darüber hinaus bietet die Schule eine Schulvorbereitende Einrichtung (SVE) für Vorschulkinder und eine Berufsschulstufe (Jahrgangsstufen 10-12), die auch das Berufsvorbereitungsjahr (BVJ) und berufsvorbereitende Bildungsmaßnahmen (BVB) einschließt, um den Übergang ins Berufsleben zu erleichtern. Ein besonderes Merkmal ist die Heilpädagogische Tagesstätte und das Internat, die umfassende Betreuungsangebote über den Unterricht hinaus sicherstellen. Die Schule fungiert zudem als Seminarschule und bietet Ganztagsschulbetrieb an. Zu den weiteren Besonderheiten zählen Beratungsangebote für Hilfen zur Kommunikation für Vorschulkinder und Schüler sowie deren Bezugspersonen, sowie eine Berufsberatung durch die Agentur für Arbeit, die Schülerinnen und Schüler bei der beruflichen Orientierung unterstützt. Die zentrale Lage in München ermöglicht eine gute Erreichbarkeit und Integration in das städtische Umfeld, während die spezialisierte Ausstattung und das engagierte Personal eine optimale Lern- und Lebensumgebung für die Schüler schaffen.","The Bavarian State School for Physically Disabled in Munich, founded in 1832, is a special education center for physical and motor development with 223 students and 51 teachers. It offers specialized diagnostic and support classes, SVE, vocational school level, and a curative education day care center/boarding school. The comprehensive educational and care services are complemented by communication and career counseling.","Die Bayerische Landesschule für Körperbehinderte München ist ein 1832 gegründetes Förderzentrum für körperliche und motorische Entwicklung mit 223 Schülern und 51 Lehrkräften. Sie bietet spezialisierte Diagnose- und Förderklassen, SVE, Berufsschulstufe sowie eine Heilpädagogische Tagesstätte/Internat. Das umfassende Bildungs- und Betreuungsangebot wird durch Beratungsdienste für Kommunikation und Berufsberatung ergänzt.",,,,,,,,,,,,,,,,,,,,,"[""Einreichung des Anmeldeformulars für die jeweilige Schulform (Förderschule, Wirtschaftsschule, Berufsfachschule)."", ""Maximal 1-2 ärztliche Gutachten (speziell für die Förderschule)."", ""Einreichung eines medizinischen Bogens."", ""Für die Förderschule (SVE/1. Klasse) sind die Unterlagen an anmeldung@baylfk.de zu senden."", ""Für Quereinsteiger der Förderschule sind die Unterlagen an bls@baylfk.de zu senden.""]",2026-04-20T08:43:34Z,"Die Anmeldung erfolgt durch Einreichung des entsprechenden Anmeldeformulars zusammen mit ärztlichen Gutachten und einem medizinischen Bogen. Es gibt spezifische Formulare für Förderschule, Wirtschaftsschule und Berufsfachschule, die im Downloadbereich der Website zu finden sind.","Kurzstr. 2, 81547 München",Bayern,12076.0,65.5,1.0,1505022.0,5671.0,München: sicherste Großstadt Deutschlands (>200k Einwohner) seit 50 Jahren,city_aggregate,5671.0,376.8,6061.0,12076.0,802.4,München,91219.0,6061.0,134.0,8.9,134.0,91219.0,815.0,54.2,2026-08-22,"jedeschule.codefor.de (CC0, scraped from km.bayern.de)","The Bayerische Landesschule für Körperbehinderte München is a special needs center (Förderzentrum) dedicated to the academic education and holistic development of students with physical and motor impairments. It offers individualized curricula, therapeutic support, and specialized pedagogical approaches to ensure optimal development and diverse educational pathways for each child.",,,,51.0,,,223.0,München,BY,,11.0,0.0,23.0,6.0,2.0,25.0,50.0,91219.0,2024_25,2025
BY-SCHUL_SCHULSTANDORTEGYMNASIEN_3ca9f87f-48c6-4253-b32d-59c23194efdd,Max-Josef-Stift München,Gymnasien,Gymnasien,,1813.0,Mühlbaurstr. 15,81677,München,,,,,,590.0,62.0,,,,,"Latein, Englisch, Französisch",,,,,,,,,,,,,,Nicht verfügbar (Bayern),,,,,,,,,,,Bayern Kultusministerium Schulsuche,"Stützpunktschule für Bewegungskünste (Akrobatik, Artistik), sprachlicher und musischer Zweig, Theater- und Filmklasse, MINT-Angebote.",48.141982,11.6104798,,,,,,,,,,,,,,,,,,,,,,,,,,,,,,,,,,,,,,,,,,,,,,,,,,,,,,1.0,Durchschnittlich,Unknown,325.0,48.139637,11.607041,A,Unknown,336.0,48.139292,11.60743,B,Prinzregentenplatz,356.0,48.139266,11.607034,,Grillparzerstraße,585.0,48.136491,11.610338,1.0,Einsteinstraße,621.0,48.136826,11.614013,,Einsteinstraße,633.0,48.13682,11.614345,,Prinzregentenplatz,346.0,48.139541,11.606781,,Prinzregentenplatz,362.0,48.139172,11.607088,,Galileiplatz,369.0,48.14415,11.606642,,0.0,1; A; B,0.0,6.0,EDEKA Prinzregent,"Zaubzerstraße 11, 81677 München, Germany",218.0,48.1398091,11.6104813,E xpress,"Possartstraße 8, 81679 München, Germany",258.0,48.1407442,11.6069319,Prinzen Früchte,"Prinzregentenstraße 115, 81677 München, Germany",390.0,48.1385266,11.6121472,19.0,Hippocampus,"Mühlbaurstraße 5, 81677 München, Germany",188.0,48.140572899999995,11.6082533,EAT HAPPY,"Zaubzerstraße 11, 81677 München, Germany",218.0,48.13980900000001,11.610481,Cafe Weyerer,"Mühlbaurstraße 36, 81677 München, Germany",299.0,48.142146,11.614059,7.0,Cafézauber,"Zaubzerstraße 9, 81677 München, Germany",219.0,48.1397811,11.6099675,Cafe Weyerer,"Mühlbaurstraße 36, 81677 München, Germany",299.0,48.142146,11.614059,Münchner Backstube,"Prinzregentenpl., 81675 München, Germany",347.0,48.1395503,11.6067469,4.0,Elly & Stoffl Bogenhausen GmbH,"Röntgenstraße 15, 81679 München, Germany",127.0,48.1426419,11.6111325,Am Sternenwinkel Kita,"Possartstraße 35, 81679 München, Germany",403.0,48.144384599999995,11.6063351,Eltern-Kind-Initiative Versaillerstraße e.V.,"Versailler Str. 20, 81677 München, Germany",408.0,48.1380782,11.6103154,0.0,Ernst-Reuter-Grundschule,"Ernst-Reuter-Straße 4, 81675 München, Germany",659.0,48.13587,11.61118,Förderverein Grundschule an der Ernst-Reuter-Straße e.V.,"Ernst-Reuter-Straße 4, 81675 München, Germany",660.0,48.1358698,11.6113258,Phorms Campus Munich,"Maria-Theresia-Straße 35, 81675 München, Germany",896.0,48.147194299999995,11.6011713,13.0,"The Max-Josef-Stift in Munich is a traditional state-run girls' grammar school, founded in 1813, making it the second oldest Gymnasium in Munich and the first school in Bavaria to offer higher education to girls. It is one of only two state girls' grammar schools in Bavaria and is characterized by its non-denominational approach. The school is located at Mühlbaurstraße 15 in the Bogenhausen district, an urban setting with a big-city flair, and boasts an attractive campus.

With approximately 590 students and 62 teachers, the Max-Josef-Stift offers a familiar learning environment. The pedagogical concept includes a linguistic and a musical branch. In the linguistic area, Latin, English, and French are offered, with French also available as a late-starting foreign language from the 11th grade. Special offerings include its recognition as a support school for performing arts (acrobatics, artistry), providing an elective course across all grades for all students. Furthermore, there is an established theater and film class, as well as diverse MINT (STEM) programs taught in a newly equipped building. Exchange programs, for example to Paris, allow students to experience language skills and culture firsthand.

Emphasis is placed on a committed school leadership and a motivated faculty, contributing to a pleasant school climate. For individual support, 'power courses' in subjects like Latin and mathematics are offered to address deficits. In terms of care services, the Max-Josef-Stift features a boarding school and a girls' dormitory, as well as open all-day care, providing comprehensive support to its students.",,,,,,,,,,,,"Das Max-Josef-Stift in München ist ein traditionsreiches staatliches Mädchengymnasium mit einer Gründung im Jahr 1813, was es zum zweitältesten Gymnasium Münchens und zur ersten Schule in Bayern macht, die Mädchen eine höhere Schulbildung ermöglichte. Es ist eine von nur zwei staatlichen Mädchengymnasien in Bayern und zeichnet sich durch seine konfessionsfreie Ausrichtung aus. Die Schule befindet sich in der Mühlbaurstraße 15 im Stadtteil Bogenhausen, einer urbanen Lage mit Großstadtflair, und verfügt über einen ansprechenden Campus.

Mit rund 590 Schülerinnen und 62 Lehrkräften bietet das Max-Josef-Stift ein familiäres Lernumfeld. Das pädagogische Konzept umfasst einen sprachlichen und einen musischen Zweig. Im sprachlichen Bereich werden Latein, Englisch und Französisch angeboten, wobei Französisch auch als spät beginnende Fremdsprache ab der 11. Jahrgangsstufe gewählt werden kann. Besondere Angebote sind die Anerkennung als Stützpunktschule für Bewegungskünste (Akrobatik, Artistik), die einen jahrgangsübergreifenden Wahlunterricht für alle Schülerinnen bietet. Zudem gibt es eine etablierte Theater- und Filmklasse sowie vielfältige MINT-Angebote, die in einem neu ausgestatteten Gebäude unterrichtet werden. Austauschprogramme, beispielsweise nach Paris, ermöglichen den Schülerinnen, Sprachkenntnisse und Kultur hautnah zu erleben.

Die Schule legt Wert auf eine engagierte Schulleitung und ein motiviertes Kollegium, was zu einem angenehmen Schulklima beiträgt. Für die individuelle Förderung werden 'Powerkurse' in Fächern wie Latein und Mathematik angeboten, um Defizite aufzuholen. Im Bereich der Betreuungsangebote verfügt das Max-Josef-Stift über ein Internat und ein Schülerinnenheim sowie eine offene Ganztagsbetreuung, die den Schülerinnen umfassende Unterstützung bietet.","The Max-Josef-Stift Munich is a state-run girls' grammar school founded in 1813, offering linguistic and musical branches. It is a support school for performing arts and features a theater and film class, as well as MINT programs. The school provides boarding and all-day care in an urban location in Bogenhausen.",Das Max-Josef-Stift München ist ein 1813 gegründetes staatliches Mädchengymnasium mit sprachlichem und musischem Zweig. Es ist Stützpunktschule für Bewegungskünste und bietet eine Theater- und Filmklasse sowie MINT-Angebote. Die Schule verfügt über ein Internat und Ganztagsbetreuung in urbaner Lage in Bogenhausen.,,,,,,,,,,,,,,,,,,,,"{""opens"": null, ""closes"": ""2026-05-11"", ""notes"": ""Online-Einschreibung ist vorab erforderlich. Der Haupteinschreibetag für die persönliche Anmeldung ist der 11.05.2026.""}","[""Online-Einschreibung vorab erforderlich."", ""Persönliche Einschreibung am Haupteinschreibetag mit folgenden Unterlagen: Geburtsurkunde (Kopie), Übertrittszeugnis (Original), ggf. Sorgerechtsbeschluss (Kopie), ggf. Nachweis Lese-/Rechtschreibstörung (Kopie), ggf. Passfoto für Tagesheim, ggf. Vollmacht der Erziehungsberechtigten, ggf. Formular Kostenfreiheit Schulweg."", ""Teilnahme am Probeunterricht vom 19. bis 21. Mai 2026.""]",2026-04-20T09:26:52Z,"Die Einschreibung für die neuen 5. Klassen erfordert eine vorherige Online-Anmeldung. Am Haupteinschreibetag, dem 11. Mai 2026, sind die persönlichen Unterlagen einzureichen. Für den musischen Zweig wird am Haupteinschreibetag auch eine Beratung zur Instrumentenwahl angeboten. Der Probeunterricht findet vom 19. bis 21. Mai 2026 statt.","Mühlbaurstr. 15, 81677 München",Bayern,12076.0,65.5,1.0,1505022.0,5671.0,München: sicherste Großstadt Deutschlands (>200k Einwohner) seit 50 Jahren,city_aggregate,5671.0,376.8,6061.0,12076.0,802.4,München,91219.0,6061.0,134.0,8.9,134.0,91219.0,815.0,54.2,2026-08-22,"jedeschule.codefor.de (CC0, scraped from km.bayern.de)","Max-Josef-Stift München is a well-established Gymnasium providing a rigorous academic education culminating in the Abitur. The curriculum emphasizes a broad range of languages, typically including English, Latin, and French, complemented by strong profiles in natural sciences and the arts. The school is dedicated to fostering individual talents and preparing students comprehensively for university studies and future careers.",,,2026-05-21,62.0,"[{""date"": ""2026-04-24"", ""start_time"": ""15:00"", ""end_time"": null, ""event_type"": ""Schulhausführung"", ""audience"": ""zukünftige Klasse 5"", ""notes"": ""Zusätzliche Schulhausführung, telefonische Anmeldung im Sekretariat erforderlich.""}, {""date"": ""2026-05-11"", ""start_time"": ""07:30"", ""end_time"": ""18:00"", ""event_type"": ""Anmeldetag"", ""audience"": ""zukünftige Klasse 5"", ""notes"": ""Haupteinschreibetag für die neuen 5. Klassen. Beratung zur Wahl des Pflicht-Instruments im musischen Zweig möglich (Terminvereinbarung erforderlich).""}, {""date"": ""2026-05-19"", ""start_time"": null, ""end_time"": null, ""event_type"": ""Schnuppertag"", ""audience"": ""zukünftige Klasse 5"", ""notes"": ""Probeunterricht für die neuen 5. Klassen.""}, {""date"": ""2026-05-20"", ""start_time"": null, ""end_time"": null, ""event_type"": ""Schnuppertag"", ""audience"": ""zukünftige Klasse 5"", ""notes"": ""Probeunterricht für die neuen 5. Klassen.""}, {""date"": ""2026-05-21"", ""start_time"": null, ""end_time"": null, ""event_type"": ""Schnuppertag"", ""audience"": ""zukünftige Klasse 5"", ""notes"": ""Probeunterricht für die neuen 5. Klassen.""}]",,590.0,München,BY,,29.0,1.0,71.0,6.0,4.0,76.0,0.0,91219.0,2024_25,2025
BY-SCHUL_SCHULSTANDORTEMITTELSCHULEN_c9ea71de-1c26-4bc1-a47a-a01a9e23f5ea,"Mittelschule München, Leipziger Straße 7",Mittelschulen,Mittelschulen,,1900.0,Leipziger Str. 7,80992,München,,,,,Frau Langenfaß,440.0,31.0,,,,,,,,,,,,,,,,,,,Nicht verfügbar (Bayern),,,,,,,,,,,Bayern Kultusministerium Schulsuche,DeutschPLUS (GMS),48.1786366,11.5184741,,,,,,,,,,,,,,,,,,,,,,,,,,,,,,,,,,,,,,,,,,,,,,,,,,,,,,1.0,Durchschnittlich,Moosacher St.-Martins-Platz,384.0,48.181835,11.518814,,Unknown,386.0,48.181649,11.516919,D,Unknown,388.0,48.181835,11.517961,,Hugo-Troendle-Straße,306.0,48.17932,11.514767,,Wintrichring,333.0,48.176054,11.521477,,Pelkovenstraße,650.0,48.181067,11.510867,,Hugo-Troendle-Straße,292.0,48.179419,11.515042,,Hugo-Troendle-Straße,303.0,48.179176,11.514746,,Wintrichring,317.0,48.176022,11.521045,,0.0,D,0.0,6.0,JET Tankstelle,"Dachauer Str. 240, 80992 München, Germany",101.0,48.1785,11.5173,Vinzenzmurr Metzgerei - München - Moosach,"Feldmochinger Str. 4, 80992 München, Germany",237.0,48.177254999999995,11.5213738,REWE city Ivan Jerkovic,"Feldmochinger Str. 4, 80992 München, Germany",242.0,48.1772643,11.5214499,5.0,Taka Taka Mam Greek Food,"Feldmochinger Str. 8, 80992 München, Germany",222.0,48.177743,11.521484400000002,EAT HAPPY,"Feldmochinger Str. 4-6, 80992 München, Germany",242.0,48.177259,11.521444,Bäckerei & Konditorei Ludwig Riedmair,"Pelkovenstraße 63, 80992 München, Germany",414.0,48.182074,11.5179565,12.0,JET Tankstelle,"Dachauer Str. 240, 80992 München, Germany",101.0,48.1785,11.5173,Müller Café & Bäckerei,"Feldmochinger Str. 4, 80992 München, Germany",221.0,48.1774037,11.5212452,Palmos Cafe & Bar,"Feldmochinger Str. 8, 80992 München, Germany",223.0,48.17769570000001,11.5214725,5.0,Kindergarten St. Martin,"Leipziger Str. 38A, 80992 München, Germany",178.0,48.17994830000001,11.5191572,Städtische Kindertageseinrichtung,"Quedlinburger Str. 33, 80992 München, Germany",190.0,48.179604399999995,11.5168735,Nurseries Baby Watch GmbH,"Feldmochinger Str. 14, 80992 München, Germany",218.0,48.178621,11.521572,3.0,Staatl. Grundschule,"Jenaer Str. 3, 80992 München, Germany",151.0,48.1796659,11.5179958,Grundschule Mit Tagesheim An Der Jenaerstrasse,"Jenaer Str., 80992 München, Germany",222.0,48.1801532,11.517282300000002,Staatl. Elementary school Amphionpark,"Welzenbachstraße 12, 80992 München, Germany",453.0,48.1752805,11.5146925,13.0,"Mittelschule München, Leipziger Straße 7, also known as Mittelschule München Moosach, is an established educational institution located in the heart of Munich's Moosach district. Founded in 1900 as ""Moosacher Volksschule Leipziger Straße 7,"" the school boasts a long history, including reconstruction after its destruction during World War II. Today, the school is led by Frau Langenfaß and operates as a fully developed Mittelschule, encompassing grades 5 to 10. With approximately 440 students and a faculty of 31 teachers, it provides comprehensive academic education.

The City of Munich, Department of Education and Sports, serves as the school's sponsor, underscoring its public foundation. A key feature of its pedagogical concept is the full-day school program in a structured format, offering students a stable learning environment and diverse support programs beyond regular classes. The ""DeutschPLUS (GMS)"" program is particularly noteworthy, designed to specifically enhance students' language skills, making a significant contribution to integration and equal opportunities.

The school's facilities have been modernized and expanded in recent years. For instance, in June 2020, the construction of a new school pavilion complex with a cafeteria and the redesign of the outdoor areas were completed, providing students with modern learning and recreational spaces. Its location in Moosach is conveniently situated and well-connected to public transportation, with subway, tram, and bus stops nearby, ensuring accessibility for students from across the district.

The school sees itself as an integral part of the Moosach district and strongly identifies with its history and culture. Its unofficial motto, ""mutig, menschlich, miteinander"" (courageous, humane, together), reflects the values lived out in daily school life, fostering a positive learning atmosphere. In addition to regular instruction, a variety of extracurricular activities and projects are offered to support students' individual development and strengthen their social competencies. Thus, Mittelschule München, Leipziger Straße 7, is a central educational hub that aims for the holistic development of its students, preparing them for their future paths.",,,,,,,,,,,,"Die Mittelschule München, Leipziger Straße 7, auch bekannt als Mittelschule München Moosach, ist eine etablierte Bildungseinrichtung im Herzen des Münchner Stadtteils Moosach. Gegründet im Jahr 1900 als ""Moosacher Volksschule Leipziger Straße 7"", blickt die Schule auf eine lange Geschichte zurück, die auch den Wiederaufbau nach der Zerstörung im Zweiten Weltkrieg umfasst. Heute wird die Schule von Frau Langenfaß geleitet und ist eine voll ausgebaute Mittelschule, die die Jahrgangsstufen 5 bis 10 umfasst. Mit rund 440 Schülern und einem Kollegium von 31 Lehrkräften bietet sie eine umfassende schulische Ausbildung.

Als Träger fungiert die Landeshauptstadt München, Referat für Bildung und Sport, was die öffentliche Verankerung der Schule unterstreicht. Ein besonderes Merkmal des pädagogischen Konzepts ist der Ganztagsschulbetrieb in gebundener Form, der den Schülern eine strukturierte Lernumgebung und vielfältige Förderangebote über den regulären Unterricht hinaus bietet. Hervorzuheben ist auch das Programm ""DeutschPLUS (GMS)"", das speziell auf die sprachliche Förderung von Schülern zugeschnitten ist und einen wichtigen Beitrag zur Integration und Chancengleichheit leistet.

Die Ausstattung der Schule wurde in den letzten Jahren modernisiert und erweitert. Im Juni 2020 wurde beispielsweise der Neubau einer Schulpavillonanlage mit Mensa sowie die Neugestaltung der Freianlagen abgeschlossen, was den Schülern moderne Lern- und Aufenthaltsbereiche zur Verfügung stellt. Die Lage in Moosach ist verkehrsgünstig und gut an den öffentlichen Nahverkehr angebunden, mit U-Bahn-, Tram- und Bushaltestellen in der Nähe, was die Erreichbarkeit für Schüler aus dem gesamten Stadtteil gewährleistet.

Die Schule versteht sich als integraler Bestandteil des Stadtteils Moosach und identifiziert sich stark mit dessen Geschichte und Kultur. Ihr inoffizielles Motto ""mutig, menschlich, miteinander"" spiegelt die Werte wider, die im Schulalltag gelebt werden und eine positive Lernatmosphäre fördern sollen. Neben dem regulären Unterricht werden vielfältige außerunterrichtliche Aktivitäten und Projekte angeboten, die die individuelle Entwicklung der Schüler unterstützen und ihre sozialen Kompetenzen stärken. Die Mittelschule München, Leipziger Straße 7, ist somit ein zentraler Bildungsort, der auf eine ganzheitliche Förderung seiner Schüler abzielt und sie auf ihren weiteren Lebensweg vorbereitet.","Mittelschule München, Leipziger Straße 7 (Mittelschule München Moosach), is a fully developed Mittelschule for grades 5-10, serving 440 students with 31 teachers. It offers a structured full-day school program and the specialized DeutschPLUS (GMS) support program. Founded in 1900 and identifying with the Moosach district, the school features modernized facilities, including a cafeteria.","Die Mittelschule München, Leipziger Straße 7 (Mittelschule München Moosach), ist eine voll ausgebaute Mittelschule für die Jahrgangsstufen 5-10 mit 440 Schülern und 31 Lehrkräften. Sie bietet einen gebundenen Ganztagsschulbetrieb und das spezielle Förderprogramm DeutschPLUS (GMS). Die Schule, die sich mit dem Stadtteil Moosach identifiziert, wurde 1900 gegründet und verfügt über modernisierte Einrichtungen inklusive Mensa.",,,,,,,,,,,,,,,,,,,,,,2026-04-20T08:43:12Z,,"Leipziger Str. 7, 80992 München",Bayern,12076.0,65.5,1.0,1505022.0,5671.0,München: sicherste Großstadt Deutschlands (>200k Einwohner) seit 50 Jahren,city_aggregate,5671.0,376.8,6061.0,12076.0,802.4,München,91219.0,6061.0,134.0,8.9,134.0,91219.0,815.0,54.2,2026-08-22,"jedeschule.codefor.de (CC0, scraped from km.bayern.de)","Mittelschule München, Leipziger Straße 7, is a state school in Munich, Bavaria, preparing students for the Mittlerer Schulabschluss and vocational life. It offers a practice-oriented education with a strong focus on career orientation and individual support. In addition to German as the language of instruction, English is taught as a foreign language.",,,,31.0,,,440.0,München,BY,,41.0,0.0,68.0,10.0,9.0,77.0,0.0,91219.0,2024_25,2025
BY-SCHUL_SCHULSTANDORTEMITTELSCHULEN_242e8fe3-b0d7-4c9e-9912-3543af545d4d,"Mittelschule München, Walliser Straße 5",Mittelschulen,Mittelschulen,,,Walliser Str. 5,81475,München,,,,,Johannes Walter,280.0,27.0,,,,,Englisch,,,,,,,,,,,,,,Nicht verfügbar (Bayern),,,,,,,,,,,Bayern Kultusministerium Schulsuche,"DeutschPLUS (GMS), Praxisklasse, Schulfrühstück, Schulsozialarbeit",48.0918926,11.482882,,,,,,,,,,,,,,,,,,,,,,,,,,,,,,,,,,,,,,,,,,,,,,,,,,,,,,1.0,Durchschnittlich,Unknown,373.0,48.089059,11.480076,,Unknown,403.0,48.08871,11.480211,,Fürstenried West,420.0,48.088366,11.48083,U 3,,,,,,,,,,,,,,,,Bellinzonastraße,180.0,48.09326,11.481212,,Bellinzonastraße,202.0,48.093501,11.481228,,Tischlerstraße,385.0,48.095109,11.48051,,0.0,U 3,0.0,4.0,Asia Markt Green Panda 欣馨超市 中国超市,"Engadiner Str. 2, 81475 München, Germany",282.0,48.0898519,11.4804919,REWE,"Engadiner Str. 2, 81475 München, Germany",284.0,48.089642000000005,11.4810036,Fruchthaus Malimo,"Engadiner Str. 2, 81475 München, Germany",350.0,48.0892075,11.4803155,5.0,L‘affetto Restaurant,"Graubündener Str. 100, 81475 München, Germany",266.0,48.094333,11.4822748,EAT HAPPY,"Engadiner Str. 2, 81475 München, Germany",342.0,48.089166,11.480677,Ratschiller’s Spezialbrote Bäckerei & Café,"Engadiner Str. 2, 81475 München, Germany",349.0,48.0891776,11.4804279,3.0,Ratschiller’s Spezialbrote Bäckerei & Café,"Engadiner Str. 2, 81475 München, Germany",349.0,48.0891776,11.4804279,Back & Resch - Coffee to go,"81475 Munich, Germany",419.0,48.088648799999994,11.4799045,Rackls Backstubn,"Steinkirchner Str. 28, 81475 München, Germany",476.0,48.0881976,11.4795453,1.0,Städtische Kindertagesstätte,"Walliser Str. 7, 81475 München, Germany",88.0,48.0925719,11.4833633,Kitaverbund München Süd-West,"Genfer Pl. 4, 81476 München, Germany",710.0,48.0946244,11.4913075,Kath. Kindergarten St. Karl Borromäus,"Berner Str. 101, 81476 München, Germany",715.0,48.094883800000005,11.4911965,1.0,staatl. Grundschule an der Walliser Straße,"Walliser Str. 5, 81475 München, Germany",56.0,48.0914496,11.4825435,Grundschule an der Berner Straße,"Berner Str. 6, 81476 München, Germany",1008.0,48.0970106,11.4938898,Grundschule Königswieser Straße,"Bühler Weg 2, 81475 München, Germany",1113.0,48.0819382,11.4824526,5.0,"Mittelschule München, Walliser Straße 5, is a public, state-run middle school located in the Fürstenried district of Munich. Led by Principal Johannes Walter, it offers a comprehensive educational program for students from grades 5 to 10. In the 2024/25 school year, the school is attended by 267 students and taught by 21 teachers. 

The pedagogical concept of Mittelschule München, Walliser Straße 5, places great emphasis on personality development and the individual support of each child. A central unique selling point is its consistent vocational and practical orientation, which specifically prepares young people for dual vocational training while simultaneously opening up diverse opportunities for further education within Bavaria's permeable school system. The teaching is designed to be practical, vivid, and career-oriented, often supplemented by company visits, independent work, and team projects to optimally prepare students for professional life. The class teacher principle also fosters a strong sense of community and motivates learners. 

Special offerings at the school include DeutschPLUS (GMS) for intensive language support, a 'Praxisklasse' (practical class) for students with special educational needs, a school breakfast, and comprehensive school social work that supports students in their personal development. Furthermore, the school provides both structured and open full-day programs, allowing for flexible and comprehensive care. 

The school is located at Walliser Straße 5 in the southwestern Munich district of Fürstenried, an area predominantly characterized by residential neighborhoods. This location offers good connections to public transport and a quiet learning environment. Although no specific details about the school's facilities are available, it can be assumed that the school possesses the necessary amenities for modern middle school education. The care services, including full-day care, school breakfast, and school social work, significantly contribute to creating a supportive and conducive learning environment.",,,,,,,,,,,,"Die Mittelschule München, Walliser Straße 5, ist eine öffentliche, staatliche Mittelschule im Stadtteil Fürstenried in München. Unter der Leitung von Schulleiter Johannes Walter bietet sie ein umfassendes Bildungsangebot für Schülerinnen und Schüler der Jahrgangsstufen 5 bis 10. Im Schuljahr 2024/25 wird die Schule von 267 Schülerinnen und Schülern besucht und von 21 Lehrkräften unterrichtet. 

Das pädagogische Konzept der Mittelschule München, Walliser Straße 5, legt großen Wert auf die Persönlichkeitsbildung und die individuelle Förderung jedes einzelnen Kindes. Ein zentrales Alleinstellungsmerkmal ist die konsequente Berufs- und Praxisorientierung, die die Jugendlichen gezielt auf eine duale Ausbildung vorbereitet und ihnen gleichzeitig vielfältige Anschlussmöglichkeiten im durchlässigen bayerischen Schulsystem eröffnet. Der Unterricht ist lebensnah, anschaulich und praxisbezogen gestaltet, oft ergänzt durch Betriebsbesuche, eigenständiges Arbeiten und Teamprojekte, um die Schülerinnen und Schüler optimal auf das Berufsleben vorzubereiten. Das Klassenleiterprinzip fördert zudem ein starkes Gemeinschaftsgefühl und die Motivation der Lernenden. 

Zu den besonderen Angeboten der Schule gehören DeutschPLUS (GMS) zur intensiven Sprachförderung, eine Praxisklasse für Schüler mit besonderem Förderbedarf, ein Schulfrühstück sowie umfassende Schulsozialarbeit, die die Schülerinnen und Schüler in ihrer persönlichen Entwicklung unterstützt. Darüber hinaus bietet die Schule sowohl gebundene als auch offene Ganztagsangebote, die eine flexible und umfassende Betreuung ermöglichen. 

Die Schule befindet sich in der Walliser Straße 5 im südwestlichen Münchner Stadtteil Fürstenried, einem überwiegend von Wohngebieten geprägten Viertel. Die Lage bietet eine gute Anbindung an den öffentlichen Nahverkehr und eine ruhige Lernumgebung. Obwohl keine spezifischen Details zur Schulausstattung vorliegen, ist davon auszugehen, dass die Schule über die notwendigen Einrichtungen für einen modernen Mittelschulunterricht verfügt. Die Betreuungsangebote, einschließlich der Ganztagsbetreuung, des Schulfrühstücks und der Schulsozialarbeit, tragen maßgeblich dazu bei, ein unterstützendes und förderliches Lernumfeld zu schaffen.","Mittelschule München, Walliser Straße 5, is a state-run middle school in Fürstenried with 267 students and 21 teachers. It is characterized by a strong vocational and practical orientation, individual support, and special programs like DeutschPLUS (GMS), a practical class, school breakfast, and full-day care. The pedagogical concept focuses on personality development and preparing students for professional life.","Die Mittelschule München, Walliser Straße 5, ist eine staatliche Mittelschule in Fürstenried mit 267 Schülern und 21 Lehrkräften. Sie zeichnet sich durch eine starke Berufs- und Praxisorientierung, individuelle Förderung und spezielle Angebote wie DeutschPLUS (GMS), Praxisklasse, Schulfrühstück und Ganztagsbetreuung aus. Das pädagogische Konzept zielt auf Persönlichkeitsbildung und die Vorbereitung auf das Berufsleben ab.",,,,,,,,,,,,,,,,,,,,"{""opens"": ""2026-05-11"", ""closes"": ""2026-05-13"", ""notes"": ""Einschreibung an der gewünschten Schule für die 5. Jahrgangsstufe.""}","[""Erfolgreicher Besuch der 4. Klasse einer Grundschule im Schuljahr 2025/2026."", ""Das Kind ist am 30. September 2026 noch 11 Jahre alt."", ""Automatische Aufnahme in die wohnortnahe Mittelschule für Kinder, die nicht an einer anderen weiterführenden Schule eingeschrieben wurden."", ""Zur Einschreibung mitzubringen: Original des Geburtsscheins / der Geburtsurkunde, Original des Übertrittszeugnisses, gegebenenfalls Original des Sorgerechtsbeschlusses, gegebenenfalls Bescheinigung über eine Teilleistungsstörung.""]",2026-04-20T09:14:12Z,"Die Termine für die Voranmeldung spezifischer Angebote wie Ganztagsangebote, Praxisklassen oder M-Klassen sind der Homepage des Staatlichen Schulamtes oder der jeweiligen Schulhomepage zu entnehmen.","Walliser Str. 5, 81475 München",Bayern,12076.0,65.5,1.0,1505022.0,5671.0,München: sicherste Großstadt Deutschlands (>200k Einwohner) seit 50 Jahren,city_aggregate,5671.0,376.8,6061.0,12076.0,802.4,München,91219.0,6061.0,134.0,8.9,134.0,91219.0,815.0,54.2,2026-08-22,"jedeschule.codefor.de (CC0, scraped from km.bayern.de)","Mittelschule München, Walliser Straße 5, provides a solid general education with a strong focus on vocational orientation and practical skills. It optimally prepares students for vocational training or further secondary education. In addition to German as the language of instruction, English is taught as a compulsory subject.",,,,27.0,,,280.0,München,BY,,12.0,0.0,33.0,7.0,1.0,34.0,32.0,91219.0,2024_25,2025
BY-SCHUL_SCHULSTANDORTEMITTELSCHULEN_16595193-7f60-43da-814e-1490b17e8564,"Mittelschule München, Implerstraße 35",Mittelschulen,Mittelschulen,,1911.0,Implerstr. 35,81371,München,,,,,Andreas Wagner,320.0,28.0,,,,,,,,,,,,,,,,,,,Nicht verfügbar (Bayern),,,,,,,,,,,Bayern Kultusministerium Schulsuche,DeutschPLUS (GMS),48.1207132,11.5493824,,,,,,,,,,,,,,,,,,,,,,,,,,,,,,,,,,,,,,,,,,,,,,,,,,,,,,1.0,Durchschnittlich,Unknown,41.0,48.121094,11.548587,B,Unknown,56.0,48.121152,11.548307,A,Implerstraße,63.0,48.120199,11.548451,,,,,,,,,,,,,,,,,Implerstraße,157.0,48.119328,11.548807,2,Implerstraße,161.0,48.119295,11.548979,,Implerstraße,225.0,48.118731,11.548329,1,0.0,1; 2; A; B,0.0,16.0,PENNY,"Implerstraße 27, 81371 München, Germany",51.0,48.1211902,11.5487579,Hong Kong Market,"Implerstraße 29, 81371 München, Germany",70.0,48.1213668,11.5486826,Güney Cavusoglu Supermarkt,"Implerstraße 23, 81371 München, Germany",95.0,48.1215914,11.548778700000002,20.0,Eni Service Station,"Implerstraße 21, 81371 München, Germany",143.0,48.1220153,11.5488753,Ćevabdžinica 10,"Oberländerstraße 3B, 81371 München, Germany",171.0,48.1192889,11.5495111,Condesa Implerstraße,"Oberländerstraße 2, 81371 München, Germany",237.0,48.1194119,11.5512235,20.0,Ludwig Stocker Hofpfisterei GmbH,"Kyreinstraße 10, 81371 München, Germany",69.0,48.120293100000005,11.5480687,Güney Cavusoglu Supermarkt,"Implerstraße 23, 81371 München, Germany",95.0,48.1215914,11.548778700000002,Eni Service Station,"Implerstraße 21, 81371 München, Germany",143.0,48.1220153,11.5488753,8.0,Städt. Kindertageseinrichtung,"Implerstraße 35, 81371 München, Germany",4.0,48.1207662,11.5486888,Wichtel Akademie Kita München Sendling,"Aberlestraße 9, 81371 München, Germany",241.0,48.1216985,11.5458097,Städtische Kindertageseinrichtung,"Aberlestraße 22, 81371 München, Germany",268.0,48.1201775,11.5452085,2.0,Grundschule,"Gotzinger Pl. 1, 81371 München, Germany",393.0,48.1175194,11.5509118,Städt. Fachakademie für Sozialpädagogik München Mitte,"Ruppertstraße 3, 80337 München, Germany",461.0,48.1230264,11.553902,Grundschule Stielerstraße,"Stielerstraße 6, 80336 München, Germany",783.0,48.1274243,11.5520211,16.0,"Mittelschule München, Implerstraße 35, is a traditional educational institution located in the heart of Munich, founded in 1911. The school building at Implerstraße 35, a listed building designed by Hans Grässel, bears witness to a long history, even though it was severely damaged during World War II. As a public Mittelschule (middle school), it offers a comprehensive educational program for grades 5 to 10 and is fully developed. 

The school places particular emphasis on individual support and integration, which is reflected in its special DeutschPLUS (GMS) program. This program intensively supports students with a migration background or special language needs in acquiring the German language and integrating into school life. Another central feature is the full-day schooling in a bound form, which ensures a structured learning environment throughout the day and integrates additional support and leisure activities. 

With approximately 320 students taught by 28 dedicated teachers under the leadership of Andreas Wagner, the school offers a personal and supportive learning atmosphere. The facilities include a sports facility, providing various opportunities for sports education and extracurricular activities. Its central location on Implerstraße in the Sendling district ensures good accessibility and connection to urban life, while the historic building creates a unique learning environment.",,,,,,,,,,,,"Die Mittelschule München, Implerstraße 35, ist eine traditionsreiche Bildungseinrichtung im Herzen Münchens, die im Jahr 1911 gegründet wurde. Das Schulgebäude an der Implerstraße 35, ein denkmalgeschützter Bau nach Entwürfen von Hans Grässel, zeugt von einer langen Geschichte, auch wenn es im Zweiten Weltkrieg stark beschädigt wurde. Als öffentliche Mittelschule bietet sie ein umfassendes Bildungsangebot für die Jahrgangsstufen 5 bis 10 und ist voll ausgebaut. 

Die Schule legt besonderen Wert auf individuelle Förderung und Integration, was sich in ihrem speziellen Angebot DeutschPLUS (GMS) widerspiegelt. Dieses Programm unterstützt Schülerinnen und Schüler mit Migrationshintergrund oder besonderem Sprachförderbedarf intensiv beim Erwerb der deutschen Sprache und der Integration in den Schulalltag. Ein weiteres zentrales Merkmal ist der Ganztagsschulbetrieb in gebundener Form, der eine strukturierte Lernumgebung über den gesamten Tag hinweg gewährleistet und zusätzliche Förder- und Freizeitangebote integriert. 

Mit rund 320 Schülerinnen und Schülern, die von 28 engagierten Lehrkräften unter der Leitung von Andreas Wagner unterrichtet werden, bietet die Schule eine persönliche und unterstützende Lernatmosphäre. Die Ausstattung umfasst unter anderem eine Sportstätte, die vielfältige Möglichkeiten für den Sportunterricht und außerschulische Aktivitäten bietet. Die zentrale Lage in der Implerstraße im Stadtteil Sendling ermöglicht eine gute Erreichbarkeit und Anbindung an das städtische Leben, während das historische Gebäude eine besondere Lernumgebung schafft.","Mittelschule München, Implerstraße 35, founded in 1911, is a public middle school for grades 5-10 with 320 students and 28 teachers. It offers DeutschPLUS (GMS) for language support and full-day schooling in a bound form. The historic building is a listed monument and includes a sports facility.","Die Mittelschule München, Implerstraße 35, ist eine 1911 gegründete öffentliche Schule für die Jahrgangsstufen 5-10 mit 320 Schülern und 28 Lehrkräften. Sie bietet DeutschPLUS (GMS) zur Sprachförderung und Ganztagsschulbetrieb in gebundener Form an. Das historische Gebäude ist denkmalgeschützt und verfügt über eine Sportstätte.",,,,,,,,,,,,,,,,,,,,,,2026-04-20T08:56:54Z,"Es wurden keine spezifischen Aufnahme- oder Anmeldekriterien auf der Website oder in den Suchergebnissen gefunden. Die Links zur ""Anmeldung"" beziehen sich auf die Anmeldung mit einem EduPage-Konto für bestehende Nutzer.","Implerstr. 35, 81371 München",Bayern,12076.0,65.5,1.0,1505022.0,5671.0,München: sicherste Großstadt Deutschlands (>200k Einwohner) seit 50 Jahren,city_aggregate,5671.0,376.8,6061.0,12076.0,802.4,München,91219.0,6061.0,134.0,8.9,134.0,91219.0,815.0,54.2,2026-08-22,"jedeschule.codefor.de (CC0, scraped from km.bayern.de)","Mittelschule München at Implerstraße 35 is a state-run secondary school in Munich, offering a comprehensive general education with a strong focus on practical career orientation. It specifically prepares students for the Mittlerer Schulabschluss (M-Zug) or direct entry into vocational training, fostering individual talents through diverse projects and support programs. English is offered as the primary foreign language.",,,2026-03-25,28.0,,,320.0,München,BY,,67.0,1.0,94.0,19.0,13.0,108.0,0.0,91219.0,2024_25,2025
BY-SCHUL_SCHULSTANDORTEMITTELSCHULEN_94fcd1ad-f83d-49bf-a98e-ef93be906cdb,"Mittelschule München, Wörthstraße 2",Mittelschulen,Mittelschulen,,1884.0,Wörthstr. 2,81667,München,,,,,Renate Weber,241.0,22.0,,,,,,,,,,,,,,,,,,,Nicht verfügbar (Bayern),,,,,,,,,,,Bayern Kultusministerium Schulsuche,"DeutschPLUS (GMS), Medienpädagogische Informationsveranstaltungen, iPad-Workshops für Eltern",48.1316013,11.598175,,,,,,,,,,,,,,,,,,,,,,,,,,,,,,,,,,,,,,,,,,,,,,,,,,,,,,1.0,Durchschnittlich,Unknown,416.0,48.135399,11.598102,C,Unknown,421.0,48.135443,11.597749,D,Max-Weber-Platz,450.0,48.135703,11.597871,,Wörthstraße,47.0,48.131844,11.597514,,Max-Weber-Platz (Johannisplatz),305.0,48.134407,11.598079,,Wiener Platz,318.0,48.13408,11.595785,,Max-Weber-Platz,447.0,48.135569,11.599508,,Rosenheimer Platz,451.0,48.128986,11.593509,,Max-Weber-Platz,457.0,48.135574,11.599973,6,0.0,6; C; D,0.0,20.0,PENNY,"Preysingstraße 42, 81667 München, Germany",72.0,48.13216130000001,11.5974722,Preysing-Fruchthalle,"Preysingstraße 43, 81667 München, Germany",89.0,48.1324627,11.5980073,dm-drogerie markt,"Innere Wiener Straße 50, 81667 München, Germany",292.0,48.134106,11.596638,20.0,Sorry Johnny Kaffeebar,"Preysingstraße 42, 81667 München, Germany",59.0,48.1320519,11.5975526,Lollo Rosso Caffè Bar,"Wörthstraße 11, 81667 München, Germany",76.0,48.1314777,11.599064,Negroni Bar,"Sedanstraße 9, 81667 München, Germany",126.0,48.1305971,11.5975067,20.0,Chocolatte Konditorei & Bäckerei,"Wörthstraße 1, 81667 München, Germany",51.0,48.1321248,11.5980807,Sorry Johnny Kaffeebar,"Preysingstraße 42, 81667 München, Germany",59.0,48.1320519,11.5975526,Lollo Rosso Caffè Bar,"Wörthstraße 11, 81667 München, Germany",76.0,48.1314777,11.599064,9.0,Städtische Kindertagesstätte,"Preysingstraße 62, 81667 München, Germany",147.0,48.132128599999994,11.5999304,Kinderhaus Haidhausen e.V.,"Sedanstraße 35, 81667 München, Germany",313.0,48.1290799,11.5997598,Die Marienkäfer Kindervilla KiTa,"Kirchenstraße 19, 81675 München, Germany",345.0,48.1341725,11.6008208,5.0,Mittagsbetreuung an der Kirchenschule e.V.,"Milchstraße 4, 81667 München, Germany",225.0,48.1309263,11.5952615,Grundschule an der Kirchenstraße,"Kirchenstraße 11, 81675 München, Germany",334.0,48.1345186,11.5994812,Städtisches Tagesheim an der Grundschule,"Kirchenstraße 11, 81675 München, Germany",375.0,48.1349248,11.5993576,18.0,"Mittelschule München, Wörthstraße 2, is a public educational institution located in the heart of Munich, dedicated to the comprehensive development of its students. With 241 students and 22 teachers in the 2024/25 school year, the school provides a committed learning environment. As a Mittelschule in Bavaria, it places particular emphasis on personality development, individual support, and a consistent vocational and practical orientation. The pedagogical concept aims to optimally prepare young people for dual vocational training or to pave their way to further educational opportunities, including obtaining the middle school leaving certificate. Teaching is designed to be practical and relevant to life, with many hands-on examples, independent work, and team projects, complemented by company visits.

Special offerings at the school include DeutschPLUS (GMS), a support program for students with a non-German mother tongue, which fosters the acquisition of language and subject-specific competencies and is offered as a differentiated program or an additional course. Furthermore, the school is committed to media education through information events and offers iPad workshops for parents to strengthen digital literacy across the entire school community. Mittelschule München, Wörthstraße 2, provides both bound and open full-day care, offering parents flexible childcare options and students additional learning and leisure activities. The school maintains partnerships with institutions such as the IHK Munich Upper Bavaria and the Federal Employment Agency, ensuring comprehensive career counseling and orientation for students. Its location at Wörthstraße 2 in the Haidhausen district offers good accessibility and connection to Munich's urban life. The school has also received awards for its work and organizes holiday activities, highlighting its diverse commitment beyond regular lessons.",,,,,,,,,,,,"Die Mittelschule München, Wörthstraße 2, ist eine öffentliche Bildungseinrichtung im Herzen Münchens, die sich der umfassenden Förderung ihrer Schülerinnen und Schüler widmet. Mit 241 Schülern und 22 Lehrkräften im Schuljahr 2024/25 bietet die Schule ein engagiertes Lernumfeld. Als Mittelschule in Bayern legt sie besonderen Wert auf Persönlichkeitsbildung, individuelle Förderung und eine konsequente Berufs- und Praxisorientierung. Das pädagogische Konzept zielt darauf ab, die Jugendlichen optimal auf eine duale Ausbildung vorzubereiten oder ihnen den Weg zu weiterführenden Bildungsangeboten zu ebnen, einschließlich des Erwerbs des mittleren Schulabschlusses. Der Unterricht ist lebensnah gestaltet, mit vielen praktischen Beispielen, eigenständigem Arbeiten und Teamprojekten, die durch Besuche in Betrieben ergänzt werden.

Zu den besonderen Angeboten der Schule gehört DeutschPLUS (GMS), ein Förderprogramm für Schülerinnen und Schüler mit nichtdeutscher Muttersprache, das den Erwerb von Sprach- und Fachkompetenzen unterstützt und als Differenzierungsangebot oder zusätzlicher Kurs angeboten wird. Darüber hinaus engagiert sich die Schule in der Medienpädagogik durch Informationsveranstaltungen und bietet Eltern iPad-Workshops an, um die digitale Kompetenz in der gesamten Schulfamilie zu stärken. Die Mittelschule München, Wörthstraße 2, bietet sowohl gebundene als auch offene Ganztagsbetreuung an, was den Eltern flexible Betreuungsmöglichkeiten und den Schülern zusätzliche Lern- und Freizeitangebote ermöglicht. Die Schule pflegt Partnerschaften mit Institutionen wie der IHK München Oberbayern und der Bundesagentur für Arbeit, die eine umfassende Berufsberatung und Orientierung für die Schüler sicherstellen. Die Lage in der Wörthstraße 2 im Stadtteil Haidhausen bietet eine gute Erreichbarkeit und Anbindung an das städtische Leben Münchens. Die Schule wurde zudem für ihre Arbeit ausgezeichnet und organisiert Ferienfreizeiten, was das vielfältige Engagement über den regulären Unterricht hinaus unterstreicht.","Mittelschule München, Wörthstraße 2, is a public school with 241 students and 22 teachers, focusing on personality development, individual support, and vocational orientation. It offers special programs like DeutschPLUS (GMS), media pedagogical events, iPad workshops for parents, and full-day care.","Die Mittelschule München, Wörthstraße 2, ist eine öffentliche Schule mit 241 Schülern und 22 Lehrkräften, die sich auf Persönlichkeitsbildung, individuelle Förderung und Berufsorientierung konzentriert. Sie bietet spezielle Programme wie DeutschPLUS (GMS), medienpädagogische Veranstaltungen und iPad-Workshops für Eltern sowie Ganztagsbetreuung an.",,,,,,,,,,,,,,,,,,,,"{""opens"": null, ""closes"": ""2026-07-28"", ""notes"": ""Anmeldung für die M10 erfolgt unverzüglich nach Erhalt des Notenausdrucks. Anmeldeschluss ist der 28.07.2026 um 13:00 Uhr. Für die 5. Klassen ist die Anmeldung nach Erhalt des Übertrittszeugnisses möglich.""}","[""Für 5. Klassen: Nach Erhalt des Übertrittszeugnisses."", ""Für 5. Klassen: Benötigte Unterlagen: Übertrittszeugnis, Impfpass des Kindes bzw. Masernschutznachweis, Ausweis, Meldebestätigung, ausgedruckter und ausgefüllter Anmeldebogen."", ""Für M10: Erfolgreiche Qualifikation mit einem Notendurchschnitt von 2,33 im Quali in den Fächern Deutsch, Mathematik, Englisch."", ""Für M10: Benötigte Unterlagen: Notenausdruck (Abschlusszeugnis nicht erforderlich), ausgefülltes Datenblatt, Anmeldebestätigung, Geburtsurkunde, Masernimpfung.""]",2026-04-20T09:14:49Z,"Anmeldungen für die 5. Klassen sind nach Erhalt des Übertrittszeugnisses zu den Bürozeiten Montag bis Donnerstag, von 8-12 Uhr am Mariahilfplatz 18 möglich. Die Anmeldung für die M10 erfolgt bei erfüllter Qualifikation (2,33 im Quali in Deutsch, Mathematik, Englisch) direkt an der Schule.","Wörthstr. 2, 81667 München",Bayern,12076.0,65.5,1.0,1505022.0,5671.0,München: sicherste Großstadt Deutschlands (>200k Einwohner) seit 50 Jahren,city_aggregate,5671.0,376.8,6061.0,12076.0,802.4,München,91219.0,6061.0,134.0,8.9,134.0,91219.0,815.0,54.2,2026-08-22,"jedeschule.codefor.de (CC0, scraped from km.bayern.de)","Mittelschule München, Wörthstraße 2, provides practice-oriented secondary education, preparing students for the qualifying Mittelschule certificate and the intermediate school certificate. The school emphasizes vocational guidance and individual support in core subjects such as German, Mathematics, and English.",,,,22.0,,,241.0,München,BY,,78.0,0.0,110.0,20.0,4.0,114.0,0.0,91219.0,2024_25,2025
BY-SCHUL_SCHULSTANDORTEMITTELSCHULEN_f7415ea2-d26f-439f-a9bf-4a7b8f0807cc,"Mittelschule München, Eduard-Spranger-Straße 17",Mittelschulen,Mittelschulen,,,Georg-Zech-Allee 16,80995,München,,,,,,464.0,33.0,,,,,,,,,,,,,,,,,,,Nicht verfügbar (Bayern),,,,,,,,,,,Bayern Kultusministerium Schulsuche,DeutschPLUS (GMS),48.2086695,11.5321636,,,,,,,,,,,,,,,,,,,,,,,,,,,,,,,,,,,,,,,,,,,,,,,,,,,,,,1.0,Durchschnittlich,Feldmoching,807.0,48.213898,11.539285,,Unknown,866.0,48.213796,11.540489,,Unknown,878.0,48.213844,11.540637,,,,,,,,,,,,,,,,,Georg-Zech-Allee,94.0,48.208821,11.532777,,Geog-Zech-Allee,100.0,48.208713,11.532855,,Bergwachtstraße,270.0,48.211174,11.53066,,0.0,,0.0,0.0,,,,,,,,,,,,,,,,2.0,Risto-Pizza Ciro Borrelli,"Lerchenauer Str. 270, 80995 München, Germany",335.0,48.2070935,11.5352201,Restaurant & Biergarten Fasaneriesee,"Lerchenauer Str. 267, 80995 München, Germany",369.0,48.205965600000006,11.5340798,,,,,,1.0,Schneid-Kaffee Kaffeerösterei Specialty Coffee,"Feldmochinger Str. 378, 80995 München, Germany",438.0,48.2124652,11.529315,,,,,,,,,,,1.0,Kita Luna Feldmoching,"Feldmochinger Str. 367, 80995 München, Germany",425.0,48.212008,11.5283712,Kath. Kindergarten St. Josef,"Josef-Zintl-Straße 33, 80995 München, Germany",655.0,48.2146584,11.5326086,Regenbogenkinder e.V,"Josef-Frankl-Straße 35, 80995 München, Germany",665.0,48.214659999999995,11.5333601,0.0,Grundschule München Lerchenauer Straße 322,"Lerchenauer Str. 322, 80995 München, Germany",612.0,48.21431,11.53112,Volksschule München,"Toni-Pfülf-Straße 32, 80995 München, Germany",800.0,48.2017601,11.5336498,Grundschule Toni-Pfülf-Straße 30,"Toni-Pfülf-Straße 30, 80995 München, Germany",888.0,48.2008817,11.5329057,1.0,"Mittelschule München, Eduard-Spranger-Straße 17, is an educational institution located in the Feldmoching-Hasenbergl district of Munich, dedicated to the comprehensive development of its approximately 464 students. With a committed team of 33 teachers, the school provides a supportive learning environment tailored to the individual needs of young people. As a Mittelschule (middle school), it specifically prepares its students for the qualified Mittelschule certificate and the intermediate school leaving certificate, paving their way into the professional world or to further educational institutions. A particular focus of the school is on language support, especially through the DeutschPLUS (GMS) program. This offering is aimed at students with a non-German mother tongue who require additional support in acquiring the German language. DeutschPLUS can be offered as a supplementary course with up to four additional weekly hours or as intensive differentiation with up to twelve weekly hours, replacing the German subject. The goal is not only to impart general language skills to the learners but also to consolidate subject-specific and academic language, enabling them to successfully participate in lessons across all subjects. Grammar, reading comprehension, written expression, and vocabulary expansion are specifically promoted. The school is located at Georg-Zech-Allee 16 in 80995 Munich. Its location in the Feldmoching-Hasenbergl district is characterized by a mix of residential areas and green spaces and is well-connected to public transport, facilitating accessibility for students from the surrounding area. The facilities of a modern Mittelschule typically include bright classrooms, specialized rooms for scientific and technical subjects, a school kitchen for the nutrition and social studies area, and sports facilities that offer diverse learning and movement opportunities. After-school care programs, extending beyond regular lessons, are often part of the school's concept to provide families with reliable full-day care and to intensify individual support.",0.0,,,,,,,,,,,"Die Mittelschule München, Eduard-Spranger-Straße 17, ist eine Bildungseinrichtung im Münchner Stadtteil Feldmoching-Hasenbergl, die sich der umfassenden Förderung ihrer rund 464 Schülerinnen und Schüler widmet. Mit einem engagierten Kollegium von 33 Lehrkräften bietet die Schule ein unterstützendes Lernumfeld, das auf die individuellen Bedürfnisse der Jugendlichen zugeschnitten ist. Als Mittelschule bereitet sie ihre Schülerinnen und Schüler gezielt auf den qualifizierenden Mittelschulabschluss sowie auf den mittleren Schulabschluss vor und ebnet ihnen den Weg in die Berufswelt oder zu weiterführenden Bildungseinrichtungen. Ein besonderer Schwerpunkt der Schule liegt auf der Sprachförderung, insbesondere durch das Programm DeutschPLUS (GMS). Dieses Angebot richtet sich an Schülerinnen und Schüler mit nichtdeutscher Muttersprache, die zusätzliche Unterstützung beim Erwerb der deutschen Sprache benötigen. DeutschPLUS kann als ergänzender Kurs mit bis zu vier Wochenstunden oder als intensive Differenzierung mit bis zu zwölf Wochenstunden, die das Fach Deutsch ersetzt, angeboten werden. Ziel ist es, den Lernenden nicht nur allgemeine Sprachkenntnisse zu vermitteln, sondern auch die Fach- und Bildungssprache zu festigen, um ihnen eine erfolgreiche Teilhabe am Unterricht in allen Fächern zu ermöglichen. Dabei werden Grammatik, Leseverständnis, schriftlicher Ausdruck und Wortschatzerweiterung gezielt gefördert. Die Schule befindet sich an der Georg-Zech-Allee 16 in 80995 München. Die Lage im Stadtbezirk Feldmoching-Hasenbergl zeichnet sich durch eine Mischung aus Wohngebieten und Grünflächen aus und ist gut an das öffentliche Verkehrsnetz angebunden, was die Erreichbarkeit für Schülerinnen und Schüler aus der Umgebung erleichtert. Die Ausstattung einer modernen Mittelschule umfasst in der Regel helle Klassenzimmer, Fachräume für naturwissenschaftliche und technische Fächer, eine Schulküche für den Bereich Ernährung und Soziales sowie Sportanlagen, die vielfältige Lern- und Bewegungsmöglichkeiten bieten. Betreuungsangebote, die über den regulären Unterricht hinausgehen, sind oft Teil des Schulkonzepts, um den Familien eine verlässliche Ganztagsbetreuung zu ermöglichen und die individuelle Förderung zu intensivieren.","Mittelschule München, Eduard-Spranger-Straße 17, serves 464 students with 33 teachers in Munich's Feldmoching district. It prepares students for qualifications and careers, with a special focus on the DeutschPLUS program for language support for non-native German speakers. The school offers a supportive environment and comprehensive education.","Die Mittelschule München, Eduard-Spranger-Straße 17, betreut 464 Schüler mit 33 Lehrkräften in München-Feldmoching. Sie bereitet auf Abschlüsse und Beruf vor, mit besonderem Fokus auf das DeutschPLUS-Programm zur Sprachförderung für nicht-muttersprachliche Schüler. Die Schule bietet ein unterstützendes Umfeld und umfassende Bildung.",,,,,,,,,,,,,,,,,,,,,,2026-04-20T08:43:12Z,,"Georg-Zech-Allee 16, 80995 München",Bayern,12076.0,65.5,1.0,1505022.0,5671.0,München: sicherste Großstadt Deutschlands (>200k Einwohner) seit 50 Jahren,city_aggregate,5671.0,376.8,6061.0,12076.0,802.4,München,91219.0,6061.0,134.0,8.9,134.0,91219.0,815.0,54.2,2026-08-22,"jedeschule.codefor.de (CC0, scraped from km.bayern.de)","Mittelschule München, Eduard-Spranger-Straße 17, prepares students for the 'qualifizierender Abschluss der Mittelschule' and the 'Mittlerer Schulabschluss'. The school focuses on practical skills, individual support, and comprehensive career orientation, with English offered as the main foreign language.",,,,33.0,,,464.0,München,BY,,2.0,0.0,7.0,1.0,4.0,11.0,78.0,91219.0,2024_25,2025
BY-SCHUL_SCHULSTANDORTEGYMNASIEN_929c39d6-bfa6-48c4-8209-7739cdc503c6,Gymnasium München/Moosach,Gymnasien,Gymnasien,,1973.0,Gerastr. 6,80993,München,,,,,Andreas Schaller,997.0,81.0,,,,,"Englisch, Latein, Französisch, Spanisch",,,,,,,,,,,,,,Nicht verfügbar (Bayern),,,,,,,,,,,Bayern Kultusministerium Schulsuche,"Naturwissenschaftlich-technologisches und sprachliches Gymnasium, Seminarschule, verstärktes Sportangebot, Umweltaktivitäten.",48.1847813,11.5189911,,,,,,,,,,,,,,,,,,,,,,,,,,,,,,,,,,,,,,,,,,,,,,,,,,,,,,1.0,Durchschnittlich,Unknown,342.0,48.181945,11.520052,A,Moosacher St.-Martins-Platz,348.0,48.181835,11.518814,,Unknown,357.0,48.181835,11.517961,,Hugo-Troendle-Straße,704.0,48.17932,11.514767,,Pelkovenstraße,747.0,48.181067,11.510867,,,,,,,Merseburger Straße,194.0,48.186031,11.521145,,Bingener Straße,314.0,48.182494,11.521152,,Bingener Straße,335.0,48.182293,11.521208,,0.0,A,0.0,5.0,REWE Ivan Jerkovic oHG,"Feldmochinger Str. 53, 80993 München, Germany",205.0,48.1863552,11.5208831,REWE,"Feldmochinger Str. 53, 80993 München, Germany",219.0,48.1865276,11.5208663,Tchibo im Supermarkt,"Feldmochinger Str. 53, 80993 München, Germany",225.0,48.1866029,11.5208504,3.0,MingaGreens GmbH,"Wittenberger Str. 17, 80993 München, Germany",290.0,48.1870491,11.516763,Bäckerei & Konditorei Ludwig Riedmair,"Pelkovenstraße 63, 80992 München, Germany",331.0,48.182074,11.5179565,Augustiner Spieglwirt,"Feldmochinger Str. 38, 80993 München, Germany",364.0,48.1820835,11.5214299,4.0,REWE Ivan Jerkovic oHG,"Feldmochinger Str. 53, 80993 München, Germany",205.0,48.1863552,11.5208831,Bäckerei & Konditorei Ludwig Riedmair,"Pelkovenstraße 63, 80992 München, Germany",331.0,48.182074,11.5179565,Cafe Bar Loco,"Pelkovenstraße 57, 80993 München, Germany",390.0,48.1818621,11.5166089,4.0,Kindertagesstätte Thorner Str.,"Thorner Str. 3, 80993 München, Germany",159.0,48.1863819,11.5189278,Städtische Kindertageseinrichtung,"Bingener Str. 10, 80993 München, Germany",329.0,48.1831583,11.5226201,Kinderkrippe Däumelinchen,"Bingener Str. 30, 80993 München, Germany",358.0,48.184501999999995,11.5238651,1.0,Elementary school on the road Gera,"Gerastraße 6, 80993 München, Germany",72.0,48.1855597,11.5187516,Grundschule Mit Tagesheim An Der Jenaerstrasse,"Jenaer Str., 80992 München, Germany",551.0,48.1801532,11.517282300000002,Staatl. Grundschule,"Jenaer Str. 3, 80992 München, Germany",594.0,48.1796659,11.5179958,10.0,"Gymnasium München/Moosach, founded in 1973, is an established educational institution located in the Moosach district of Munich. With approximately 997 students and 81 teachers, led by Principal Andreas Schaller, it offers a diverse and challenging academic environment. The school is distinguished by its dual profile as a scientific-technological and linguistic Gymnasium, allowing students to deepen their individual strengths and interests. In the linguistic branch, English, Latin, French, and Spanish are offered, enabling students to develop comprehensive intercultural competencies.

As a ""Seminarschule"" (teacher training school), Gymnasium München/Moosach plays a significant role in teacher education and professional development, which positively impacts the quality of instruction and the application of innovative pedagogical concepts. The pedagogical concept aims to educate young people to become independent, critically thinking, and responsible individuals. In addition to academic excellence, the school places great emphasis on the holistic development of its students. This is evident in an enhanced sports program that goes beyond regular physical education, offering diverse opportunities for physical activity and teamwork. Furthermore, the school is actively involved in environmental and sustainability initiatives through various environmental activities that raise awareness of ecological issues.

The school's facilities include modern specialized rooms for natural sciences and computer science, a well-equipped library, sports facilities, and general classrooms that create a conducive learning atmosphere. Its location at Gerastraße 6 in the Moosach district provides good access to public transportation and a quiet, green environment that invites learning and recreation. Care offers may vary depending on the needs of students and parents to ensure comprehensive support outside of regular classes, for example, through after-school care or extracurricular clubs. Thus, Gymnasium München/Moosach is a place where students not only acquire knowledge but also develop their talents and are prepared for future challenges.",,,,,,,,,,,,"Das Gymnasium München/Moosach, gegründet im Jahr 1973, ist eine etablierte Bildungseinrichtung im Münchner Stadtteil Moosach. Mit rund 997 Schülern und 81 Lehrkräften unter der Leitung von Andreas Schaller bietet es ein vielfältiges und anspruchsvolles schulisches Umfeld. Die Schule zeichnet sich durch ihr doppeltes Profil als naturwissenschaftlich-technologisches und sprachliches Gymnasium aus, was den Schülern ermöglicht, ihre individuellen Stärken und Interessen zu vertiefen. Im sprachlichen Zweig werden Englisch, Latein, Französisch und Spanisch angeboten, wodurch die Schüler umfassende interkulturelle Kompetenzen entwickeln können.

Als Seminarschule spielt das Gymnasium München/Moosach eine wichtige Rolle in der Lehrerausbildung und -fortbildung, was sich positiv auf die Qualität des Unterrichts und die Anwendung innovativer pädagogischer Konzepte auswirkt. Das pädagogische Konzept zielt darauf ab, junge Menschen zu selbstständigen, kritisch denkenden und verantwortungsbewussten Persönlichkeiten zu erziehen. Neben der akademischen Exzellenz legt die Schule großen Wert auf die ganzheitliche Entwicklung ihrer Schüler. Dies zeigt sich in einem verstärkten Sportangebot, das über den regulären Sportunterricht hinausgeht und vielfältige Möglichkeiten zur körperlichen Betätigung und zum Teamgeist bietet. Darüber hinaus engagiert sich die Schule aktiv im Bereich Umwelt und Nachhaltigkeit durch verschiedene Umweltaktivitäten, die das Bewusstsein für ökologische Themen schärfen.

Die Ausstattung des Gymnasiums umfasst moderne Fachräume für Naturwissenschaften und Informatik, eine gut ausgestattete Bibliothek, Sportanlagen sowie allgemeine Unterrichtsräume, die eine lernförderliche Atmosphäre schaffen. Die Lage in der Gerastraße 6 im Stadtteil Moosach bietet eine gute Anbindung an öffentliche Verkehrsmittel und eine ruhige, grüne Umgebung, die zum Lernen und zur Erholung einlädt. Betreuungsangebote können je nach Bedarf der Schüler und Eltern variieren, um eine umfassende Unterstützung auch außerhalb des regulären Unterrichts zu gewährleisten, beispielsweise durch Nachmittagsbetreuung oder Arbeitsgemeinschaften. Das Gymnasium München/Moosach ist somit ein Ort, an dem Schüler nicht nur Wissen erwerben, sondern auch ihre Talente entfalten und auf zukünftige Herausforderungen vorbereitet werden.","Gymnasium München/Moosach, founded in 1973, is a scientific-technological and linguistic Gymnasium in Munich-Moosach with 997 students and 81 teachers. As a teacher training school, it promotes innovative pedagogy, offers an enhanced sports program, and engages in environmental activities. It comprehensively prepares students for future challenges.",Das Gymnasium München/Moosach ist ein 1973 gegründetes naturwissenschaftlich-technologisches und sprachliches Gymnasium in München-Moosach mit 997 Schülern und 81 Lehrkräften. Als Seminarschule fördert es innovative Pädagogik und bietet ein verstärktes Sportangebot sowie Umweltaktivitäten. Es bereitet Schüler umfassend auf zukünftige Herausforderungen vor.,,,,,,,,,,,,,,,,,,,,"{""opens"": ""2026-05-11"", ""closes"": ""2026-05-15"", ""notes"": ""Die Einschreibung für die 5. Klasse des Schuljahres 2026/2027 findet am 11. Mai 2026 statt. In Ausnahmefällen ist die Einschreibung auch vom 12. bis 13. Mai und am 15. Mai 2026, in der Regel vormittags, möglich.""}","[""Alle Kinder bekommen eine Chance, sich an diesen Schulen einzuschreiben, egal welche Noten sie im Übertrittszeugnis in den Fächern Deutsch, Mathematik und Heimat- und Sachunterricht haben (Quotenregelung).""]",2026-04-20T09:35:17Z,"Die Einschreibung kann nur durch Erziehungsberechtigte oder deren bevollmächtigte Vertretung erfolgen. Bei Bedarf gibt es eine Beratung an der Schule. Es wird empfohlen, die Informationen auf der jeweiligen Schulwebsite zu beachten.","Gerastr. 6, 80993 München",Bayern,12076.0,65.5,1.0,1505022.0,5671.0,München: sicherste Großstadt Deutschlands (>200k Einwohner) seit 50 Jahren,city_aggregate,5671.0,376.8,6061.0,12076.0,802.4,München,91219.0,6061.0,134.0,8.9,134.0,91219.0,815.0,54.2,2026-08-22,"jedeschule.codefor.de (CC0, scraped from km.bayern.de)","Gymnasium München/Moosach is a state-run secondary school providing a comprehensive academic education, specifically preparing students for university studies. It offers a strong profile in natural sciences, languages, and social sciences, with English, Latin, French, and often Spanish available as foreign languages. The school also fosters digital literacy and enriches its curriculum with diverse extracurricular activities and international exchange programs.",,,,81.0,,,997.0,München,BY,,24.0,0.0,36.0,3.0,6.0,42.0,16.0,91219.0,2024_25,2025
BY-SCHUL_SCHULSTANDORTEFOERDERZENTREN_cc5eb992-2032-460a-8db0-c63d9c8d2656,Sonderpädagogisches Förderzentrum München-Ost an der Astrid-Lindgren-Str. 5,Förderzentren,Förderzentren,,,Astrid-Lindgren-Str. 5,81829,München,,,,,Andreas Stüwe,263.0,46.0,,,,,,,,,,,,,,,,,,,Nicht verfügbar (Bayern),,,,,,,,,,,Bayern Kultusministerium Schulsuche,"Sonderpädagogische Diagnose- und Förderklassen, Förderschwerpunkte: Lernen, emotionale und soziale Entwicklung, Sprache.",48.1310226,11.7068802,,,,,,,,,,,,,,,,,,,,,,,,,,,,,,,,,,,,,,,,,,,,,,,,,,,,,,1.0,Durchschnittlich,Unknown,238.0,48.13311,11.704732,,Unknown,292.0,48.133385,11.704036,,Unknown,294.0,48.133655,11.704684,,,,,,,,,,,,,,,,,Messestadt Ost,282.0,48.133219,11.703926,,Messestadt Ost,287.0,48.133569,11.704645,,Messestadt Ost,290.0,48.133614,11.704681,,0.0,,0.0,2.0,Vinzenzmurr Metzgerei - München - Riem,"Elisabeth-Castonier-Platz 25, 81829 München, Germany",182.0,48.1325762,11.7048788,REWE,"Elisabeth-Castonier-Platz 25, 81829 München, Germany",187.0,48.132590699999994,11.7048125,,,,,,7.0,KulinarikGuide für Bayern,"Astrid-Lindgren-Straße 36, 81829 München, Germany",73.0,48.1311031,11.7053504,Vinzenzmurr Metzgerei - München - Riem,"Elisabeth-Castonier-Platz 25, 81829 München, Germany",182.0,48.1325762,11.7048788,Gastrokneipe,"Elisabeth-Castonier-Platz 11, 81829 München, Germany",238.0,48.1325589,11.7037791,4.0,Bäckerei & Konditorei Ludwig Riedmair,"Elisabeth-Castonier-Platz 25, 81829 München, Germany",181.0,48.132540299999995,11.70483,Cafe Rona,"Willy-Brandt-Allee 11, 81829 München, Germany",357.0,48.1342651,11.7046884,Platz am See,"De-Gasperi-Bogen 10, 81829 München, Germany",370.0,48.128789,11.70968,6.0,Städtische Kindertageseinrichtung,"Astrid-Lindgren-Straße 7, 81829 München, Germany",45.0,48.1308388,11.706370200000002,Städtische Kindertageseinrichtung,"Michael-Ende-Straße 26, 81829 München, Germany",136.0,48.1318601,11.7047219,Kooperationseinrichtung Farbenfroh,"Magdalena-Schwarz-Straße 9, 81829 München, Germany",193.0,48.1316767,11.7037959,2.0,Mittagsbetreuung Grundschule,"Astrid-Lindgren-Straße 11, 81829 München, Germany",139.0,48.1300083,11.7060233,Grundschule Astrid-Lindgren-Straße,"Astrid-Lindgren-Straße 11, 81829 München, Germany",153.0,48.12989,11.7059293,"Grundschule an der Lehrer-Wirth-Straße, Außenstelle Helsinkistraße","Helsinkistraße 55, 81829 München, Germany",1000.0,48.1281203,11.6936719,8.0,"The Special Education Center Munich-East at Astrid-Lindgren-Str. 5 is a specialized educational institution in Munich dedicated to the individual support of children and adolescents with special educational needs. With 263 students and 46 teachers, the school provides a supportive learning environment tailored to the focus areas of learning, emotional and social development, and language. The pedagogical concept includes special education diagnostic and support classes, enabling early and targeted assistance. As a seminar school, the special education center also contributes to the training of future teachers.

The school offers comprehensive care services, including a bound full-day school operation, which ensures continuous pedagogical support and a variety of activities beyond regular lessons. Furthermore, the special education center functions as a counseling center, providing a special education counseling service and Mobile Special Education Services (MSD) to support students in mainstream schools and advise parents. The sponsorship is held by the Government of Upper Bavaria, which underscores the state recognition and quality of the institution. The school leadership is under the direction of Special School Principal Andreas Stüwe.

The location at Astrid-Lindgren-Straße 5 in 81829 Munich-East offers good accessibility. Although no dedicated website is available, the school is well-connected through the City of Munich and the Bavarian State Ministry of Education and Cultural Affairs, and integrated into the educational landscape. The facilities and specific offerings are designed to enable every child to achieve the best possible development and to accompany them on their individual educational path.",,,,,,,,,,,,"Das Sonderpädagogische Förderzentrum München-Ost an der Astrid-Lindgren-Str. 5 ist eine spezialisierte Bildungseinrichtung in München, die sich der individuellen Förderung von Kindern und Jugendlichen mit besonderem Förderbedarf widmet. Mit 263 Schülern und 46 Lehrkräften bietet die Schule ein unterstützendes Lernumfeld, das auf die Förderschwerpunkte Lernen, emotionale und soziale Entwicklung sowie Sprache zugeschnitten ist. Das pädagogische Konzept umfasst sonderpädagogische Diagnose- und Förderklassen, die eine frühzeitige und gezielte Unterstützung ermöglichen. Als Seminarschule trägt das Förderzentrum auch zur Ausbildung zukünftiger Lehrkräfte bei.

Die Schule bietet umfassende Betreuungsangebote, darunter einen gebundenen Ganztagsschulbetrieb, der eine durchgängige pädagogische Begleitung und vielfältige Aktivitäten über den Unterricht hinaus gewährleistet. Darüber hinaus fungiert das Förderzentrum als Beratungszentrum und bietet eine sonderpädagogische Beratungsstelle sowie Mobile Sonderpädagogische Dienste (MSD) an, um auch Schüler an Regelschulen zu unterstützen und Eltern zu beraten. Die Trägerschaft obliegt der Regierung von Oberbayern, was die staatliche Anerkennung und Qualität der Einrichtung unterstreicht. Die Schulleitung liegt in den Händen von Sonderschulrektor Andreas Stüwe.

Die Lage in der Astrid-Lindgren-Straße 5 in 81829 München-Ost bietet eine gute Erreichbarkeit. Obwohl keine eigene Website verfügbar ist, ist die Schule über die Stadt München und das Bayerische Staatsministerium für Unterricht und Kultus gut vernetzt und in die Bildungslandschaft integriert. Die Ausstattung und die spezifischen Angebote sind darauf ausgerichtet, jedem Kind eine bestmögliche Entwicklung zu ermöglichen und es auf seinem individuellen Bildungsweg zu begleiten.","The Special Education Center Munich-East at Astrid-Lindgren-Str. 5 is a specialized school for 263 students with learning, emotional and social development, and language support needs. It offers special education diagnostic and support classes, bound full-day operation, and serves as a counseling center with Mobile Special Education Services. The school is sponsored by the Government of Upper Bavaria and led by Special School Principal Andreas Stüwe.","Das Sonderpädagogische Förderzentrum München-Ost an der Astrid-Lindgren-Str. 5 ist eine spezialisierte Schule für 263 Schüler mit Förderschwerpunkten in Lernen, emotionaler und sozialer Entwicklung sowie Sprache. Es bietet sonderpädagogische Diagnose- und Förderklassen, gebundenen Ganztagsbetrieb und fungiert als Beratungszentrum mit Mobilen Sonderpädagogischen Diensten. Die Schule wird von der Regierung von Oberbayern getragen und von Sonderschulrektor Andreas Stüwe geleitet.",,,,,,,,,,,,,,,,,,,,,"[""Diagnostizierter sonderpädagogischer Förderbedarf in den Bereichen Sprache, Lernen oder emotional-soziale Entwicklung."", ""Es gilt die Sprengelpflicht für öffentliche Förderzentren, Ausnahmen sind bei zwingenden persönlichen Gründen möglich.""]",2026-04-20T08:49:24Z,"Das Sonderpädagogische Förderzentrum München-Ost ist eine öffentliche Schule, die Schüler mit spezifischen sonderpädagogischen Förderbedarfen in den Bereichen Sprache, Lernen und emotional-soziale Entwicklung aufnimmt. Die Aufnahme basiert auf einem diagnostizierten Förderbedarf und der Zugehörigkeit zum Schulsprengel, wobei Ausnahmen in begründeten Fällen möglich sind.","Astrid-Lindgren-Str. 5, 81829 München",Bayern,12076.0,65.5,1.0,1505022.0,5671.0,München: sicherste Großstadt Deutschlands (>200k Einwohner) seit 50 Jahren,city_aggregate,5671.0,376.8,6061.0,12076.0,802.4,München,91219.0,6061.0,134.0,8.9,134.0,91219.0,815.0,54.2,2026-08-22,"jedeschule.codefor.de (CC0, scraped from km.bayern.de)","The Sonderpädagogisches Förderzentrum München-Ost is a specialized school in Munich dedicated to students with special educational needs. It provides individualized learning paths, comprehensive special education support, and therapeutic and social assistance. The school focuses on holistic development, preparing students for their future lives and careers.",,,,46.0,,,263.0,München,BY,,7.0,0.0,16.0,5.0,1.0,17.0,66.0,91219.0,2024_25,2025
BY-SCHUL_SCHULSTANDORTEFOERDERZENTREN_f531af60-8835-4a84-9920-85b6cbe48b39,Sonderpädagogisches Förderzentrum München-West,Förderzentren,Förderzentren,,,Helmut-Schmidt-Allee 45,81249,München,,,,,Susanne Leogrande,233.0,44.0,,,,,,,,,,,,,,,,,,,Nicht verfügbar (Bayern),,,,,,,,,,,Bayern Kultusministerium Schulsuche,"Schulprofil ""Inklusion"", Sonderpädagogische Diagnose- und Förderklassen, Förderschwerpunkt Lernen, SVE, Förderschwerpunkt Sprache, Lernen, emotionale und soziale Entwicklung",48.1417297,11.4045133,,,,,,,,,,,,,,,,,,,,,,,,,,,,,,,,,,,,,,,,,,,,,,,,,,,,,,1.0,Durchschnittlich,Freiham,459.0,48.140008,11.41007,,,,,,,,,,,,,,,,,,,,,,,,,,,Bildungscampus Freiham,88.0,48.141701,11.403368,,Bildungscampus Freiham,99.0,48.141279,11.403499,,Helmut-Schmidt-Allee,234.0,48.14241,11.407569,,0.0,,0.0,6.0,Freihamer Supermarkt,"Roman-Herzog-Straße, 81248 München, Germany",252.0,48.1433288,11.407103,Feinkost Lisac,"Aubinger Allee 15, 81248 München, Germany",278.0,48.1437653,11.4069314,ALDI SÜD,"Amalie-Nacken-Str. 4, 81249 München, Germany",312.0,48.141645999999994,11.4087251,12.0,SUNHYE - Korean Streetfood,"Margarete-Vollmar-Str. 1, 81248 München, Germany",232.0,48.1414762,11.4076084,Pit‘s Burger Freiham,"Margarete-Vollmar-Str. 1, 81248 München, Germany",240.0,48.141509,11.4077188,Döner Buam,"Margarete-Vollmar-Str. 2, 81248 München, Germany",240.0,48.14173770000001,11.4077645,5.0,Feinkost Lisac,"Aubinger Allee 15, 81248 München, Germany",278.0,48.1437653,11.4069314,Dunkin' Donuts München-Freiham,"Emilie-Maurer-Straße 3, 81248 München, Germany",321.0,48.1409217,11.4086329,Müller Café & Bäckerei,"Freiham, ZAM, Mahatma-Gandhi-Platz 5, 81248 München, Germany",370.0,48.1413897,11.4094765,2.0,Denk mit Kita München Freiham,"Golo-Mann-Weg 21, 81248 München, Germany",409.0,48.1444942,11.4083601,Unsere Champions Kinderkrippe & Kindergarten – Freiham (1),"Hans-Stützle-Straße 20, 81249 München, Germany",487.0,48.13957,11.4101365,Unsere Champions Kinderkrippe & Kindergarten – Freiham (2),"Hans-Stützle-Straße 27, 81249 München, Germany",517.0,48.1398449,11.4108209,0.0,Grundschule Gustl-Bayrhammer-Straße,"Gustl-Bayrhammer-Straße 21, 81248 München, Germany",611.0,48.1468075,11.408084,Staatl. Grundschule,"Wiesentfelser Str. 53, 81249 München, Germany",818.0,48.1462325,11.4133801,Grundschule an der Aubinger-Allee,"Aubinger Allee 152, 81249 München, Germany",1243.0,48.1529076,11.4070232,4.0,"The Special Education Support Center Munich-West (Sonderpädagogisches Förderzentrum München-West) is a public school in Munich specializing in learning, language, and emotional-social development. It is located at Helmut-Schmidt-Allee 45, 81249 Munich, and is part of the Freiham Education Campus. The school is attended by 233 students and taught by 44 teachers. The pedagogical concept is based on the 'Inclusion' school profile, aiming to provide individualized support for school-aged children and adolescents with special educational needs.

The school offers structured support across several levels: a School Preparatory Facility (SVE), Diagnostic and Support Classes (DFK) for grades 1, 1A, and 2, and further support levels for grades 3 to 9, including Special Education Diagnostic and Workshop Classes (SDW) in the higher grades. In addition to core instruction, there is a wide range of supplementary offerings such as extracurricular activities, projects, language and reading support (including reading mentors), vocational preparation internships, and social learning. Cultural education is promoted through 'K.I.D.S. - Artists into School'.

For the care and support of students and their families, the school provides social work, a counseling center, Mobile Special Education Assistance (MSH), and Mobile Special Education Service (MSD). The school also offers an open all-day school program (OGS). Its location on the Freiham Education Campus ensures good public transport connections, including bus lines and the S-Bahn (S8). The school emphasizes quality development through a school development team, internal and external evaluations, and further training.",,,,,,,,,,,,"Das Sonderpädagogische Förderzentrum München-West ist eine öffentliche Schule in München, die sich auf die Förderschwerpunkte Lernen, Sprache sowie emotionale und soziale Entwicklung spezialisiert hat. Es ist Teil des Bildungscampus Freiham und befindet sich in der Helmut-Schmidt-Allee 45, 81249 München. Die Schule wird von 233 Schülern besucht und von 44 Lehrkräften unterrichtet. Das pädagogische Konzept basiert auf dem Schulprofil 'Inklusion' und zielt darauf ab, schulpflichtige Kinder und Jugendliche mit sonderpädagogischem Förderbedarf individuell zu unterstützen.

Die Schule bietet eine strukturierte Förderung über mehrere Stufen hinweg: eine Schulvorbereitende Einrichtung (SVE), Diagnose- und Förderklassen (DFK) für die Jahrgangsstufen 1, 1A und 2, sowie weitere Förderstufen für die Jahrgangsstufen 3 bis 9, einschließlich Sonderpädagogischer Diagnose- und Werkstattklassen (SDW) in den höheren Jahrgängen. Neben dem Kernunterricht gibt es ein breites Spektrum an zusätzlichen Angeboten wie Arbeitsgemeinschaften, Projekte, Sprach- und Leseförderung (u.a. durch Lesepaten), berufsvorbereitende Praktika und soziales Lernen. Kulturelle Bildung wird durch 'K.I.D.S. - Künstler in die Schule' gefördert.

Für die Betreuung und Unterstützung der Schüler und ihrer Familien stehen Schulsozialarbeit, ein Beratungszentrum, Mobile Sonderpädagogische Hilfe (MSH) und der Mobile Sonderpädagogische Dienst (MSD) zur Verfügung. Die Schule bietet zudem einen offenen Ganztagsschulbetrieb (OGS) an. Die Lage am Bildungscampus Freiham ermöglicht eine gute Anbindung an den öffentlichen Nahverkehr, unter anderem durch Buslinien und die S-Bahn (S8). Die Schule legt Wert auf Qualitätsentwicklung durch ein Schulentwicklungsteam, interne und externe Evaluationen sowie Fortbildungen.","The Special Education Support Center Munich-West is a public school on the Freiham Education Campus, specializing in learning, language, and emotional-social development. It offers individualized support in diagnostic and support classes, as well as an open all-day care program.","Das Sonderpädagogische Förderzentrum München-West ist eine öffentliche Schule am Bildungscampus Freiham, spezialisiert auf die Förderschwerpunkte Lernen, Sprache und emotional-soziale Entwicklung. Es bietet individuelle Förderung in Diagnose- und Förderklassen sowie eine offene Ganztagsbetreuung.",,,,,,,,,,,,,,,,,,,,,"[""Sonderpädagogischer Förderbedarf muss vermutet oder festgestellt sein."", ""Alle pädagogischen Möglichkeiten der schulischen Förderung an der allgemeinen Schule müssen ausgeschöpft sein."", ""Beantragung des Feststellungsverfahrens sonderpädagogischer Förderbedarf (SPF)."", ""Schriftlicher Antrag der Lehrkraft und Testeinwilligung der Eltern für das Feststellungsverfahren."", ""Umfassende Diagnostik, oft inklusive IQ-Testung (mit Einverständniserklärung der Erziehungsberechtigten)."", ""Erstellung eines sonderpädagogischen Gutachtens mit Förderortempfehlung für den Besuch einer Förderschule.""]",2026-04-20T08:50:31Z,"Das Förderzentrum München-West bietet sonderpädagogische Expertise im Feststellungsverfahren SPF für 15 Grundschulen und 3 Mittelschulen im Münchner Westen an. Wichtige Informationen bezüglich Einschulung, Beratungsadressen und Förderung sind auf einem passwortgeschützten Padlet verfügbar (Passwort: Schule).","Helmut-Schmidt-Allee 45, 81249 München",Bayern,12076.0,65.5,1.0,1505022.0,5671.0,München: sicherste Großstadt Deutschlands (>200k Einwohner) seit 50 Jahren,city_aggregate,5671.0,376.8,6061.0,12076.0,802.4,München,91219.0,6061.0,134.0,8.9,134.0,91219.0,815.0,54.2,2026-08-22,"jedeschule.codefor.de (CC0, scraped from km.bayern.de)","The Sonderpädagogisches Förderzentrum München-West is a specialized educational institution in Munich, dedicated to students with special educational needs. It offers individualized support, adapted curricula, and a holistic approach to foster personal development and prepare students for an independent life. Small class sizes and specialized pedagogical and therapeutic staff ensure comprehensive, needs-based care.",,,,44.0,,,233.0,München,BY,,8.0,0.0,15.0,5.0,3.0,18.0,64.0,91219.0,2024_25,2025
BY-SCHUL_SCHULSTANDORTEFOERDERZENTREN_70623091-1dc6-4706-81df-5a7319a67cfa,Schule für Kranke München,Förderzentren,Förderzentren,,,"Kölner Platz 1, Haus 22",80804,München,,,,,Angelika Moosburger,280.0,35.0,,,,,,,,,,,,,,,,,,,Nicht verfügbar (Bayern),,,,,,,,,,,Bayern Kultusministerium Schulsuche,"Unterricht trotz Krankheit, schulische Begleitung, Anschluss an Stammschule halten, Berufsorientierung, Schule auf Zeit, Stärkung des Selbstbewusstseins.",,,,,,,,,,,,,,,,,,,,,,,,,,,,,,,,,,,,,,,,,,,,,,,,,,,,,,,,1.0,Durchschnittlich,Unknown,286.0,48.170538,11.573761,E,Unknown,337.0,48.170939,11.573087,D,Scheidplatz (F),350.0,48.170549,11.572888,F,Kölner Platz,59.0,48.170101,11.577542,,Kölner Platz,64.0,48.170116,11.577227,,Scheidplatz,244.0,48.170198,11.574386,7.0,Kölner Platz,57.0,48.170118,11.577537,,Kölner Platz,65.0,48.170098,11.577231,,Scheidplatz,244.0,48.170189,11.574385,7,71.0,7; D; E; F,100.0,7.0,PENNY,"Belgradstraße 72, 80804 München, Germany",359.0,48.1683725,11.574148,REWE,"Bonner Pl. 1, 80803 München, Germany",408.0,48.1669673,11.5779682,Obstkist’l,"Belgradstraße 64, 80804 München, Germany",427.0,48.1675116,11.5742526,8.0,Trattoria La Piazza,"Kölner Pl. 7, 80804 München, Germany",115.0,48.1699021,11.5787195,"Cafe Scheidplatz, München","Belgradstraße 104, 80804 München, Germany",305.0,48.17149,11.5736974,Daawat Indian Restaurent,"Belgradstraße 105, 80804 München, Germany",332.0,48.169702400000006,11.5733544,7.0,Atrium-Cafe,"Kölner Pl. 1, 80804 München, Germany",70.0,48.1712553,11.577602,"Cafe Scheidplatz, München","Belgradstraße 104, 80804 München, Germany",305.0,48.17149,11.5736974,Backshop am Scheidplatz,"U-Bahn Scheidplatz Scheidplatz, 80804 München, Germany",323.0,48.1708406,11.57326,1.0,KOKO Montessori LernOase,"Speyerer Str. 21, 80804 München, Germany",318.0,48.1678416,11.5785502,BRK Kinderkrippe Isoldenhof,"Mildred-Scheel-Bogen 3, 80804 München, Germany",509.0,48.174456799999994,11.5813592,Städtische Kindertageseinrichtung,"Birkenfeldstraße 1, 80804 München, Germany",568.0,48.1679166,11.584098700000002,0.0,Grundschule an der Simmernstraße,"Simmernstraße 2, 80804 München, Germany",522.0,48.167592,11.5829821,BIP mehrsprachige private Ganztag Grundschule München,"Leopoldstraße 133, 80804 München, Germany",631.0,48.1691338,11.5858137,Ernst-Barlach-Schule,"Barlachstraße 36 - 38, 80804 München, Germany",750.0,48.177367399999994,11.577187,9.0,"The ""Schule für Kranke München"" (School for the Sick Munich) is a specialized support center dedicated to providing educational support for children and adolescents who, due to illness, are temporarily or long-term unable to attend their regular home school. With 280 students and 35 teachers, the school offers an individual and flexible learning environment aimed at enabling education despite illness and ensuring continuity with the home school. The pedagogical concept is designed to comprehensively support students during their challenging life phase. This includes not only the imparting of curriculum content but also strengthening self-confidence and fostering social and emotional development.

As a ""temporary school"" (""Schule auf Zeit""), the instruction adapts to the individual needs and health status of each child. Teachers work closely with medical professionals to ensure an optimal learning process that does not impede recovery. Special offerings include targeted career orientation, which helps students develop perspectives for their future, even if their schooling is interrupted. The school places great importance on ensuring that students do not fall behind academically despite their illness and can smoothly return to their home schools after recovery.

The school is located at Kölner Platz 1, Haus 22, in the heart of Munich (80804 Munich). This central location, often near or directly within medical facilities, enables close cooperation with clinics and therapy centers. Although no specific facility details are available, it can be assumed that the premises and teaching materials are specially adapted to the needs of sick children to create a pleasant and conducive learning atmosphere. Care services are an integral part of the school concept and include comprehensive academic and pedagogical support throughout the stay. The school management, under Angelika Moosburger, ensures the implementation of this unique and vital educational mission.",,,,,,,,,,,,"Die Schule für Kranke München ist ein spezialisiertes Förderzentrum, das sich der schulischen Begleitung von Kindern und Jugendlichen widmet, die aufgrund von Krankheit vorübergehend oder längerfristig nicht ihre Stammschule besuchen können. Mit 280 Schülern und 35 Lehrkräften bietet die Schule eine individuelle und flexible Lernumgebung, die darauf abzielt, den Unterricht trotz Krankheit zu ermöglichen und den Anschluss an die Heimatschule zu gewährleisten. Das pädagogische Konzept ist darauf ausgerichtet, die Schüler in ihrer schwierigen Lebensphase umfassend zu unterstützen. Dies beinhaltet nicht nur die Vermittlung von Lehrinhalten, sondern auch die Stärkung des Selbstbewusstseins und die Förderung der sozialen und emotionalen Entwicklung.

Als ""Schule auf Zeit"" passt sich der Unterricht den individuellen Bedürfnissen und dem Gesundheitszustand jedes Kindes an. Die Lehrkräfte arbeiten eng mit den medizinischen Fachkräften zusammen, um einen optimalen Lernprozess zu gewährleisten, der die Genesung nicht beeinträchtigt. Besondere Angebote umfassen eine gezielte Berufsorientierung, die den Schülern hilft, Perspektiven für ihre Zukunft zu entwickeln, auch wenn ihre schulische Laufbahn unterbrochen ist. Die Schule legt großen Wert darauf, dass die Schüler trotz ihrer Erkrankung schulisch nicht den Anschluss verlieren und nach ihrer Genesung reibungslos in ihre Stammschulen zurückkehren können.

Die Schule befindet sich am Kölner Platz 1, Haus 22, im Herzen von München (80804 München). Diese zentrale Lage, oft in der Nähe oder direkt in medizinischen Einrichtungen, ermöglicht eine enge Kooperation mit Kliniken und Therapiezentren. Obwohl keine spezifischen Ausstattungsdetails vorliegen, ist davon auszugehen, dass die Räumlichkeiten und Lehrmittel speziell auf die Bedürfnisse kranker Kinder zugeschnitten sind, um eine angenehme und förderliche Lernatmosphäre zu schaffen. Die Betreuungsangebote sind integraler Bestandteil des Schulkonzepts und umfassen eine umfassende schulische und pädagogische Begleitung während des gesamten Aufenthalts. Die Schulleitung unter Angelika Moosburger sorgt für die Umsetzung dieses einzigartigen und wichtigen Bildungsauftrags.","The ""Schule für Kranke München"" is a special needs school providing education and support to sick children and adolescents, helping them maintain connection to their home schools and strengthen self-confidence. With 280 students and 35 teachers, it offers individualized ""temporary schooling"" focused on recovery and future prospects, including career orientation.","Die Schule für Kranke München ist ein Förderzentrum, das kranken Kindern und Jugendlichen Unterricht und schulische Begleitung bietet, um den Anschluss an ihre Stammschule zu halten und ihr Selbstbewusstsein zu stärken. Mit 280 Schülern und 35 Lehrkräften ermöglicht sie eine individuelle ""Schule auf Zeit"" mit Fokus auf Genesung und Zukunftsperspektiven, inklusive Berufsorientierung.",,,,,,,,,,,,,,,,,,,,,,2026-04-20T08:50:45Z,,"Kölner Platz 1, Haus 22, 80804 München",Bayern,12076.0,65.5,1.0,1505022.0,5671.0,München: sicherste Großstadt Deutschlands (>200k Einwohner) seit 50 Jahren,city_aggregate,5671.0,376.8,6061.0,12076.0,802.4,München,91219.0,6061.0,134.0,8.9,134.0,91219.0,815.0,54.2,2026-08-22,"jedeschule.codefor.de (CC0, scraped from km.bayern.de)","Schule für Kranke München is a specialized support center providing individualized education for school-aged children and adolescents during hospital stays or prolonged illnesses. It ensures continuity of learning according to the Bavarian curriculum, offering flexible, health-adapted programs designed to maintain academic progress and facilitate successful reintegration into regular schooling.",,,,35.0,,,280.0,München,BY,,,,,,,,,91219.0,2024_25,2025
BY-SCHUL_SCHULSTANDORTEFOERDERZENTREN_afa95526-2dae-4f12-b300-49baad439d08,Sonderpädagogisches Förderzentrum München Süd,Förderzentren,Förderzentren,,2010.0,Boschetsrieder Str. 35,81379,München,,,,,,233.0,38.0,,,,,Englisch,,,,,,,,,,,,,,Nicht verfügbar (Bayern),,,,,,,,,,,Bayern Kultusministerium Schulsuche,"Sonderpädagogische Diagnose- und Förderklassen, Förderschwerpunkt Lernen, Förderschwerpunkt Sprache, SVE, emot. u. soziale Entw.",48.0999173,11.5365066,,,,,,,,,,,,,,,,,,,,,,,,,,,,,,,,,,,,,,,,,,,,,,,,,,,,,,1.0,Durchschnittlich,August-Zeune-Weg,166.0,48.098557,11.536982,,"Tölzer Straße, Bus",193.0,48.098635,11.537894,,Obersendling,193.0,48.098233,11.535934,,,,,,,,,,,,,,,,,Tölzer Straße,118.0,48.100386,11.537684,,Tölzer Straße,148.0,48.099949,11.53822,,Tölzer Straße,171.0,48.100695,11.538251,,0.0,,0.0,7.0,Obst- und Gemüsestand,"Tölzer Str. 31, 81379 München, Germany",206.0,48.0987389,11.5383174,Flaschenpost München Obersendling,"Tölzer Str. 30, 81379 München, Germany",253.0,48.097691399999995,11.5360864,einkaufmeister - Einkaufsservice München,"Boschetsrieder Str. 59, 81379 München, Germany",346.0,48.0997167,11.5315885,20.0,Falcha,"Waakirchner Str. 33, 81379 München, Germany",103.0,48.1007973,11.5368224,Tölzer Stüberl,"Tölzer Str. 29, 81379 München, Germany",202.0,48.0987717,11.5382902,Tellervoll Rudolf Machl Gastronomiebetriebs GmbH,"Geretsrieder Str. 2, 81379 München, Germany",208.0,48.100282199999995,11.5334694,7.0,Thalkirchen,"Tölzer Str. 4c, 81379 München, Germany",175.0,48.1011111,11.5378298,Das kleine Backhaus,"Boschetsrieder Str. 17, 81379 München, Germany",183.0,48.1003512,11.5386183,Café MOCCASOLA Zielstattstraße,"Zielstattstraße 9, 81379 München, Germany",303.0,48.1021442,11.5337805,6.0,Kindergarten Tölzer Straße 8,"Tölzer Str. 8, 81379 München, Germany",130.0,48.1000879,11.5379688,Die Kinderstube GmbH,"Tölzer Str. 3 a, 81379 München, Germany",295.0,48.1019692,11.538831,Elterninitiative Silizius e.V.,"Tölzer Str. 30, 81379 München, Germany",319.0,48.0972412,11.5375734,0.0,Elementary School Baierbrunner Straße 53,"Baierbrunner Str. 53, 81379 München, Germany",702.0,48.094506499999994,11.5314626,Förderverein der Boschetsrieder Grundschule e. V.,"Neunkirchner Str. 40, 81379 München, Germany",749.0,48.093294099999994,11.5377104,Isar Elementary School Munich Obersendling,"Baierbrunner Str. 42, 81379 München, Germany",768.0,48.094218399999995,11.530484800000002,18.0,"The Sonderpädagogisches Förderzentrum München Süd, founded in 2010, is a specialized educational institution located at Boschetsrieder Str. 35, 81379 Munich. With 233 students and 38 teachers, the school is dedicated to the individual support of children and adolescents with special educational needs. The pedagogical concept is based on a holistic approach that supports students in their cognitive, emotional, and social development.

A central component of the offerings are the Special Pedagogical Diagnostic and Support Classes, which enable a precise assessment of individual strengths and weaknesses, and subsequently develop tailored support plans. The school places a particular emphasis on the areas of learning and language, to provide targeted assistance to students with corresponding difficulties. This includes specific therapeutic measures and didactic concepts that are aligned with the respective special educational needs.

Furthermore, the support center offers a School Preparatory Facility (SVE), which starts at preschool age and prepares children for the transition to school by addressing developmental deficits early on. Another focus is on promoting the emotional and social development of students, to help them build self-confidence, acquire social skills, and integrate into the community.

The school is situated in an urban environment in the south of Munich and is easily accessible. The facilities are tailored to the special needs of the students and typically include specialized rooms for therapy and diagnostics, barrier-free access, age-appropriate learning materials, as well as opportunities for sports activities and creative expression. Supplementary care services, such as lunch supervision or afternoon programs, are often part of the school day to provide comprehensive support to families and enable students to have a structured daily routine. The support center sees itself as a place where every child is supported according to their individual potential and prepared for an independent life.",,,,,,,,,,,,"Das Sonderpädagogische Förderzentrum München Süd, gegründet im Jahr 2010, ist eine spezialisierte Bildungseinrichtung in der Boschetsrieder Str. 35, 81379 München. Mit 233 Schülern und 38 Lehrkräften widmet sich die Schule der individuellen Förderung von Kindern und Jugendlichen mit besonderen pädagogischen Bedürfnissen. Das pädagogische Konzept basiert auf einem ganzheitlichen Ansatz, der die Schüler in ihrer kognitiven, emotionalen und sozialen Entwicklung unterstützt.

Ein zentraler Bestandteil des Angebots sind die Sonderpädagogischen Diagnose- und Förderklassen, die eine präzise Erfassung der individuellen Stärken und Schwächen ermöglichen und darauf aufbauend maßgeschneiderte Förderpläne entwickeln. Die Schule legt einen besonderen Schwerpunkt auf die Bereiche Lernen und Sprache, um Schülern mit entsprechenden Schwierigkeiten gezielte Unterstützung zu bieten. Dies umfasst spezifische therapeutische Maßnahmen und didaktische Konzepte, die auf die jeweiligen Förderschwerpunkte abgestimmt sind.

Darüber hinaus bietet das Förderzentrum eine Schulvorbereitende Einrichtung (SVE) an, die bereits im Vorschulalter ansetzt und Kinder auf den Übergang in die Schule vorbereitet, indem sie frühzeitig Entwicklungsdefizite ausgleicht. Ein weiterer Fokus liegt auf der Förderung der emotionalen und sozialen Entwicklung der Schüler, um ihnen zu helfen, Selbstvertrauen aufzubauen, soziale Kompetenzen zu erwerben und sich in die Gemeinschaft zu integrieren.

Die Schule befindet sich in einem städtischen Umfeld im Süden Münchens und ist gut erreichbar. Die Ausstattung ist auf die speziellen Bedürfnisse der Schüler zugeschnitten und umfasst in der Regel Fachräume für Therapie und Diagnostik, barrierefreie Zugänge, altersgerechte Lernmaterialien sowie Möglichkeiten für sportliche Aktivitäten und kreatives Gestalten. Ergänzende Betreuungsangebote, wie eine Mittagsbetreuung oder Nachmittagsangebote, sind oft Teil des Schulalltags, um den Familien eine umfassende Unterstützung zu bieten und den Schülern einen strukturierten Tagesablauf zu ermöglichen. Das Förderzentrum versteht sich als Ort, an dem jedes Kind entsprechend seiner individuellen Potenziale gefördert und auf ein selbstbestimmtes Leben vorbereitet wird.","Founded in 2010, the Sonderpädagogisches Förderzentrum München Süd supports 233 students with special needs through 38 teachers. It offers specialized diagnostic and support classes focusing on learning, language, and emotional and social development, including a School Preparatory Facility (SVE). Located in South Munich, the school provides individualized and holistic support.","Das Sonderpädagogische Förderzentrum München Süd, gegründet 2010, betreut 233 Schüler mit besonderen Bedürfnissen durch 38 Lehrkräfte. Es bietet spezialisierte Diagnose- und Förderklassen mit Schwerpunkten auf Lernen, Sprache sowie emotionaler und sozialer Entwicklung, inklusive einer Schulvorbereitenden Einrichtung (SVE). Die Schule in München Süd fördert individuell und ganzheitlich.",,,,,,,,,,,,,,,,,,,,,,2026-04-20T08:43:12Z,,"Boschetsrieder Str. 35, 81379 München",Bayern,12076.0,65.5,1.0,1505022.0,5671.0,München: sicherste Großstadt Deutschlands (>200k Einwohner) seit 50 Jahren,city_aggregate,5671.0,376.8,6061.0,12076.0,802.4,München,91219.0,6061.0,134.0,8.9,134.0,91219.0,815.0,54.2,2026-08-22,"jedeschule.codefor.de (CC0, scraped from km.bayern.de)","The Sonderpädagogisches Förderzentrum München Süd is a specialized school in Munich dedicated to supporting students with special educational needs. It offers individualized learning plans and a holistic educational approach, delivered by a multidisciplinary team, to foster each child's unique development and life skills.",,,,38.0,,,233.0,München,BY,,25.0,0.0,46.0,7.0,1.0,47.0,6.0,91219.0,2024_25,2025
BY-SCHUL_SCHULSTANDORTEFOERDERZENTREN_f1f0cf09-d9f1-40d0-bd37-1f430aacecb2,"Prof.-Otto-Speck-Schule Förderzentrum emot. und soz. Entwicklung, München",Förderzentren,Förderzentren,,1951.0,Dachauer Str. 96,80335,München,,,,,Anton Lamprecht,100.0,28.0,,,,,,,,,,,,,,,,,,,Nicht verfügbar (Bayern),,,,,,,,,,,Bayern Kultusministerium Schulsuche,"Förderzentrum mit Schwerpunkt emotionale und soziale Entwicklung, Heilpädagogische Tagesstätte.",48.1520845,11.5579606,,,,,,,,,,,,,,,,,,,,,,,,,,,,,,,,,,,,,,,,,,,,,,,,,,,,,,1.0,Durchschnittlich,Stiglmaierplatz,399.0,48.148379,11.555742,B,Stiglmaierplatz,429.0,48.147896,11.556977,,Stiglmaierplatz,441.0,48.147784,11.558304,C,Sandstraße,130.0,48.150596,11.558125,,Hochschule München (Lothstraße),364.0,48.154028,11.554177,2.0,Hochschule München (Lothstraße),441.0,48.154534,11.55348,1.0,Hochschule München (Lothstraße),398.0,48.154627,11.554517,5,Hochschule München (Lothstraße),400.0,48.154739,11.554718,4,Infanteriestraße Süd,537.0,48.15645,11.559224,,0.0,1; 2; 4; 5; B; C,0.0,16.0,dm-drogerie markt,"Dachauer Str. 92, 80335 München, Germany",47.0,48.1513157,11.55781,Lidl,"Dachauer Str. 92, 80335 München, Germany",70.0,48.151682400000006,11.5586166,"treemans store, bakery & coffee","Dachauer Str. 69, 80335 München, Germany",200.0,48.149938899999995,11.5579772,19.0,AMARi | Kantine & Bar,"Dachauer Str. 90, 80335 München, Germany",96.0,48.15102900000001,11.5584386,Hotel Europa,"Dachauer Str. 115, 80335 München, Germany",102.0,48.1519229,11.5563283,Soy Vegan München,"Theresienstraße 93, 80333 München, Germany",217.0,48.1520382,11.5605554,20.0,AMARi | Kantine & Bar,"Dachauer Str. 90, 80335 München, Germany",96.0,48.15102900000001,11.5584386,Hotel Europa,"Dachauer Str. 115, 80335 München, Germany",102.0,48.1519229,11.5563283,roca junior - artisan coffee,"Kreittmayrstraße 5, 80335 München, Germany",155.0,48.1506019,11.5564482,8.0,Krümelbande Kinderkrippe,"Dachauer Str. 97, 80335 München, Germany",63.0,48.1513344,11.557053800000002,Privater russisch-deutscher Kindergarten Matrjoschka,"Dachauer Str. 107, 80335 München, Germany",103.0,48.1515,11.55633,Katholischer Kindergarten St. Bonifaz,"Schleißheimer Str. 36, 80333 München, Germany",221.0,48.1504482,11.5599506,1.0,Primary school at the Dachauerstraße 98,"Dachauer Str. 98, 80335 München, Germany",140.0,48.152904,11.5570145,Grundschule an der Schwindstraße,"Zentnerstraße 2, 80798 München, Germany",542.0,48.1548886,11.5632378,Elementary school at the Blutenburgstrasse,"Blutenburgstraße 3, 80636 München, Germany",848.0,48.1479751,11.5477155,19.0,"The Prof.-Otto-Speck-Schule Förderzentrum emot. und soz. Entwicklung in Munich is a state-run special education center specializing in the emotional and social development of students from grades 1 to 9. With approximately 100 students and 28 teachers, the school offers intensive and individualized support in a nurturing learning environment. The pedagogical concept aims to strengthen children and adolescents with special needs in their emotional stability, social competence, and academic performance. 

Special offerings include a Therapeutic Day Care Center (HPT), which ensures comprehensive care and therapeutic support beyond regular lessons. The school also provides all-day schooling and lunch supervision to meet the needs of families. As a training school for future teachers (Seminarschule), the Prof.-Otto-Speck-Schule plays an important role in teacher education. 

The school features a counseling center that includes school psychological and social work services, as well as comprehensive career orientation and entry support for older students. In addition to its main location at Dachauer Straße 96 in 80335 Munich, the school maintains other sites, including Allescherstraße and Infanteriestraße, to enable broad coverage and specialized offerings. Facilities include a sports hall at the Dachauerstraße location. Its location in Munich ensures good accessibility and integration into the urban environment. The school emphasizes close cooperation with parents and guardians to promote the holistic development of students.",,,,,,,,,,,,"Die Prof.-Otto-Speck-Schule Förderzentrum emot. und soz. Entwicklung in München ist ein staatliches Förderzentrum, das sich auf die emotionale und soziale Entwicklung von Schülerinnen und Schülern der Jahrgangsstufen 1 bis 9 spezialisiert hat. Mit rund 100 Schülern und 28 Lehrkräften bietet die Schule eine intensive und individuelle Förderung in einer unterstützenden Lernumgebung. Das pädagogische Konzept zielt darauf ab, Kinder und Jugendliche mit besonderen Bedürfnissen in ihrer emotionalen Stabilität, sozialen Kompetenz und schulischen Leistungsfähigkeit zu stärken. 

Zu den besonderen Angeboten gehört eine Heilpädagogische Tagesstätte (HPT), die eine umfassende Betreuung und therapeutische Unterstützung über den Unterricht hinaus gewährleistet. Die Schule bietet zudem einen Ganztagsschulbetrieb sowie Mittagsbetreuung an, um den Bedürfnissen der Familien gerecht zu werden. Als Seminarschule spielt die Prof.-Otto-Speck-Schule eine wichtige Rolle in der Ausbildung angehender Lehrkräfte. 

Die Schule verfügt über ein Beratungszentrum, das schulpsychologische und schulsozialarbeiterische Dienste umfasst, sowie eine umfassende Berufsorientierung und -einstiegsbegleitung für ältere Schüler. Neben dem Hauptstandort in der Dachauer Straße 96 in 80335 München unterhält die Schule weitere Standorte, darunter in der Allescherstraße und Infanteriestraße, um eine breite Abdeckung und spezialisierte Angebote zu ermöglichen. Die Ausstattung umfasst unter anderem eine Sporthalle am Standort Dachauerstraße. Die Lage in München ermöglicht eine gute Erreichbarkeit und Einbindung in das städtische Umfeld. Die Schule legt Wert auf eine enge Zusammenarbeit mit Eltern und Erziehungsberechtigten, um eine ganzheitliche Entwicklung der Schüler zu fördern.","The Prof.-Otto-Speck-Schule is a state-run special education center in Munich, focusing on the emotional and social development of students from grades 1-9. It offers individualized support, a Therapeutic Day Care Center, all-day care, and serves as a training school for teachers. With approximately 100 students and 28 teachers across multiple locations, it comprehensively supports the development of its students.","Die Prof.-Otto-Speck-Schule ist ein staatliches Förderzentrum in München, das sich auf die emotionale und soziale Entwicklung von Schülern der Klassen 1-9 konzentriert. Sie bietet individuelle Förderung, eine Heilpädagogische Tagesstätte, Ganztagsbetreuung und ist eine Ausbildungsschule für Lehrkräfte. Mit rund 100 Schülern und 28 Lehrkräften an mehreren Standorten unterstützt sie umfassend die Entwicklung ihrer Schüler.",,,,,,,,,,,,,,,,,,,,"{""opens"": null, ""closes"": null, ""notes"": ""Die notwendigen Unterlagen werden erst nach persönlicher Zusage durch die Schulleitung ausgehändigt. Die persönliche Anmeldung erfolgt mit den oben genannten Originalunterlagen.""}","[""Persönliche Zusage durch die Schulleitung erforderlich."", ""Geburtsurkunde"", ""Ausweis der Eltern/Sorgeberechtigten"", ""Ausweis des Kindes (wenn vorhanden)"", ""Untersuchungsheft (U-Heft)"", ""Berichte von vorherigen Einrichtungen"", ""Impfpass"", ""Alle Gutachten und ärztliche Untersuchungsberichte"", ""Sorgerechtsbescheide (wenn vorhanden)"", ""Vollmachten (wenn nötig)"", ""Rückstellungsbescheid (wenn vorhanden)"", ""Gutachten nach §35a SGB VIII""]",2026-04-20T08:51:10Z,"Die Aufnahme an der Prof.-Otto-Speck-Schule erfordert eine persönliche Zusage durch die Schulleitung. Bei der persönlichen Anmeldung sind verschiedene Originaldokumente vorzulegen, darunter Geburtsurkunde, Ausweise, Untersuchungsheft, Berichte von vorherigen Einrichtungen, Impfpass, Gutachten und gegebenenfalls Sorgerechtsbescheide oder Vollmachten.","Dachauer Str. 96, 80335 München",Bayern,12076.0,65.5,1.0,1505022.0,5671.0,München: sicherste Großstadt Deutschlands (>200k Einwohner) seit 50 Jahren,city_aggregate,5671.0,376.8,6061.0,12076.0,802.4,München,91219.0,6061.0,134.0,8.9,134.0,91219.0,815.0,54.2,2026-08-22,"jedeschule.codefor.de (CC0, scraped from km.bayern.de)","The Prof.-Otto-Speck-Schule in Munich is a special education center dedicated to supporting students' emotional and social development. It offers individualized and holistic educational programs within small learning groups, focusing on fostering academic progress and strengthening social competencies. The school aims to optimally prepare students for their future educational or vocational pathways.",,,,28.0,,,100.0,München,BY,,100.0,0.0,143.0,29.0,16.0,159.0,0.0,91219.0,2024_25,2025
BY-SCHUL_SCHULSTANDORTEFOERDERZENTREN_d8bcc935-8b6a-4117-80a0-7d7f4d18d575,Sonderpädagogisches Förderzentrum München Süd-Ost Neuperlach,Förderzentren,Förderzentren,,,Gerhart-Hauptmann-Ring 15,81737,München,,,,,,284.0,49.0,,,,,,,,,,,,,,,,,,,Nicht verfügbar (Bayern),,,,,,,,,,,Bayern Kultusministerium Schulsuche,"Sonderpädagogische Diagnose- und Förderklassen, Förderschwerpunkte Lernen, Sprache, emotionale und soziale Entwicklung.",48.1013304,11.6535845,,,,,,,,,,,,,,,,,,,,,,,,,,,,,,,,,,,,,,,,,,,,,,,,,,,,,,1.0,Durchschnittlich,Unknown,502.0,48.101033,11.647059,,Unknown,535.0,48.101786,11.646629,,Neuperlach Zentrum,566.0,48.101184,11.646174,,,,,,,,,,,,,,,,,Oskar-Maria-Graf-Ring,366.0,48.099005,11.657257,,Franz-Heubl-Straße,383.0,48.101567,11.65894,,Oskar-Maria-Graf-Ring,384.0,48.098796,11.657276,,0.0,,0.0,2.0,EDEKA Tüfekci,"Sudermannallee 8, 81737 München, Germany",306.0,48.09861,11.65351,Umut Market GmbH,"Sudermannallee 12, 81737 München, Germany",309.0,48.098580299999995,11.6540808,ALDI,"Oskar-Maria-Graf-Ring 14, 81737 München, Germany",501.0,48.09824,11.65867,5.0,K2 Bar Lounge Pizzeria,"Fritz-Erler-Straße 3, 81737 München, Germany",196.0,48.1020458,11.6513758,BO12 Shisha Bar Kitchen,"Gerhart-Hauptmann-Ring 54, 81737 München, Germany",236.0,48.0992326,11.653922,Döner&Pizza Like,"Sudermannallee 20, 81737 München, Germany",259.0,48.099038199999995,11.6534171,1.0,Backstube Wünsche,"Sudermannallee 18, 81737 München, Germany",289.0,48.098775,11.6532939,,,,,,,,,,,4.0,Städtische Kindertageseinrichtung,"Sudermannallee 5, 81737 München, Germany",335.0,48.0984451,11.6526045,Denk mit Kita München Neuperlach-Zentrum,"Oskar-Maria-Graf-Ring 1, 81737 München, Germany",409.0,48.098630799999995,11.6575019,Haus für Kinder Kindertagesstätte,"Fritz-Erler-Straße 12, 81737 München, Germany",418.0,48.100381299999995,11.648354,1.0,Grundschule an der Kafkastraße,"Kafkastraße 9, 81737 München, Germany",328.0,48.09856,11.65237,Grundschule,"Karl-Marx-Ring 67, 81735 München, Germany",595.0,48.1045659,11.6602016,Grundschule an der Max-Kolmsperger-Straße,"Max-Kolmsperger-Straße 6, 81735 München, Germany",599.0,48.10673,11.65419,8.0,"The Special Education Center Munich South-East Neuperlach (Sonderpädagogisches Förderzentrum München Süd-Ost Neuperlach) is a state-run educational institution dedicated to the individual support of children and adolescents with special educational needs. With 284 students and 49 teachers (as of 2024/25), the school provides a specialized learning environment. The pedagogical concept is based on special education diagnostic and support classes, aiming to optimally assist students with learning, language, and emotional and social development challenges. The school is fully equipped for the learning focus in grades 1-9 and also offers a language focus in grades 1-9, complemented by a school preparatory facility (SVE).

A distinctive feature of the center is its bound full-day school operation, which ensures comprehensive care and a structured daily program including lessons, individual support, leisure activities, and meals. This allows for intensive and continuous assistance for students. As a seminar school, the center also contributes to the training of future teachers. While specific details about facilities are not available, it can be assumed that the school has adapted learning spaces, therapy areas, and age-appropriate outdoor spaces that meet the specific requirements of the students. The school is located at Gerhart-Hauptmann-Ring 15 in 81737 Munich, in the Neuperlach district. This location in the southeast of Munich offers good accessibility and is embedded in an urban environment that provides various opportunities for extracurricular activities and integration into the local community. The full-day care services are designed to offer families reliable and high-quality education and care.",,,,,,,,,,,,"Das Sonderpädagogische Förderzentrum München Süd-Ost Neuperlach ist eine staatliche Bildungseinrichtung, die sich der individuellen Förderung von Kindern und Jugendlichen mit besonderen pädagogischen Bedürfnissen widmet. Mit 284 Schülern und 49 Lehrkräften (Stand 2024/25) bietet die Schule ein spezialisiertes Lernumfeld. Das pädagogische Konzept basiert auf sonderpädagogischen Diagnose- und Förderklassen, die darauf abzielen, Schülerinnen und Schüler mit Förderschwerpunkten in den Bereichen Lernen, Sprache sowie emotionaler und sozialer Entwicklung optimal zu unterstützen. Die Schule ist voll ausgebaut für den Förderschwerpunkt Lernen in den Jahrgangsstufen 1-9 und bietet zudem den Förderschwerpunkt Sprache in den Jahrgangsstufen 1-9 an, ergänzt durch eine Schulvorbereitende Einrichtung (SVE).

Ein besonderes Merkmal des Förderzentrums ist der gebundene Ganztagsschulbetrieb, der eine umfassende Betreuung und ein strukturiertes Tagesprogramm mit Unterricht, individueller Förderung, Freizeitaktivitäten und Mahlzeiten gewährleistet. Dies ermöglicht eine intensive und kontinuierliche Unterstützung der Schüler. Als Seminarschule trägt das Förderzentrum auch zur Ausbildung zukünftiger Lehrkräfte bei. Obwohl keine spezifischen Details zur Ausstattung vorliegen, ist davon auszugehen, dass die Schule über angepasste Lernräume, Therapiebereiche und altersgerechte Freiflächen verfügt, die den besonderen Anforderungen der Schüler gerecht werden. Die Schule befindet sich am Gerhart-Hauptmann-Ring 15 in 81737 München, im Stadtteil Neuperlach. Diese Lage im Südosten Münchens bietet eine gute Erreichbarkeit und ist in ein urbanes Umfeld eingebettet, das vielfältige Möglichkeiten für außerschulische Aktivitäten und die Integration in die Stadtteilgemeinschaft bietet. Die Betreuungsangebote des gebundenen Ganztags sind darauf ausgelegt, den Familien eine verlässliche und qualitativ hochwertige Bildung und Betreuung zu bieten.","The Special Education Center Munich South-East Neuperlach is a state school with 284 students and 49 teachers, specializing in supporting children with learning, language, and emotional and social development disorders. It offers special education diagnostic and support classes, along with a bound full-day school program for comprehensive care and individual support.","Das Sonderpädagogische Förderzentrum München Süd-Ost Neuperlach ist eine staatliche Schule mit 284 Schülern und 49 Lehrkräften, die sich auf die Förderung von Kindern mit Lern-, Sprach- sowie emotionalen und sozialen Entwicklungsstörungen spezialisiert hat. Es bietet sonderpädagogische Diagnose- und Förderklassen sowie einen gebundenen Ganztagsschulbetrieb für umfassende Betreuung und individuelle Unterstützung.",,,,,,,,,,,,,,,,,,,,,,2026-04-20T08:43:12Z,,"Gerhart-Hauptmann-Ring 15, 81737 München",Bayern,12076.0,65.5,1.0,1505022.0,5671.0,München: sicherste Großstadt Deutschlands (>200k Einwohner) seit 50 Jahren,city_aggregate,5671.0,376.8,6061.0,12076.0,802.4,München,91219.0,6061.0,134.0,8.9,134.0,91219.0,815.0,54.2,2026-08-22,"jedeschule.codefor.de (CC0, scraped from km.bayern.de)","The Sonderpädagogisches Förderzentrum München Süd-Ost Neuperlach is a specialized educational institution dedicated to supporting students with special educational needs in Munich. It provides individualized learning paths and comprehensive pedagogical support, focusing on holistic development and preparing students for an independent life.",,,,49.0,,,284.0,München,BY,,11.0,0.0,43.0,7.0,3.0,46.0,8.0,91219.0,2024_25,2025
BY-SCHUL_SCHULSTANDORTEBERUFLICHESCHULEN_73562e30-7b70-403d-9484-4a5f99688ddd,Staatliche Berufsoberschule für Technik München,Berufsoberschulen,Berufsoberschulen,,,Orleansstr. 44,81667,München,,,,,OStDin Simone Schwensfeier,92.0,2.0,,,,,"Französisch, Latein, Spanisch",,,,,,,,,,,,,,Nicht verfügbar (Bayern),,,,,,,,,,,Bayern Kultusministerium Schulsuche,Schulprofil Inklusion,48.1264353,11.6018763,,,,,,,,,,,,,,,,,,,,,,,,,,,,,,,,,,,,,,,,,,,,,,,,,,,,,,1.0,Durchschnittlich,Unknown,125.0,48.127417,11.603013,F,Unknown,159.0,48.127873,11.602707,G,Unknown,174.0,48.12771,11.603518,H,Ostbahnhof,265.0,48.128713,11.603392,,Ostbahnhof,269.0,48.128742,11.603454,,Rosenheimer Platz,640.0,48.128888,11.594089,,Ostbahnhof,84.0,48.127219,11.602424,,Ostbahnhof (Bildungszentrum),101.0,48.127373,11.602497,,Orleansstraße,169.0,48.125664,11.600093,,0.0,F; G; H,0.0,18.0,dm-drogerie markt,"Orleanspl. 10-12, 81667 München, Germany",138.0,48.1274501,11.6032177,ALDI SÜD,"Orleanspl. 2, 81667 München, Germany",159.0,48.1279127,11.6025118,Wagner´s Obst und Gemüse,"Weißenburger Str. 48, 81667 München, Germany",185.0,48.1281872,11.6021724,20.0,SAMARKAND Grill & Burgerhaus München,"Orleansstraße 45A, 81667 München, Germany",121.0,48.1275638,11.602466,Les Deux Messieurs München,"Weißenburger Str. 36, 81667 München, Germany",213.0,48.128232399999995,11.6006498,Spezlwirtschaft,"Pariser Str. 34, 81667 München, Germany",228.0,48.127765,11.599512,20.0,Les Deux Messieurs München,"Weißenburger Str. 36, 81667 München, Germany",213.0,48.128232399999995,11.6006498,Bäckerei Aumüller,"Weißenburger Str. 37, 81667 München, Germany",221.0,48.128438,11.6011082,LottiBar,"Pariser Str. 40, 81667 München, Germany",251.0,48.1286119,11.6006519,7.0,Kinderinsel e.V.,"Friedenstraße 12, 81671 München, Germany",266.0,48.1251166,11.6048562,Caritas Kindergarten Orleansstraße,"Orleansstraße 11 c, 81669 München, Germany",303.0,48.1249948,11.5985863,Kita Pünktchen,"Rosenheimer Str. 116, 81669 München, Germany",324.0,48.1237834,11.6005019,2.0,1ο Δημοτικό σχολείο μοναχου,"Rosenheimer Str. 125, 81667 München, Germany",239.0,48.1258135,11.5989299,Grundschule München Bazeillesstraße,"Bazeillesstraße 8, 81669 München, Germany",407.0,48.1255726,11.5966678,Erzbischöfliche Franziskus-Grundschule München,"Preysingstraße 101, 81667 München, Germany",544.0,48.1313487,11.6032292,19.0,"The Staatliche Berufsoberschule für Technik München, located at Orleansstraße 44 in the heart of Munich, is a public, state-run educational institution dedicated to vocational further education and the acquisition of higher school leaving certificates. As part of the Bavarian Vocational Upper Secondary School system, it enables graduates with an intermediate school leaving certificate and completed vocational training to achieve the Fachhochschulreife (university of applied sciences entrance qualification), subject-specific university entrance qualification, or the general university entrance qualification by acquiring a second foreign language. The school offers the technical specialization in grades 12 and 13 and also has a preparatory class (Vorklasse) that specifically prepares students who have obtained their intermediate educational qualification through vocational school or vocational college for the demands of the 12th grade. [cite: 2, 2 (Berufsoberschule (Bayern) - Wikipedia)]

A prominent feature of the school is its ""Inclusion School Profile"" (Schulprofil Inklusion). This means that the Staatliche Berufsoberschule für Technik München pursues a comprehensive educational concept that implements individual support for all students in teaching and school life, regardless of their special needs. General education teachers collaborate with special education professionals, where appropriate, to facilitate inclusive learning and accommodate the diversity of the student body. [cite: 2, 2 (Schulen mit Profil Inklusion - schule-oberfranken.de), 6 (BayEUG: Art. 30b Inklusive Schule)]

With 92 students and 2 teachers in the 2024/25 school year, the school offers a personal learning atmosphere. Instruction focuses on core subjects such as German, Mathematics, and English, supplemented by the option to choose French, Latin, or Spanish as a second foreign language to achieve the general university entrance qualification. [cite: 2, 2 (Berufsoberschule (Bayern) - Wikipedia)]

The school is centrally located in Munich, ensuring good accessibility by public transport and providing students with access to the city's diverse cultural and professional opportunities. As a ""Seminarschule,"" it also contributes to the training of future teachers. The school is led by Principal OStDin Simone Schwensfeier.",,,,,,,,,,,,"Die Staatliche Berufsoberschule für Technik München, gelegen in der Orleansstraße 44 im Herzen Münchens, ist eine öffentliche, staatliche Bildungseinrichtung, die sich der beruflichen Weiterbildung und dem Erwerb höherer Schulabschlüsse widmet. Als Teil der Beruflichen Oberschule in Bayern ermöglicht sie Absolventen mit mittlerem Schulabschluss und abgeschlossener Berufsausbildung den Weg zur Fachhochschulreife, fachgebundenen Hochschulreife oder der allgemeinen Hochschulreife durch den Erwerb einer zweiten Fremdsprache. Die Schule bietet die Ausbildungsrichtung Technik in den Jahrgangsstufen 12 und 13 an und verfügt zudem über eine Vorklasse, die Schülerinnen und Schüler mit einem mittleren Bildungsabschluss, der über die Berufsschule oder Berufsfachschule erworben wurde, gezielt auf die Anforderungen der 12. Jahrgangsstufe vorbereitet. [cite: 2, 2 (Berufsoberschule (Bayern) - Wikipedia)]

Ein herausragendes Merkmal der Schule ist ihr ""Schulprofil Inklusion"". Dies bedeutet, dass die Staatliche Berufsoberschule für Technik München ein umfassendes Bildungs- und Erziehungskonzept verfolgt, das individuelle Förderung für alle Schülerinnen und Schüler in Unterricht und Schulleben umsetzt, unabhängig von ihren besonderen Bedürfnissen. Lehrkräfte der allgemeinen Schule arbeiten hierbei gegebenenfalls mit sonderpädagogischen Fachkräften zusammen, um ein gemeinsames Lernen zu gestalten und die Vielfalt der Schülerschaft zu berücksichtigen. [cite: 2, 2 (Schulen mit Profil Inklusion - schule-oberfranken.de), 6 (BayEUG: Art. 30b Inklusive Schule)]

Mit 92 Schülerinnen und Schülern und 2 Lehrkräften im Schuljahr 2024/25 bietet die Schule eine persönliche Lernatmosphäre. Der Unterricht konzentriert sich auf Kernfächer wie Deutsch, Mathematik und Englisch, ergänzt durch die Möglichkeit, Französisch, Latein oder Spanisch als zweite Fremdsprache zu wählen, um die allgemeine Hochschulreife zu erlangen. [cite: 2, 2 (Berufsoberschule (Bayern) - Wikipedia)]

Die Schule befindet sich in einer zentralen Lage in München, was eine gute Erreichbarkeit mit öffentlichen Verkehrsmitteln ermöglicht und den Schülerinnen und Schülern Zugang zu den vielfältigen kulturellen und beruflichen Möglichkeiten der Großstadt bietet. Als Seminarschule trägt sie zudem zur Ausbildung zukünftiger Lehrkräfte bei. Die Schulleitung obliegt OStDin Simone Schwensfeier.","The Staatliche Berufsoberschule für Technik München is a state-run vocational upper secondary school in Munich specializing in technology. It enables graduates with an intermediate school leaving certificate and vocational training to acquire higher educational qualifications up to the general university entrance qualification. The school is distinguished by its ""Inclusion School Profile,"" offering individualized support for all students. [cite: 2, 2 (Berufsoberschule (Bayern) - Wikipedia)]","Die Staatliche Berufsoberschule für Technik München ist eine staatliche Berufsoberschule in München mit dem Schwerpunkt Technik. Sie ermöglicht Absolventen mit mittlerem Schulabschluss und Berufsausbildung den Erwerb höherer Bildungsabschlüsse bis zur allgemeinen Hochschulreife und zeichnet sich durch ihr ""Schulprofil Inklusion"" aus, das individuelle Förderung für alle Schülerinnen und Schüler bietet. [cite: 2, 2 (Berufsoberschule (Bayern) - Wikipedia)]",,,,,,,,,,,,,,,,,,,,,,2026-04-20T08:43:12Z,,"Orleansstr. 44, 81667 München",Bayern,12076.0,65.5,1.0,1505022.0,5671.0,München: sicherste Großstadt Deutschlands (>200k Einwohner) seit 50 Jahren,city_aggregate,5671.0,376.8,6061.0,12076.0,802.4,München,91219.0,6061.0,134.0,8.9,134.0,91219.0,815.0,54.2,2026-08-22,"jedeschule.codefor.de (CC0, scraped from km.bayern.de)","The Staatliche Berufsoberschule für Technik München is a state-run vocational upper secondary school that enables vocationally qualified individuals to obtain the Fachhochschulreife or the Abitur. Its academic profile is strongly geared towards technical subjects such as engineering, computer science, and natural sciences. Located in Munich, it provides a specialized pathway to higher education in technical fields, with English as a core foreign language.",,,,2.0,,,92.0,München,BY,,63.0,0.0,116.0,21.0,1.0,117.0,0.0,91219.0,2024_25,2025
BY-SCHUL_SCHULSTANDORTEMITTELSCHULEN_600ccc9f-014a-45f9-aefb-09e212af55ee,"Mittelschule München, Guardinistraße 60",Mittelschulen,Mittelschulen,,,Guardinistr. 60,81375,München,,,,,Gabriele Orsolleck und Tanja Vay,311.0,30.0,,,,,,,,,,,,,,,,,,,Nicht verfügbar (Bayern),,,,,,,,,,,Bayern Kultusministerium Schulsuche,DeutschPLUS (GMS),48.1186596,11.494579,,,,,,,,,,,,,,,,,,,,,,,,,,,,,,,,,,,,,,,,,,,,,,,,,,,,,,1.0,Durchschnittlich,Unknown,289.0,48.118521,11.490444,,Unknown,330.0,48.118142,11.489939,,Unknown,349.0,48.118346,11.489655,,Gondrellplatz,729.0,48.124467,11.490171,1.0,Senftenauerstraße,815.0,48.125575,11.497381,,Senftenauerstraße,836.0,48.12568,11.497824,,Gräfelfinger Straße,157.0,48.117265,11.495292,167; N40,Gräfelfinger Straße,160.0,48.117222,11.495238,,Kurparkstraße,169.0,48.119415,11.496189,,0.0,1; 167; N40,0.0,9.0,Vinzenzmurr Metzgerei - München - Neuhadern,"Guardinistraße 94, 81375 München, Germany",234.0,48.119361600000005,11.4914448,Chợ Bến Thành im Munchen,"Guardinistraße 94, 81375 München, Germany",240.0,48.119174099999995,11.4912567,E center,"Guardinistraße 98, 81375 München, Germany",240.0,48.1191715,11.4912514,8.0,Feinkost Başak,"Guardinistraße 96, 81375 München, Germany",233.0,48.1194886,11.4915509,Vinzenzmurr Metzgerei - München - Neuhadern,"Guardinistraße 94, 81375 München, Germany",234.0,48.119361600000005,11.4914448,CappoSecco,"Stiftsbogen 43/Laden 21, 81375 München, Germany",234.0,48.1197908,11.4918125,5.0,CappoSecco,"Stiftsbogen 43/Laden 21, 81375 München, Germany",234.0,48.1197908,11.4918125,Ludwig Stocker Hofpfisterei GmbH,"Guardinistraße 94, 81375 München, Germany",241.0,48.119360799999995,11.4913438,Backstube Wünsche,"Guardinistraße 98, 81375 München, Germany",260.0,48.11943,11.4911168,3.0,Städtische Kindertageseinrichtung,"Guardinistraße 58, 81375 München, Germany",67.0,48.1181184,11.4936762,Sports Kita whirlwind (Kreisjugendring Munich City),"Stiftsbogen 56, 81375 München, Germany",284.0,48.1209034,11.4929136,Wichtel Akademie Kita München Hadern-Süd,"Guardinistraße 33, 81375 München, Germany",342.0,48.1162078,11.497374,0.0,Grundschule mit Tagesheim,"Großhaderner Str. 50, 81375 München, Germany",926.0,48.1213468,11.4826002,Grundschule Gilmstrasse,"Gilmstraße 46, 81377 München, Germany",936.0,48.1203387,11.5066552,Grundschule an der Menaristraße,"Menaristraße 7, 80689 München, Germany",953.0,48.1270884,11.4936447,7.0,"Mittelschule München, Guardinistraße 60, is a public educational institution located in the Hadern district of Munich, characterized by a comprehensive pedagogical approach. Led by Gabriele Orsolleck and Tanja Vay, the school educates 311 students with a team of 30 teachers. As a fully developed Mittelschule, it covers grades 5 to 10, specifically preparing its students for the qualified Mittelschule certificate and for vocational and further educational paths.

A distinctive feature of the school is its DeutschPLUS (GMS) program, structured as a full-day school (Gebundener Ganztagsschulbetrieb). This implies intensive care and support for students beyond regular lessons, particularly in German language acquisition. The school emphasizes holistic development, promoting it through 'Culture to participate in for students' and regular project days that include diverse workshops and activities. Mittelschule Guardinistraße is also part of the 'Schulverbund Süd-West' (South-West School Network), which ensures optimal support and a variety of school-leaving qualifications.

The school's facilities include a newly designed schoolyard with numerous offerings and attractions, providing students with space for movement and recreation. The school building is shared with Grundschule Guardinistraße 60, allowing for joint use of the large school grounds. Furthermore, the school boasts its own sports facilities, including two single-purpose halls, an outdoor sports area, and a teaching swimming pool, supporting a wide range of athletic activities. Its location in Hadern offers good connectivity and a calm learning environment. The full-day school model ensures that students receive supervision and support in their learning processes throughout the afternoon.",,,,,,,,,,,,"Die Mittelschule München, Guardinistraße 60, ist eine öffentliche Bildungseinrichtung im Münchner Stadtteil Hadern, die sich durch ein umfassendes pädagogisches Angebot auszeichnet. Unter der Leitung von Gabriele Orsolleck und Tanja Vay werden hier 311 Schülerinnen und Schüler von 30 Lehrkräften unterrichtet. Als voll ausgebaute Mittelschule deckt sie die Jahrgangsstufen 5 bis 10 ab und bereitet ihre Lernenden gezielt auf den qualifizierenden Mittelschulabschluss sowie auf berufliche und weiterführende Bildungswege vor.

Ein besonderes Merkmal der Schule ist das Angebot DeutschPLUS (GMS), das als gebundener Ganztagsschulbetrieb konzipiert ist. Dies bedeutet eine intensive Betreuung und Förderung der Schülerinnen und Schüler über den regulären Unterricht hinaus, insbesondere im Bereich der deutschen Sprache. Die Schule legt Wert auf eine ganzheitliche Entwicklung und fördert dies durch 'Kultur zum Mitmachen für Schülerinnen und Schüler' sowie regelmäßige Projekttage, die vielfältige Workshops und Aktivitäten umfassen. Die Mittelschule Guardinistraße ist zudem Teil des Schulverbunds Süd-West, der eine bestmögliche Förderung und vielfältige Schulabschlüsse gewährleistet.

Die Ausstattung der Schule umfasst einen neu gestalteten Pausenhof mit zahlreichen Angeboten und Attraktionen, der den Schülerinnen und Schülern Raum für Bewegung und Erholung bietet. Das Schulgebäude wird mit der Grundschule Guardinistraße 60 geteilt, was eine gemeinsame Nutzung des großen Schulgeländes ermöglicht. Darüber hinaus verfügt die Schule über eigene Sportstätten, darunter zwei Einfachhallen, eine Freisportanlage und ein Lehrschwimmbecken, die vielfältige sportliche Aktivitäten unterstützen. Die Lage in Hadern bietet eine gute Anbindung und eine ruhige Lernumgebung. Die gebundene Ganztagsform stellt sicher, dass die Schülerinnen und Schüler auch am Nachmittag betreut und in ihren Lernprozessen unterstützt werden.","Mittelschule München, Guardinistraße 60, is a public full-day school in Munich-Hadern with 311 students and 30 teachers. It offers the DeutschPLUS (GMS) program, promotes cultural participation and project work, and features a new schoolyard and sports facilities.","Die Mittelschule München, Guardinistraße 60, ist eine öffentliche Ganztagsschule in München-Hadern mit 311 Schülern und 30 Lehrkräften. Sie bietet das DeutschPLUS (GMS)-Programm, fördert kulturelle Teilhabe und Projektarbeit und verfügt über einen neuen Pausenhof sowie Sportstätten.",,,,,,,,,,,,,,,,,,,,,"[""Für M-Klassen: Notendurchschnitt in Deutsch, Mathematik und Englisch im Halbjahreszeugnis (Ausnahme: M10)."", ""Für M-Klassen: Übertritt von der 6. Klasse in M7, von der 7./8. Klasse in M8/M9, von der 9. Klasse in M10."", ""Für Ganztagsklassen: Anmeldung telefonisch, per E-Mail oder Post."", ""Für Ganztagsklassen: Einzureichende Unterlagen sind Anmeldeblatt, Fragebogen, Kopie des aktuellen Zeugnisses und ein Foto des Kindes.""]",2026-04-20T09:17:03Z,Die Entscheidung über die Aufnahme in eine Ganztagsklasse erfolgt frühestens Mitte Juni.,"Guardinistr. 60, 81375 München",Bayern,12076.0,65.5,1.0,1505022.0,5671.0,München: sicherste Großstadt Deutschlands (>200k Einwohner) seit 50 Jahren,city_aggregate,5671.0,376.8,6061.0,12076.0,802.4,München,91219.0,6061.0,134.0,8.9,134.0,91219.0,815.0,54.2,2026-08-22,"jedeschule.codefor.de (CC0, scraped from km.bayern.de)","Mittelschule München at Guardinistraße 60 is a Bavarian secondary school preparing students for the Hauptschulabschluss and the Mittlerer Schulabschluss. It emphasizes practical vocational orientation and individualized support. In addition to German, English is offered as a compulsory subject.",,,2026-04-16,30.0,,,311.0,München,BY,,13.0,0.0,17.0,2.0,2.0,19.0,62.0,91219.0,2024_25,2025
BY-SCHUL_SCHULSTANDORTEMITTELSCHULEN_154c18bb-6e37-4243-b2b2-5d193dbc1801,"Mittelschule München, Gerhart-Hauptmann-Ring 15",Mittelschulen,Mittelschulen,,,Gerhart-Hauptmann-Ring 15,81737,München,,,,,Ingrid Safadi,395.0,27.0,,,,,Englisch,,,,,,,,,,,,,,Nicht verfügbar (Bayern),,,,,,,,,,,Bayern Kultusministerium Schulsuche,"Schulprofil 'Inklusion', DeutschPLUS (GMS)",48.1013304,11.6535845,,,,,,,,,,,,,,,,,,,,,,,,,,,,,,,,,,,,,,,,,,,,,,,,,,,,,,1.0,Durchschnittlich,Unknown,502.0,48.101033,11.647059,,Unknown,535.0,48.101786,11.646629,,Neuperlach Zentrum,566.0,48.101184,11.646174,,,,,,,,,,,,,,,,,Oskar-Maria-Graf-Ring,366.0,48.099005,11.657257,,Franz-Heubl-Straße,383.0,48.101567,11.65894,,Oskar-Maria-Graf-Ring,384.0,48.098796,11.657276,,0.0,,0.0,2.0,EDEKA Tüfekci,"Sudermannallee 8, 81737 München, Germany",306.0,48.09861,11.65351,Umut Market GmbH,"Sudermannallee 12, 81737 München, Germany",309.0,48.098580299999995,11.6540808,ALDI,"Oskar-Maria-Graf-Ring 14, 81737 München, Germany",501.0,48.09824,11.65867,5.0,K2 Bar Lounge Pizzeria,"Fritz-Erler-Straße 3, 81737 München, Germany",196.0,48.1020458,11.6513758,BO12 Shisha Bar Kitchen,"Gerhart-Hauptmann-Ring 54, 81737 München, Germany",236.0,48.0992326,11.653922,Döner&Pizza Like,"Sudermannallee 20, 81737 München, Germany",259.0,48.099038199999995,11.6534171,1.0,Backstube Wünsche,"Sudermannallee 18, 81737 München, Germany",289.0,48.098775,11.6532939,,,,,,,,,,,4.0,Städtische Kindertageseinrichtung,"Sudermannallee 5, 81737 München, Germany",335.0,48.0984451,11.6526045,Denk mit Kita München Neuperlach-Zentrum,"Oskar-Maria-Graf-Ring 1, 81737 München, Germany",409.0,48.098630799999995,11.6575019,Haus für Kinder Kindertagesstätte,"Fritz-Erler-Straße 12, 81737 München, Germany",418.0,48.100381299999995,11.648354,1.0,Grundschule an der Kafkastraße,"Kafkastraße 9, 81737 München, Germany",328.0,48.09856,11.65237,Grundschule,"Karl-Marx-Ring 67, 81735 München, Germany",595.0,48.1045659,11.6602016,Grundschule an der Max-Kolmsperger-Straße,"Max-Kolmsperger-Straße 6, 81735 München, Germany",599.0,48.10673,11.65419,8.0,"Mittelschule München, Gerhart-Hauptmann-Ring 15, is a state-run educational institution in the Munich district of Perlach, educating approximately 395 students across grades 5 to 10 with a faculty of 27 teachers. The school is distinguished by its pronounced 'Inclusion' school profile, which focuses on the joint education of children with and without special educational needs. Great emphasis is placed on individual support and differentiated instruction to meet the needs of all learners and ensure their integration into the school community. Additionally, the school offers the 'DeutschPLUS (GMS)' program, a special language support initiative for students with non-German mother tongues. This program aims to impart fundamental German language skills, expand vocabulary, and improve expression, thereby supporting educational success and social integration. 

The pedagogical concept of Mittelschule München, Gerhart-Hauptmann-Ring 15, consistent with Bavarian middle schools, is strongly oriented towards personality development, individual support, and a consistent vocational and practical focus. Instruction is designed to be practical and prepares young people for vocational training or further educational paths. As a special care offer, the school operates an open all-day program. This includes reliable supervision on at least four weekdays until 4 PM, a shared lunch, intensive homework support, and diverse recreational activities such as sports, music, and creative offerings. Its location in the Perlach district provides a local educational environment, and the school has its own sports facility. The school is led by Ingrid Safadi.",,,,,,,,,,,,"Die Mittelschule München, Gerhart-Hauptmann-Ring 15, ist eine staatliche Bildungseinrichtung im Münchner Stadtteil Perlach, die rund 395 Schülerinnen und Schüler in den Jahrgangsstufen 5 bis 10 von 27 Lehrkräften unterrichtet. Die Schule zeichnet sich durch ein ausgeprägtes Schulprofil 'Inklusion' aus, das die gemeinsame Beschulung von Kindern mit und ohne sonderpädagogischen Förderbedarf in den Mittelpunkt stellt. Hierbei wird großer Wert auf individuelle Förderung und differenzierten Unterricht gelegt, um allen Lernenden gerecht zu werden und ihre Integration in die Schulfamilie zu gewährleisten. Ergänzend dazu bietet die Schule das Programm 'DeutschPLUS (GMS)', eine spezielle Sprachförderung für Schülerinnen und Schüler mit nichtdeutscher Muttersprache. Dieses Angebot zielt darauf ab, grundlegende Deutschkenntnisse zu vermitteln, den Wortschatz zu erweitern und die Ausdrucksfähigkeit zu verbessern, um den Bildungserfolg und die soziale Integration zu unterstützen. 

Das pädagogische Konzept der Mittelschule München, Gerhart-Hauptmann-Ring 15, ist, wie für bayerische Mittelschulen üblich, stark auf Persönlichkeitsbildung, individuelle Förderung und eine konsequente Berufs- und Praxisorientierung ausgerichtet. Der Unterricht ist lebensnah gestaltet und bereitet die Jugendlichen qualifiziert auf eine duale Ausbildung oder weiterführende schulische Wege vor. Als besonderes Betreuungsangebot verfügt die Schule über einen offenen Ganztagsbetrieb. Dieser umfasst eine verlässliche Betreuung an mindestens vier Wochentagen bis 16 Uhr, inklusive eines gemeinsamen Mittagessens, intensiver Hausaufgabenbetreuung und vielfältiger Freizeitaktivitäten wie Sport, Musik und kreativen Angeboten. Die Lage im Stadtteil Perlach bietet eine wohnortnahe Bildungsumgebung, und die Schule verfügt über eine eigene Sportstätte. Die Schulleitung obliegt Ingrid Safadi.","Mittelschule München, Gerhart-Hauptmann-Ring 15, is a state middle school in Munich-Perlach with 395 students and 27 teachers. It features an 'Inclusion' school profile and the 'DeutschPLUS (GMS)' language support program. Additionally, it offers an open all-day program including lunch, homework support, and recreational activities.","Die Mittelschule München, Gerhart-Hauptmann-Ring 15, ist eine staatliche Mittelschule in München-Perlach mit 395 Schülern und 27 Lehrkräften. Sie zeichnet sich durch ein Schulprofil 'Inklusion' und das Sprachförderprogramm 'DeutschPLUS (GMS)' aus. Zudem bietet sie einen offenen Ganztagsbetrieb mit Mittagessen, Hausaufgabenbetreuung und Freizeitangeboten.",,,,,,,,,,,,,,,,,,,,"{""opens"": ""2026-05-06"", ""closes"": ""2026-05-08"", ""notes"": ""Allgemeine Anmeldezeiträume für Mittelschulen in München für das Schuljahr 2026/27. In Ausnahmefällen auch vom 12. bis 13. Mai und am 15. Mai 2026, in der Regel vormittags. Es wird empfohlen, die spezifischen Informationen auf der Schulwebsite zu beachten.""}","[""Die Anmeldung für die Mittelschule erfolgt in der Regel im Mai für das kommende Schuljahr."", ""Für externe Bewerber zum Qualifizierenden Abschluss der Mittelschule (QA) ist eine Anmeldung bis Ende Februar erforderlich (betrifft 9. Jahrgangsstufe).""]",2026-04-20T09:15:43Z,"Die genauen Aufnahmebedingungen für die Mittelschule München, Gerhart-Hauptmann-Ring 15, sind nicht detailliert auf den gefundenen Quellen aufgeführt, abgesehen von den allgemeinen Anmeldezeiträumen für Mittelschulen in München. Die Schule bietet Abschlüsse wie den erfolgreichen Abschluss der Mittelschule, den Qualifizierenden Abschluss der Mittelschule und den Mittleren Schulabschluss an.","Gerhart-Hauptmann-Ring 15, 81737 München",Bayern,12076.0,65.5,1.0,1505022.0,5671.0,München: sicherste Großstadt Deutschlands (>200k Einwohner) seit 50 Jahren,city_aggregate,5671.0,376.8,6061.0,12076.0,802.4,München,91219.0,6061.0,134.0,8.9,134.0,91219.0,815.0,54.2,2026-08-22,"jedeschule.codefor.de (CC0, scraped from km.bayern.de)","Mittelschule München at Gerhart-Hauptmann-Ring 15 offers a solid general education, preparing students for the qualifying or intermediate secondary school certificates. With a strong focus on practical skills and individual support, it facilitates the transition into vocational training or further careers. English is taught as the primary foreign language.",,,2026-02-24,27.0,,,395.0,München,BY,,11.0,0.0,43.0,7.0,3.0,46.0,8.0,91219.0,2024_25,2025
BY-SCHUL_SCHULSTANDORTEFOERDERZENTREN_7c9414c0-e69b-44db-adee-4824c56f57d7,"Sonderpädagogisches Förderzentrum München Mitte 2, An der Isar",Förderzentren,Förderzentren,,1969.0,Herrnstr. 21,80539,München,,,,,Dagmar Frohn,215.0,38.0,,,,,,,,,,,,,,,,,,,Nicht verfügbar (Bayern),,,,,,,,,,,Bayern Kultusministerium Schulsuche,"Sonderpädagogische Förderung in den Bereichen Lernen, Sprache, emotionale und soziale Entwicklung.",48.136613,11.5813747,,,,,,,,,,,,,,,,,,,,,,,,,,,,,,,,,,,,,,,,,,,,,,,,,,,,,,1.0,Durchschnittlich,Unknown,166.0,48.135282,11.582422,,Isartor,187.0,48.134923,11.581267,,Unknown,236.0,48.134724,11.58284,,Kammerspiele,247.0,48.138532,11.583038,,Isartor,316.0,48.134036,11.583195,,Isartor,322.0,48.134074,11.583499,,Tal,160.0,48.135975,11.579451,,Marienplatz,282.0,48.136384,11.577601,,Marienplatz,297.0,48.136582,11.577374,,0.0,,0.0,20.0,Hanf.com - Der etwas andere Bioladen,"Tal 40, 80331 München, Germany",138.0,48.1353964,11.5809517,dm-drogerie markt,"Tal 24, 80331 München, Germany",158.0,48.135801099999995,11.5796199,Hansik,"Thomas-Wimmer-Ring 9, 80539 München, Germany",164.0,48.136178699999995,11.5835025,20.0,Zum Dürnbräu,"Dürnbräugasse 2, 80331 München, Germany",101.0,48.1362726,11.5801119,Bar Centrale,"Ledererstraße 23, 80331 München, Germany",115.0,48.1368655,11.5798787,Haxnbauer,"Tal 38, 80331 München, Germany",135.0,48.1354676,11.5807533,20.0,Coffee Fellows,"Tal 33, 80331 München, Germany",107.0,48.1356569,11.5811537,Bar Centrale,"Ledererstraße 23, 80331 München, Germany",115.0,48.1368655,11.5798787,THE BARN Café Tal München,"Tal 15, 80331 München, Germany",117.0,48.1364805,11.5798108,5.0,Städtische Kindertageseinrichtung,"Herrnstraße 21, 80539 München, Germany",4.0,48.1366458,11.5813674,Mini-Kita ABIkids,"Tal 43, 80331 München, Germany",132.0,48.1354446,11.5817674,Wichtel Akademie Kita München Lehel,"Karl-Scharnagl-Ring 5, 80539 München, Germany",403.0,48.1398495,11.5838214,1.0,Isar primary school München Isartor,"Kohlstraße 5, 80469 München, Germany",489.0,48.13227080000001,11.5824966,Privat Realschule Huber (staatl. anerkannt) / Wahlpflichtfächergruppen III gemeinützige GmbH,"Kohlstraße 5, 80469 München, Germany",523.0,48.131917099999995,11.5809258,Grundschule am Gärtnerplatz,"Klenzestraße 27, 80469 München, Germany",582.0,48.1321847,11.5771929,17.0,"The Sonderpädagogisches Förderzentrum München Mitte 2, An der Isar, is a specialized educational institution in the heart of Munich dedicated to the individual support of students with special educational needs. With 215 students and 38 teachers, the school offers an intensive support ratio, enabling tailored assistance in small learning groups. The focus of the support lies in the areas of learning, language, and emotional and social development. The pedagogical concept is based on a holistic approach that highlights each child's strengths and designs individual learning paths. The goal is not only to academically support students but also to strengthen their personal development and prepare them for an independent life.

Located at Herrnstr. 21, 80539 Munich, the school benefits from its central position near the Isar river, which offers opportunities for nature-oriented experiences despite the urban environment. The facilities of the support center are tailored to the specific needs of the students and typically include specialized rooms for therapeutic services such as speech and occupational therapy, psychological counseling rooms, and barrier-free access. Special offerings often include socio-pedagogical guidance, psychological support, and close cooperation with parents and external specialist services. Care services, such as lunch and afternoon supervision, are an integral part of the school day to ensure comprehensive support and relief for families. The support center sees itself as a place where every child receives the best possible assistance to unfold their full potential and successfully participate in social life.",,,,,,,,,,,,"Das Sonderpädagogische Förderzentrum München Mitte 2, An der Isar, ist eine spezialisierte Bildungseinrichtung im Herzen Münchens, die sich der individuellen Förderung von Schülern mit besonderen pädagogischen Bedürfnissen widmet. Mit 215 Schülern und 38 Lehrkräften bietet die Schule ein intensives Betreuungsverhältnis, das eine maßgeschneiderte Unterstützung in kleinen Lerngruppen ermöglicht. Der Schwerpunkt der Förderung liegt in den Bereichen Lernen, Sprache sowie emotionaler und sozialer Entwicklung. Das pädagogische Konzept basiert auf einem ganzheitlichen Ansatz, der die Stärken jedes Kindes hervorhebt und individuelle Lernwege gestaltet. Ziel ist es, die Schüler nicht nur akademisch zu fördern, sondern auch ihre Persönlichkeitsentwicklung zu stärken und sie auf ein selbstbestimmtes Leben vorzubereiten.

Die Schule in der Herrnstr. 21, 80539 München, profitiert von ihrer zentralen Lage nahe der Isar, die trotz des urbanen Umfelds Möglichkeiten für naturnahe Erfahrungen bietet. Die Ausstattung des Förderzentrums ist auf die spezifischen Bedürfnisse der Schüler zugeschnitten und umfasst in der Regel Fachräume für Therapieangebote wie Sprach- und Ergotherapie, psychologische Beratungsräume sowie barrierefreie Zugänge. Besondere Angebote umfassen oft auch sozialpädagogische Begleitung, psychologische Unterstützung und eine enge Zusammenarbeit mit Eltern und externen Fachdiensten. Betreuungsangebote, wie eine Mittagsverpflegung und Nachmittagsbetreuung, sind integraler Bestandteil des Schulalltags, um eine umfassende Förderung und Entlastung der Familien zu gewährleisten. Das Förderzentrum versteht sich als Ort, an dem jedes Kind die bestmögliche Unterstützung erhält, um sein volles Potenzial zu entfalten und erfolgreich am gesellschaftlichen Leben teilzuhaben.","The Sonderpädagogisches Förderzentrum München Mitte 2, An der Isar, is a specialized school for 215 students with special educational needs in learning, language, and emotional and social development. With 38 teachers, it offers individualized support in small groups to foster the holistic development of children. Its central location in Munich enables comprehensive care and therapeutic services.","Das Sonderpädagogische Förderzentrum München Mitte 2, An der Isar, ist eine spezialisierte Schule für 215 Schüler mit Förderbedarf in den Bereichen Lernen, Sprache sowie emotionaler und sozialer Entwicklung. Mit 38 Lehrkräften bietet es individuelle Unterstützung in kleinen Gruppen, um die ganzheitliche Entwicklung der Kinder zu fördern. Die zentrale Lage in München ermöglicht eine umfassende Betreuung und therapeutische Angebote.",,,,,,,,,,,,,,,,,,,,,"[""Schülerinnen und Schüler benötigen sonderpädagogische Förderung in den Bereichen Lernen, Sprache, emotionale und soziale Entwicklung."", ""Die Schule ist ein Förderzentrum für die Jahrgangsstufen 1-9."", ""Für die Offene Ganztagsschule ab Jahrgangsstufe 5 ist das Anmeldeformular bei der Klassenlehrkraft erhältlich; die Anmeldung ist verbindlich.""]",2026-04-20T08:52:27Z,"Die Schule bietet sonderpädagogische Förderung in kleinen Klassen, um den Schülerinnen und Schülern mehr Zeit zum Üben zu geben als an der Grund- oder Mittelschule.","Herrnstr. 21, 80539 München",Bayern,12076.0,65.5,1.0,1505022.0,5671.0,München: sicherste Großstadt Deutschlands (>200k Einwohner) seit 50 Jahren,city_aggregate,5671.0,376.8,6061.0,12076.0,802.4,München,91219.0,6061.0,134.0,8.9,134.0,91219.0,815.0,54.2,2026-08-22,"jedeschule.codefor.de (CC0, scraped from km.bayern.de)","Sonderpädagogisches Förderzentrum München Mitte 2, An der Isar is a specialized special education needs center located in Munich, Bavaria. It offers individualized pedagogical support and tailored learning programs for students with diverse special educational needs. The school focuses on holistic development and fostering each student's potential within a supportive and inclusive environment.",,,2026-07-02,38.0,"[{""date"": ""2026-05-09"", ""start_time"": null, ""end_time"": null, ""event_type"": ""Sonstiges"", ""audience"": ""Eltern, Schüler und Lehrer"", ""notes"": ""Maifest – eine gemeinsam mit dem Elternbeirat organisierte Veranstaltung.""}, {""date"": ""2026-05-13"", ""start_time"": null, ""end_time"": null, ""event_type"": ""Infoabend"", ""audience"": ""Eltern von Schülern der zukünftigen Klasse 5 für 2026/27"", ""notes"": ""Elternabend.""}, {""date"": ""2026-07-02"", ""start_time"": null, ""end_time"": null, ""event_type"": ""Infoabend"", ""audience"": ""Eltern von Schülern der zukünftigen Besonderen Mittelschulklasse 8 für 2026/27"", ""notes"": ""Elternabend.""}]",,215.0,München,BY,,162.0,0.0,233.0,58.0,15.0,248.0,0.0,91219.0,2024_25,2025
BY-SCHUL_SCHULSTANDORTEFOERDERZENTREN_3bb535a1-5887-480f-93db-8a8646287969,"Carl-August-Heckscher-Schule, Förderschule und Schule für Kranke in München",Förderzentren,Förderzentren,,,Deisenhofener Str. 28,81539,München,,,,,Bernhard Ruppert,271.0,65.0,,,,,,,,,,,,,,,,,,,Nicht verfügbar (Bayern),,,,,,,,,,,Bayern Kultusministerium Schulsuche,"Förderzentrum, Schule für Kranke, Förderschwerpunkt emotionale und soziale Entwicklung, Beratungsschule für Kinder und Jugendliche mit autistischen Verhaltensweisen, Mobiler Sonderpädagogischer Dienst.",48.1136911,11.5829079,,,,,,,,,,,,,,,,,,,,,,,,,,,,,,,,,,,,,,,,,,,,,,,,,,,,,,1.0,Durchschnittlich,Unknown,61.0,48.114281,11.58228,F,Unknown,65.0,48.114478,11.582399,E,Silberhornstraße,215.0,48.114904,11.580433,,Silberhornstraße,285.0,48.115579,11.579931,3.0,Silberhornstraße,290.0,48.115472,11.579742,4.0,Sankt-Martins-Platz,528.0,48.117219,11.58837,,Silberhornstraße/Ichostraße,294.0,48.116238,11.580765,2,Silberhornstraße/Ichostraße,299.0,48.116272,11.580707,2,Silberhornstraße/Ichostraße,322.0,48.115901,11.579676,1,0.0,1; 2; 3; 4; E; F,0.0,17.0,PENNY,"Deisenhofener Str. 21-23, 81539 München, Germany",43.0,48.1143374,11.5834641,Netto Discounter,"Herzogstandstraße 19, 81539 München, Germany",123.0,48.1131445,11.5821625,Der Dantler,"Werinherstraße 15, 81541 München, Germany",151.0,48.115428099999995,11.5828781,20.0,Restaurant Heimgarten,"Heimgartenstraße 23, 81539 München, Germany",101.0,48.1133136,11.5837769,Der Dantler,"Werinherstraße 15, 81541 München, Germany",151.0,48.115428099999995,11.5828781,Mystikon,"Walchenseepl. 4, 81539 München, Germany",171.0,48.1128252,11.5843745,20.0,"Barista Sistar - Kaffee, Frühstück, Mittagessen und Kuchen","Deisenhofener Str. 40, 81539 München, Germany",174.0,48.11331690000001,11.5851003,Cafe Sonnenback,"Rotwandstraße 28, 81539 München, Germany",231.0,48.1125102,11.5850773,Kleines Café Edelweiss,"St.-Martin-Straße 9, 81541 München, Germany",268.0,48.116451999999995,11.5824373,9.0,element-i Kinderhaus Zauberwald,"Herzogstandstraße 16, 81539 München, Germany",69.0,48.114025,11.5821232,Städtische Kindertageseinrichtung,"Plecherstraße 3, 81541 München, Germany",259.0,48.116068000000006,11.5848442,Kita Luna Giesing,"Perlacher Str. 60, 81539 München, Germany",366.0,48.1108109,11.5836024,2.0,St.-Martin-Schule,"St.-Martin-Straße 30, 81541 München, Germany",287.0,48.1160109,11.58561,"Grundschule mit Tagesheim, Ichostraße 2","Ichostraße 2, 81541 München, Germany",376.0,48.1157273,11.5786206,Elementary school at the Fromundstraße,"Fromundstraße 5, 81547 München, Germany",824.0,48.1079273,11.5768614,19.0,"The Carl-August-Heckscher-Schule in Munich is a state-run special education center and a school for the sick, closely affiliated with the kbo-Heckscher-Klinikum for child and adolescent psychiatry. Its main campus is located at Deisenhofener Straße 28 in Munich-Giesing, complemented by several external branches in Upper Bavaria, including Rosenheim, Rottmannshöhe, Landsberg am Lech, and Haar. The school caters to children and adolescents of all school types who require partial inpatient or inpatient stays in clinics due to psychological illnesses or disorders.

The pedagogical concept of the Carl-August-Heckscher-Schule is highly individualized and tailored to the specific needs of the student patients. Instruction follows the curricula of the respective school types but is flexibly adapted to the health situation and individual learning requirements. A distinctive feature is the close collaboration of the 65 teachers with the treating doctors and therapists on-site to ensure holistic support. With 271 students in the 2024/25 school year, the school provides intensive care in small learning groups.

Special offerings include a focus on emotional and social development. The school also serves as a consultation school for children and adolescents with autistic behaviors and provides a Mobile Special Education Service (MSD). This MSD includes counseling services for teachers, parents, and students, even after their clinic stay, as well as training courses on 'Pedagogy in case of illness'. Care hours are from 7:30 AM to 4:00 PM on legal school days. The District of Upper Bavaria is responsible for the material costs (Sachaufwandsträger), while the school itself is a state institution under the Government of Upper Bavaria. The head of the school is Bernhard Ruppert.",,,,,,,,,,,,"Die Carl-August-Heckscher-Schule in München ist ein staatliches Förderzentrum und eine Schule für Kranke, die eng mit dem kbo-Heckscher-Klinikum für Kinder- und Jugendpsychiatrie verbunden ist. Ihr Hauptsitz befindet sich in der Deisenhofener Straße 28 in München-Giesing, ergänzt durch mehrere Außenstellen in Oberbayern, darunter Rosenheim, Rottmannshöhe, Landsberg am Lech und Haar. Die Schule richtet sich an Kinder und Jugendliche aller Schularten, die aufgrund psychischer Erkrankungen oder Störungen einen teilstationären oder stationären Aufenthalt in den Kliniken benötigen.

Das pädagogische Konzept der Carl-August-Heckscher-Schule ist stark individualisiert und orientiert sich an den spezifischen Bedürfnissen der Schülerpatienten. Der Unterricht erfolgt nach den Lehrplanvorgaben der jeweiligen Schularten, wird jedoch flexibel an die gesundheitliche Situation und die individuellen Lernvoraussetzungen angepasst. Eine Besonderheit ist die enge Zusammenarbeit der 65 Lehrkräfte mit den behandelnden Ärzten und Therapeuten vor Ort, um eine ganzheitliche Förderung zu gewährleisten. Mit 271 Schülern im Schuljahr 2024/25 bietet die Schule eine intensive Betreuung in kleinen Lerngruppen.

Zu den besonderen Angeboten zählt der Förderschwerpunkt emotionale und soziale Entwicklung. Die Schule fungiert zudem als Beratungsschule für Kinder und Jugendliche mit autistischen Verhaltensweisen und bietet einen Mobilen Sonderpädagogischen Dienst (MSD) an. Dieser MSD umfasst Beratungsleistungen für Lehrkräfte, Eltern und Schüler, auch nach dem Klinikaufenthalt, sowie Fortbildungen zum Thema 'Pädagogik bei Krankheit'. Die Betreuungszeiten liegen an gesetzlichen Schultagen zwischen 7:30 Uhr und 16:00 Uhr. Die Trägerschaft obliegt dem Bezirk Oberbayern als Sachaufwandsträger, während die Schule selbst eine staatliche Einrichtung der Regierung von Oberbayern ist. Schulleiter ist Bernhard Ruppert.","The Carl-August-Heckscher-Schule in Munich is a state-run special education center and school for the sick, specializing in supporting children and adolescents with emotional, social, and psychological challenges during their clinic stays. It offers individualized instruction, close collaboration with therapists, and a Mobile Special Education Service, including for autistic behaviors.","Die Carl-August-Heckscher-Schule in München ist ein staatliches Förderzentrum und eine Schule für Kranke, spezialisiert auf die Förderung von Kindern und Jugendlichen mit emotionalen, sozialen und psychischen Herausforderungen während ihres Klinikaufenthalts. Sie bietet individualisierten Unterricht, enge Zusammenarbeit mit Therapeuten und einen Mobilen Sonderpädagogischen Dienst, auch für autistische Verhaltensweisen.",,,,,,,,,,,,,,,,,,,,,"[""Beratungsschule für Kinder und Jugendliche mit autistischen Verhaltensweisen."", ""Unterricht nach Stundentafel für Schüler/innen aus Grund-, Haupt- und Förderschulen."", ""Unterrichtsangebot für Schüler/innen aus weiterführenden Schulen."", ""Mobile Sonderpädagogische Dienste im Rahmen von Ambulanz und Nachsorge."", ""Kinder und Jugendliche mit psychischen Störungen und Erkrankungen in ambulanter, teilstationärer und stationärer Behandlung des Heckscher-Klinikums und der KJP der LMU München.""]",2026-04-20T08:45:11Z,Die Carl-August-Heckscher-Schule ist eine Förderschule und Schule für Kranke. Sie betreut Kinder und Jugendliche aller Schularten während ihres teilstationären oder stationären Aufenthalts in den Kliniken des kbo-Heckscher-Klinikums.,"Deisenhofener Str. 28, 81539 München",Bayern,12076.0,65.5,1.0,1505022.0,5671.0,München: sicherste Großstadt Deutschlands (>200k Einwohner) seit 50 Jahren,city_aggregate,5671.0,376.8,6061.0,12076.0,802.4,München,91219.0,6061.0,134.0,8.9,134.0,91219.0,815.0,54.2,2026-08-22,"jedeschule.codefor.de (CC0, scraped from km.bayern.de)",The Carl-August-Heckscher-Schule in Munich is a specialized school for students with special educational needs and for those who are ill. It offers highly individualized pedagogical and therapeutic support to ensure continuous learning and personal development during hospital stays or prolonged illnesses. The school's focus is on tailored education that optimally promotes academic progress and social reintegration.,,,,65.0,,,271.0,München,BY,,66.0,0.0,109.0,15.0,11.0,120.0,0.0,91219.0,2024_25,2025
BY-SCHUL_SCHULSTANDORTEMITTELSCHULEN_3fa85b1e-ed77-4cbc-b9ba-32c2165cc7e6,"Mittelschule München, Torquato-Tasso-Straße 38",Mittelschulen,Mittelschulen,,2025.0,Torquato-Tasso-Str. 38,80807,München,,,,,,,,,,,,,,,,,,,,,,,,,,Nicht verfügbar (Bayern),,,,,,,,,,,Bayern Kultusministerium Schulsuche,"Fokus auf Nachhaltigkeit, Photovoltaikanlage, grüne Klassenzimmer, ökologische Baustoffe.",48.1800923,11.5817456,,,,,,,,,,,,,,,,,,,,,,,,,,,,,,,,,,,,,,,,,,,,,,,,,,,,,,1.0,Durchschnittlich,Unknown,576.0,48.179837,11.573462,,Unknown,579.0,48.179929,11.573414,,Milbertshofen,606.0,48.180904,11.573153,,Anni-Albers-Straße,593.0,48.17977,11.589212,,Am Münchner Tor,681.0,48.17613,11.588298,,Domagkstraße,790.0,48.183797,11.590265,,Griegstraße,311.0,48.181438,11.584849,,Freiligrathstraße,351.0,48.178263,11.58514,,Griegstraße,359.0,48.182107,11.584937,,0.0,,0.0,2.0,EDEKA Fazlija,"Isoldenstraße 39, 80804 München, Germany",459.0,48.175909,11.5814399,REWE,"Milbertshofener Str. 90, 80807 München, Germany",481.0,48.1840292,11.5787427,,,,,,13.0,Mama Pizza Schwabing,"Leopoldstraße 257, 80807 München, Germany",289.0,48.1813769,11.5845591,Hot Wok,"Leopoldstraße 257, 80807 München, Germany",289.0,48.1813769,11.5845591,Restaurant Thai China,"Leopoldstraße 259, 80807 München, Germany",298.0,48.1815584,11.5845249,7.0,Backstern Cafe,"Leopoldstraße 259, 80807 München, Germany",300.0,48.1815666,11.5845519,Café Ludwig,"Klopstockstraße 10, 80804 München, Germany",311.0,48.177499999999995,11.5794444,The York Side,"Leopoldstraße 244, 80807 München, Germany",319.0,48.1806968,11.5854106,6.0,Städtische Kindertagesstätte,"Torquato-Tasso-Straße 36, 80807 München, Germany",61.0,48.1794818,11.581238,Kinderkrippe Mondlicht,"Brentanostraße 30, 80807 München, Germany",277.0,48.1822679,11.579578,Die Münchner Kindl Kinderkrippe und Kindergarten GmbH,"Leopoldstraße 236, 80807 München, Germany",320.0,48.18008,11.58553,2.0,Grundschule Torquato-Tasso-Straße,"Torquato-Tasso-Straße 38, 80807 München, Germany",62.0,48.1805836,11.5813375,Ernst-Barlach-Schule,"Barlachstraße 36 - 38, 80804 München, Germany",421.0,48.177367399999994,11.577187,Staatl. Grundschule an der Bad-Soden-Straße 27,"Bad-Soden-Straße 27, 80807 München, Germany",698.0,48.186274399999995,11.5822733,14.0,"Mittelschule München, Torquato-Tasso-Straße 38, is an educational institution opened in 2025 under the sponsorship of the City of Munich, distinguished by its forward-looking profile. As a modern Mittelschule (middle school), it places a special emphasis on sustainability and environmental awareness, which is reflected in its architecture and facilities. The school building, a new construction, integrates a photovoltaic system, utilizes ecological building materials, and offers ""green classrooms"" that create a nature-oriented learning environment.

The pedagogical concept of Mittelschule München is designed to comprehensively prepare students for professional life and to develop their personalities holistically. The focus is on individual support and a consistent vocational and practical orientation, manifested in the three branches of technology, economics, and social studies. Project work plays a central role in strengthening planning skills and social competencies. The school offers the ""qualifizierender Abschluss der Mittelschule"" (qualified middle school leaving certificate) as well as the ""Mittlere-Reife-Zug"" (M-Zug), which leads to a middle school leaving certificate and opens further educational paths, such as the transition to a technical college (Fachoberschule). The class teacher principle fosters a strong community and individual support.

The school's facilities are modern and diverse. In addition to the innovative sustainability features, the new building includes an underground car park, a basement, a central building with a cafeteria and swimming pool, and a double gymnasium. An all-weather pitch on the roof of the central building complements the sports facilities. These comprehensive facilities provide optimal conditions for a varied school day and diverse leisure activities. Located in Milbertshofen, a district of Munich, the school is easily accessible. As a Mittelschule in Bavaria, a full-day program is part of the comprehensive educational offering, which also includes collaborations with vocational schools and the regional economy.",,,,,,,,,,,,"Die Mittelschule München, Torquato-Tasso-Straße 38, ist eine im Jahr 2025 eröffnete Bildungseinrichtung in Trägerschaft der Landeshauptstadt München, die sich durch ein zukunftsweisendes Profil auszeichnet. Als moderne Mittelschule legt sie einen besonderen Schwerpunkt auf Nachhaltigkeit und Umweltbewusstsein, was sich in ihrer Architektur und Ausstattung widerspiegelt. Das Schulgebäude, ein Neubau, integriert eine Photovoltaikanlage, nutzt ökologische Baustoffe und bietet ""grüne Klassenzimmer"", die eine naturnahe Lernumgebung schaffen.

Das pädagogische Konzept der Mittelschule München ist darauf ausgerichtet, Schülerinnen und Schüler umfassend auf das Berufsleben vorzubereiten und ihre Persönlichkeit ganzheitlich zu entwickeln. Im Zentrum stehen individuelle Förderung und eine konsequente Berufs- und Praxisorientierung, die sich in den drei Zweigen Technik, Wirtschaft und Soziales manifestiert. Projektarbeit spielt eine zentrale Rolle, um planerische Fähigkeiten und soziale Kompetenzen zu stärken. Die Schule bietet den qualifizierenden Abschluss der Mittelschule sowie den Mittlere-Reife-Zug (M-Zug) an, der zum mittleren Schulabschluss führt und weitere Bildungswege, wie den Übergang zur Fachoberschule, eröffnet. Das Klassenleiterprinzip fördert eine starke Gemeinschaft und individuelle Betreuung.

Die Ausstattung der Schule ist modern und vielfältig. Neben den innovativen Nachhaltigkeitsmerkmalen verfügt der Neubau über eine Tiefgarage, einen Keller, einen Mittelbau mit Mensa und Schwimmhalle sowie eine doppelte Turnhalle. Ein Allwetterplatz auf dem Dach des Mittelbaus ergänzt die Sportmöglichkeiten. Diese umfassenden Einrichtungen bieten optimale Bedingungen für einen abwechslungsreichen Schulalltag und vielfältige Freizeitaktivitäten. Die Lage in Milbertshofen, einem Stadtbezirk Münchens, bietet eine gute Erreichbarkeit. Als Mittelschule in Bayern ist ein Ganztagsangebot Teil des umfassenden Bildungsangebots, das auch Kooperationen mit beruflichen Schulen und der regionalen Wirtschaft umfasst.","Opened in 2025, Mittelschule München, Torquato-Tasso-Straße 38, is a modern educational institution with a strong focus on sustainability, evident in its photovoltaic system, ecological building materials, and green classrooms. It offers comprehensive vocational and practical orientation in technology, economics, and social studies, individual support, and enables students to achieve the qualified middle school leaving certificate and the intermediate secondary school certificate (M-Zug). The new facilities include a cafeteria, swimming pool, double gymnasium, and an all-weather pitch on the roof.","Die 2025 eröffnete Mittelschule München, Torquato-Tasso-Straße 38, ist eine moderne Bildungseinrichtung mit starkem Fokus auf Nachhaltigkeit, erkennbar an Photovoltaik, ökologischen Baustoffen und grünen Klassenzimmern. Sie bietet eine umfassende Berufs- und Praxisorientierung in den Bereichen Technik, Wirtschaft und Soziales, individuelle Förderung und ermöglicht den qualifizierenden Mittelschulabschluss sowie den mittleren Schulabschluss (M-Zug). Die neue Ausstattung umfasst eine Mensa, Schwimmhalle, Doppelturnhalle und einen Allwetterplatz auf dem Dach.",,,,,,,,,,,,,,,,,,,,,,2026-04-20T09:13:40Z,"Es konnte keine offizielle Website der Mittelschule München, Torquato-Tasso-Straße 38 gefunden werden, die Informationen zu Aufnahme-/Anmeldekriterien oder Terminen für Tage der offenen Tür/Infoabende/Schnuppertage enthält. Die Suchergebnisse weisen auf einen Neubau der Grund- und Mittelschule an der Torquato-Tasso-Straße hin, dessen Mittelschulteil voraussichtlich im 3. Quartal 2025 fertiggestellt wird.","Torquato-Tasso-Str. 38, 80807 München",Bayern,12076.0,65.5,1.0,1505022.0,5671.0,München: sicherste Großstadt Deutschlands (>200k Einwohner) seit 50 Jahren,city_aggregate,5671.0,376.8,6061.0,12076.0,802.4,München,91219.0,6061.0,134.0,8.9,134.0,91219.0,815.0,54.2,2026-08-22,"jedeschule.codefor.de (CC0, scraped from km.bayern.de)","Mittelschule München, Torquato-Tasso-Straße 38, provides comprehensive education leading to the Qualifizierender Mittelschulabschluss and the Mittlerer Schulabschluss. With a strong focus on practical vocational orientation and individual support, it optimally prepares students for their professional future, with English taught as a mandatory foreign language.",,,,,,,,München,BY,,31.0,0.0,70.0,6.0,6.0,76.0,0.0,91219.0,,2025
BY-SCHUL_SCHULSTANDORTEMITTELSCHULEN_f6c29785-ee6c-4d3c-b0dc-a9db529d0e5e,"Mittelschule München, Sambergerstraße 14",Mittelschulen,Mittelschulen,,1967.0,Sambergerstr. 14,81477,München,,,,,,114.0,9.0,,,,,,,,,,,,,,,,,,,Nicht verfügbar (Bayern),,,,,,,,,,,Bayern Kultusministerium Schulsuche,"DeutschPLUS (GMS), Mittagsbetreuung",48.0802935,11.5078634,,,,,,,,,,,,,,,,,,,,,,,,,,,,,,,,,,,,,,,,,,,,,,,,,,,,,,1.0,Durchschnittlich,,,,,,,,,,,,,,,,,,,,,,,,,,,,,,,Gilgstraße,179.0,48.081836,11.508903,,Eberlestraße,212.0,48.078394,11.507994,,Eberlestraße,212.0,48.078385,11.508057,,0.0,,0.0,4.0,Biowelt Schlessmann,"Schuchstraße 46, 81477 München, Germany",214.0,48.0784159,11.5088278,Vinzenzmurr Metzgerei - München - Solln,"Herterichstraße 101, 81477 München, Germany",234.0,48.0782781,11.5073041,PENNY,"Drygalski-Allee 117, 81477 München, Germany",368.0,48.0822383,11.5042084,6.0,Vinzenzmurr Metzgerei - München - Solln,"Herterichstraße 101, 81477 München, Germany",234.0,48.0782781,11.5073041,Eni Service Station,"Herterichstraße 111, 81477 München, Germany",318.0,48.0787172,11.5046461,Pronto Pizza Solln Lieferservice,"Drygalski-Allee 117, 81477 München, Germany",331.0,48.0822066,11.5048066,3.0,Herterichstraße München - Rackls Backstubn,"Herterichstraße 97, 81477 München, Germany",234.0,48.078193,11.5081398,Eni Service Station,"Herterichstraße 111, 81477 München, Germany",318.0,48.0787172,11.5046461,Müller Café & Bäckerei,"Drygalski-Allee 117, 81477 München, Germany",374.0,48.0821991,11.5040638,5.0,Städtische Kindertageseinrichtung,"Karl-Raupp-Straße 12, 81477 München, Germany",70.0,48.08059,11.50739,Kindertagesstätte,"Rudolf-Wilke-Weg 37-39, 81477 München, Germany",149.0,48.081373199999994,11.507038,Waldorfkindergartenverein Solln e.V.,"Herterichstraße 99, 81477 München, Germany",235.0,48.078193899999995,11.5078713,0.0,Staatl. Grundschule,"Herterichstraße 41, 81479 München, Germany",922.0,48.0761,11.51893,Förderverein der Grundschule Herterichstraße e.V.,"Herterichstraße 41, 81479 München, Germany",926.0,48.0762021,11.5190792,Grundschule Forstenrieder Allee,"Forstenrieder Allee 175, 81476 München, Germany",1123.0,48.0859809,11.4957192,8.0,"Mittelschule München, Sambergerstraße 14, is an established educational institution located in the Parkstadt Solln district of Munich. The school was founded in the 1967/68 school year as a comprehensive school (Gemeinschaftsschule) and was divided into a primary and secondary school (Hauptschule, now Mittelschule) in 1975. It is named after the renowned portrait painter Leo Samberger. In the 2024/25 school year, 114 students attend the school, taught by 9 teachers.

As a fully developed Mittelschule, it offers grades 5 to 10 and enables students to acquire the qualified Mittelschule certificate (qualifizierender Mittelschulabschluss) as well as preparation for the intermediate secondary school certificate (mittlerer Schulabschluss, M-Zug). The pedagogical concept of Bavarian Mittelschulen, which is also practiced at Sambergerstraße, places great emphasis on personality development, individual support, and a consistent career and practical orientation. The lessons are designed to be relevant to real life and promote social and personal skills in addition to subject knowledge. The school is part of the Mittelschulverbund Süd, together with Mittelschule in der Zielstattstraße and Mittelschule München, Walliser Straße, creating a cooperative educational landscape in southern Munich.

Among the special offerings of Mittelschule Sambergerstraße is the DeutschPLUS (GMS) program, which specifically supports students with non-German mother tongues. In terms of childcare, the school offers open all-day care (Ganztagsbetreuung) as well as midday care (Mittagsbetreuung), which can also be utilized on a daily basis. A remarkable social commitment is demonstrated by the breakfast initiative, where students receive healthy breakfast options twice a week, prepared by a dedicated mother and students. Furthermore, the school participates in the EU School Program – Fruit, through which children receive free regional and seasonal fruit to develop healthy eating habits.

The school is located at Sambergerstraße 14 in 81477 Munich, in the Parkstadt Solln district. The school district extends from Kistlerhofstraße in the north to Wilhelm-Leibl-Straße in the south, and from Ludwigshöher-Straße in the west to Stäblistraße in the east. The school's facilities are tailored to the needs of a modern Mittelschule to ensure a supportive learning environment. The official website of the school is www.mssamberger.edupage.org.",,,,,,,,,,,,"Die Mittelschule München, Sambergerstraße 14, ist eine etablierte Bildungseinrichtung im Münchner Stadtteil Parkstadt Solln. Die Schule wurde im Schuljahr 1967/68 als Gemeinschaftsschule gegründet und 1975 in eine Grund- und Hauptschule, die heutige Mittelschule, aufgeteilt. Benannt ist sie nach dem bekannten Porträtmaler Leo Samberger. Im Schuljahr 2024/25 besuchen 114 Schülerinnen und Schüler die Schule, die von 9 Lehrkräften unterrichtet werden.

Als voll ausgebaute Mittelschule bietet sie die Jahrgangsstufen 5 bis 10 an und ermöglicht den Erwerb des qualifizierenden Mittelschulabschlusses sowie die Vorbereitung auf den mittleren Schulabschluss (M-Zug). Das pädagogische Konzept der bayerischen Mittelschulen, das auch an der Sambergerstraße gelebt wird, legt großen Wert auf Persönlichkeitsbildung, individuelle Förderung und eine konsequente Berufs- und Praxisorientierung. Der Unterricht ist lebensnah gestaltet und fördert neben Fachwissen auch soziale und persönliche Kompetenzen. Die Schule ist Teil des Mittelschulverbunds Süd, zusammen mit der Mittelschule in der Zielstattstraße und der Mittelschule München, Walliser Straße, was eine kooperative Bildungslandschaft im Münchner Süden schafft.

Zu den besonderen Angeboten der Mittelschule Sambergerstraße gehört das Programm DeutschPLUS (GMS), das Schülerinnen und Schüler mit nicht-deutscher Muttersprache gezielt unterstützt. Im Bereich der Betreuung bietet die Schule eine offene Ganztagsbetreuung sowie eine Mittagsbetreuung an, die auch tageweise in Anspruch genommen werden kann. Ein herausragendes soziales Engagement zeigt sich in der Frühstücksinitiative, bei der Schülerinnen und Schüler zweimal wöchentlich gesunde Frühstücksoptionen erhalten, die von einer engagierten Mutter und Schülern zubereitet werden. Zudem nimmt die Schule am EU-Schulprogramm – Obst teil, wodurch die Kinder kostenlos regionales und saisonales Obst erhalten, um ein gesundheitsförderliches Ernährungsverhalten zu entwickeln.

Die Schule befindet sich in der Sambergerstraße 14 in 81477 München, im Stadtteil Parkstadt Solln. Der Schulsprengel erstreckt sich von der Kistlerhofstraße im Norden bis zur Wilhelm-Leibl-Straße im Süden und von der Ludwigshöher-Straße im Westen bis zur Stäblistraße im Osten. Die Ausstattung der Schule ist auf die Bedürfnisse einer modernen Mittelschule zugeschnitten, um ein förderliches Lernumfeld zu gewährleisten. Die offizielle Webseite der Schule ist www.mssamberger.edupage.org.","Mittelschule München, Sambergerstraße 14, is an established educational institution in Munich's Parkstadt Solln, serving 114 students with 9 teachers. It offers grades 5-10, emphasizing personality development, individual support, and career orientation. Special programs include DeutschPLUS, open all-day and midday care, a breakfast initiative, and the EU School Program – Fruit.","Die Mittelschule München, Sambergerstraße 14, ist eine etablierte Bildungseinrichtung in München-Parkstadt Solln mit 114 Schülern und 9 Lehrkräften. Sie bietet die Jahrgangsstufen 5-10 an, mit Fokus auf Persönlichkeitsbildung, individuelle Förderung und Berufsorientierung. Besondere Angebote umfassen DeutschPLUS, offene Ganztags- und Mittagsbetreuung, eine Frühstücksinitiative und das EU-Schulprogramm – Obst.",,,,,,,,,,,,,,,,,,,,,,2026-04-20T08:43:12Z,,"Sambergerstr. 14, 81477 München",Bayern,12076.0,65.5,1.0,1505022.0,5671.0,München: sicherste Großstadt Deutschlands (>200k Einwohner) seit 50 Jahren,city_aggregate,5671.0,376.8,6061.0,12076.0,802.4,München,91219.0,6061.0,134.0,8.9,134.0,91219.0,815.0,54.2,2026-08-22,"jedeschule.codefor.de (CC0, scraped from km.bayern.de)","Mittelschule München, Sambergerstraße 14, offers practice-oriented education for grades 5 to 10, preparing students for the Hauptschulabschluss and Mittlerer Schulabschluss. Beyond core subjects like German, Math, and English, the curriculum emphasizes vocational skills and individual support to optimally prepare students for apprenticeships or further schooling.",,,,9.0,,,114.0,München,BY,,14.0,0.0,23.0,6.0,4.0,27.0,46.0,91219.0,2024_25,2025
BY-SCHUL_SCHULSTANDORTEMITTELSCHULEN_a189cc2a-eecb-4463-825c-1aa84f7152b0,"Mittelschule München, Blumenauer Straße 11",Mittelschulen,Mittelschulen,,,Blumenauer Str. 11,80689,München,,,,,Herr Braumandl,221.0,21.0,,,,,,,,,,,,,,,,,,,Nicht verfügbar (Bayern),,,,,,,,,,,Bayern Kultusministerium Schulsuche,"DeutschPLUS (GMS), Modellversuch TAFF (Talente finden und fördern), Musikalische Förderung (Klasse im Puls, Schülerband, Chor)",48.1277319,11.4744182,,,,,,,,,,,,,,,,,,,,,,,,,,,,,,,,,,,,,,,,,,,,,,,,,,,,,,1.0,Durchschnittlich,,,,,,,,,,,,,,,,,,,,,,,,,,,,,,,Blumenau,42.0,48.128154,11.474112,,Blumenau,65.0,48.128075,11.474828,,Blumenau,83.0,48.127785,11.475191,,0.0,,0.0,2.0,EDEKA,"Blumenauer Str. 6, 80689 München, Germany",218.0,48.12657,11.47638,NORMA Filiale,"Terofalstraße 19, 80689 München, Germany",397.0,48.124649,11.476659,,,,,,4.0,Pelagos Taverna,"Senftenauerstraße 187, 80689 München, Germany",86.0,48.128147899999995,11.4750861,Tu Le Restaurant - Asia Kitchen - Sushi Bar,"Terofalstraße 10B, 80689 München, Germany",204.0,48.1263365,11.4757729,König Kebap Haus,"Terofalstraße 6, 80689 München, Germany",263.0,48.1258698,11.4761713,3.0,Zöttl,"Blumenauer Str. 20, 80689 München, Germany",110.0,48.1278286,11.4755566,Backstube Wünsche,"Blumenauer Str. 6, 80689 München, Germany",233.0,48.126611,11.4766841,Celetti Eismanufaktur - Italienische Eisdiele,"Terofalstraße 8, 80689 München, Germany",247.0,48.1259388,11.4759419,4.0,Kindertagesstätte,"Blumenauer Str. 9, 80689 München, Germany",87.0,48.126999999999995,11.47418,Spielkiste Blumenau e.V. Kindergarten,"Senftenauerstraße 185, 80689 München, Germany",111.0,48.1282913,11.4753583,Katholischer Kindergarten Erscheinung d.Herrn,"Blumenauer Str. 7, 80689 München, Germany",154.0,48.1263983,11.4740171,0.0,Lukas-Grundschule,"Haderunstraße 1a, 81375 München, Germany",840.0,48.121963,11.4813058,Grundschule am Hedernfeld,"Am Hedernfeld 42-44, 81375 München, Germany",854.0,48.1208022,11.4692765,Städt. Tagesheim an der Grundschule,"Am Hedernfeld 42, 81375 München, Germany",854.0,48.1208022,11.4692765,5.0,"Mittelschule München, Blumenauer Straße 11, is an established educational institution in the Blumenau district of Munich, characterized by a comprehensive pedagogical concept and diverse support programs. With 221 students and 21 teachers (as of 2024/25), the school offers a personal learning atmosphere under the leadership of Mr. Braumandl. As part of the Süd-West school network, it works closely with other secondary schools to ensure the best possible support and successful school leaving qualifications. The school's pedagogical profile places a strong focus on individual development and talent promotion. A special feature is the DeutschPLUS (GMS) program, which supports students with a migration background or specific language development needs. Furthermore, the school participated in the TAFF (Talente finden und fördern - Finding and Fostering Talents) model project, where differentiated programs for gifted students in grades 6 to 9 were developed and tested, particularly with regard to future career choices. Musical education is highly valued, with offerings such as ""Klasse im Puls,"" a student band, and a choir, which foster the creative potential of young people. Mittelschule Blumenauer Straße operates as a structured full-day school, meaning that lessons and care are organized throughout the day, providing students with a continuous learning environment. A prominent support service is the school social work provided by STÜPS, established in 2000. This offers comprehensive support for students and parents facing personal, family, or school-related difficulties, crisis intervention, child protection, and class projects aimed at strengthening self-esteem and class cohesion. An open meeting point and the supervision of the school café team are also part of the offerings. The school is located at Blumenauer Straße 11 in 80689 Munich and is well-connected to public transport, accessible by bus lines 56 and 168. Its location in a residential area provides a quiet and conducive learning environment. The school's facilities are tailored to the needs of a modern secondary school to optimally implement its diverse educational and support programs.",,,,,,,,,,,,"Die Mittelschule München, Blumenauer Straße 11, ist eine etablierte Bildungseinrichtung im Münchner Stadtteil Blumenau, die sich durch ein umfassendes pädagogisches Konzept und vielfältige Förderangebote auszeichnet. Mit 221 Schülern und 21 Lehrkräften (Stand 2024/25) bietet die Schule eine persönliche Lernatmosphäre unter der Leitung von Herrn Braumandl. Als Teil des Schulverbunds Süd-West arbeitet sie eng mit anderen Mittelschulen zusammen, um eine bestmögliche Förderung und erfolgreiche Schulabschlüsse zu gewährleisten. Das pädagogische Profil der Schule legt einen starken Fokus auf individuelle Entwicklung und Talentförderung. Ein besonderes Merkmal ist das Programm DeutschPLUS (GMS), das Schülerinnen und Schüler mit Migrationshintergrund oder besonderem Sprachförderbedarf unterstützt. Zudem beteiligte sich die Schule am Modellversuch TAFF (Talente finden und fördern), bei dem differenzierte Angebote zur Begabtenförderung in den Jahrgangsstufen 6 bis 9 entwickelt und erprobt wurden, insbesondere im Hinblick auf die spätere Berufswahl. Musikalische Förderung wird großgeschrieben, mit Angeboten wie ""Klasse im Puls"", einer Schülerband und einem Chor, die das kreative Potenzial der Jugendlichen entfalten. Die Mittelschule Blumenauer Straße ist eine gebundene Ganztagsschule, was bedeutet, dass der Unterricht und die Betreuung über den gesamten Tag strukturiert sind und den Schülern eine kontinuierliche Lernumgebung bieten. Ein herausragendes Betreuungsangebot ist die seit dem Jahr 2000 etablierte Schulsozialarbeit von STÜPS. Diese bietet umfassende Unterstützung für Schüler und Eltern bei persönlichen, familiären oder schulischen Schwierigkeiten, Krisenintervention, Kinderschutz und Klassenprojekte zur Stärkung des Selbstwerts und der Klassengemeinschaft. Auch ein offener Treff und die Betreuung des Schulcafé-Teams gehören zum Angebot. Die Schule befindet sich in der Blumenauer Straße 11 in 80689 München und ist gut an das öffentliche Verkehrsnetz angebunden, erreichbar mit den Buslinien 56 und 168. Die Lage in einem Wohngebiet bietet eine ruhige und förderliche Lernumgebung. Die Ausstattung der Schule ist auf die Bedürfnisse einer modernen Mittelschule zugeschnitten, um die vielfältigen Bildungs- und Förderangebote optimal umzusetzen.","Mittelschule München, Blumenauer Straße 11, is a full-day secondary school with 221 students and 21 teachers, focusing on individual support and talent development. Special programs include DeutschPLUS, musical education, and comprehensive school social work by STÜPS. As part of the Süd-West school network, it provides a supportive learning environment in Munich.","Die Mittelschule München, Blumenauer Straße 11, ist eine gebundene Ganztagsschule mit 221 Schülern und 21 Lehrkräften, die sich auf individuelle Förderung und Talententwicklung konzentriert. Besondere Angebote umfassen DeutschPLUS, musikalische Förderung und umfassende Schulsozialarbeit durch STÜPS. Als Teil des Schulverbunds Süd-West bietet sie eine unterstützende Lernumgebung in München.",,,,,,,,,,,,,,,,,,,,,"[""Für die 5. Klasse erfolgt die Aufnahme in der Regel automatisch durch die für den Wohnort zuständige Mittelschule, sofern das Kind nicht an einer anderen weiterführenden Schule angemeldet wird."", ""Für die Anmeldung in höhere Klassen ist direkter Kontakt mit der zuständigen Mittelschule erforderlich."", ""Für den Besuch einer anderen Mittelschule innerhalb des Schulverbunds ist ein Gastschulantrag nach Erhalt des Übertrittszeugnisses notwendig.""]",2026-04-20T08:53:49Z,"Die Informationen zu den Aufnahmekriterien beziehen sich auf die allgemeine Regelung für Mittelschulen in München. Spezifische Anmeldefristen für die Mittelschule München, Blumenauer Straße 11 wurden nicht gefunden.","Blumenauer Str. 11, 80689 München",Bayern,12076.0,65.5,1.0,1505022.0,5671.0,München: sicherste Großstadt Deutschlands (>200k Einwohner) seit 50 Jahren,city_aggregate,5671.0,376.8,6061.0,12076.0,802.4,München,91219.0,6061.0,134.0,8.9,134.0,91219.0,815.0,54.2,2026-08-22,"jedeschule.codefor.de (CC0, scraped from km.bayern.de)","Mittelschule München at Blumenauer Straße 11 is a public secondary school in Munich, Bavaria. It provides students with a practice-oriented education, preparing them for vocational training and further educational paths. The curriculum leads to the ""qualifizierender Mittelschulabschluss"" or the ""mittlerer Schulabschluss"" (M-Zug), complemented by vocational orientation programs.",,,,21.0,,,221.0,München,BY,,16.0,0.0,41.0,8.0,0.0,41.0,18.0,91219.0,2024_25,2025
BY-SCHUL_SCHULSTANDORTEMITTELSCHULEN_b04dbb2c-e499-401f-b7a2-43eb88da9e2c,"Mittelschule München, Feldbergstraße 85",Mittelschulen,Mittelschulen,,,Feldbergstr. 85,81825,München,,,,,,257.0,24.0,,,,,,,,,,,,,,,,,,,Nicht verfügbar (Bayern),,,,,,,,,,,Bayern Kultusministerium Schulsuche,"DeutschPLUS (GMS), Ganztagsschulbetrieb in gebundener Form.",48.1181083,11.6679275,,,,,,,,,,,,,,,,,,,,,,,,,,,,,,,,,,,,,,,,,,,,,,,,,,,,,,1.0,Durchschnittlich,Unknown,927.0,48.125457,11.663658,,Unknown,943.0,48.125536,11.663399,,Unknown,955.0,48.125671,11.663464,,,,,,,,,,,,,,,,,Spertentalstraße,142.0,48.117914,11.669984,,Spertentalstraße,144.0,48.117718,11.670046,,Spertentalstraße,147.0,48.117971,11.670028,,0.0,,0.0,4.0,Netto Marken-Discount,"Wasserburger Landstraße 8, 81825 München, Germany",368.0,48.1206696,11.6660456,Che Follia Espressobar & Delikatessen,"Truderinger Str. 306A, 81825 München, Germany",460.0,48.121508,11.6703849,Obst & Gemüse Familie Sicim & Koç,"Truderinger Str. 308, 81825 München, Germany",463.0,48.1214927,11.6705473,13.0,City Pizza,"Feldbergstraße 90, 81825 München, Germany",137.0,48.1175043,11.6699391,Socceria Vereinsheim in Trudering,"Feldbergstraße 65, 81825 München, Germany",257.0,48.1153941,11.6674305,Dineo,"Wasserburger Landstraße 32, 81825 München, Germany",263.0,48.1193568,11.6705667,5.0,Bäckerei Konditorei Horn,"Königsseestraße 13, 81825 München, Germany",392.0,48.1168542,11.6732381,Orange Shisha Bar,"Max-Rothschild-Straße 6, 81825 München, Germany",438.0,48.1209148,11.6714354,Che Follia Espressobar & Delikatessen,"Truderinger Str. 306A, 81825 München, Germany",460.0,48.121508,11.6703849,0.0,Minihaus München Trudering,"Truderinger Str. 293, 81825 München, Germany",564.0,48.1226126,11.669772300000002,Sun source Montessori children's group e.V.,"Bajuwarenstraße 134, 81825 München, Germany",573.0,48.1226186,11.6660011,Städtische Kindertageseinrichtung,"Schmuckerweg 8, 81825 München, Germany",608.0,48.1223575,11.6722872,0.0,Grundschule,"Forellenstraße 5, 81825 München, Germany",876.0,48.1215342,11.6578224,Grundschule,"Lehrer-Götz-Weg 21, 81829 München, Germany",893.0,48.1256518,11.6692999,Grundschule Markgrafenstraße,"Markgrafenstraße 33, 81827 München, Germany",1140.0,48.1087874,11.6757934,1.0,"Mittelschule München, Feldbergstraße 85, is a state-run educational institution located in the Trudering-Riem district of Munich, providing comprehensive education and preparation for students in grades 5 to 10. With 257 students and 24 teachers (as of the 2024/25 school year), the school offers a dedicated learning environment. A key feature of the school's profile is its bound all-day school operation, which ensures a continuously structured stay at school for at least four days a week until at least 4 PM. This approach allows for intensive individual support of students' cognitive and social skills through a varied timetable that combines lessons, practice, and study periods with sports, music, and artistic activities. The pedagogical concept aims to strengthen the will to learn and perform, and to prepare students for further educational paths.

Another prominent offering is the DeutschPLUS program (GMS), specifically designed for students with non-native German language skills. It provides intensive German language support through additional courses or differentiated instruction to facilitate the acquisition of the German language and academic vocabulary. These measures are designed to be supplementary or parallel to regular compulsory lessons and can be conducted across different classes. The school places great importance on linguistic integration and equal opportunities. Within the framework of the all-day program, additional support measures such as homework assistance, projects for violence prevention, leisure activities, and career orientation are also offered. The school's facilities include a sports facility, providing various opportunities for physical activity. While the Free State of Bavaria provides additional teaching hours and a budget for pedagogical staff, parents typically cover the costs for lunch as part of the bound all-day program.",,,,,,,,,,,,"Die Mittelschule München, Feldbergstraße 85, ist eine staatliche Bildungseinrichtung im Münchner Stadtteil Trudering-Riem, die Schülerinnen und Schüler der Jahrgangsstufen 5 bis 10 umfassend betreut und auf ihren Abschluss vorbereitet. Mit 257 Schülern und 24 Lehrkräften (Stand Schuljahr 2024/25) bietet die Schule ein engagiertes Lernumfeld. Ein zentrales Merkmal des Schulprofils ist der gebundene Ganztagsschulbetrieb, der einen durchgehend strukturierten Aufenthalt an mindestens vier Wochentagen bis mindestens 16 Uhr gewährleistet. Dieser Ansatz ermöglicht eine intensive individuelle Förderung der kognitiven und sozialen Fähigkeiten der Schülerinnen und Schüler durch einen abwechslungsreichen Stundenplan, der Unterrichts-, Übungs- und Lernzeiten mit sportlichen, musischen und künstlerischen Aktivitäten verbindet. Das pädagogische Konzept zielt darauf ab, Lern- und Leistungswillen zu stärken und auf weiterführende Bildungswege vorzubereiten.

Ein weiteres herausragendes Angebot ist das DeutschPLUS-Programm (GMS), das speziell auf Schülerinnen und Schüler mit nichtdeutscher Muttersprache zugeschnitten ist. Es bietet intensive Deutschförderung in Form von zusätzlichen Kursen oder differenziertem Unterricht, um den Erwerb der deutschen Sprache und die Aneignung von Fach- und Bildungssprache zu unterstützen. Diese Maßnahmen sind entweder ergänzend oder parallel zum regulären Pflichtunterricht konzipiert und können klassenübergreifend durchgeführt werden. Die Schule legt großen Wert auf sprachliche Integration und Chancengleichheit. Im Rahmen des Ganztagsangebots werden zudem zusätzliche Fördermaßnahmen wie Hausaufgabenhilfe, Projekte zur Gewaltprävention, Freizeitgestaltung und Berufsorientierung angeboten. Die Ausstattung der Schule umfasst unter anderem eine Sportstätte, die vielfältige Bewegungsmöglichkeiten bietet. Die Kosten für das Mittagessen im Rahmen des gebundenen Ganztags werden in der Regel von den Eltern getragen, während der Freistaat Bayern die zusätzlichen Lehrerwochenstunden und ein Budget für pädagogische Kräfte bereitstellt.","Mittelschule München, Feldbergstraße 85, is a state school in Trudering-Riem with 257 students and 24 teachers. It features a bound all-day school operation, offering intensive individual support and a structured daily schedule until at least 4 PM. A special program is DeutschPLUS (GMS) for targeted language support of students with non-native German.","Die Mittelschule München, Feldbergstraße 85, ist eine staatliche Schule in Trudering-Riem mit 257 Schülern und 24 Lehrkräften. Sie zeichnet sich durch einen gebundenen Ganztagsschulbetrieb aus, der eine intensive individuelle Förderung und einen strukturierten Tagesablauf bis mindestens 16 Uhr bietet. Ein besonderes Angebot ist DeutschPLUS (GMS) zur gezielten Sprachförderung von Schülern mit nichtdeutscher Muttersprache.",,,,,,,,,,,,,,,,,,,,,,2026-04-20T08:43:12Z,,"Feldbergstr. 85, 81825 München",Bayern,12076.0,65.5,1.0,1505022.0,5671.0,München: sicherste Großstadt Deutschlands (>200k Einwohner) seit 50 Jahren,city_aggregate,5671.0,376.8,6061.0,12076.0,802.4,München,91219.0,6061.0,134.0,8.9,134.0,91219.0,815.0,54.2,2026-08-22,"jedeschule.codefor.de (CC0, scraped from km.bayern.de)","Mittelschule München, Feldbergstraße 85, provides practice-oriented secondary education, preparing students for the Qualifizierender Mittelschulabschluss and Mittlerer Schulabschluss. The school emphasizes vocational orientation and individual support. English is taught as a foreign language, and the M-Zug program offers a pathway to the Mittlerer Schulabschluss.",,,,24.0,,,257.0,München,BY,,19.0,1.0,44.0,6.0,5.0,50.0,0.0,91219.0,2024_25,2025
BY-SCHUL_SCHULSTANDORTEMITTELSCHULEN_9953a7cb-5d79-4c96-8cf5-2dd70cc141d7,"Mittelschule München, Franz-Nißl-Straße 55",Mittelschulen,Mittelschulen,,1936.0,Franz-Nißl-Str. 55,80999,München,,,,,Dominika Neresheimer,365.0,31.0,,,,,Englisch,,,,,,,,,,,,,,Nicht verfügbar (Bayern),,,,,,,,,,,Bayern Kultusministerium Schulsuche,"DeutschPLUS (GMS), Schule gegen Rassismus - Schule mit Courage, Schulradio",48.1935034,11.4610779,,,,,,,,,,,,,,,,,,,,,,,,,,,,,,,,,,,,,,,,,,,,,,,,,,,,,,1.0,Durchschnittlich,Allach,636.0,48.190034,11.468105,,,,,,,,,,,,,,,,,,,,,,,,,,,Höcherstraße,51.0,48.193874,11.461889,,Georg-Reismüller-Straße,216.0,48.194355,11.464027,,Georg-Reismüller-Straße,221.0,48.194197,11.464195,,0.0,,0.0,5.0,Lidl,"Georg-Reismüller-Straße 28, 80999 München, Germany",241.0,48.19416,11.46449,VollCorner Biomarkt,"Franz-Nißl-Straße 41, 80999 München, Germany",276.0,48.1913053,11.4628479,dm-drogerie markt,"Georg-Reismüller-Straße 28a, 80999 München, Germany",305.0,48.194159299999995,11.465381,5.0,Indianfusion Bar & Restaurant,"Eversbuschstraße 129 A, 80999 München, Germany",166.0,48.193127399999995,11.4592302,EAT HAPPY,"Georg-Reismüller-Straße 24, 80999 München, Germany",356.0,48.193506,11.466162,Pizza AVANTI Allach,"Franz-Nißl-Straße 16, 80999 München, Germany",384.0,48.190534199999995,11.4638172,4.0,Backhaus Khan,"Franz-Nißl-Straße 24, 80999 München, Germany",243.0,48.1917188,11.463089,Privat Bäckerei Wimmer GmbH & Co. KG,"Georg-Reismüller-Straße 24, 80999 München, Germany",338.0,48.1937816,11.4659088,"""Cafe Erciyes""","Franz-Nißl-Straße 16, 80999 München, Germany",384.0,48.1905253,11.463793,7.0,Kindertagesstätte Franz-Nißl-Straße,"Franz-Nißl-Straße 57, 80999 München, Germany",29.0,48.193784699999995,11.4615982,Kindertagesstätte Höcherstraße,"Höcherstraße 11, 80999 München, Germany",87.0,48.1938484,11.4602555,Maria Himmelfahrt Kindergarten,"Franz-Nißl-Straße 50, 80999 München, Germany",139.0,48.1947719,11.4618997,0.0,Grundschule Eversbuschstr,"Eversbuschstraße 182, 80999 München, Germany",702.0,48.199568,11.4583789,"Eltern-Initiative Schülerbetreuung Grundschule Allach, Eversbuschstraße 182 e.V.","Eversbuschstraße 182, 80999 München, Germany",713.0,48.1996518,11.4582747,Grundschule an der Theodor-Fischer-Straße,"Theodor-Fischer-Straße 73, 80999 München, Germany",1543.0,48.1826398,11.4485488,9.0,"Mittelschule München, Franz-Nißl-Straße 55, is an established educational institution located in the Allach district of Munich, founded in 1936. Led by Principal Dominika Neresheimer, the school currently provides comprehensive education to 365 students, supported by a dedicated team of 31 teachers. The school's pedagogical concept is designed to offer diverse educational pathways, including preparation for the Einfacher Mittelschulabschluss (EMA) and the Mittlere Reife through specialized M-classes (M7, M9, M10). A particular focus is placed on language development with the DeutschPLUS (GMS) program and English as a foreign language. 

The school is distinguished by a wide range of special programs and projects. As a 'School against Racism - School with Courage,' it actively promotes tolerance and civic courage. The school's own radio station provides students with a platform for creative expression and media literacy. Comprehensive childcare services are offered as part of the full-day schooling program (Gebundener Ganztag, GGTS). Career orientation plays a central role, supported by close cooperation with the Federal Employment Agency, which includes individual career counseling and company visits, such as to Deutsche Bahn. The profile is further enriched by projects like K.I.D.S. (e.g., puppet making, unicycling), boxing workshops for girls, and participation in Girl's Day and Boys' Day. The school also maintains numerous partnerships with local organizations such as Kolping München, the Lions Club Münchner Kindl, and the Johanniter, which enhance school life. The school building, constructed between 1936 and 1940 by Sep Ruf, is an architecturally notable part of the Allach district.",,,,,,,,,,,,"Die Mittelschule München, Franz-Nißl-Straße 55, ist eine etablierte Bildungseinrichtung im Münchner Stadtteil Allach, die im Jahr 1936 gegründet wurde. Unter der Leitung von Dominika Neresheimer bietet die Schule derzeit 365 Schülerinnen und Schülern eine umfassende Bildung, unterstützt von einem engagierten Kollegium von 31 Lehrkräften. Das pädagogische Konzept der Mittelschule ist darauf ausgerichtet, vielfältige Bildungswege zu ermöglichen. Dazu gehören die Vorbereitung auf den Einfachen Mittelschulabschluss (EMA) sowie auf die Mittlere Reife durch spezielle M-Klassen (M7, M9, M10). Ein besonderes Augenmerk liegt auf der Sprachförderung mit dem Programm DeutschPLUS (GMS) und dem Angebot von Englisch als Fremdsprache. 

Die Schule zeichnet sich durch ein breites Spektrum an besonderen Angeboten und Projekten aus. Als 'Schule gegen Rassismus - Schule mit Courage' fördert sie aktiv Toleranz und Zivilcourage. Das schuleigene Schulradio bietet den Schülerinnen und Schülern eine Plattform für kreative Entfaltung und Medienkompetenz. Im Rahmen des gebundenen Ganztags (GGTS) werden umfassende Betreuungsangebote bereitgestellt. Die Berufsorientierung spielt eine zentrale Rolle, unterstützt durch eine enge Zusammenarbeit mit der Bundesagentur für Arbeit, die individuelle Berufsberatung und Betriebserkundungen, wie beispielsweise bei der Deutschen Bahn, umfasst. Ergänzt wird das Profil durch Projekte wie K.I.D.S. (z.B. Puppenbau, Einrad), Boxworkshops für Mädchen sowie die Teilnahme am Girl's Day und Boys' Day. Die Schule pflegt zudem zahlreiche Partnerschaften mit lokalen Organisationen wie Kolping München, dem Lions Club Münchner Kindl und den Johannitern, die das schulische Leben bereichern. Das Schulgebäude, erbaut zwischen 1936 und 1940 von Sep Ruf, ist ein architektonisch bemerkenswerter Bestandteil des Stadtteils Allach.","Mittelschule München, Franz-Nißl-Straße 55, founded in 1936, provides diverse educational pathways up to Mittlere Reife for 365 students under Principal Dominika Neresheimer. It features programs like DeutschPLUS, full-day schooling, a school radio, and the 'School against Racism - School with Courage' distinction, complemented by intensive career orientation and numerous partnerships.","Die Mittelschule München, Franz-Nißl-Straße 55, gegründet 1936, bietet 365 Schülern unter der Leitung von Dominika Neresheimer vielfältige Bildungswege bis zur Mittleren Reife. Sie zeichnet sich durch Programme wie DeutschPLUS, den gebundenen Ganztag, ein Schulradio und die Auszeichnung 'Schule gegen Rassismus - Schule mit Courage' aus, ergänzt durch intensive Berufsorientierung und zahlreiche Partnerschaften.",,,,,,,,,,,,,,,,,,,,"{""opens"": null, ""closes"": ""2026-05-22"", ""notes"": ""Verbindliche Voranmeldung für zukünftige Fünftklässler für das Schuljahr 2026/27. Informationen zur Platzvergabe Anfang Juli 2026.""}","[""Verbindliche Voranmeldung für zukünftige Fünftklässler für das Schuljahr 2026/27 erforderlich."", ""Wichtig für einen Platz im gebundenen Ganztag (GGTS) oder in den offenen Ganztagesklassen (OGTS)."", ""Erfolgreicher Besuch der 4. Klasse einer Grundschule."", ""Alter unter 11 Jahren am 30. September 2026."", ""Automatische Aufnahme in die wohnortnahe Mittelschule, wenn keine Einschreibung an einer anderen weiterführenden Schule erfolgt ist."", ""Anmeldeunterlagen sind auf der Homepage der Schule im Bereich Downloads verfügbar."", ""Voranmeldung auch per E-Mail oder telefonisch möglich.""]",2026-04-20T08:55:34Z,"Die Mittelschule an der Franz-Nißl-Straße bietet gebundenen Ganztag in den Jahrgangsstufen 5-9, gebundenen Ganztag in Deutschklassen 5 und 7 sowie offenen Ganztag in den Jahrgangsstufen 5-7 an. Ein M-Angebot wird rollierend im Mittelschulverbund angeboten.","Franz-Nißl-Str. 55, 80999 München",Bayern,12076.0,65.5,1.0,1505022.0,5671.0,München: sicherste Großstadt Deutschlands (>200k Einwohner) seit 50 Jahren,city_aggregate,5671.0,376.8,6061.0,12076.0,802.4,München,91219.0,6061.0,134.0,8.9,134.0,91219.0,815.0,54.2,2026-08-22,"jedeschule.codefor.de (CC0, scraped from km.bayern.de)","Mittelschule München at Franz-Nißl-Straße 55 is a state school in Munich, Bavaria, providing a comprehensive general education. It specifically prepares students for the 'Qualifizierender Mittelschulabschluss' and the 'Mittlerer Schulabschluss', with a strong emphasis on vocational orientation and practical skills. Alongside German as the language of instruction, English is offered as the first foreign language, optimally preparing students for their professional future.",,,,31.0,,,365.0,München,BY,,10.0,0.0,19.0,3.0,1.0,20.0,60.0,91219.0,2024_25,2025
BY-SCHUL_SCHULSTANDORTEMITTELSCHULEN_25b4363c-9a0c-404a-b543-7f93fa7533d2,"Mittelschule München, Führichstraße 53",Mittelschulen,Mittelschulen,,,Führichstr. 53,81671,München,,,,,,120.0,,,,,,,,,,,,,,,,,,,,Nicht verfügbar (Bayern),,,,,,,,,,,Bayern Kultusministerium Schulsuche,"Übergangsklassen für Flüchtlingskinder, Schulsozialarbeit, Frühstücks- und Mittagsangebot",48.1159573,11.6157326,,,,,,,,,,,,,,,,,,,,,,,,,,,,,,,,,,,,,,,,,,,,,,,,,,,,,,1.0,Durchschnittlich,Unknown,477.0,48.11835,11.610173,C,Unknown,492.0,48.118103,11.609699,D,Unknown,506.0,48.12035,11.617252,F,,,,,,,,,,,,,,,,Unknown,60.0,48.116183,11.614767,,Ramersdorf,103.0,48.115564,11.614238,,Ramersdorf,138.0,48.115648,11.613695,,0.0,C; D; F,0.0,3.0,E xpress,"Rosenheimer Str. 205, 81669 München, Germany",189.0,48.116485999999995,11.6130802,Kapadokya Market,"Rosenheimer Str. 172, 81669 München, Germany",478.0,48.117975099999995,11.6098071,Himmet Market,"Bad-Schachener-Straße 14, 81671 München, Germany",495.0,48.1204,11.61588,13.0,Augustiner Alter Wirt in Ramersdorf,"Aribonenstraße 6, 81669 München, Germany",134.0,48.1148913,11.6146297,Sushi Plus Ramersdorf,"Ramersdorfer Str. 7, 81669 München, Germany",169.0,48.1144442,11.6157803,NAR Kitchen | Vegan Catering,"Ramersdorfer Str. 7, 81669 München, Germany",169.0,48.1144442,11.6157803,9.0,NAR Kitchen | Vegan Catering,"Ramersdorfer Str. 7, 81669 München, Germany",169.0,48.1144442,11.6157803,Shell,"Shell Tankstelle, Innsbrucker Ring 142, 81669 München, Germany",169.0,48.1149072,11.6171541,Bäckermeister Brücklmaier,"Führichstraße 41, 81671 München, Germany",218.0,48.1178148,11.6145626,3.0,Städtische Kindertageseinrichtung,"Kirchseeoner Str. 9, 81669 München, Germany",65.0,48.1163039,11.6161856,Kindertagesstätten städt.,"Kirchseeoner Str. 7, 81669 München, Germany",82.0,48.1159498,11.6166003,Evangelische Kinderkrippe Ramersdorf der Diakonie München und Oberbayern,"Kölblstraße 10, 80637 München, Germany",364.0,48.1181393,11.6118388,0.0,Grundschule an der Grafinger Str,"Grafinger Str. 71, 81671 München, Germany",1017.0,48.1250283,11.6172062,Grundschule Haager Straße 18,"Haager Str. 18, 81671 München, Germany",1178.0,48.1257483,11.6094664,Grundschule München Strehleranger,"Strehleranger 12, 81735 München, Germany",1460.0,48.1092901,11.632447,5.0,"Mittelschule München, Führichstraße 53, also known as Mittelschule an der Führichstraße, is a small educational institution located in the heart of Munich's Ramersdorf district. With approximately 120 students, it offers a personal and supportive learning environment. The school is characterized by an inclusive pedagogical concept that specifically addresses the needs of its diverse student body. A central component of this concept are the transition classes, specially established for refugee children, often unaccompanied minors, to facilitate their integration into the German school system and society. Another outstanding feature is the comprehensive care program. School social work plays a vital role in supporting students with social and personal concerns. Furthermore, daily breakfast and lunch are offered in a newly renovated student café. This project has been supported by the ""Kinder ohne Hunger"" organization since 2012, enabling up to 20 students to receive a lovingly prepared and varied meal. Students are actively involved in meal preparation, which not only promotes practical skills but also fosters a sense of community and appreciation. For career orientation and future planning, students in grades 7 to 9 benefit from qualified career counseling offered in cooperation with the Federal Employment Agency. Ms. Horvath conducts career orientation events and regular school consultations, and is available for individual counseling sessions to assist with career choices, developing alternatives, and application processes. The school's location in Ramersdorf provides an urban setting with good connectivity. Mittelschule an der Führichstraße sees itself as a place of learning and personal development, making an important contribution to education and integration through its special programs and dedicated support.",0.0,,,,,,,,,,,"Die Mittelschule München, Führichstraße 53, auch bekannt als Mittelschule an der Führichstraße, ist eine kleine Bildungseinrichtung im Herzen des Münchner Stadtteils Ramersdorf. Mit rund 120 Schülern bietet sie eine persönliche und unterstützende Lernumgebung. Die Schule zeichnet sich durch ein inklusives pädagogisches Konzept aus, das insbesondere auf die Bedürfnisse ihrer vielfältigen Schülerschaft eingeht. Ein zentraler Bestandteil dieses Konzepts sind die Übergangsklassen, die speziell für Flüchtlingskinder, oft unbegleitete Minderjährige, eingerichtet wurden, um ihnen die Integration in das deutsche Schulsystem und die Gesellschaft zu erleichtern. Ein weiteres herausragendes Merkmal ist das umfassende Betreuungsangebot. Die Schulsozialarbeit spielt eine wichtige Rolle bei der Unterstützung der Schüler in sozialen und persönlichen Belangen. Darüber hinaus wird täglich ein Frühstücks- und Mittagsangebot in einem neu renovierten Schülercafé bereitgestellt. Dieses Projekt wird seit 2012 von der Organisation ""Kinder ohne Hunger"" unterstützt und ermöglicht es bis zu 20 Schülern, eine liebevoll zubereitete und abwechslungsreiche Mahlzeit zu erhalten. Die Schüler werden aktiv in die Essenszubereitung einbezogen, was nicht nur praktische Fähigkeiten fördert, sondern auch ein Gefühl der Gemeinschaft und Wertschätzung vermittelt. Für die berufliche Orientierung und Zukunftsplanung der Schüler der 7. bis 9. Klassen bietet die Schule in Zusammenarbeit mit der Bundesagentur für Arbeit eine qualifizierte Berufsberatung an. Frau Horvath führt Berufsorientierungsveranstaltungen und regelmäßige Schulsprechstunden durch und steht für individuelle Beratungsgespräche zur Verfügung, um bei der Berufswahl, der Erarbeitung von Alternativen und der Bewerbung zu unterstützen. Die Lage in Ramersdorf bietet eine städtische Umgebung mit guter Anbindung. Die Mittelschule an der Führichstraße versteht sich als ein Ort des Lernens und der persönlichen Entwicklung, der durch seine besonderen Angebote und die engagierte Betreuung einen wichtigen Beitrag zur Bildung und Integration leistet.","Mittelschule München, Führichstraße 53, is a small school in Ramersdorf with 120 students, distinguished by transition classes for refugee children and comprehensive school social work. It offers daily breakfast and lunch in a student café, with students actively involved in meal preparation. Additionally, students in grades 7 to 9 receive professional career counseling to support their future planning.","Die Mittelschule München, Führichstraße 53, ist eine kleine Schule in Ramersdorf mit 120 Schülern, die sich durch Übergangsklassen für Flüchtlingskinder und umfassende Schulsozialarbeit auszeichnet. Sie bietet täglich Frühstück und Mittagessen in einem Schülercafé an, wobei die Schüler aktiv in die Zubereitung einbezogen werden. Zudem erhalten die Schüler der 7. bis 9. Klassen eine professionelle Berufsberatung zur Unterstützung ihrer Zukunftsplanung.",,,,,,,,,,,,,,,,,,,,,,2026-04-20T08:43:12Z,,"Führichstr. 53, 81671 München",Bayern,12076.0,65.5,1.0,1505022.0,5671.0,München: sicherste Großstadt Deutschlands (>200k Einwohner) seit 50 Jahren,city_aggregate,5671.0,376.8,6061.0,12076.0,802.4,München,91219.0,6061.0,134.0,8.9,134.0,91219.0,815.0,54.2,2026-08-22,"jedeschule.codefor.de (CC0, scraped from km.bayern.de)","Mittelschule München at Führichstraße 53 is a state secondary school in Munich, preparing students for the ""Qualifizierender Abschluss der Mittelschule"" and the ""Mittlerer Schulabschluss"". Its academic profile focuses on practical skills, comprehensive career orientation, and individualized support, often enhanced by special projects and collaborations to develop relevant vocational competencies.",,,,,,,120.0,München,BY,,31.0,0.0,92.0,8.0,5.0,97.0,0.0,91219.0,2024_25,2025
BY-SCHUL_SCHULSTANDORTEMITTELSCHULEN_2e2eadd4-e366-4a06-9482-7aabe577cd53,"Mittelschule München, Fürstenrieder Straße 30",Mittelschulen,Mittelschulen,,1910.0,Fürstenrieder Str. 30,80686,München,,,,,Andreas Huber,298.0,26.0,,,,,,,,,,,,,,,,,,,Nicht verfügbar (Bayern),,,,,,,,,,,Bayern Kultusministerium Schulsuche,"Partnerschule des Vereins ""10drei e.V."" zur Demokratieförderung, Miedien- und KI-Lizenz für bayrische Schulen",48.1391381,11.5021911,,,,,,,,,,,,,,,,,,,,,,,,,,,,,,,,,,,,,,,,,,,,,,,,,,,,,,1.0,Durchschnittlich,Unknown,376.0,48.135731,11.502765,D,Unknown,404.0,48.135513,11.503376,A,Laimer Platz,409.0,48.135461,11.501976,,Fürstenrieder Straße,46.0,48.139394,11.503119,,Fürstenrieder Straße,93.0,48.13971,11.503546,2.0,Fürstenrieder Straße,106.0,48.139687,11.503798,1.0,Fürstenrieder Straße,45.0,48.139335,11.503179,4,Fürstenrieder Straße,106.0,48.140035,11.503037,3,Laimer Platz,362.0,48.135859,11.502887,,0.0,1; 2; 3; 4; A; D,0.0,16.0,tegut,"Agnes-Bernauer-Straße 73, 80687 München, Germany",84.0,48.139318,11.5037571,1Burger München Laim,"Fürstenrieder Str. 26, 80687 München, Germany",84.0,48.139865699999994,11.5027829,Hofladenautomat,"Agnes-Bernauer-Straße 81, 80687 München, Germany",86.0,48.1395261,11.5016908,20.0,Beste Döner Laim,"Fürstenrieder Str. 28a, 80686 München, Germany",41.0,48.1394745,11.5027823,Burgerme,"Fürstenrieder Str. 26, 80687 München, Germany",75.0,48.139781799999994,11.5026111,Lusso's Feinkost,"Agnes-Bernauer-Straße 85, 80687 München, Germany",124.0,48.1395387,11.5011172,17.0,Der Öko - Bauernbrot Spezialist,"Fürstenrieder Str. 33, 80686 München, Germany",60.0,48.13900530000001,11.503456,Privat Bäckerei Wimmer GmbH & Co. KG,"Fürstenrieder Str. 35, 80686 München, Germany",69.0,48.138747300000006,11.5034133,Café Mint - München,"Fürstenrieder Str. 22, 80687 München, Germany",123.0,48.14022010000001,11.502765,6.0,Städtische Kindertagesstätte,"Mathunistraße 4, 80686 München, Germany",56.0,48.1391448,11.5034209,Kinderkrippe Mathunistraße 6,"Mathunistraße 6, 80686 München, Germany",75.0,48.1387255,11.5018417,Isarkids Kinderkrippe & Kindergarten – Laim,"Fürstenrieder Str. 39, 80686 München, Germany",101.0,48.1383523,11.5034121,3.0,Lukas-Schulen,"Helmpertstraße 9, 80687 München, Germany",183.0,48.1405736,11.5015306,lern.de Bildungsgesellschaft mbH,"Fürstenrieder Str. 52, 80686 München, Germany",254.0,48.1368338,11.5023415,Manuela Knott Coaching und Beratung,"Agnes-Bernauer-Straße, 80687 München, Germany",289.0,48.1397242,11.4988824,18.0,"Mittelschule München, Fürstenrieder Straße 30, is a traditional educational institution in the heart of Munich, which has played an important role in the local educational landscape since its founding in 1910. With a student body of 298 and a dedicated faculty of 26 teachers, the school offers a personal and supportive learning environment. As a Mittelschule (middle school), it places a strong focus on imparting practical skills and comprehensive general education, optimally preparing students for their further educational and professional paths.

A central pillar of the pedagogical concept is the active promotion of democratic values and civic engagement. This is particularly emphasized by the partnership with the ""10drei e.V."" association for democracy promotion. This cooperation enables students to actively engage with social issues and develop their role as responsible citizens. Furthermore, the school is characterized by its future-oriented approach in media education and artificial intelligence, as evidenced by its media and AI license for Bavarian schools. This suggests modern facilities with corresponding IT rooms and the integration of digital competencies into the curriculum.

The school is located at Fürstenrieder Straße 30 in the Sendling-Westpark district, a vibrant urban environment that offers students diverse opportunities outside of lessons. Although no specific information on facilities is available, it can be assumed that the school has the necessary specialized classrooms, a sports hall, and possibly a canteen or cafeteria to meet the needs of the student body. Typical for Mittelschulen in Bavaria are also afternoon care programs, which enable parents to have reliable full-day care and offer students additional learning and leisure activities. The school management under Andreas Huber is committed to an inclusive and supportive learning environment where every individual is encouraged.",,,,,,,,,,,,"Die Mittelschule München, Fürstenrieder Straße 30, ist eine traditionsreiche Bildungseinrichtung im Herzen Münchens, die seit ihrer Gründung im Jahr 1910 eine wichtige Rolle in der lokalen Bildungslandschaft spielt. Mit einer Schülerzahl von 298 und einem engagierten Kollegium von 26 Lehrkräften bietet die Schule eine persönliche und fördernde Lernumgebung. Als Mittelschule legt sie einen starken Fokus auf die Vermittlung praxisorientierter Fähigkeiten und eine umfassende Allgemeinbildung, die die Schülerinnen und Schüler optimal auf ihren weiteren Bildungs- und Berufsweg vorbereitet.

Ein zentraler Pfeiler des pädagogischen Konzepts ist die aktive Förderung demokratischer Werte und bürgerschaftlichen Engagements. Dies wird insbesondere durch die Partnerschaft mit dem Verein ""10drei e.V."" zur Demokratieförderung unterstrichen. Diese Kooperation ermöglicht es den Schülerinnen und Schülern, sich aktiv mit gesellschaftlichen Themen auseinanderzusetzen und ihre Rolle als mündige Bürger zu entwickeln. Darüber hinaus zeichnet sich die Schule durch ihre zukunftsorientierte Ausrichtung im Bereich Medienbildung und Künstliche Intelligenz aus, was durch die Medien- und KI-Lizenz für bayerische Schulen belegt wird. Dies deutet auf eine moderne Ausstattung mit entsprechenden IT-Räumen und eine Integration digitaler Kompetenzen in den Unterricht hin.

Die Schule befindet sich in der Fürstenrieder Straße 30 im Stadtteil Sendling-Westpark, einem lebendigen urbanen Umfeld, das den Schülerinnen und Schülern vielfältige Möglichkeiten außerhalb des Unterrichts bietet. Obwohl keine spezifischen Angaben zur Ausstattung vorliegen, ist davon auszugehen, dass die Schule über die notwendigen Fachräume, eine Sporthalle und möglicherweise eine Mensa oder Cafeteria verfügt, um den Bedürfnissen der Schülerschaft gerecht zu werden. Typisch für Mittelschulen in Bayern sind auch Betreuungsangebote am Nachmittag, die den Eltern eine verlässliche Ganztagsbetreuung ermöglichen und den Schülerinnen und Schülern zusätzliche Lern- und Freizeitaktivitäten bieten. Die Schulleitung unter Andreas Huber setzt sich für ein inklusives und unterstützendes Lernklima ein, in dem jeder Einzelne gefördert wird.","Mittelschule München, Fürstenrieder Straße 30, is a traditional educational institution established in 1910, serving 298 students with 26 teachers. It offers practice-oriented education, promotes democratic values through its partnership with ""10drei e.V."", and focuses on future-oriented media and AI education. Located in an urban area of Munich, it provides comprehensive preparation for students' future paths.","Die Mittelschule München, Fürstenrieder Straße 30, ist eine traditionsreiche Bildungseinrichtung mit 298 Schülern und 26 Lehrkräften, die seit 1910 besteht. Sie zeichnet sich durch eine praxisorientierte Ausbildung, die Förderung demokratischer Werte durch die Partnerschaft mit ""10drei e.V."" sowie eine zukunftsorientierte Medien- und KI-Bildung aus. Gelegen in einem urbanen Umfeld Münchens, bietet sie eine umfassende Vorbereitung auf den weiteren Lebensweg.",,,,,,,,,,,,,,,,,,,,,,2026-04-20T08:43:12Z,,"Fürstenrieder Str. 30, 80686 München",Bayern,12076.0,65.5,1.0,1505022.0,5671.0,München: sicherste Großstadt Deutschlands (>200k Einwohner) seit 50 Jahren,city_aggregate,5671.0,376.8,6061.0,12076.0,802.4,München,91219.0,6061.0,134.0,8.9,134.0,91219.0,815.0,54.2,2026-08-22,"jedeschule.codefor.de (CC0, scraped from km.bayern.de)","Mittelschule München at Fürstenrieder Straße 30 provides a comprehensive general education with a strong emphasis on vocational orientation and practical skills. It optimally prepares students for entry into the professional world or further educational pathways. Alongside German as the language of instruction, English is taught as the primary foreign language, complemented by individual support programs.",,,,26.0,,,298.0,München,BY,,51.0,0.0,117.0,18.0,10.0,127.0,0.0,91219.0,2024_25,2025
BY-SCHUL_SCHULSTANDORTEMITTELSCHULEN_c2055711-26ac-4c86-974a-469cc561e126,"Mittelschule München, Haldenbergerstraße 27",Mittelschulen,Mittelschulen,,,Haldenbergerstr. 27,80997,München,,,,,Andrea Egle,201.0,15.0,,,,,,,,,,,,,,,,,,,Nicht verfügbar (Bayern),,,,,,,,,,,Bayern Kultusministerium Schulsuche,DeutschPLUS (GMS),48.1763156,11.4896164,,,,,,,,,,,,,,,,,,,,,,,,,,,,,,,,,,,,,,,,,,,,,,,,,,,,,,1.0,Durchschnittlich,,,,,,,,,,,,,,,,,,,,,,,,,,,,,,,Waldhornstraße,372.0,48.179387,11.490271,,Waldhornstraße,385.0,48.179522,11.489142,,Waldhornstraße,411.0,48.179764,11.489787,,0.0,,0.0,5.0,Jacques’ Wein-Depot München-Untermenzing,"Waldhornstraße 35a, 80997 München, Germany",67.0,48.1762209,11.4887538,Allguth,"Von-Kahr-Straße 1, 80997 München, Germany",371.0,48.1788889,11.4869444,Vinzenzmurr Metzgerei - München - Untermenzing,"Allacher Str. 112, 80997 München, Germany",408.0,48.1797368,11.489591,4.0,Pizzeria Corretto - München,"Haldenbergerstraße 28, 80997 München, Germany",63.0,48.1766355,11.4895477,Lechelgarten,"Lechelstraße 35, 80997 München, Germany",225.0,48.1749465,11.4921451,Allguth,"Von-Kahr-Straße 1, 80997 München, Germany",371.0,48.1788889,11.4869444,2.0,Allguth,"Von-Kahr-Straße 1, 80997 München, Germany",371.0,48.1788889,11.4869444,Rackls Backstubn,"Allacher Str. 112, 80997 München, Germany",409.0,48.1797528,11.4895875,,,,,,0.0,Städtische Kindertageseinrichtung,"Dillinger Str. 15, 80997 München, Germany",717.0,48.1815691,11.4946649,Städtische Kindertageseinrichtung,"Gruithuisenstraße 8, 80997 München, Germany",801.0,48.1820712,11.4836361,Stiftung zusammen. tun. Kinderkrippe Gruithuisenstraße,"Gruithuisenstraße 22, 80997 München, Germany",874.0,48.1828142,11.4835749,0.0,Förderverein Manzoschule e.V.,"Manzostraße 79, 80997 München, Germany",963.0,48.183611000000006,11.4832238,Staatl. Grundschule,"Manzostraße 79, 80997 München, Germany",964.0,48.183636799999995,11.4832662,Staatl. Elementary school Amphionpark,"Welzenbachstraße 12, 80992 München, Germany",1861.0,48.1752805,11.5146925,3.0,"Mittelschule München, Haldenbergerstraße 27, is a state-run public middle school located in the Moosach district of Munich. It offers a comprehensive educational program for students from grades 5 to 10 and is fully developed. With 201 students and 15 teachers in the 2024/25 school year, the school emphasizes individual support and practice-oriented education. The pedagogical concept of the middle school aims to optimally prepare young people for the transition into the professional world or for further educational paths. This includes imparting core competencies and fostering social and personal skills.

A special feature of Mittelschule Haldenbergerstraße is the DeutschPLUS (GMS) program. This support program is aimed at students with a non-German mother tongue who require additional assistance in acquiring the German language. It includes DeutschPLUS courses with up to four additional weekly hours or DeutschPLUS differentiation with up to twelve weekly hours, which can replace or supplement regular German lessons. The goal is to help students acquire subject-specific and academic language and successfully integrate into regular classes. These measures take place in addition to or parallel to compulsory lessons and are adapted to individual learning progress.

As a full-day school with a structured program, Mittelschule München, Haldenbergerstraße 27, offers supervised care throughout the school day. This allows for extended learning time, additional support programs, and various leisure activities. The school also works closely with the Munich Employment Agency to provide students with comprehensive career counseling and orientation for their future careers. Its location in Moosach, a vibrant district of Munich, offers students access to various extracurricular learning opportunities and recreational facilities. The school is registered under school number 2190 and maintains its own website at www.mshaldenberger.musin.de.",,,,,,,,,,,,"Die Mittelschule München, Haldenbergerstraße 27, ist eine staatliche öffentliche Mittelschule im Stadtteil Moosach. Sie bietet ein umfassendes Bildungsangebot für Schülerinnen und Schüler der Jahrgangsstufen 5 bis 10 und ist voll ausgebaut. Mit 201 Schülern und 15 Lehrkräften im Schuljahr 2024/25 legt die Schule Wert auf eine individuelle Förderung und eine praxisorientierte Ausbildung. Das pädagogische Konzept der Mittelschule zielt darauf ab, die Jugendlichen optimal auf den Übergang in die Berufswelt oder auf weiterführende schulische Wege vorzubereiten. Dies beinhaltet die Vermittlung von Kernkompetenzen sowie die Förderung sozialer und personaler Fähigkeiten.

Ein besonderes Merkmal der Mittelschule Haldenbergerstraße ist das Angebot DeutschPLUS (GMS). Dieses Förderprogramm richtet sich an Schülerinnen und Schüler mit nichtdeutscher Muttersprache, die zusätzliche Unterstützung beim Erwerb der deutschen Sprache benötigen. Es umfasst DeutschPLUS-Kurse mit bis zu vier zusätzlichen Wochenstunden oder eine DeutschPLUS-Differenzierung mit bis zu zwölf Wochenstunden, die den regulären Deutschunterricht ersetzen oder ergänzen können. Ziel ist es, den Schülern zu helfen, Fach- und Bildungssprache zu erwerben und sich erfolgreich in den Regelunterricht zu integrieren. Die Maßnahmen finden ergänzend oder parallel zum Pflichtunterricht statt und werden an den individuellen Lernfortschritt angepasst.

Als gebundene Ganztagsschule bietet die Mittelschule München, Haldenbergerstraße 27, eine strukturierte Betreuung über den gesamten Schultag hinweg. Dies ermöglicht eine vertiefte Lernzeit, zusätzliche Förderangebote und vielfältige Freizeitaktivitäten. Die Schule arbeitet zudem eng mit der Agentur für Arbeit München zusammen, um den Schülern eine umfassende Berufsberatung und Orientierung für ihre zukünftige Laufbahn zu bieten. Die Lage in Moosach, einem lebendigen Stadtteil Münchens, bietet den Schülern Zugang zu verschiedenen außerschulischen Lernorten und Freizeitmöglichkeiten. Die Schule ist unter der Schulnummer 2190 registriert und unterhält eine eigene Webseite unter www.mshaldenberger.musin.de.","Mittelschule München, Haldenbergerstraße 27, is a state-run middle school in Moosach, educating students from grades 5-10. It offers structured full-day care and the special DeutschPLUS (GMS) program for language integration of non-German speaking students. With 201 students and 15 teachers, the focus is on practice-oriented education and individual support, including career counseling.","Die Mittelschule München, Haldenbergerstraße 27, ist eine staatliche Mittelschule in Moosach, die Schüler der Klassen 5-10 unterrichtet. Sie bietet eine gebundene Ganztagsbetreuung und das spezielle Förderprogramm DeutschPLUS (GMS) zur Sprachintegration von Schülern mit nichtdeutscher Muttersprache. Mit 201 Schülern und 15 Lehrkräften liegt der Fokus auf praxisorientierter Bildung und individueller Förderung, inklusive Berufsberatung.",,,,,,,,,,,,,,,,,,,,,"[""Aktuelle Noten-Zwischeninformation der Grundschule"", ""Aktuelles Passfoto""]",2026-04-20T08:56:04Z,Die Informationen zur Schulanmeldung und den Übertrittsbedingungen für das kommende Schuljahr sind auf der offiziellen Website der Mittelschule Haldenbergerstraße noch nicht verfügbar und werden derzeit vorbereitet. Die genannten Termine für die Ganztagsanmeldung 2025 für das Schuljahr 2025/26 (Informationsveranstaltung am 11. März 2025 und Einschreibung am 25. März 2025) liegen vor dem heutigen Datum und sind daher nicht mehr aktuell.,"Haldenbergerstr. 27, 80997 München",Bayern,12076.0,65.5,1.0,1505022.0,5671.0,München: sicherste Großstadt Deutschlands (>200k Einwohner) seit 50 Jahren,city_aggregate,5671.0,376.8,6061.0,12076.0,802.4,München,91219.0,6061.0,134.0,8.9,134.0,91219.0,815.0,54.2,2026-08-22,"jedeschule.codefor.de (CC0, scraped from km.bayern.de)","Mittelschule München, located at Haldenbergerstraße 27, is a state-run secondary school offering a practice-oriented education from grade 5 to 10. The school focuses on vocational guidance and individual support, preparing students for the ""Qualifizierender Mittelschulabschluss"" or ""Mittlerer Schulabschluss"" and a successful transition into professional life.",,,,15.0,,,201.0,München,BY,,14.0,0.0,38.0,4.0,3.0,41.0,18.0,91219.0,2024_25,2025
BY-SCHUL_SCHULSTANDORTEMITTELSCHULEN_a7736c33-8661-4205-8b1e-c2e16609d87b,"Mittelschule München, Inzeller Weg 4",Mittelschulen,Mittelschulen,,,Inzeller Weg 4,81825,München,,,,,Ludwig Ziesche,315.0,25.0,,,,,Englisch,,,,,,,,,,,,,,Nicht verfügbar (Bayern),,,,,,,,,,,Bayern Kultusministerium Schulsuche,"DeutschPLUS (GMS), Jugendsozialarbeit an Schulen (JAS), Berufsorientierung, Werteorientierte Erziehung",48.1273947,11.6492302,,,,,,,,,,,,,,,,,,,,,,,,,,,,,,,,,,,,,,,,,,,,,,,,,,,,,,1.0,Durchschnittlich,Unknown,170.0,48.125752,11.648122,,Unknown,197.0,48.125517,11.648058,,Kreillerstraße,216.0,48.125754,11.646852,,Kreillerstraße,358.0,48.12562,11.644575,,St.-Veit-Straße,745.0,48.122065,11.642353,,Mutschellestraße,783.0,48.126672,11.638248,,Thomas-Hauser-Straße,284.0,48.129429,11.650686,,Thomas-Hauser-Straße,289.0,48.129468,11.650716,,Thomas-Hauser-Straße,295.0,48.129512,11.650778,,0.0,,0.0,6.0,ErnteBox - der Hofladenautomat Kreillerstr. 128,"Kreillerstraße 128, 81825 München, Germany",218.0,48.1252758,11.648428,REWE,"St.-Veit-Str 11, 81673 München, Germany",222.0,48.1281739,11.6461294,Netto Marken-Discount,"Truderinger Str. 217, 81825 München, Germany",392.0,48.1303813,11.6511124,5.0,Gurung Breakfast & Lunch - München,"Kreillerstraße 103, 81825 München, Germany",247.0,48.1261658,11.6458307,Sushi Wok Express,"Truderinger Str. 219, 81825 München, Germany",305.0,48.1295553,11.6509385,Ihle-Cafe-Bäckerei-Kreillerstraße,"Kreillerstraße 77, 81673 München, Germany",325.0,48.1263911,11.6445614,3.0,Gurung Breakfast & Lunch - München,"Kreillerstraße 103, 81825 München, Germany",247.0,48.1261658,11.6458307,Ihle-Cafe-Bäckerei-Kreillerstraße,"Kreillerstraße 77, 81673 München, Germany",325.0,48.1263911,11.6445614,JET Tankstelle,"Truderinger Str. 186, 81825 München, Germany",394.0,48.1281,11.6539,1.0,Unsere Champions Kinderkrippe & Kindergarten – Berg am Laim,"Hohenburgstraße 20, 81673 München, Germany",478.0,48.1299567,11.6437892,Kinderkrippe Wolkennest,"Truderinger Str. 198, 81825 München, Germany",564.0,48.1273333,11.6563631,Städtisches Haus für Kinder,"Roßsteinstraße 8, 81673 München, Germany",661.0,48.1299868,11.6408805,0.0,Grundschule an der St.-Veit-Straße 46,"St.-Veit-Str 46, 81673 München, Germany",888.0,48.120798699999995,11.6416647,Grundschule,"Forellenstraße 5, 81825 München, Germany",923.0,48.1215342,11.6578224,Grundschule Berg-am-Laim,"Berg-am-Laim-Straße 142, 81673 München, Germany",1484.0,48.1284918,11.6288614,4.0,"Mittelschule München, Inzeller Weg 4, is an established educational institution located in the Trudering-Riem district of Munich, dedicated to the comprehensive development of its approximately 315 students. With a committed team of 25 teachers, the school provides a supportive learning environment tailored to the individual needs of young people. The pedagogical concept of Mittelschule München places a strong emphasis on vocational orientation, optimally preparing students for the transition into the professional world or further educational paths. This is achieved through practical projects, company visits, and individual counseling services. 

A special feature of the school is the DeutschPLUS (GMS) program, specifically designed to intensively support students with non-German mother tongues in the German language, thereby enabling their successful integration into school life and society. Youth Social Work at Schools (JAS) is another key offering that assists young people with personal, social, and academic challenges, providing preventive measures and individual support. Values-oriented education forms the foundation of the school community, fostering respect, tolerance, and a sense of responsibility. 

The school is situated in a quiet residential area in eastern Munich and is well-connected to public transport, ensuring good accessibility for students from the catchment area. Although specific details about facilities are not available, Mittelschulen in Munich typically feature functional classrooms, specialized rooms for science, technology, home economics, and sports facilities. After-school care options, often in the form of an open all-day school or afternoon supervision, complement the school's offerings, providing students with space for homework support, leisure activities, and social interaction. The school leadership under Ludwig Ziesche ensures the continuous development of the school profile and a positive learning atmosphere.",,,,,,,,,,,,"Die Mittelschule München, Inzeller Weg 4, ist eine etablierte Bildungseinrichtung im Münchner Stadtteil Trudering-Riem, die sich der umfassenden Förderung ihrer rund 315 Schülerinnen und Schüler widmet. Mit einem engagierten Kollegium von 25 Lehrkräften bietet die Schule ein unterstützendes Lernumfeld, das auf die individuellen Bedürfnisse der Jugendlichen zugeschnitten ist. Das pädagogische Konzept der Mittelschule München legt einen starken Fokus auf die Berufsorientierung, um die Schülerinnen und Schüler optimal auf den Übergang in die Arbeitswelt oder weiterführende Bildungsgänge vorzubereiten. Dies wird durch praxisnahe Projekte, Betriebserkundungen und individuelle Beratungsangebote realisiert. 

Ein besonderes Merkmal der Schule ist das Programm DeutschPLUS (GMS), das speziell darauf abzielt, Schülerinnen und Schüler mit nicht-deutscher Muttersprache intensiv in der deutschen Sprache zu fördern und ihnen so eine erfolgreiche Integration in den Schulalltag und die Gesellschaft zu ermöglichen. Die Jugendsozialarbeit an Schulen (JAS) ist ein weiteres zentrales Angebot, das den Jugendlichen bei persönlichen, sozialen und schulischen Herausforderungen zur Seite steht und präventive Maßnahmen sowie individuelle Unterstützung bietet. Die werteorientierte Erziehung bildet das Fundament des schulischen Miteinanders und fördert Respekt, Toleranz und Verantwortungsbewusstsein. 

Die Schule befindet sich in einer ruhigen Wohngegend im Osten Münchens und ist gut an das öffentliche Verkehrsnetz angebunden, was eine gute Erreichbarkeit für Schüler aus dem Einzugsgebiet gewährleistet. Obwohl keine spezifischen Details zur Ausstattung vorliegen, verfügen Mittelschulen in München typischerweise über funktionale Klassenräume, Fachräume für Naturwissenschaften, Technik, Hauswirtschaft sowie Sportanlagen. Betreuungsangebote, oft in Form einer offenen Ganztagsschule oder Nachmittagsbetreuung, ergänzen das schulische Angebot und bieten den Schülern Raum für Hausaufgabenbetreuung, Freizeitaktivitäten und soziale Interaktion. Die Schulleitung unter Ludwig Ziesche sorgt für eine kontinuierliche Weiterentwicklung des Schulprofils und eine positive Lernatmosphäre.","Mittelschule München, Inzeller Weg 4, is an educational institution with 315 students and 25 teachers, focusing on vocational orientation and values-based education. Special programs like DeutschPLUS (GMS) and Youth Social Work at Schools (JAS) support students' individual development and integration. Located in Trudering-Riem, the school comprehensively prepares young people for their professional future.","Die Mittelschule München, Inzeller Weg 4, ist eine Bildungseinrichtung mit 315 Schülern und 25 Lehrkräften, die sich auf Berufsorientierung und werteorientierte Erziehung konzentriert. Besondere Programme wie DeutschPLUS (GMS) und Jugendsozialarbeit an Schulen (JAS) unterstützen die individuelle Entwicklung und Integration der Schüler. Die Schule in Trudering-Riem bereitet Jugendliche umfassend auf ihre berufliche Zukunft vor.",,,,,,,,,,,,,,,,,,,,"{""opens"": null, ""closes"": ""2026-07-27"", ""notes"": ""Anmeldeschluss für den M10-Zug ist der 27.07.2026 um 14:00 Uhr. Für den M-Zug (außer M10) ist die Anmeldung ab dem Zwischenzeugnis 2026 bis Mai möglich (genauer Termin wird noch bekannt gegeben).""}","[""Für die 5. Klasse ist in der Regel keine Anmeldung erforderlich; die zuständige Mittelschule nimmt das Kind automatisch auf, sofern es nicht an einer anderen weiterführenden Schule angemeldet wird."", ""Für höhere Klassen ist eine direkte Kontaktaufnahme mit der Schule erforderlich."", ""Für den M-Zug (außer M10): Anmeldung ab dem Zwischenzeugnis 2026 bis Mai (genauer Termin wird noch bekannt gegeben). Erforderlich sind Anmeldeformular, Kopie des letzten Zwischenzeugnisses und Antrag für eine Schülerfahrkarte."", ""Für den M10: Qualifikation mit einem Notendurchschnitt von 2,33 im Quali in den Fächern Deutsch, Mathematik, Englisch. Persönliches Erscheinen mit Notenausdruck (nicht Abschlusszeugnis) und ausgefülltem Datenblatt.""]",2026-04-20T08:57:17Z,Die Seite für allgemeine Aufnahmekriterien befindet sich noch in Vorbereitung. Die hier genannten Kriterien beziehen sich hauptsächlich auf den M-Zug und externe Prüfungen. Für die 5. Klasse erfolgt die Aufnahme in der Regel automatisch durch die zuständige Sprengelschule.,"Inzeller Weg 4, 81825 München",Bayern,12076.0,65.5,1.0,1505022.0,5671.0,München: sicherste Großstadt Deutschlands (>200k Einwohner) seit 50 Jahren,city_aggregate,5671.0,376.8,6061.0,12076.0,802.4,München,91219.0,6061.0,134.0,8.9,134.0,91219.0,815.0,54.2,2026-08-22,"jedeschule.codefor.de (CC0, scraped from km.bayern.de)","Mittelschule München at Inzeller Weg is a secondary school in Bavaria, preparing students for the Qualified Mittelschule Certificate and the Mittlerer Schulabschluss (M-Zug). The school emphasizes practical education and individual support to facilitate the transition into vocational training or further education; German is the primary language of instruction, with English taught as a foreign language.",,,,25.0,,,315.0,München,BY,,27.0,1.0,60.0,6.0,3.0,64.0,0.0,91219.0,2024_25,2025
BY-SCHUL_SCHULSTANDORTEMITTELSCHULEN_d58494a1-efd6-419c-87f9-58c9f84976e0,"Mittelschule München, Schrobenhausener Straße 15",Mittelschulen,Mittelschulen,,,Schrobenhausener Str. 15,80686,München,,,,,,279.0,22.0,,,,,,,,,,,,,,,,,,,Nicht verfügbar (Bayern),,,,,,,,,,,Bayern Kultusministerium Schulsuche,Schulprofil 'Inklusion',48.1358793,11.5127487,,,,,,,,,,,,,,,,,,,,,,,,,,,,,,,,,,,,,,,,,,,,,,,,,,,,,,1.0,Durchschnittlich,Unknown,199.0,48.135251,11.512405,A,Unknown,240.0,48.134877,11.512436,B,Unknown,243.0,48.134866,11.512135,,Agnes-Bernauer-Straße,260.0,48.13929,11.51156,,Siglstraße,264.0,48.134938,11.514168,,Agnes-Bernauer-Straße,294.0,48.13939,11.510702,,Siglstraße,208.0,48.135348,11.513692,,Agnes-Bernauer-Straße,243.0,48.139173,11.511793,,Siglstraße,262.0,48.134996,11.514267,,0.0,A; B,0.0,5.0,PENNY,"Lai DE, Agnes-Bernauer-Straße 21, 80687 München, Germany",277.0,48.1388602,11.5150465,N Markt,"Zschokkestraße 67, 80686 München, Germany",292.0,48.134934099999995,11.5101385,Sri Balaji Indian Market,"Zschokkestraße 69, 80686 München, Germany",299.0,48.134954099999995,11.5099409,9.0,Restaurant Vrelo Bosne,"Friedenheimer Str. 59A, 80686 München, Germany",183.0,48.1377357,11.5102635,Vinzenz Zöttl Bäckerei-Konditorei GmbH & Co. KG,"Agnes-Bernauer-Straße 49, 80687 München, Germany",257.0,48.1391698,11.5111694,Laimer Jungs,"Zschokkestraße 59, 80686 München, Germany",259.0,48.1349153,11.5110513,7.0,Müller Café & Bäckerei,"Friedenheimer Str. 75, 80686 München, Germany",246.0,48.1356802,11.5098821,Vinzenz Zöttl Bäckerei-Konditorei GmbH & Co. KG,"Agnes-Bernauer-Straße 49, 80687 München, Germany",257.0,48.1391698,11.5111694,Back Paradies,"Zschokkestraße 71, 80686 München, Germany",306.0,48.1350029,11.5097126,2.0,Unsere Champions Kinderkrippe & Kindergarten – Laim,"Friedenheimer Str. 77, 80686 München, Germany",256.0,48.13558510000001,11.5098186,Laimer Strolche,"Heinrich-Heine-Straße 5, 80686 München, Germany",330.0,48.1341945,11.5111978,Manuelita Krippe & Kindergarten,"Elsenheimerstraße 6, 80687 München, Germany",569.0,48.1404669,11.518191800000002,1.0,Staatl. Grundschule,"Schrobenhausener Str. 17, 80686 München, Germany",79.0,48.136345299999995,11.512252,Grundschule an der Fürstenrieder Straße,"Fürstenrieder Str. 30, 80686 München, Germany",780.0,48.13907,11.5024332,Lukas-Schulen,"Helmpertstraße 9, 80687 München, Germany",904.0,48.1405736,11.5015306,8.0,"Mittelschule München, Schrobenhausener Straße 15, is an established educational institution in the heart of Munich, distinguished by its pronounced 'Inclusion' school profile. With 279 students and 22 teachers, the school offers a supportive learning environment for grades 5 to 10. The school's pedagogical concept is strongly focused on individual support and the integration of all students, regardless of their learning prerequisites or special needs. This is emphasized by the 'Inclusion' school profile and the open all-day school operation, which enables comprehensive care and diverse learning opportunities beyond regular lessons. In recent years, the school has undergone a significant expansion, which includes modern specialized classrooms, administrative areas, and an innovative learning house concept. A central component of this expansion is the cafeteria, designed for 300 students, ensuring healthy lunch provisions. Furthermore, the school boasts a newly built triple sports hall, which can be used not only for sports lessons but also as an assembly venue. The roof of the sports hall also serves as an attractive break area. Its location at Schrobenhausener Straße 15 in 80686 Munich provides good access to the urban infrastructure and allows students to utilize the diverse educational and recreational opportunities of the state capital. The school values holistic education that promotes social skills, independence, and the joy of learning.",,,,,,,,,,,,"Die Mittelschule München, Schrobenhausener Straße 15, ist eine etablierte Bildungseinrichtung im Herzen Münchens, die sich durch ihr ausgeprägtes Schulprofil 'Inklusion' auszeichnet. Mit 279 Schülern und 22 Lehrkräften bietet die Schule ein unterstützendes Lernumfeld für die Jahrgangsstufen 5 bis 10. Das pädagogische Konzept der Schule ist stark auf die individuelle Förderung und die Integration aller Schüler ausgerichtet, unabhängig von ihren Lernvoraussetzungen oder besonderen Bedürfnissen. Dies wird durch das Schulprofil 'Inklusion' und den offenen Ganztagsschulbetrieb unterstrichen, der eine umfassende Betreuung und vielfältige Lernangebote über den regulären Unterricht hinaus ermöglicht. Die Schule hat in den letzten Jahren eine bedeutende Erweiterung erfahren, die moderne Fachklassen, Verwaltungsbereiche und ein innovatives Lernhauskonzept umfasst. Ein zentraler Bestandteil dieser Erweiterung ist die Mensa, die für 300 Schüler ausgelegt ist und eine gesunde Mittagsverpflegung sicherstellt. Darüber hinaus verfügt die Schule über eine neu gebaute Dreifachsporthalle, die nicht nur für den Sportunterricht, sondern auch als Versammlungsstätte genutzt werden kann. Das Dach der Sporthalle dient zudem als attraktive Pausenfläche. Die Lage in der Schrobenhausener Straße 15 in 80686 München bietet eine gute Anbindung an die städtische Infrastruktur und ermöglicht den Schülern die Nutzung der vielfältigen Bildungs- und Freizeitmöglichkeiten der Landeshauptstadt. Die Schule legt Wert auf eine ganzheitliche Bildung, die soziale Kompetenzen, Selbstständigkeit und die Freude am Lernen fördert.","Mittelschule München, Schrobenhausener Straße 15, is an inclusive all-day middle school for grades 5-10 with 279 students and 22 teachers. It is characterized by its 'Inclusion' school profile and modern facilities, including a cafeteria and a triple sports hall.","Die Mittelschule München, Schrobenhausener Straße 15, ist eine inklusive Ganztagsschule für die Jahrgangsstufen 5-10 mit 279 Schülern und 22 Lehrkräften. Sie zeichnet sich durch ihr Schulprofil 'Inklusion' und moderne Einrichtungen wie eine Mensa und eine Dreifachsporthalle aus.",,,,,,,,,,,,,,,,,,,,,,2026-04-20T08:43:12Z,,"Schrobenhausener Str. 15, 80686 München",Bayern,12076.0,65.5,1.0,1505022.0,5671.0,München: sicherste Großstadt Deutschlands (>200k Einwohner) seit 50 Jahren,city_aggregate,5671.0,376.8,6061.0,12076.0,802.4,München,91219.0,6061.0,134.0,8.9,134.0,91219.0,815.0,54.2,2026-08-22,"jedeschule.codefor.de (CC0, scraped from km.bayern.de)","Mittelschule München at Schrobenhausener Straße 15 offers a practice-oriented education, preparing students for vocational training and the Mittlerer Schulabschluss (intermediate school leaving certificate). The school emphasizes career orientation, practical projects, and fosters individual talents. English is a mandatory foreign language within its curriculum.",,,,22.0,,,279.0,München,BY,,20.0,0.0,45.0,8.0,1.0,46.0,8.0,91219.0,2024_25,2025
BY-SCHUL_SCHULSTANDORTEFOERDERZENTREN_4810ee56-668a-4569-873d-3fe4370e674e,"Sonderpädagogisches Förderzentrum München Mitte 3, Am Westpark",Förderzentren,Förderzentren,,,Gilmstr. 46,81377,München,,,,,Arno v. Buxhoeveden,260.0,47.0,,,,,Englisch,,,,,,,,,,,,,,Nicht verfügbar (Bayern),,,,,,,,,,,Bayern Kultusministerium Schulsuche,"Sonderpädagogische Diagnose- und Förderklassen, Förderschwerpunkte Lernen, Sprache, emotionale und soziale Entwicklung.",48.1201455,11.5068043,,,,,,,,,,,,,,,,,,,,,,,,,,,,,,,,,,,,,,,,,,,,,,,,,,,,,,1.0,Durchschnittlich,Unknown,511.0,48.116472,11.502884,,Unknown,516.0,48.116497,11.502689,,Unknown,533.0,48.116534,11.502238,,Stegener Weg,629.0,48.125863,11.508282,,Ammerseestraße,726.0,48.126101,11.502117,,Ammerseestraße,740.0,48.126121,11.501766,,Andreas-Vöst-Straße,333.0,48.121452,11.502491,,Andreas-Vöst-Straße,336.0,48.121735,11.502649,,Holzapfelkreuth,511.0,48.11665,11.502493,,0.0,,0.0,4.0,Allguth,"Fürstenrieder Str. 175, 81377 München, Germany",264.0,48.1200019,11.5031146,Allguth,"Fürstenrieder Str. 210/212, 81377 München, Germany",333.0,48.1208333,11.5022222,Lidl,"Fürstenrieder Str. 220, 81377 München, Germany",337.0,48.11948,11.50228,12.0,Biergarten im Westpark,"4GC5+QH, 81377 Munich, Germany",251.0,48.1219676,11.5089542,Allguth,"Fürstenrieder Str. 175, 81377 München, Germany",264.0,48.1200019,11.5031146,Fischer Vroni Steckerlfisch,"4GC5+XH, 81377 Munich, Germany",287.0,48.1223783,11.5089834,4.0,Allguth,"Fürstenrieder Str. 175, 81377 München, Germany",264.0,48.1200019,11.5031146,Literaturcafé,"Fürstenrieder Str. 159, 81377 München, Germany",293.0,48.1224025,11.5042412,Allguth,"Fürstenrieder Str. 210/212, 81377 München, Germany",333.0,48.1208333,11.5022222,3.0,Wichtel Akademie Kita München Hadern,"Fürstenrieder Str. 171-173, 81377 München, Germany",280.0,48.1205711,11.5028979,Minihaus München am Westpark,"Westendstraße 302, 81377 München, Germany",360.0,48.123495299999995,11.5075768,Kath. Kindertagesstätte Namen Jesu- Kindergarten u. Hort,"Friedrich-Brugger-Weg 12, 81377 München, Germany",407.0,48.1239801,11.5065996,0.0,Elementary school Droste-Hulshoff-Straße 9,"Droste-Hülshoff-Straße 9, 80686 München, Germany",806.0,48.1275452,11.5075243,Förderverein der Droste-Hülshoff-Grundschule e.V.,"Droste-Hülshoff-Straße 9, 80686 München, Germany",806.0,48.1275452,11.5075243,Förderverein der Guardini-Grundschule e.V.,"Guardinistraße 60, 81375 München, Germany",915.0,48.1189391,11.4944968,7.0,"The Special Education Center Munich Mitte 3, Am Westpark, located at Gilmstraße 46, 81377 Munich, is a specialized educational institution dedicated to the individual support of children and adolescents with special educational needs. With 260 students and a committed team of 47 teachers, the school offers a comprehensive range of support services. The school's profile focuses on learning, language, and emotional and social development, utilizing special diagnostic and support classes to meet the needs of each student. The school covers grades 1 to 9, enabling students to achieve primary and secondary school leaving certificates. The focus on learning is fully developed, while the language focus is partially developed. A distinctive feature is the full-day schooling in a structured format, which ensures intensive and continuous care, as well as diverse learning and leisure activities. Its location near the Westpark in Munich provides good accessibility and an environment that offers both urban connections and recreational opportunities. English is taught as a foreign language. The school emphasizes the holistic development of its students and creates a supportive environment where individual strengths are fostered, and challenges are overcome together.",,,,,,,,,,,,"Das Sonderpädagogische Förderzentrum München Mitte 3, Am Westpark, ist eine spezialisierte Bildungseinrichtung in der Gilmstraße 46, 81377 München, die sich der individuellen Förderung von Kindern und Jugendlichen mit besonderen pädagogischen Bedürfnissen widmet. Mit einer Schülerzahl von 260 und einem engagierten Kollegium von 47 Lehrkräften bietet die Schule ein umfassendes Förderangebot. Das Schulprofil konzentriert sich auf die Förderschwerpunkte Lernen, Sprache sowie die emotionale und soziale Entwicklung, wobei spezielle Diagnose- und Förderklassen zum Einsatz kommen, um jedem Schüler gerecht zu werden. Die Schule deckt die Jahrgangsstufen 1 bis 9 ab und ermöglicht den Erwerb von Grund- und Hauptschulabschlüssen. Der Förderschwerpunkt Lernen ist voll ausgebaut, während der Förderschwerpunkt Sprache lückenhaft ausgebaut ist. Ein besonderes Merkmal ist der Ganztagsschulbetrieb in gebundener Form, der eine intensive und kontinuierliche Betreuung sowie vielfältige Lern- und Freizeitaktivitäten gewährleistet. Die Lage am Westpark in München bietet eine gute Erreichbarkeit und eine Umgebung, die sowohl städtische Anbindung als auch Erholungsmöglichkeiten bietet. Englisch wird als Fremdsprache unterrichtet. Die Schule legt Wert auf eine ganzheitliche Entwicklung ihrer Schüler und schafft ein unterstützendes Umfeld, in dem individuelle Stärken gefördert und Herausforderungen gemeinsam gemeistert werden.","The Special Education Center Munich Mitte 3, Am Westpark, is a special needs school in Munich with 260 students and 47 teachers. It offers special diagnostic and support classes focusing on learning, language, and emotional and social development for grades 1-9, including full-day care. The school enables students to obtain primary and secondary school leaving certificates and teaches English.","Das Sonderpädagogische Förderzentrum München Mitte 3, Am Westpark, ist eine Förderschule in München mit 260 Schülern und 47 Lehrkräften. Es bietet spezielle Diagnose- und Förderklassen mit Schwerpunkten auf Lernen, Sprache sowie emotionaler und sozialer Entwicklung für die Jahrgangsstufen 1-9 an, inklusive Ganztagsbetreuung. Die Schule ermöglicht den Erwerb von Grund- und Hauptschulabschlüssen und unterrichtet Englisch.",,,,,,,,,,,,,,,,,,,,,,2026-04-20T08:43:12Z,,"Gilmstr. 46, 81377 München",Bayern,12076.0,65.5,1.0,1505022.0,5671.0,München: sicherste Großstadt Deutschlands (>200k Einwohner) seit 50 Jahren,city_aggregate,5671.0,376.8,6061.0,12076.0,802.4,München,91219.0,6061.0,134.0,8.9,134.0,91219.0,815.0,54.2,2026-08-22,"jedeschule.codefor.de (CC0, scraped from km.bayern.de)","The Sonderpädagogisches Förderzentrum München Mitte 3, Am Westpark, is a specialized support center in Munich providing individualized education for students with special educational needs. It offers a tailored curriculum and therapeutic programs designed to optimally support each child's learning development and social skills. The school emphasizes an inclusive environment and the strengthening of individual strengths.",,,,47.0,,,260.0,München,BY,,27.0,1.0,46.0,7.0,5.0,52.0,0.0,91219.0,2024_25,2025
BY-SCHUL_SCHULSTANDORTEFOERDERZENTREN_af42ebc3-4449-424e-82a9-46c96c8ced03,"Musenbergschule, Förderzentrum, Förderschwerpunkt Hören, München",Förderzentren,Förderzentren,,,Musenbergstr. 32,81929,München,,,,,Birgit Beermann,214.0,60.0,,,,,,,,,,,,,,,,,,,Nicht verfügbar (Bayern),,,,,,,,,,,Bayern Kultusministerium Schulsuche,"Förderschwerpunkt Hören, Schulheim, Schulvorbereitende Einrichtung (SVE)",48.1707378,11.6462446,,,,,,,,,,,,,,,,,,,,,,,,,,,,,,,,,,,,,,,,,,,,,,,,,,,,,,1.0,Durchschnittlich,Johanneskirchen,382.0,48.167608,11.646009,,,,,,,,,,,,Fritz-Meyer-Weg,741.0,48.17255,11.636653,,Regina-Ullmann-Straße,844.0,48.169904,11.635135,,,,,,,Johanneskirchen Bahnhof,206.0,48.169348,11.647516,,Johanneskirchen Bahnhof,211.0,48.169351,11.647682,,Johanneskirchen Bahnhof West,224.0,48.169375,11.64469,,0.0,,0.0,2.0,Regio Box,"Johanneskirchner Str. 146, 81929 München, Germany",217.0,48.1691425,11.6470993,REWE,"Freischützstraße 92, 81927 München, Germany",378.0,48.1680438,11.6439835,,,,,,3.0,Dicke Sophie,"Johanneskirchner Str. 146, 81929 München, Germany",208.0,48.169224,11.6470722,La Fortuna,"Freischützstraße 98, 81927 München, Germany",349.0,48.1683951,11.6438418,GRILLstation JK,"Freischützstraße 90, 81927 München, Germany",407.0,48.1677865,11.6438703,0.0,,,,,,,,,,,,,,,,3.0,Joki Kinderbetreuung Johanneskirchen,"Freischützstraße 94-96, 81927 München, Germany",379.0,48.16804,11.64396,Fröbel-Haus für Kinder Freischützstraße,"Freischützstraße 91, 81927 München, Germany",390.0,48.1681426,11.6434235,Städtische Kindertageseinrichtung,"Bichlhofweg 8, 81927 München, Germany",420.0,48.169790000000006,11.64104,0.0,Staatl. Grundschule,"Regina-Ullmann-Straße 6, 81927 München, Germany",719.0,48.1696417,11.636915,Grundschule,"Knappertsbuschstraße 43, 81927 München, Germany",987.0,48.163270100000005,11.6399511,Grundschule an der Oberföhringer Straße,"Oberföhringer Str. 224, 81925 München, Germany",1329.0,48.1714527,11.6284704,4.0,"The Musenbergschule in Munich is a specialized special education center with a focus on hearing impairment, dedicated to the comprehensive education and support of hard-of-hearing, deaf, and hearing-impaired children and adolescents. Located in the Munich district of Johanneskirchen, the school is part of a larger school complex and is supported by the District of Upper Bavaria as the school maintenance organization. With 214 students and 60 teachers (as of the 2024/25 school year), the Musenbergschule offers primary and middle school levels, which follow the curricula of general schools but include specific adaptations in German language for students with hearing impairments.

The school's pedagogical concept is designed to promote hearing ability through targeted auditory education and the use of state-of-the-art technology, such as classroom hearing systems in combination with individual hearing aids. Classrooms are acoustically and technically optimized and equipped with laptops, projectors, and interactive whiteboards. In addition to qualified hearing and deaf teachers who teach in small classes, the development of sign language skills and lip-reading is also supported to meet the diverse communicative needs of the students. The school cooperates closely with hearing aid acousticians and ENT doctors.

Special offerings include a School Preparatory Facility (SVE) for children aged three to six, a Pedagogical-Audiological Counseling Center, mobile services for children in mainstream schools and daycares, as well as a Therapeutic Day Care Center and a Therapeutic Residential Home. The school also offers general school leaving certificates and guides students through internships and projects towards vocational readiness, supporting career choices in cooperation with the employment agency. As a training school for teachers, it also contributes to teacher education. The Musenbergschule provides full-day schooling in an open format and in other facilities.",,,,,,,,,,,,"Die Musenbergschule in München ist ein spezialisiertes Förderzentrum mit dem Förderschwerpunkt Hören, das sich der umfassenden Bildung und Förderung von schwerhörigen, gehörlosen und hörgeschädigten Kindern und Jugendlichen widmet. Gelegen im Münchner Stadtteil Johanneskirchen, ist die Schule Teil eines größeren Schulzentrums und wird vom Bezirk Oberbayern als Schulaufwandsträger unterstützt. Mit 214 Schülern und 60 Lehrkräften (Stand Schuljahr 2024/25) bietet die Musenbergschule eine Grundschul- und Mittelschulstufe an, die sich an den Lehrplänen der allgemeinen Schulen orientiert, jedoch spezifische Anpassungen im Fach Deutsch für den Förderschwerpunkt Hören vornimmt.

Das pädagogische Konzept der Schule ist darauf ausgelegt, die Hörfähigkeit durch gezielte Hörerziehung und den Einsatz modernster Technik wie Klassen-Höranlagen in Kombination mit individuellen Hörhilfen zu fördern. Die Klassenräume sind akustisch und technisch optimiert und mit Laptops, Beamern und interaktiven Whiteboards ausgestattet. Neben qualifizierten hörenden und gehörlosen Lehrkräften, die in kleinen Klassen unterrichten, wird auch die Entwicklung gebärdensprachlicher Fähigkeiten und der Absehfähigkeit unterstützt, um den unterschiedlichen kommunikativen Bedürfnissen der Schüler gerecht zu werden. Die Schule kooperiert eng mit Hörgeräteakustikern und HNO-Ärzten.

Zu den besonderen Angeboten gehören eine Schulvorbereitende Einrichtung (SVE) für Kinder von drei bis sechs Jahren, eine Pädagogisch-Audiologische Beratungsstelle, mobile Dienste für Kinder in Regelschulen und Kindertagesstätten sowie eine Heilpädagogische Tagesstätte und ein Heilpädagogisches Wohnheim. Die Schule bietet zudem allgemeine Schulabschlüsse an und begleitet die Schüler durch Praktika und Projekte zur Berufsreife, unterstützt bei der Berufswahl in Kooperation mit der Agentur für Arbeit. Als Seminarschule trägt sie auch zur Lehrerausbildung bei. Die Musenbergschule bietet einen Ganztagsschulbetrieb in offener Form und in weiteren Einrichtungen an.","The Musenbergschule in Munich is a special education center for hearing-impaired children and adolescents, with 214 students and 60 teachers. It provides primary and middle school education with a special focus on auditory education, language development, and the use of modern technology. The offerings are complemented by a School Preparatory Facility, counseling services, and care options such as a school boarding house and a Therapeutic Day Care Center.","Die Musenbergschule in München ist ein Förderzentrum für hörgeschädigte Kinder und Jugendliche mit 214 Schülern und 60 Lehrkräften. Sie bietet Grund- und Mittelschulbildung mit speziellem Fokus auf Hörerziehung, Sprachförderung und den Einsatz moderner Technik. Ergänzt wird das Angebot durch eine Schulvorbereitende Einrichtung, Beratungsdienste und Betreuungsangebote wie ein Schulheim und eine Heilpädagogische Tagesstätte.",,,,,,,,,,,,,,,,,,,,,"[""Ausfüllen des Fragebogens \""Anfrage zur Schulaufnahme\""."", ""Einreichen des Fragebogens zusammen mit aktuellen Audiogrammen und Gutachten."", ""Für Schulwechsler: Ein aktuelles (nicht älter als 1 Jahr) entwicklungspsychologisches Gutachten ist erforderlich."", ""Nach Prüfung der Unterlagen erfolgt eine Kontaktaufnahme für ein Beratungsgespräch und ggf. weitere audiologische oder entwicklungspsychologische Untersuchungen."", ""Für die SVE-Aufnahme zusätzlich: Audiogramm, Kurzbericht der Frühförderung/MSH, medizinische und psychologische Berichte.""]",2026-04-20T08:54:11Z,"Die Anfrage zur Schulaufnahme beinhaltet Fragen zu peripherer Hörschädigung (Hörgeräte, CI), auditiver Verarbeitungs- und Wahrnehmungsstörung (AVWS) und weiteren Beeinträchtigungen/Förderbedarfen. Es wird auch nach der aktuellen Einrichtung/Schule und den Gründen für einen Schulwechsel gefragt.","Musenbergstr. 32, 81929 München",Bayern,12076.0,65.5,1.0,1505022.0,5671.0,München: sicherste Großstadt Deutschlands (>200k Einwohner) seit 50 Jahren,city_aggregate,5671.0,376.8,6061.0,12076.0,802.4,München,91219.0,6061.0,134.0,8.9,134.0,91219.0,815.0,54.2,2026-08-22,"jedeschule.codefor.de (CC0, scraped from km.bayern.de)","The Musenbergschule in Munich is a Special Education Center dedicated to supporting students with hearing impairments. It offers specialized pedagogical and therapeutic programs, providing individualized learning paths to strengthen communication skills and foster comprehensive development. The school is committed to ensuring every child receives the best possible education and support.",,,2026-03-13,60.0,,,214.0,München,BY,,6.0,0.0,16.0,4.0,0.0,16.0,68.0,91219.0,2024_25,2025
BY-SCHUL_SCHULSTANDORTEMITTELSCHULEN_ffbbb79b-f403-48ee-bdf0-8f153164fb9a,"Mittelschule München, Stuntzstraße 55",Mittelschulen,Mittelschulen,,1957.0,Stuntzstr. 55,81677,München,,,,,Sabine Müller,,17.0,,,,,"Deutsch, Englisch",,,,,,,,,,,,,,Nicht verfügbar (Bayern),,,,,,,,,,,Bayern Kultusministerium Schulsuche,"M-Zweig, gebundener Ganztagsbetrieb, DeutschPLUS, berufsorientierte Zweige (Technik, Wirtschaft, Soziales)",48.1412539,11.6226373,,,,,,,,,,,,,,,,,,,,,,,,,,,,,,,,,,,,,,,,,,,,,,,,,,,,,,1.0,Durchschnittlich,Unknown,555.0,48.143811,11.61597,A,Unknown,564.0,48.144,11.615964,,Böhmerwaldplatz,566.0,48.143505,11.6156,,Vogelweideplatz,524.0,48.137232,11.620091,,Vogelweideplatz,526.0,48.137132,11.620421,,Riedenburger Straße,640.0,48.135913,11.623795,,Moselstraße,337.0,48.14179,11.627212,,Vogelweideplatz,514.0,48.137386,11.619905,,Schwarzwaldstraße,515.0,48.13908,11.628484,,0.0,A,0.0,4.0,JAPAN HAUS Original Japanese Wagyu & Crêperie,"Stuntzstraße 32, 81677 München, Germany",101.0,48.1410314,11.6216432,EDEKA Zeka - DER Bogen,"Prinzregentenstraße 159, 81677 München, Germany",346.0,48.138813000000006,11.6206578,EDEKA Zeka,"Stuntzstraße 16, 81677 München, Germany",349.0,48.1419116,11.617998,14.0,JAPAN HAUS Original Japanese Wagyu & Crêperie,"Stuntzstraße 32, 81677 München, Germany",101.0,48.1410314,11.6216432,Flavorem Pizza pasta&Burger,"Buschingstraße 67, 81677 München, Germany",286.0,48.1441293,11.6218675,La Pizzateria & Burger's München,"Buschingstraße 67, 81677 München, Germany",287.0,48.1441349,11.6218297,6.0,Bakery Schmidt,"Stuntzstraße 24, 81667 München, Germany",163.0,48.1412341,11.6205607,Kochspielhaus GmbH,"Weltenburger Str. 6, 81677 München, Germany",337.0,48.1408875,11.6270942,Backstube Wünsche,"Stuntzstraße 16, 81677 München, Germany",352.0,48.1419629,11.6179732,7.0,AWO Kindertagesstätte Hans Wachter,"Buschingstraße 28, 81677 München, Germany",182.0,48.1432289,11.6231025,Unsere Champions Kinderkrippe & Kindergarten – Bogenhausen,"Stuntzstraße 18b, 81677 München, Germany",255.0,48.1416316,11.6192474,Mammograph,"Saalestraße 3, 81677 München, Germany",291.0,48.142573,11.6263374,1.0,Elementary school at the Stuntzstraße,"Stuntzstraße 55, 81677 München, Germany",67.0,48.14104390000001,11.6229505,Griechische Volksschule SOKRATES,"Zamdorfer Str. 26, 81677 München, Germany",728.0,48.137339999999995,11.6301,Förderverein Grundschule an der Ernst-Reuter-Straße e.V.,"Ernst-Reuter-Straße 4, 81675 München, Germany",1058.0,48.1358698,11.6113258,11.0,"Mittelschule München, Stuntzstraße 55, is a public educational institution located in Parkstadt Bogenhausen, a district in Munich's northeast. It is part of a school complex that also includes a primary school, making it the only school in this residential area. With 17 teachers, the school provides a dedicated environment for its students. As a Bavarian Mittelschule (middle school), it places a strong emphasis on imparting fundamental knowledge and practical skills relevant for vocational training and further life. The pedagogical concept aims to individually support each student and prepare them for the challenges of the modern working world.

A special feature of the Mittelschule an der Stuntzstraße is the M-branch (M-Zweig) program, which enables high-achieving students to obtain the Mittlerer Schulabschluss (intermediate secondary school certificate). This opens up diverse perspectives for further education or qualified vocational training. Furthermore, the school offers all-day care, providing parents with reliable supervision for their children beyond regular lessons and offering students additional learning and leisure activities. The school sees itself as a place of encounter and integration, where the diversity of cultures and religions is considered an enrichment for the school community.

The school's facilities include classrooms, specialized rooms for science, technology, and art, as well as a library that provides students with access to learning materials and literature. Its location at Stuntzstraße 55 in 81677 Munich, surrounded by a terraced housing complex, an after-school care center, and a kindergarten, creates a familiar and manageable environment. Public transport connections ensure good accessibility for students from the entire catchment area. Sports facilities are also available, suggesting an active sports program. The school strives to create a supportive and motivating learning environment where all students feel comfortable and can develop their full potential.",,,,,,,,,,,,"Die Mittelschule München, Stuntzstraße 55, ist eine öffentliche Bildungseinrichtung in der Parkstadt Bogenhausen, einem Stadtteil im Münchner Nordosten. Sie ist Teil eines Schulzentrums, das auch eine Grundschule umfasst, und bildet die einzige Schule in diesem Wohngebiet. Mit 17 Lehrkräften bietet die Schule ein engagiertes Umfeld für ihre Schülerinnen und Schüler. Als bayerische Mittelschule legt sie einen starken Fokus auf die Vermittlung von grundlegenden Kenntnissen und praktischen Fähigkeiten, die für die berufliche Ausbildung und das weitere Leben relevant sind. Das pädagogische Konzept zielt darauf ab, jeden Schüler individuell zu fördern und auf die Herausforderungen der modernen Arbeitswelt vorzubereiten.

Ein besonderes Merkmal der Mittelschule an der Stuntzstraße ist das Angebot des M-Zweigs, der es leistungsstärkeren Schülerinnen und Schülern ermöglicht, den Mittleren Schulabschluss (Mittlere Reife) zu erwerben. Dies eröffnet ihnen vielfältige Perspektiven für weiterführende Schulen oder qualifizierte Ausbildungsberufe. Darüber hinaus bietet die Schule Ganztagsbetreuung an, was Eltern eine verlässliche Betreuung ihrer Kinder über den regulären Unterricht hinaus ermöglicht und den Schülerinnen und Schülern zusätzliche Lern- und Freizeitangebote bietet. Die Schule versteht sich als Ort der Begegnung und Integration, an dem die Vielfalt der Kulturen und Religionen als Bereicherung für die Schulgemeinschaft gesehen wird.

Die Ausstattung der Schule umfasst neben den Klassenräumen auch Fachräume für naturwissenschaftlichen Unterricht, Technik und Kunst sowie eine Bibliothek, die den Schülerinnen und Schülern Zugang zu Lernmaterialien und Literatur bietet. Die Lage in der Stuntzstraße 55 in 81677 München, umgeben von einer Reihenhausanlage, einem Hort und einem Kindergarten, schafft ein familiäres und überschaubares Umfeld. Die Anbindung an öffentliche Verkehrsmittel gewährleistet eine gute Erreichbarkeit für Schüler aus dem gesamten Einzugsgebiet. Sportstätten sind ebenfalls vorhanden, was auf ein aktives Sportangebot schließen lässt. Die Schule ist bestrebt, ein unterstützendes und motivierendes Lernumfeld zu schaffen, in dem sich alle Schüler wohlfühlen und ihr volles Potenzial entfalten können.","Mittelschule München, Stuntzstraße 55, is a public school in Parkstadt Bogenhausen with 17 teachers. It offers practice-oriented education, an M-branch for the intermediate secondary school certificate, and all-day care. The school promotes diversity and prepares students for vocational training and life.","Die Mittelschule München, Stuntzstraße 55, ist eine öffentliche Schule in der Parkstadt Bogenhausen mit 17 Lehrkräften. Sie bietet eine praxisorientierte Bildung, den M-Zweig für den Mittleren Schulabschluss und Ganztagsbetreuung. Die Schule fördert Vielfalt und bereitet Schüler auf Beruf und Leben vor.",,,,,,,,,,,,,,,,,,,,,,2026-04-20T09:05:10Z,"Die offizielle Website der Mittelschule an der Stuntzstraße (https://www.stuntz.schule) listet Menüpunkte wie ""Schulanmeldungen"" und ""Kriterien Schulanmeldung"" auf, enthält jedoch auf der Startseite keine detaillierten Informationen zu den Aufnahmekriterien. Eine weitere Navigation zu diesen Unterseiten war mit den verfügbaren Tools nicht möglich.","Stuntzstr. 55, 81677 München",Bayern,12076.0,65.5,1.0,1505022.0,5671.0,München: sicherste Großstadt Deutschlands (>200k Einwohner) seit 50 Jahren,city_aggregate,5671.0,376.8,6061.0,12076.0,802.4,München,91219.0,6061.0,134.0,8.9,134.0,91219.0,815.0,54.2,2026-08-22,"jedeschule.codefor.de (CC0, scraped from km.bayern.de)","Mittelschule München, Stuntzstraße 55, is a secondary school in Munich, Bavaria, preparing students for the Qualifizierender or Mittlerer Schulabschluss. It offers a strong vocational orientation, practical lessons, and individualized support to equip students for their future careers. German is the language of instruction, with English taught as a foreign language.",,,,17.0,,,,München,BY,,11.0,0.0,29.0,3.0,2.0,31.0,38.0,91219.0,,2025
BY-SCHUL_SCHULSTANDORTEMITTELSCHULEN_5f87d162-d25c-4558-81ef-3ee7dfe21965,"Mittelschule München, Toni-Pfülf-Straße 30",Mittelschulen,Mittelschulen,,,Toni-Pfülf-Str. 30,80995,München,,,,,,243.0,18.0,,,,,,,,,,,,,,,,,,,Nicht verfügbar (Bayern),,,,,,,,,,,Bayern Kultusministerium Schulsuche,DeutschPLUS (GMS),48.2011819,11.5333697,,,,,,,,,,,,,,,,,,,,,,,,,,,,,,,,,,,,,,,,,,,,,,,,,,,,,,1.0,Durchschnittlich,Fasanerie,635.0,48.197775,11.525866,,,,,,,,,,,,,,,,,,,,,,,,,,,Max-Wönner-Straße,271.0,48.199482,11.535703,,Max-Wönner-Straße,287.0,48.199272,11.535723,,Lerchenauer See,380.0,48.198139,11.535609,,0.0,,0.0,1.0,PENNY,"Franz-Fackler-Straße 3, 80995 München, Germany",333.0,48.2002935,11.537243300000002,,,,,,,,,,,3.0,Hertel Hähnchen Food-Truck,"WOCHENMARKT, Lassallestraße 111, 80995 München, Germany",221.0,48.20024,11.535634,"Pizza Bello, Cüneyt Kumas","Lassallestraße 99, 80995 München, Germany",370.0,48.1980626,11.5351348,Trattoria La Giara 1,"Joseph-Seifried-Straße 8, 80995 München, Germany",484.0,48.1967079,11.5322079,2.0,Cafè Soleil,"Lassallestraße 101, 80995 München, Germany",330.0,48.1984375,11.5350281,Müller Café & Bäckerei,"Lassallestraße 97, 80995 München, Germany",381.0,48.197982499999995,11.5352327,,,,,,2.0,Katholischer Kindergarten St. Johannes Evangelist,"Gustav-Schiefer-Straße 27, 80995 München, Germany",249.0,48.1988007,11.5329272,Haus für Kinder Frieden Christi,"Gustav-Schiefer-Straße 23, 80995 München, Germany",268.0,48.1986327,11.5326749,Städtische Kindertagesstätte,"Reinachstraße 53, 80995 München, Germany",554.0,48.1976704,11.5273834,1.0,Volksschule München,"Toni-Pfülf-Straße 32, 80995 München, Germany",98.0,48.2017601,11.5336498,Elementary school at the Feldmochinger Strasse,"Feldmochinger Str. 251, 80995 München, Germany",688.0,48.2007653,11.5236222,International Bilingual School Munich,"Lerchenauer Str. 197, 80935 München, Germany",1019.0,48.197026,11.5452499,3.0,"Mittelschule München, Toni-Pfülf-Straße 30, is a public, state-owned middle school in Munich, educating students from grades 5 to 10. With 243 students and 18 teachers in the 2024/25 school year, the school provides a dedicated learning environment. A central pillar of its educational concept is comprehensive language support and integration, especially for students with a non-German mother tongue. For this purpose, the school offers the special DeutschPLUS (GMS) program. This program is designed for learners who have previously attended a German class, cannot attend a German class for organizational reasons, or were born in Germany but have insufficient German language skills. DeutschPLUS includes additional weekly hours or differentiation in the subject of German to promote the acquisition of subject-specific and academic language and to facilitate integration into regular classes. These support measures take place in addition to or parallel to compulsory lessons and are adapted to individual learning progress. In addition to language support, Mittelschule München, Toni-Pfülf-Straße 30, also offers childcare services in the form of both full-time and open all-day schooling. The school is located at Toni-Pfülf-Straße 30 in the Feldmoching district of Munich. The school's facilities are continuously maintained; for instance, the sports wing has been renovated, and the facade of the specialized classroom wing has been renewed. The school emphasizes comprehensive education and the individual support of its students to provide them with the best possible opportunities for their academic and professional future.",,,,,,,,,,,,"Die Mittelschule München, Toni-Pfülf-Straße 30, ist eine öffentliche, staatliche Mittelschule in München, die Schülerinnen und Schüler der Jahrgangsstufen 5 bis 10 unterrichtet. Mit 243 Schülern und 18 Lehrkräften im Schuljahr 2024/25 bietet die Schule ein engagiertes Lernumfeld. Ein zentraler Pfeiler des pädagogischen Konzepts ist die umfassende Sprachförderung und Integration, insbesondere für Schülerinnen und Schüler mit nichtdeutscher Muttersprache. Hierfür bietet die Schule das spezielle Programm DeutschPLUS (GMS) an. Dieses Programm richtet sich an Lernende, die zuvor eine Deutschklasse besucht haben, aus organisatorischen Gründen keine Deutschklasse besuchen können oder in Deutschland geboren sind, aber unzureichende Deutschkenntnisse aufweisen. DeutschPLUS umfasst zusätzliche Wochenstunden oder eine Differenzierung im Fach Deutsch, um den Erwerb von Fach- und Bildungssprache zu fördern und die Integration in den Regelunterricht zu erleichtern. Die Fördermaßnahmen finden ergänzend oder parallel zum Pflichtunterricht statt und werden an den individuellen Lernfortschritt angepasst. Neben der Sprachförderung bietet die Mittelschule München, Toni-Pfülf-Straße 30, auch Betreuungsangebote in Form eines gebundenen und offenen Ganztagsschulbetriebs an. Die Schule befindet sich in der Toni-Pfülf-Straße 30 im Stadtteil Feldmoching von München. Die Ausstattung der Schule wird kontinuierlich gepflegt; so wurden beispielsweise der Sporttrakt instandgesetzt und die Fassade des Fachklassentrakts erneuert. Die Schule legt Wert auf eine umfassende Bildung und die individuelle Förderung ihrer Schülerinnen und Schüler, um ihnen bestmögliche Chancen für ihre schulische und berufliche Zukunft zu eröffnen.","Mittelschule München, Toni-Pfülf-Straße 30, is a public middle school for grades 5-10 with 243 students and 18 teachers. It offers the special DeutschPLUS (GMS) program for language support for non-German speaking students, as well as full-time and open all-day schooling. Located in Munich-Feldmoching, the school emphasizes integration and individual support.","Die Mittelschule München, Toni-Pfülf-Straße 30, ist eine öffentliche Mittelschule für die Jahrgangsstufen 5-10 mit 243 Schülern und 18 Lehrkräften. Sie bietet das spezielle DeutschPLUS (GMS)-Programm zur Sprachförderung für Schüler mit nichtdeutscher Muttersprache sowie gebundenen und offenen Ganztagsschulbetrieb an. Die Schule in München-Feldmoching legt Wert auf Integration und individuelle Förderung.",,,,,,,,,,,,,,,,,,,,,,2026-04-20T09:05:30Z,,"Toni-Pfülf-Str. 30, 80995 München",Bayern,12076.0,65.5,1.0,1505022.0,5671.0,München: sicherste Großstadt Deutschlands (>200k Einwohner) seit 50 Jahren,city_aggregate,5671.0,376.8,6061.0,12076.0,802.4,München,91219.0,6061.0,134.0,8.9,134.0,91219.0,815.0,54.2,2026-08-22,"jedeschule.codefor.de (CC0, scraped from km.bayern.de)","Mittelschule München at Toni-Pfülf-Straße 30 provides comprehensive secondary education, leading to the Qualifizierender Hauptschulabschluss and the Mittlerer Schulabschluss. With a strong focus on vocational orientation and practical subjects, it specifically prepares students for entry into professional life or further vocational training pathways. Besides German, English is taught as the primary foreign language.",,,,18.0,,,243.0,München,BY,,9.0,2.0,16.0,6.0,1.0,19.0,62.0,91219.0,2024_25,2025
BY-SCHUL_SCHULSTANDORTEMITTELSCHULEN_ca4fb9cf-b2e7-4d40-ab03-e0abecb28c3d,"Mittelschule München, Ichostraße 2",Mittelschulen,Mittelschulen,,,Ichostr. 2,81541,München,,,,,Petra Riedel-Perizonius,308.0,30.0,,,,,"Deutsch, Englisch",,,,,,,,,,,,,,Nicht verfügbar (Bayern),,,,,,,,,,,Bayern Kultusministerium Schulsuche,Ganztagsschule,48.1157402,11.5784058,,,,,,,,,,,,,,,,,,,,,,,,,,,,,,,,,,,,,,,,,,,,,,,,,,,,,,1.0,Durchschnittlich,Unknown,65.0,48.115212,11.579,B,Unknown,84.0,48.115343,11.579524,C,Unknown,97.0,48.115326,11.57971,D,Silberhornstraße,94.0,48.115472,11.579742,4.0,Silberhornstraße,105.0,48.115579,11.579931,3.0,Tegernseer Landstraße,420.0,48.112219,11.576345,,Silberhornstraße,37.0,48.115427,11.57825,,Silberhornstraße,38.0,48.115383,11.57869,5,Silberhornstraße/Ichostraße,88.0,48.115901,11.579676,1,0.0,1; 3; 4; 5; B; C; D,0.0,20.0,dm-drogerie markt,"Tegernseer Landstraße 64, 81541 München, Germany",138.0,48.1160956,11.5802915,EDEKA Eren,"Tegernseer Landstraße 64, 81541 München, Germany",140.0,48.1161251,11.5803,Ludwig Stocker Hofpfisterei GmbH,"Tegernseer Landstraße 48, 81541 München, Germany",199.0,48.1166165,11.5808399,20.0,Subway,"Tegernseer Pl. 1, 81541 München, Germany",86.0,48.115759999999995,11.57969,Giesinger Bräustüberl,"Martin-Luther-Straße 2, 81539 München, Germany",133.0,48.1155998,11.576744,Lieblingscafé,"Tegernseer Landstraße 77, 81539 München, Germany",142.0,48.1145406,11.579314,20.0,TOSTO Italian Cafe & Pizzeria,"Tegernseer Pl. 1, 81541 München, Germany",92.0,48.1156519,11.5797615,Cafe Schau ma moi,"Tegernseer Landstraße 82, 81539 München, Germany",120.0,48.1146594,11.5789148,Kyso Café,"Tegernseer Landstraße 90, 81539 München, Germany",136.0,48.11450560000001,11.5788703,6.0,"Kinderkrippe ""Krabbelkiste"" - Pari Kita","Aignerstraße 39a, 81541 München, Germany",101.0,48.1164488,11.5793102,Kita Hl. Kreuz - Giesing,"Weinbauernstraße 15, 81539 München, Germany",151.0,48.1144992,11.577597,Städtische Kinderkrippe,"Mondstraße 32, 81543 München, Germany",207.0,48.116622,11.5761058,0.0,St.-Martin-Schule,"St.-Martin-Straße 30, 81541 München, Germany",527.0,48.1160109,11.58561,Mittagsbetreuung an der Grundschule Fromundstraße,"Fromundstraße 1, 81547 München, Germany",839.0,48.108360999999995,11.5759379,Elementary school at the Fromundstraße,"Fromundstraße 5, 81547 München, Germany",874.0,48.1079273,11.5768614,18.0,"Mittelschule München, Ichostraße 2, is a public educational institution located in the Obergiesing district, dedicated to the comprehensive development of its students. With 308 students and 30 teachers, it offers a personal learning environment supported by the Bavarian class teacher principle, fostering close guidance and trust. The school's pedagogical concept aligns with the guidelines of Bavarian Mittelschulen, emphasizing fundamental general education, the acquisition of everyday skills, and targeted preparation for the professional world. Individual support and personality development are central pillars of the educational work, complemented by a consistent career and practical orientation. This includes vocational elective subjects, internships, and in-depth career guidance to enable informed career choices. The school operates as a bound full-day school, meaning students receive instruction in the afternoon and have a communal lunch. [cite:2, 3_2] This offering allows for differentiated support and eliminates homework, with a focus on integrating diverse cultures, religions, and languages. [cite:2_2] The school's facilities are designed to meet the demands of modern teaching, with the Munich Learning House Concept, implemented in many new and renovated schools in the city, serving as a reference for contemporary learning and teaching that promotes self-organization and student-activating methods. [cite:2_1, 6_1] Its location in Obergiesing provides good connectivity and allows students to utilize urban infrastructure and educational opportunities. Mittelschule München, Ichostraße 2, sees itself as a school that empowers its students to be strong in knowledge, strong as individuals, and strong for their careers, opening up various pathways, including the intermediate school leaving certificate.",,,,,,,,,,,,"Die Mittelschule München, Ichostraße 2, ist eine öffentliche Bildungseinrichtung im Stadtteil Obergiesing, die sich der umfassenden Förderung ihrer Schülerinnen und Schüler widmet. Mit 308 Schülern und 30 Lehrkräften bietet sie eine persönliche Lernatmosphäre, die durch das bayerische Klassenlehrerprinzip unterstützt wird, um eine enge Begleitung und Vertrauensbasis zu schaffen. Das pädagogische Konzept der Schule orientiert sich an den Leitlinien der bayerischen Mittelschulen, die eine grundlegende Allgemeinbildung, die Vermittlung von Alltagskompetenzen und eine gezielte Vorbereitung auf die Berufswelt in den Vordergrund stellen. Die individuelle Förderung und Persönlichkeitsbildung sind zentrale Säulen der Bildungsarbeit, ergänzt durch eine konsequente Berufs- und Praxisorientierung. Dies beinhaltet berufsorientierende Wahlpflichtfächer, Praktika und eine vertiefte Berufsorientierung, um eine fundierte Berufswahl zu ermöglichen. Die Schule bietet einen gebundenen Ganztagsbetrieb an, was bedeutet, dass die Schülerinnen und Schüler auch am Nachmittag unterrichtet werden und ein gemeinsames Mittagessen erhalten. [cite:2, 3_2] Dieses Angebot ermöglicht eine differenzierte Förderung und den Verzicht auf Hausaufgaben, wobei der Fokus auf der Integration unterschiedlicher Kulturen, Religionen und Sprachen liegt. [cite:2_2] Die Ausstattung der Schule ist auf die Anforderungen eines modernen Unterrichts ausgerichtet, wobei das Münchner Lernhauskonzept, das in vielen neuen und sanierten Schulen der Stadt umgesetzt wird, als Referenz für zeitgemäßes Lernen und Lehren dient, das Selbstorganisation und schüleraktivierende Formen fördert. [cite:2_1, 6_1] Die Lage in Obergiesing bietet eine gute Anbindung und ermöglicht den Schülerinnen und Schülern die Nutzung städtischer Infrastruktur und Bildungsangebote. Die Mittelschule München, Ichostraße 2, versteht sich als eine Schule, die ihre Schülerinnen und Schüler stark im Wissen, stark als Person und stark für den Beruf macht und ihnen vielfältige Anschlussmöglichkeiten bis hin zum mittleren Schulabschluss eröffnet.","Mittelschule München, Ichostraße 2, is a public school in Obergiesing with 308 students and 30 teachers. It offers bound full-day schooling with individual support, strong vocational and practical orientation, and the opportunity to achieve the intermediate school leaving certificate.","Die Mittelschule München, Ichostraße 2, ist eine öffentliche Schule in Obergiesing mit 308 Schülern und 30 Lehrkräften. Sie bietet gebundenen Ganztagsbetrieb mit individueller Förderung, starker Berufs- und Praxisorientierung sowie der Möglichkeit zum mittleren Schulabschluss.",,,,,,,,,,,,,,,,,,,,"{""opens"": null, ""closes"": ""2026-03-01"", ""notes"": ""Anmeldefrist für externe Schüler des Quali.""}","[""Voranmeldungen für verschiedene Abschlüsse und Klassen (MSA, Quali, Klasse 10V1, M7-1) sind möglich."", ""Für externe Schüler des Quali: Bewerbung bis 01.03.2026 (Anmeldefrist)."", ""Wohnsitz im Einzugsbereich der Schule."", ""Hauptwohnsitz seit mindestens drei Monaten vor Antragstellung in Bayern."", ""Erforderliche Unterlagen: Geburtsschein/Geburtsurkunde, Lebenslauf (mit Schulbesuchsdaten), letztes Jahreszeugnis, Erklärung zu früheren Quali-Prüfungen, Erklärung zu gewünschten Prüfungsfächern, Erklärung zur Vorbereitung und genutzten Lehrbüchern."", ""Unterlagen können online an ms-ichostr-2@muenchen.de gesendet werden.""]",2026-04-20T08:56:42Z,"Die Schule bietet verschiedene Anmeldeformulare für unterschiedliche Abschlüsse und Klassenstufen an. Für externe Schüler, die den Qualifizierenden Mittelschulabschluss (Quali) anstreben, gelten spezifische Kriterien bezüglich Wohnsitz und einzureichender Dokumente. Die Anmeldefrist für den Quali war der 01.03.2026.","Ichostr. 2, 81541 München",Bayern,12076.0,65.5,1.0,1505022.0,5671.0,München: sicherste Großstadt Deutschlands (>200k Einwohner) seit 50 Jahren,city_aggregate,5671.0,376.8,6061.0,12076.0,802.4,München,91219.0,6061.0,134.0,8.9,134.0,91219.0,815.0,54.2,2026-08-22,"jedeschule.codefor.de (CC0, scraped from km.bayern.de)","Mittelschule München, Ichostraße 2, is a state-run Mittelschule in Munich, Bavaria, providing a comprehensive education up to the qualifying and intermediate secondary school certificates. The curriculum emphasizes vocational orientation and the development of practical skills, preparing students for further education or direct entry into the workforce. Alongside German, English is offered as a key foreign language.",,,2026-03-19,30.0,,,308.0,München,BY,,99.0,0.0,150.0,28.0,18.0,168.0,0.0,91219.0,2024_25,2025
BY-SCHUL_SCHULSTANDORTEMITTELSCHULEN_3cd7a9d2-b5fa-40f5-bb3e-0b33d8fbca77,"Mittelschule München, Winthirplatz 6",Mittelschulen,Mittelschulen,,,Winthirplatz 6,80639,München,,,,,,279.0,28.0,,,,,,,,,,,,,,,,,,,Nicht verfügbar (Bayern),,,,,,,,,,,Bayern Kultusministerium Schulsuche,"Seminarschule, DeutschPLUS (GMS), Ganztagsschulbetrieb in gebundener und offener Form.",48.1535457,11.5265471,,,,,,,,,,,,,,,,,,,,,,,,,,,,,,,,,,,,,,,,,,,,,,,,,,,,,,1.0,Durchschnittlich,Unknown,410.0,48.15286,11.532787,G,Unknown,419.0,48.154656,11.532554,A,Unknown,422.0,48.153169,11.53298,H,Renatastraße,375.0,48.156619,11.526578,,Volkartstraße,448.0,48.15512,11.532669,,Neuhausen,460.0,48.156313,11.531524,,Winthirplatz,159.0,48.151956,11.528089,,Winthirplatz,162.0,48.151857,11.527771,,Dankwartstraße,332.0,48.151384,11.523841,,0.0,A; G; H,0.0,16.0,PENNY,"Wendl-Dietrich-Straße 13, 80634 München, Germany",232.0,48.1521297,11.5298998,Obst&Gemüse Habach,"Winthirstraße 2, 80639 München, Germany",322.0,48.153120699999995,11.5316334,EDEKA Rehwald,"Nibelungenstraße 32, 80639 München, Germany",331.0,48.1535079,11.5228522,20.0,La Garda - München,"Wendl-Dietrich-Straße 24, 80634 München, Germany",151.0,48.1519263,11.5273254,Arkadas Kebap,"Wendl-Dietrich-Straße 17, 80634 München, Germany",186.0,48.1520811,11.5290478,Gudrun 3 // Restaurant Café Bar,"Gudrunstraße 3, 80634 München, Germany",239.0,48.1529683,11.5304904,20.0,TWO.ELEVEN.KIOSK,"Nibelungenstraße 20, 80639 München, Germany",110.0,48.1530606,11.5258497,Backwaren Cafe Tukans,"Winthirstraße 12, 80639 München, Germany",223.0,48.1540919,11.5300457,Gudrun 3 // Restaurant Café Bar,"Gudrunstraße 3, 80634 München, Germany",239.0,48.1529683,11.5304904,3.0,Caritas Kinderkrippe Andréestrasse,"Andréestraße 12, 80634 München, Germany",307.0,48.150836899999995,11.5292267,WerkstattKinder e.V.,"Biterolfstraße 10, 80634 München, Germany",327.0,48.1512829,11.5240754,Kindergarten Herz Jesu,"Winthirstraße 25, 80639 München, Germany",341.0,48.156294900000006,11.5281255,0.0,Grundschule an der Hirschbergstraße,"Hirschbergstraße 33, 80634 München, Germany",639.0,48.1477659,11.5296986,Staatl. Grundschule am Dom-Pedro-Platz,"Dom-Pedro-Platz 2, 80637 München, Germany",854.0,48.159408899999995,11.5342368,Grundschule an der Alfonsstraße München,"Alfonsstraße 8, 80636 München, Germany",1181.0,48.151847499999995,11.5430767,12.0,"Mittelschule München, Winthirplatz 6, is a public, state-run middle school located in the heart of Munich, distinguished by its comprehensive educational and support programs. With 279 students and 28 teachers, it fosters a personalized learning environment. The school holds the status of a 'Seminarschule,' indicating its crucial role in training future educators. Student teachers complete their practical training here, guided by experienced seminar teachers, which contributes to dynamic and innovative teaching methods. A particular focus is placed on language support through the DeutschPLUS (GMS) program, specifically designed for students with non-German mother tongues. This initiative includes additional weekly hours or intensive differentiation in German language instruction to facilitate the acquisition of subject-specific and academic language, thereby promoting integration. Furthermore, Mittelschule München, Winthirplatz 6, operates as a full-day school in both 'bound' (gebundener) and 'open' (offener) formats. The bound full-day program rhythmically integrates lessons, study periods, and diverse leisure activities throughout the school day, including a communal lunch. The open full-day program follows regular classes, offering flexible afternoon care and support, including homework assistance and a wide array of sports, music, and artistic activities. Situated at Winthirplatz 6 in 80639 Munich, the school is a fully developed middle school catering to grades 5 through 10, providing practice-oriented education and targeted career guidance.",,,,,,,,,,,,"Die Mittelschule München, Winthirplatz 6, ist eine öffentliche, staatliche Mittelschule im Herzen Münchens, die sich durch ein umfassendes Bildungs- und Betreuungsangebot auszeichnet. Mit 279 Schülern und 28 Lehrkräften bietet sie eine persönliche Lernatmosphäre. Die Schule ist als Seminarschule anerkannt, was bedeutet, dass sie eine wichtige Rolle in der Ausbildung zukünftiger Lehrkräfte spielt. Studienreferendare absolvieren hier ihren praktischen Vorbereitungsdienst und werden von erfahrenen Seminarlehrkräften angeleitet, was zu einer dynamischen und innovativen Unterrichtsgestaltung beiträgt. Ein besonderer Schwerpunkt liegt auf der Sprachförderung durch das Programm DeutschPLUS (GMS), das speziell für Schülerinnen und Schüler mit nichtdeutscher Muttersprache konzipiert ist. Dieses Angebot umfasst zusätzliche Wochenstunden oder eine intensive Differenzierung im Fach Deutsch, um den Erwerb von Fach- und Bildungssprache zu unterstützen und die Integration zu fördern. Die Mittelschule München, Winthirplatz 6, bietet zudem einen Ganztagsschulbetrieb in gebundener und offener Form an. Der gebundene Ganztag integriert Unterricht, Lernzeiten und vielfältige Freizeitaktivitäten rhythmisiert über den gesamten Schultag, inklusive eines gemeinsamen Mittagessens. Der offene Ganztag schließt an den regulären Unterricht an und bietet flexible Betreuungs- und Förderangebote am Nachmittag, einschließlich Hausaufgabenbetreuung und einer breiten Palette an sportlichen, musischen und künstlerischen Aktivitäten. Die Schule befindet sich am Winthirplatz 6 in 80639 München und ist als voll ausgebaute Mittelschule für die Jahrgangsstufen 5 bis 10 konzipiert, die eine praxisorientierte Bildung und gezielte Berufsorientierung bietet.","Mittelschule München, Winthirplatz 6, is a public teacher training school with 279 students and 28 teachers. It offers comprehensive language support via DeutschPLUS (GMS) and full-day schooling in both bound and open formats, ensuring holistic education and care.","Die Mittelschule München, Winthirplatz 6, ist eine öffentliche Seminarschule mit 279 Schülern und 28 Lehrkräften. Sie bietet umfassende Sprachförderung durch DeutschPLUS (GMS) und einen Ganztagsschulbetrieb in gebundener und offener Form, um eine ganzheitliche Bildung und Betreuung zu gewährleisten.",,,,,,,,,,,,,,,,,,,,,,2026-04-20T08:43:12Z,,"Winthirplatz 6, 80639 München",Bayern,12076.0,65.5,1.0,1505022.0,5671.0,München: sicherste Großstadt Deutschlands (>200k Einwohner) seit 50 Jahren,city_aggregate,5671.0,376.8,6061.0,12076.0,802.4,München,91219.0,6061.0,134.0,8.9,134.0,91219.0,815.0,54.2,2026-08-22,"jedeschule.codefor.de (CC0, scraped from km.bayern.de)","Mittelschule München at Winthirplatz 6 is a state-run Mittelschule located in Munich, Bavaria. It provides comprehensive general education with a strong emphasis on vocational orientation and practical skills, preparing students for the 'qualifizierender Hauptschulabschluss' or the 'Mittlerer Schulabschluss' (M-Zug). German is the primary language of instruction, with English offered as a foreign language.",,,,28.0,,,279.0,München,BY,,49.0,0.0,78.0,10.0,6.0,84.0,0.0,91219.0,2024_25,2025
BY-SCHUL_SCHULSTANDORTEMITTELSCHULEN_1e25e585-6e37-46b5-9c45-51563ce6ae4e,"Mittelschule München, Lehrer-Wirth-Straße 31",Mittelschulen,Mittelschulen,,1996.0,Lehrer-Wirth-Str. 31,81829,München,,,,,Herr Bernhard Wahl,317.0,25.0,,,,,,,,,,,,,,,,,,,Nicht verfügbar (Bayern),,,,,,,,,,,Bayern Kultusministerium Schulsuche,DeutschPLUS (GMS),48.1275142,11.6938154,,,,,,,,,,,,,,,,,,,,,,,,,,,,,,,,,,,,,,,,,,,,,,,,,,,,,,1.0,Durchschnittlich,Unknown,565.0,48.133057,11.691849,,Unknown,569.0,48.133057,11.691667,,Unknown,570.0,48.133056,11.691593,,,,,,,,,,,,,,,,,Lehrer-Wirth-Straße,147.0,48.129513,11.694409,,Lehrer-Wirth-Straße,153.0,48.129515,11.694762,,Helsinkistraße,371.0,48.12948,11.68948,,0.0,,0.0,4.0,Antalya Süpermarket,"Lehrer-Wirth-Straße 15, 81829 München, Germany",346.0,48.131301699999995,11.694521600000002,Gunes Supermarket,"81829 Munich, Germany",356.0,48.1313987,11.694485,Gepp's Feinkost.,"Willy-Brandt-Platz 5, 81829 München, Germany",469.0,48.1321222,11.6917724,19.0,Riem Keb Up 23,"Lehrer-Wirth-Straße 23, 81829 München, Germany",115.0,48.1292299,11.6943435,Cafe-Bar-Pizza - München,"Maria-Montessori-Straße 20, 81829 München, Germany",407.0,48.131356499999995,11.6969071,Falafel Haus,"Maria-Montessori-Straße 20, 81829 München, Germany",410.0,48.1314206,11.6968245,5.0,Rischart in den Riem Arcaden,"Willy-Brandt-Platz 5, 81829 München, Germany",470.0,48.1321407,11.691801,Cookie Couture München,"Willy-Brandt-Platz 5, 81829 München, Germany",474.0,48.131935299999995,11.6910179,Tchibo Filiale,"Willy-Brandt-Platz, 81829 München, Germany",477.0,48.131892699999995,11.6908081,10.0,Städtische Kindertagesstätte Caroline-Herschel-Straße 5A,"Caroline-Herschel-Straße 5A, 81829 München, Germany",138.0,48.1293711,11.6934674,Evangelisches Haus für Kinder - Messestadt West,"Georg-Kerschensteiner-Straße 54, 81829 München, Germany",178.0,48.1284048,11.6964789,AWO Kindergarten Lehrer-Wirth-Straße,"Lehrer-Wirth-Straße 28, 81829 München, Germany",206.0,48.129933,11.6931096,1.0,PinguRiem,"Lehrer-Wirth-Straße 31, 81829 München, Germany",56.0,48.1286863,11.6943331,Grundschule Astrid-Lindgren-Straße,"Astrid-Lindgren-Straße 11, 81829 München, Germany",897.0,48.12989,11.7059293,Mittagsbetreuung Grundschule,"Astrid-Lindgren-Straße 11, 81829 München, Germany",907.0,48.1300083,11.7060233,11.0,"Mittelschule München, Lehrer-Wirth-Straße 31 is a state-run middle school in Munich, educating students from the 5th to the 10th grade and offering all middle school leaving certificates. With 317 students and 25 teachers, the school emphasizes individual support and comprehensive education. The school is led by Headmaster Herr Bernhard Wahl. The school's pedagogical concept is designed to provide the best possible support for all students and prepare them for their professional future. A special focus is placed on language support through the DeutschPLUS (GMS) program. This program is aimed at students with a non-German mother tongue who require additional support in acquiring subject-specific and academic German. DeutschPLUS can be offered as a supplementary course or as intensive differentiation to regular German lessons and is based on the ""German as a Second Language"" curriculum. In addition to regular classes, Mittelschule Lehrer-Wirth-Straße offers a range of special programs. These include projects such as ""Klasse.Im.Puls"" and ""ASA,"" which enrich school life. A significant focus is on career orientation and preparation, strengthened by programs like ""Schule und Beruf"" and the option of the M-Zug for qualified degrees. The school collaborates closely with the Federal Employment Agency to provide comprehensive career counseling, clarify individual abilities, and assist students in finding apprenticeships. Although specific details about the facilities are not available, it can be assumed that the school possesses the necessary specialized rooms and teaching materials of a modern middle school to ensure diverse instruction. The school is located at Lehrer-Wirth-Straße 31 in the 81829 Munich district. Its location in a Munich district provides students with access to urban infrastructure and recreational opportunities. Good accessibility is ensured by the availability of a free student travel card. Mittelschule München, Lehrer-Wirth-Straße 31 operates as a gebundene Ganztagsschule (bound full-day school), meaning students receive care and support beyond morning lessons. This typically includes lunch, homework supervision, and additional leisure activities. Furthermore, the school offers social work services and counseling for psychological issues to support students' social and emotional development.",,,,,,,,,,,,"Die Mittelschule München, Lehrer-Wirth-Straße 31 ist eine staatliche Mittelschule in München, die Schülerinnen und Schüler von der 5. bis zur 10. Jahrgangsstufe unterrichtet und alle Mittelschulabschlüsse anbietet. Mit 317 Schülern und 25 Lehrkräften legt die Schule Wert auf eine individuelle Förderung und eine umfassende Bildung. Die Schulleitung obliegt Herrn Bernhard Wahl. Das pädagogische Konzept der Schule ist darauf ausgerichtet, alle Schülerinnen und Schüler bestmöglich zu unterstützen und auf ihre berufliche Zukunft vorzubereiten. Ein besonderer Fokus liegt auf der Sprachförderung durch das Programm DeutschPLUS (GMS). Dieses Angebot richtet sich an Schülerinnen und Schüler mit nichtdeutscher Muttersprache, die zusätzliche Unterstützung beim Erwerb der deutschen Fach- und Bildungssprache benötigen. DeutschPLUS kann als ergänzender Kurs oder als intensive Differenzierung zum regulären Deutschunterricht angeboten werden und basiert auf dem Lehrplan ""Deutsch als Zweitsprache"". Neben dem regulären Unterricht bietet die Mittelschule Lehrer-Wirth-Straße eine Reihe von besonderen Angeboten. Dazu gehören Projekte wie ""Klasse.Im.Puls"" und ""ASA"", die das schulische Leben bereichern. Ein wichtiger Schwerpunkt ist die Berufsorientierung und -vorbereitung, die durch Programme wie ""Schule und Beruf"" und die Möglichkeit des M-Zugs für qualifizierte Abschlüsse gestärkt wird. Die Schule arbeitet eng mit der Bundesagentur für Arbeit zusammen, um Schülerinnen und Schüler umfassend bei der Berufswahl zu beraten, individuelle Fähigkeiten zu klären und bei der Suche nach Ausbildungsplätzen zu unterstützen. Obwohl spezifische Details zur Ausstattung nicht vorliegen, ist davon auszugehen, dass die Schule über die notwendigen Fachräume und Lehrmittel einer modernen Mittelschule verfügt, um einen vielseitigen Unterricht zu gewährleisten. Die Schule befindet sich in der Lehrer-Wirth-Straße 31 im Stadtteil 81829 München. Die Lage in einem Münchner Stadtteil bietet den Schülerinnen und Schülern Zugang zu städtischen Infrastrukturen und Freizeitmöglichkeiten. Die gute Erreichbarkeit ist durch die Möglichkeit einer kostenlosen Schülerfahrkarte gewährleistet. Die Mittelschule München, Lehrer-Wirth-Straße 31 ist eine gebundene Ganztagsschule, was bedeutet, dass die Schülerinnen und Schüler über den Vormittagsunterricht hinaus betreut und gefördert werden. Dies umfasst in der Regel Mittagessen, Hausaufgabenbetreuung und zusätzliche Freizeitaktivitäten. Darüber hinaus gibt es Angebote zur Schulsozialarbeit und Beratung bei psychischen Erkrankungen, um die soziale und emotionale Entwicklung der Schülerinnen und Schüler zu unterstützen.","Mittelschule München, Lehrer-Wirth-Straße 31 is a state-run full-day middle school for grades 5-10, with 317 students and 25 teachers. It offers comprehensive education, special language support through DeutschPLUS, and intensive career orientation. The school emphasizes individual support and social care.","Die Mittelschule München, Lehrer-Wirth-Straße 31 ist eine staatliche Ganztagsschule für die Jahrgangsstufen 5-10 mit 317 Schülern und 25 Lehrkräften. Sie bietet umfassende Bildung, spezielle Sprachförderung durch DeutschPLUS und intensive Berufsorientierung. Die Schule legt Wert auf individuelle Unterstützung und soziale Betreuung.",,,,,,,,,,,,,,,,,,,,,"[""Für externe Schüler (Quali): Anmeldeformular und Fächerwahl herunterladen, ausfüllen und im Sekretariat einreichen."", ""Für andere Bewerber: Beglaubigte Abschrift der Geburtsurkunde, Lebenslauf mit Schulbesuchsdaten, letztes Jahreszeugnis, ggf. Schulbesuchsbescheinigung der zuletzt besuchten Schule, Erklärungen gem. § 28 Abs. 4 S. 1 Ziff. 4 bis 6 MSO.""]",2026-04-20T08:58:30Z,"Ein Infonachmittag für externe Schüler wird nach Ansage in der Aula stattfinden, ein konkreter Termin ist jedoch nicht genannt.","Lehrer-Wirth-Str. 31, 81829 München",Bayern,12076.0,65.5,1.0,1505022.0,5671.0,München: sicherste Großstadt Deutschlands (>200k Einwohner) seit 50 Jahren,city_aggregate,5671.0,376.8,6061.0,12076.0,802.4,München,91219.0,6061.0,134.0,8.9,134.0,91219.0,815.0,54.2,2026-08-22,"jedeschule.codefor.de (CC0, scraped from km.bayern.de)","Mittelschule München at Lehrer-Wirth-Straße 31 in Munich, Bavaria, provides a solid general education with a strong practical focus. It prepares students for the 'qualifizierender Mittelschulabschluss' and the 'mittlerer Schulabschluss', emphasizing vocational orientation, practical subjects, and individual support. English is offered as a mandatory foreign language alongside German as the language of instruction.",,,,25.0,,,317.0,München,BY,,8.0,0.0,8.0,1.0,2.0,10.0,80.0,91219.0,2024_25,2025
BY-SCHUL_SCHULSTANDORTEFOERDERZENTREN_9fcdd568-a1c4-45e0-8b0d-7f22f3630841,"Anni-Braun-Schule, Förderzentrum,Förderschwerpunkt Sprache an der Musenbergstraße München",Förderzentren,Förderzentren,,1955.0,Musenbergstr. 32,81929,München,,,,,Barbara Dörffel,253.0,46.0,,,,,,,,,,,,,,,,,,,Nicht verfügbar (Bayern),,,,,,,,,,,Bayern Kultusministerium Schulsuche,"Förderschwerpunkt Sprache, M-Klassen, Mittelschulabschluss, Heilpädagogische Tagesstätte und Wohnheim, Kooperationsklassen, Beratung.",48.1707378,11.6462446,,,,,,,,,,,,,,,,,,,,,,,,,,,,,,,,,,,,,,,,,,,,,,,,,,,,,,1.0,Durchschnittlich,Johanneskirchen,382.0,48.167608,11.646009,,,,,,,,,,,,Fritz-Meyer-Weg,741.0,48.17255,11.636653,,Regina-Ullmann-Straße,844.0,48.169904,11.635135,,,,,,,Johanneskirchen Bahnhof,206.0,48.169348,11.647516,,Johanneskirchen Bahnhof,211.0,48.169351,11.647682,,Johanneskirchen Bahnhof West,224.0,48.169375,11.64469,,0.0,,0.0,2.0,Regio Box,"Johanneskirchner Str. 146, 81929 München, Germany",217.0,48.1691425,11.6470993,REWE,"Freischützstraße 92, 81927 München, Germany",378.0,48.1680438,11.6439835,,,,,,3.0,Dicke Sophie,"Johanneskirchner Str. 146, 81929 München, Germany",208.0,48.169224,11.6470722,La Fortuna,"Freischützstraße 98, 81927 München, Germany",349.0,48.1683951,11.6438418,GRILLstation JK,"Freischützstraße 90, 81927 München, Germany",407.0,48.1677865,11.6438703,0.0,,,,,,,,,,,,,,,,3.0,Joki Kinderbetreuung Johanneskirchen,"Freischützstraße 94-96, 81927 München, Germany",379.0,48.16804,11.64396,Fröbel-Haus für Kinder Freischützstraße,"Freischützstraße 91, 81927 München, Germany",390.0,48.1681426,11.6434235,Städtische Kindertageseinrichtung,"Bichlhofweg 8, 81927 München, Germany",420.0,48.169790000000006,11.64104,0.0,Staatl. Grundschule,"Regina-Ullmann-Straße 6, 81927 München, Germany",719.0,48.1696417,11.636915,Grundschule,"Knappertsbuschstraße 43, 81927 München, Germany",987.0,48.163270100000005,11.6399511,Grundschule an der Oberföhringer Straße,"Oberföhringer Str. 224, 81925 München, Germany",1329.0,48.1714527,11.6284704,4.0,"The Anni-Braun-Schule in Munich, a special education center with a focus on language development, is a specialized educational institution located at Musenbergstraße 32, 81929 Munich. It is part of the Special Education Center for Hearing and Language in the Johanneskirchen district (also known as Bogenhausen) and is dedicated to the comprehensive support of approximately 253 students from all over Upper Bavaria who exhibit speech or language problems, such as speech impediments, comprehension difficulties, or articulation issues. With a dedicated staff of 46 teachers, the school offers an educational concept based on the Mittelschule curriculum, aiming to enable students to achieve the qualified Mittelschulabschluss or, for high-achieving students, the intermediate school certificate via the M-Zug.

Among the special offerings of the Anni-Braun-Schule are a Therapeutic Day Care Center and a Therapeutic Residence, which ensure holistic care and support. For grades 5 to 7, full-day classes and open full-day groups are offered in the afternoon, allowing for flexible and intensive supervision. Furthermore, there are cooperation classes and counseling services that support the academic and personal growth of the students. The school also functions as a teacher training school (Seminarschule), highlighting its role in teacher education. Founded in 1955, the Anni-Braun-Schule is supported by the District of Upper Bavaria as its financial sponsor. Its location within a specialized school center provides a conducive environment for students with special linguistic needs.",,,,,,,,,,,,"Die Anni-Braun-Schule in München, ein Förderzentrum mit dem Förderschwerpunkt Sprache, ist eine spezialisierte Bildungseinrichtung in der Musenbergstraße 32, 81929 München. Sie ist Teil des Schulzentrums Förderschwerpunkt Hören und Sprache im Stadtteil Johanneskirchen (auch bekannt als Bogenhausen) und widmet sich der umfassenden Förderung von rund 253 Schülerinnen und Schülern aus ganz Oberbayern, die Sprach- oder Sprechprobleme aufweisen, wie Sprechhemmungen, Verständnis- oder Artikulationsschwierigkeiten. Mit einem engagierten Kollegium von 46 Lehrkräften bietet die Schule ein pädagogisches Konzept, das auf dem Lehrplan der Mittelschule basiert und darauf abzielt, den qualifizierenden Mittelschulabschluss oder für leistungsstarke Schüler den mittleren Bildungsabschluss über den M-Zug zu ermöglichen.

Zu den besonderen Angeboten der Anni-Braun-Schule gehören eine Heilpädagogische Tagesstätte und ein Heilpädagogisches Wohnheim, die eine ganzheitliche Betreuung und Förderung gewährleisten. Für die Klassen 5 bis 7 werden Ganztagsklassen sowie offene Ganztagsgruppen am Nachmittag angeboten, was eine flexible und intensive Betreuung ermöglicht. Darüber hinaus gibt es Kooperationsklassen und Beratungsangebote, die das schulische und persönliche Wachstum der Schüler unterstützen. Die Schule fungiert auch als Seminarschule, was ihre Rolle in der Lehrerausbildung unterstreicht. Gegründet im Jahr 1955, wird die Anni-Braun-Schule vom Bezirk Oberbayern als Schulaufwandsträger unterstützt. Ihre Lage in einem spezialisierten Schulzentrum bietet eine förderliche Umgebung für Schüler mit besonderen sprachlichen Bedürfnissen.","The Anni-Braun-Schule in Munich is a special education center focusing on language development for approximately 253 students from Upper Bavaria with speech and language difficulties. It offers the Mittelschulabschluss, full-day care, a Therapeutic Day Care Center, a residence, and counseling services.","Die Anni-Braun-Schule in München ist ein Förderzentrum mit Schwerpunkt auf Sprachförderung für rund 253 Schüler mit Sprach- und Sprechproblemen aus Oberbayern. Sie bietet den Mittelschulabschluss, Ganztagsbetreuung, eine Heilpädagogische Tagesstätte und ein Wohnheim sowie Beratung an.",,,,,,,,,,,,,,,,,,,,,"[""Förderzentrum Sprache für Schüler mit Sprach- oder Sprechproblemen (z.B. Sprechhemmungen, Schwierigkeiten beim Verstehen oder bei der Artikulation)."", ""Unterricht in Klassen mit bis zu 14 Schülern."", ""Unterricht nach dem Lehrplan der Mittelschule."", ""Möglichkeit zum qualifizierenden Mittelschulabschluss oder mittleren Bildungsabschluss (M-Zug).""]",2026-04-20T08:46:45Z,"Die Anni-Braun-Schule ist ein Förderzentrum mit Schwerpunkt Sprache in München. Sie richtet sich an Jugendliche mit Sprach- und Sprechproblemen und bietet die Möglichkeit, den Mittelschulabschluss oder den mittleren Bildungsabschluss zu erwerben.","Musenbergstr. 32, 81929 München",Bayern,12076.0,65.5,1.0,1505022.0,5671.0,München: sicherste Großstadt Deutschlands (>200k Einwohner) seit 50 Jahren,city_aggregate,5671.0,376.8,6061.0,12076.0,802.4,München,91219.0,6061.0,134.0,8.9,134.0,91219.0,815.0,54.2,2026-08-22,"jedeschule.codefor.de (CC0, scraped from km.bayern.de)","The Anni-Braun-Schule in Munich is a special education center with a primary focus on language development. It provides specialized and individualized support for students with language difficulties, aiming to comprehensively strengthen their communication skills and facilitate a successful educational path.",,,,46.0,,,253.0,München,BY,,6.0,0.0,16.0,4.0,0.0,16.0,68.0,91219.0,2024_25,2025
BY-SCHUL_SCHULSTANDORTEBERUFLICHESCHULEN_582d3eee-370f-4db7-bd1a-57cfa6870193,Staatliche Fachoberschule für Technik München,Fachoberschulen,Fachoberschulen,,1973.0,Orleansstr. 44,81667,München,,,,,Holger Wirth,659.0,64.0,,,,,"Französisch, Spanisch, Latein",,,,,,,,,,,,,,Nicht verfügbar (Bayern),,,,,,,,,,,Bayern Kultusministerium Schulsuche,"Seminarschule, Schulprofil Inklusion, MINT-Schwerpunkt, Erasmus+ Programme",48.1264353,11.6018763,,,,,,,,,,,,,,,,,,,,,,,,,,,,,,,,,,,,,,,,,,,,,,,,,,,,,,1.0,Durchschnittlich,Unknown,125.0,48.127417,11.603013,F,Unknown,159.0,48.127873,11.602707,G,Unknown,174.0,48.12771,11.603518,H,Ostbahnhof,265.0,48.128713,11.603392,,Ostbahnhof,269.0,48.128742,11.603454,,Rosenheimer Platz,640.0,48.128888,11.594089,,Ostbahnhof,84.0,48.127219,11.602424,,Ostbahnhof (Bildungszentrum),101.0,48.127373,11.602497,,Orleansstraße,169.0,48.125664,11.600093,,0.0,F; G; H,0.0,18.0,dm-drogerie markt,"Orleanspl. 10-12, 81667 München, Germany",138.0,48.1274501,11.6032177,ALDI SÜD,"Orleanspl. 2, 81667 München, Germany",159.0,48.1279127,11.6025118,Wagner´s Obst und Gemüse,"Weißenburger Str. 48, 81667 München, Germany",185.0,48.1281872,11.6021724,20.0,SAMARKAND Grill & Burgerhaus München,"Orleansstraße 45A, 81667 München, Germany",121.0,48.1275638,11.602466,Les Deux Messieurs München,"Weißenburger Str. 36, 81667 München, Germany",213.0,48.128232399999995,11.6006498,Spezlwirtschaft,"Pariser Str. 34, 81667 München, Germany",228.0,48.127765,11.599512,20.0,Les Deux Messieurs München,"Weißenburger Str. 36, 81667 München, Germany",213.0,48.128232399999995,11.6006498,Bäckerei Aumüller,"Weißenburger Str. 37, 81667 München, Germany",221.0,48.128438,11.6011082,LottiBar,"Pariser Str. 40, 81667 München, Germany",251.0,48.1286119,11.6006519,8.0,Kinderinsel e.V.,"Friedenstraße 12, 81671 München, Germany",266.0,48.1251166,11.6048562,UpsyDaisy Kindergarten,"Pariser Str. 33, 81667 München, Germany",278.0,48.1288426,11.6005323,Caritas Kindergarten Orleansstraße,"Orleansstraße 11 c, 81669 München, Germany",303.0,48.1249948,11.5985863,2.0,1ο Δημοτικό σχολείο μοναχου,"Rosenheimer Str. 125, 81667 München, Germany",239.0,48.1258135,11.5989299,Grundschule München Bazeillesstraße,"Bazeillesstraße 8, 81669 München, Germany",407.0,48.1255726,11.5966678,Erzbischöfliche Franziskus-Grundschule München,"Preysingstraße 101, 81667 München, Germany",544.0,48.1313487,11.6032292,19.0,"The Staatliche Fachoberschule für Technik München, located at Orleansstraße 44 in the heart of Munich, is a renowned educational institution specializing in technical vocational high school education. With 659 students and 64 teachers, it offers a solid academic path in the fields of Technology and Agricultural, Bio- and Environmental Technology (ABU). The MINT (Mathematics, Informatics, Natural Sciences, Technology) focus is a central element of the pedagogical concept, especially in the technical specialization, which specifically prepares students for studies in areas such as architecture, electrical engineering, computer science, or mechanical engineering. The school places great emphasis on practical training; thus, the 11th grade includes practical vocational training, which alternates every two weeks between classroom instruction and practical work in the school's own, modernly equipped workshops for electrical and metal technology, as well as in qualified partner companies. 

As a seminar school, the institution contributes to teacher training. A special feature is the 'Schulprofil Inklusion' (Inclusion School Profile), which promotes a positive attitude towards diversity and supports students with various special needs to facilitate their transition into school and later to universities. Additionally, Erasmus+ programs are offered, enabling international experiences. For students who have obtained a middle school certificate from a Mittelschule or Wirtschaftsschule, a preparatory class (Vorklasse) serves as a bridging program to prepare them for the demands of the 11th grade, particularly in German, mathematics, and English. The language offerings include French, Spanish, and Latin as elective subjects. The school benefits from its central location in Munich and, in cooperation with the Federal Employment Agency, provides comprehensive career counseling services to support students in their study and career choices.",,,,,,,,,,,,"Die Staatliche Fachoberschule für Technik München, gelegen in der Orleansstraße 44 im Herzen Münchens, ist eine renommierte Bildungseinrichtung, die sich auf die Fachoberschulausbildung spezialisiert hat. Mit 659 Schülern und 64 Lehrkräften bietet sie eine fundierte schulische Laufbahn in den Ausbildungsrichtungen Technik sowie Agrar-, Bio- und Umwelttechnologie (ABU) an. Der MINT-Schwerpunkt ist ein zentrales Element des pädagogischen Konzepts, insbesondere in der technischen Ausbildungsrichtung, die gezielt auf ein Studium in Bereichen wie Architektur, Elektrotechnik, Informatik oder Maschinenbau vorbereitet. Die Schule legt großen Wert auf eine praxisorientierte Ausbildung; so umfasst die 11. Jahrgangsstufe eine fachpraktische Ausbildung, die im zweiwöchigen Wechsel zwischen Unterricht und praktischer Arbeit in den schuleigenen, modern ausgestatteten Werkstätten für Elektro- und Metalltechnik sowie in qualifizierten Partnerbetrieben stattfindet. 

Als Seminarschule trägt die Einrichtung zur Lehrerausbildung bei. Ein besonderes Merkmal ist das Schulprofil Inklusion, das eine positive Grundhaltung gegenüber Diversität fördert und Schüler mit unterschiedlichen Förderbedarfen unterstützt, um den Übergang in die Schule und später an Hochschulen zu erleichtern. Ergänzend dazu werden Erasmus+ Programme angeboten, die internationale Erfahrungen ermöglichen. Für Schüler, die einen mittleren Schulabschluss an einer Mittelschule oder Wirtschaftsschule erworben haben, bietet eine Vorklasse ein Brückenangebot zur Vorbereitung auf die Anforderungen der 11. Klasse, insbesondere in Deutsch, Mathematik und Englisch. Das Sprachenangebot umfasst Französisch, Spanisch und Latein als Wahlpflichtfächer. Die Schule profitiert von ihrer zentralen Lage in München und bietet in Zusammenarbeit mit der Bundesagentur für Arbeit umfassende Berufsberatungsdienste an, um die Schüler bei ihrer Studien- und Berufswahl zu unterstützen.","The Staatliche Fachoberschule für Technik München is a technical vocational high school with 659 students and 64 teachers, focusing on Technology and Agricultural, Bio- and Environmental Technology. It features a MINT focus, practical training in its own workshops, an Inclusion School Profile, and Erasmus+ programs. A preparatory class and career counseling further support students.","Die Staatliche Fachoberschule für Technik München ist eine Fachoberschule mit 659 Schülern und 64 Lehrkräften, die sich auf die Ausbildungsrichtungen Technik sowie Agrar-, Bio- und Umwelttechnologie konzentriert. Sie zeichnet sich durch einen MINT-Schwerpunkt, praxisorientierte Ausbildung in eigenen Werkstätten, ein Schulprofil Inklusion und Erasmus+ Programme aus. Eine Vorklasse und Berufsberatung unterstützen die Schüler zusätzlich.",,,,,,,,,,,,,,,,,,,,,,2026-04-20T09:15:58Z,,"Orleansstr. 44, 81667 München",Bayern,12076.0,65.5,1.0,1505022.0,5671.0,München: sicherste Großstadt Deutschlands (>200k Einwohner) seit 50 Jahren,city_aggregate,5671.0,376.8,6061.0,12076.0,802.4,München,91219.0,6061.0,134.0,8.9,134.0,91219.0,815.0,54.2,2026-08-22,"jedeschule.codefor.de (CC0, scraped from km.bayern.de)","The Staatliche Fachoberschule für Technik München is a state-run vocational high school specializing in technical fields. It prepares students for higher education at universities of applied sciences and universities in engineering and technology. The curriculum combines general education with in-depth knowledge of technical subjects, with instruction primarily in German and English as a core subject.",,,,64.0,,,659.0,München,BY,,63.0,0.0,116.0,21.0,1.0,117.0,0.0,91219.0,2024_25,2025
BY-SCHUL_SCHULSTANDORTEGYMNASIEN_98ce20ed-d9ec-428f-a3f9-7d07d125c47a,Gymnasium München-Trudering,Gymnasien,Gymnasien,,2013.0,Friedenspromenade 64,81827,München,,,,,Susanne Asam,885.0,75.0,,,,,"Englisch, Latein, Französisch, Spanisch",,,,,,,,,,,,,,Nicht verfügbar (Bayern),,,,,,,,,,,Bayern Kultusministerium Schulsuche,"Naturwissenschaftlich-technologisches und sprachliches Gymnasium, Offene Lernlandschaften, Streicherklasse, MINT, Umweltschule, Kooperation mit FabLab München.",48.1099045,11.6748416,,,,,,,,,,,,,,,,,,,,,,,,,,,,,,,,,,,,,,,,,,,,,,,,,,,,,,1.0,Durchschnittlich,,,,,,,,,,,,,,,,,,,,,,,,,,,,,,,Markgrafenstraße,33.0,48.110718,11.673385,,Markgrafenstraße,50.0,48.110981,11.673388,,Markgrafenstraße,51.0,48.111036,11.673471,,0.0,,0.0,3.0,1Burger München Trudering,"Hugo-Weiss-Straße 8, 81827 München, Germany",240.0,48.1121615,11.6760887,REWE,"Hugo-Weiss-Straße 2-4, 81827 München, Germany",293.0,48.1125133,11.6765777,Vinzenzmurr Metzgerei - München - Trudering,"Hugo-Weiss-Straße 2, 81827 München, Germany",305.0,48.1125985,11.6766875,8.0,Pizza Fabrique,"Felicitas-Füss-Straße 1, 81827 München, Germany",207.0,48.1119783,11.6757515,1Burger München Trudering,"Hugo-Weiss-Straße 8, 81827 München, Germany",240.0,48.1121615,11.6760887,Burger Me,"Hugo-Weiss-Straße 8, 81827 München, Germany",240.0,48.1121606,11.6760901,3.0,Bäckerei u. Konditorei Heinrich Traublinger GmbH,"Felicitas-Füss-Straße 3, 81827 München, Germany",223.0,48.112051699999995,11.675939,Ludwig Stocker Hofpfisterei GmbH,"Hugo-Weiss-Straße 6, 81827 München, Germany",266.0,48.1123317,11.676339,Brotmanufaktur Schmidt GmbH & Co. KG,"Hugo-Weiss-Straße 4, 81827 München, Germany",289.0,48.1125079,11.6765179,1.0,Städtische Kindergarten Felicitas-Füss-Straße,"Felicitas-Füss-Straße 14, 81827 München, Germany",120.0,48.1111187,11.6752481,"Waldkindergarten Trudering e.V., München","Am Hochacker 2, 81827 München, Germany",770.0,48.1048371,11.668142,Städt. Kindertagesstätte,"Hugo-Lang-Bogen 35, 81735 München, Germany",1075.0,48.1054564,11.66158,2.0,Grundschule Markgrafenstraße,"Markgrafenstraße 33, 81827 München, Germany",253.0,48.1087874,11.6757934,Städt. Tagesheim an der Grundschule,"Markgrafenstraße 33, 81827 München, Germany",264.0,48.108799999999995,11.67606,Feldberggrundschule,"Feldbergstraße 85, 81825 München, Germany",859.0,48.1174863,11.6684578,6.0,"Gymnasium München-Trudering, founded in 2013, has established itself as a modern educational institution in Munich, pursuing a distinct scientific-technological and linguistic profile. With a community of approximately 885 students taught by 75 dedicated teachers, the school offers comprehensive and future-oriented education. A central element of the pedagogical concept is the open learning landscapes, which enable flexible and collaborative working methods and encourage students to learn independently and project-oriented.

In the linguistic field, students have the choice between English, Latin, French, and Spanish, ensuring a solid multilingual education. The scientific-technological focus is highlighted by a strong MINT profile (Mathematics, Informatics, Natural Sciences, Technology). This includes not only regular classes but also special projects and a valuable cooperation with FabLab Munich. This partnership allows students to gain practical experience in digital manufacturing and innovative technologies and to implement their own creative ideas.

Among the special offerings of the Gymnasium is a string class, which fosters musical talents and enriches the school's cultural life. Furthermore, the school actively engages as an ""Umweltschule"" (Environmental School) by integrating environmental awareness and sustainable actions into daily school life and implementing corresponding projects. The school is located at Friedenspromenade 64 in the Trudering district, a quiet and well-connected residential area of Munich, which provides an ideal environment for focused learning. Under the leadership of Susanne Asam, Gymnasium München-Trudering strives to optimally prepare its students for future challenges. Although no specific after-school care offers beyond regular classes are detailed, the school promotes a supportive and stimulating learning environment.",,,,,,,,,,,,"Das Gymnasium München-Trudering, im Jahr 2013 gegründet, hat sich als eine moderne Bildungseinrichtung in München etabliert, die ein ausgeprägtes naturwissenschaftlich-technologisches und sprachliches Profil verfolgt. Mit einer Gemeinschaft von etwa 885 Schülerinnen und Schülern, die von 75 engagierten Lehrkräften unterrichtet werden, bietet die Schule eine umfassende und zukunftsorientierte Bildung. Ein zentrales Element des pädagogischen Konzepts sind die offenen Lernlandschaften, die eine flexible und kollaborative Arbeitsweise ermöglichen und die Schülerinnen und Schüler dazu anregen, eigenverantwortlich und projektorientiert zu lernen.

Im sprachlichen Bereich haben die Lernenden die Wahl zwischen Englisch, Latein, Französisch und Spanisch, was eine fundierte mehrsprachige Ausbildung gewährleistet. Der naturwissenschaftlich-technologische Schwerpunkt wird durch ein starkes MINT-Profil (Mathematik, Informatik, Naturwissenschaften, Technik) hervorgehoben. Dies beinhaltet nicht nur den regulären Unterricht, sondern auch spezielle Projekte und eine wertvolle Kooperation mit dem FabLab München. Diese Partnerschaft ermöglicht es den Schülerinnen und Schülern, praktische Erfahrungen in den Bereichen digitale Fertigung und innovative Technologien zu sammeln und eigene kreative Ideen umzusetzen.

Zu den besonderen Angeboten des Gymnasiums zählt eine Streicherklasse, die musikalische Begabungen fördert und das kulturelle Leben der Schule bereichert. Darüber hinaus engagiert sich die Schule aktiv als Umweltschule, indem sie Umweltbewusstsein und nachhaltiges Handeln in den Schulalltag integriert und entsprechende Projekte durchführt. Die Schule befindet sich in der Friedenspromenade 64 im Stadtteil Trudering, einer ruhigen und gut angebundenen Wohngegend Münchens, die ein ideales Umfeld für konzentriertes Lernen bietet. Unter der Leitung von Susanne Asam strebt das Gymnasium München-Trudering danach, seine Schülerinnen und Schüler optimal auf zukünftige Herausforderungen vorzubereiten. Obwohl keine spezifischen Betreuungsangebote über den regulären Unterricht hinaus detailliert sind, fördert die Schule ein unterstützendes und anregendes Lernklima.","Founded in 2013, Gymnasium München-Trudering is a modern high school with a scientific-technological and linguistic profile, serving 885 students and 75 teachers. It features open learning landscapes, a strong MINT program with FabLab cooperation, a string class, and is committed as an Environmental School. Located in Munich-Trudering, the school promotes comprehensive and future-oriented education.","Das 2013 gegründete Gymnasium München-Trudering ist ein modernes Gymnasium mit naturwissenschaftlich-technologischem und sprachlichem Profil für 885 Schüler und 75 Lehrkräfte. Es bietet offene Lernlandschaften, ein starkes MINT-Programm mit FabLab-Kooperation, eine Streicherklasse und ist als Umweltschule engagiert. Die Schule in München-Trudering fördert eine umfassende und zukunftsorientierte Bildung.",,,,,,,,,,,,,,,,,,,,"{""opens"": null, ""closes"": ""2026-05-08"", ""notes"": ""Online-Vorabanmeldung endet am 08.05.2026, 12 Uhr.""}","[""Anmeldung an der gewünschten Schule."", ""Empfehlung, das nächstgelegene Gymnasium zu wählen (wegen Schulwegkostenfreiheit)."", ""Für den Übertritt aus Mittel- und Realschulen in die 5. Jahrgangsstufe: Durchschnittsnote 2,0 oder besser in Mathematik und Deutsch im Zwischenzeugnis."", ""Für die gebundene Ganztagsklasse: Ein selbst verfasstes und eigenhändig geschriebenes Bewerbungsschreiben der Schülerin/des Schülers (Foto, Hobbies, Weshalb möchte ich in eine gebundene Ganztagsklasse?).""]",2026-04-20T09:16:42Z,"Die Anmeldung kann nur durch Erziehungsberechtigte oder eine bevollmächtigte Vertretung erfolgen. Schülerinnen und Schüler nehmen in der Regel, falls erforderlich, am Probeunterricht teil.","Friedenspromenade 64, 81827 München",Bayern,12076.0,65.5,1.0,1505022.0,5671.0,München: sicherste Großstadt Deutschlands (>200k Einwohner) seit 50 Jahren,city_aggregate,5671.0,376.8,6061.0,12076.0,802.4,München,91219.0,6061.0,134.0,8.9,134.0,91219.0,815.0,54.2,2026-08-22,"jedeschule.codefor.de (CC0, scraped from km.bayern.de)","Gymnasium München-Trudering is a well-established academic secondary school in Munich, providing a comprehensive education designed to prepare students for university studies. It offers a strong linguistic profile, typically starting with English, followed by Latin or French, and complements its rigorous curriculum with diverse extracurricular activities in STEM, arts, music, and sports to foster individual talents.",,,2026-07-08,75.0,"[{""date"": ""2026-07-08"", ""start_time"": ""18:30"", ""end_time"": null, ""event_type"": ""Infoabend"", ""audience"": ""Erziehungsberechtigte von aufgenommenen Kindern"", ""notes"": ""Elternabend für Erziehungsberechtigte, die nach der Anmeldung ihres Kindes am Gymnasium Trudering informiert wurden, dass es auch tatsächlich hier aufgenommen werden kann.""}]",,885.0,München,BY,,8.0,0.0,8.0,1.0,3.0,11.0,78.0,91219.0,2024_25,2025
BY-SCHUL_SCHULSTANDORTEFOERDERZENTREN_121363a7-a4a3-498e-a2c6-a639438af5f4,Sonderpädagogisches Förderzentrum München-Nord an der Paulckestraße,Förderzentren,Förderzentren,,,Paulckestr. 10,80933,München,,,,,,267.0,44.0,,,,,,,,,,,,,,,,,,,Nicht verfügbar (Bayern),,,,,,,,,,,Bayern Kultusministerium Schulsuche,"Sonderpädagogische Diagnose- und Förderklassen, Förderschwerpunkte: Sprache, Lernen, emotionale und soziale Entwicklung. Teilnahme an fit4future.",48.2172825,11.5508574,,,,,,,,,,,,,,,,,,,,,,,,,,,,,,,,,,,,,,,,,,,,,,,,,,,,,,1.0,Durchschnittlich,Unknown,449.0,48.213715,11.553659,,Unknown,468.0,48.21351,11.553575,,Hasenbergl,519.0,48.213429,11.554914,,,,,,,,,,,,,,,,,Stanigplatz,170.0,48.216761,11.553367,,Stanigplatz,170.0,48.21687,11.553446,,Stösserstraße,465.0,48.219718,11.556578,,0.0,,0.0,0.0,,,,,,,,,,,,,,,,0.0,,,,,,,,,,,,,,,,0.0,,,,,,,,,,,,,,,,2.0,Städtische Kindertageseinrichtung,"Paulckestraße 10, 80933 München, Germany",83.0,48.2167278,11.5516575,Städtische Kindertageseinrichtung,"Petrarcastraße 2, 80933 München, Germany",462.0,48.21733,11.55755,Städtische Kindertageseinrichtung,"Heinrich-Braun-Weg 11, 80933 München, Germany",598.0,48.2225074,11.5539918,0.0,Staatl. Grundschule,"Ittlingerstraße 36, 80933 München, Germany",889.0,48.2101769,11.5563294,Diakonie Hasenbergl Schulsozialarbeit an der Grundschule Ittlinger Straße,"Ittlingerstraße 36, 80933 München, Germany",910.0,48.2101073,11.5567596,Grundschule an der Thelottstraße,"Thelottstraße 20, 80933 München, Germany",1060.0,48.2239203,11.5617979,5.0,"The Sonderpädagogisches Förderzentrum München-Nord an der Paulckestraße is a state-run, public special education center in Munich, specializing in the individual support of children and adolescents with special educational needs. With 267 students and 44 teachers, the school provides a comprehensive support system. The pedagogical work focuses on the key areas of language, learning, and emotional and social development. For this purpose, special diagnostic and support classes are offered, enabling early and targeted assistance. A unique feature is the School Preparatory Facility (SVE), which supports children in the aforementioned focus areas even before they start school.

As a ""Seminarschule"" (training school), the special education center plays an important role in the education of future teachers, which underscores the quality and contemporary nature of its pedagogical approaches. The school profile includes educational pathways for learning and emotional and social development, fully covering grades 1 to 9. The school strives to create a supportive environment that helps students develop their potential to the fullest.

The school offers a variety of care services, including both a bound and an open all-day school program, to meet the diverse needs of families and ensure continuous support. Participation in the ""fit4future"" program demonstrates the school's commitment to promoting health and developing an active lifestyle among its students.

The special education center is located at Paulckestraße 10 in the Hasenbergl district in northern Munich. Its urban location allows for good accessibility and the utilization of city resources. Although specific details about the facilities are not available, it can be assumed that the school has adapted premises and materials that meet the special requirements of special education, such as therapy rooms or special learning areas.",,,,,,,,,,,,"Das Sonderpädagogische Förderzentrum München-Nord an der Paulckestraße ist eine staatliche, öffentliche Förderschule in München, die sich auf die individuelle Förderung von Kindern und Jugendlichen mit besonderen pädagogischen Bedürfnissen spezialisiert hat. Mit 267 Schülern und 44 Lehrkräften bietet die Schule ein umfassendes Unterstützungssystem. Die pädagogische Arbeit konzentriert sich auf die Förderschwerpunkte Sprache, Lernen sowie emotionale und soziale Entwicklung. Hierfür werden spezielle Diagnose- und Förderklassen angeboten, die eine frühzeitige und gezielte Unterstützung ermöglichen. Ein besonderes Merkmal ist die Schulvorbereitende Einrichtung (SVE), die Kinder bereits vor dem Schuleintritt in den genannten Förderschwerpunkten begleitet.

Als Seminarschule spielt das Förderzentrum eine wichtige Rolle in der Ausbildung zukünftiger Lehrkräfte, was die Qualität und Aktualität der pädagogischen Ansätze unterstreicht. Das Schulprofil umfasst Ausbildungsrichtungen für die Förderschwerpunkte Lernen und emotionale und soziale Entwicklung, die die Jahrgangsstufen 1 bis 9 voll abdecken. Die Schule ist bestrebt, ein unterstützendes Umfeld zu schaffen, das den Schülern hilft, ihre Potenziale bestmöglich zu entfalten.

Die Schule bietet vielfältige Betreuungsangebote, darunter sowohl einen gebundenen als auch einen offenen Ganztagsbetrieb, um den unterschiedlichen Bedürfnissen der Familien gerecht zu werden und eine durchgängige Förderung zu gewährleisten. Die Teilnahme am Programm ""fit4future"" zeigt das Engagement der Schule für die Gesundheitsförderung und die Entwicklung eines aktiven Lebensstils bei ihren Schülern.

Das Förderzentrum befindet sich in der Paulckestraße 10 im Stadtteil Hasenbergl im Münchner Norden. Die Lage in einem urbanen Umfeld ermöglicht eine gute Erreichbarkeit und die Nutzung städtischer Ressourcen. Obwohl keine spezifischen Details zur Ausstattung vorliegen, ist davon auszugehen, dass die Schule über angepasste Räumlichkeiten und Materialien verfügt, die den speziellen Anforderungen der sonderpädagogischen Förderung gerecht werden, wie z.B. Therapieräume oder spezielle Lernbereiche.","The Sonderpädagogisches Förderzentrum München-Nord an der Paulckestraße is a state-run special education center in Munich with 267 students and 44 teachers. It specializes in language, learning, and emotional and social development, offering diagnostic and support classes as well as all-day care. As a training school, it contributes to teacher education and promotes health through ""fit4future"".","Das Sonderpädagogische Förderzentrum München-Nord an der Paulckestraße ist eine staatliche Förderschule in München mit 267 Schülern und 44 Lehrkräften. Es spezialisiert sich auf die Förderschwerpunkte Sprache, Lernen sowie emotionale und soziale Entwicklung, bietet Diagnose- und Förderklassen sowie Ganztagsbetreuung an. Als Seminarschule trägt es zur Lehrerausbildung bei und engagiert sich in der Gesundheitsförderung durch ""fit4future"".",,,,,,,,,,,,,,,,,,,,,"[""Förderschwerpunkt Sprache"", ""Förderschwerpunkt Lernen"", ""Förderschwerpunkt emotionale und soziale Entwicklung""]",2026-04-20T08:52:06Z,"Die Schullaufbahnberatung erfolgt durch die Klassenlehrkraft, Schulleitung, Beratungslehrkraft (Frau Sperber) und die Staatliche Schulberatungsstelle für München Stadt und Landkreis.","Paulckestr. 10, 80933 München",Bayern,12076.0,65.5,1.0,1505022.0,5671.0,München: sicherste Großstadt Deutschlands (>200k Einwohner) seit 50 Jahren,city_aggregate,5671.0,376.8,6061.0,12076.0,802.4,München,91219.0,6061.0,134.0,8.9,134.0,91219.0,815.0,54.2,2026-08-22,"jedeschule.codefor.de (CC0, scraped from km.bayern.de)","The Sonderpädagogisches Förderzentrum München-Nord an der Paulckestraße in Munich is a specialized educational institution offering individualized support for students with special educational needs. It focuses on holistic development, adapting its curriculum and teaching methods to the specific learning difficulties and strengths of each child. Through small class sizes and a dedicated multi-professional team, comprehensive pedagogical, therapeutic, and social assistance is provided to foster optimal learning outcomes.",,,,44.0,,,267.0,München,BY,,12.0,0.0,17.0,4.0,4.0,21.0,58.0,91219.0,2024_25,2025
BY-SCHUL_SCHULSTANDORTEBERUFLICHESCHULEN_78d342f2-fa1d-489e-81ed-270285a4456d,"Therese-von-Bayern-Schule, Staatl. Fachoberschule für Wirtschaft München",Fachoberschulen,Fachoberschulen,,,Lindwurmstr. 90,80337,München,,,,,,1300.0,91.0,,,,,,,,,,,,,,,,,,,Nicht verfügbar (Bayern),,,,,,,,,,,Bayern Kultusministerium Schulsuche,"Seminarschule, Kollegtagschule (Telekolleg), Fachoberschule Wirtschaft und Verwaltung, Internat. Wirtschaft, Vorklasse.",48.1238811,11.547261,,,,,,,,,,,,,,,,,,,,,,,,,,,,,,,,,,,,,,,,,,,,,,,,,,,,,,1.0,Durchschnittlich,Unknown,168.0,48.125101,11.549402,,Unknown,181.0,48.124908,11.549735,,Poccistraße,244.0,48.125488,11.550244,,,,,,,,,,,,,,,,,Poccistraße,153.0,48.124861,11.549362,,Senserstraße,172.0,48.122971,11.548588,,Poccistraße,175.0,48.125514,11.548989,,0.0,,0.0,15.0,Emilia&Anton UG (haftungsbeschränkt),"Lindwurmstraße 167, 80337 München, Germany",81.0,48.123622999999995,11.5477896,EuroShop,"Poccistraße 1, 80336 München, Germany",151.0,48.12510090000001,11.5491201,Jacques’ Wein-Depot München-Sendling,"Implerstraße 9a-11, 81371 München, Germany",159.0,48.1231933,11.5487883,20.0,Cafe Blue,"Implerstraße 2, 81371 München, Germany",79.0,48.1238237,11.5482281,Café Erika,"Senserstraße 7, 81371 München, Germany",154.0,48.122938,11.547453,Mimi Grill,"Lindwurmstraße 179, 80337 München, Germany",166.0,48.122948099999995,11.5465682,20.0,Café Bar Cockpit,"Lindwurmstraße 165, 80337 München, Germany",72.0,48.1237599,11.5479379,Cafe Blue,"Implerstraße 2, 81371 München, Germany",79.0,48.1238237,11.5482281,Cup&Cozy,"Lindwurmstraße 92, 80337 München, Germany",87.0,48.123620599999995,11.5469404,8.0,die Seepferdchen Kindertagesstätte lp15,"Lipowskystraße 15, 81373 München, Germany",257.0,48.1248702,11.5440974,Kinderkrippe Sonnenwelt,"Lindwurmstraße 116, 80337 München, Germany",275.0,48.1228239,11.5445136,Montessori Kinderhaus Güllstraße e.V.,"Güllstraße 3, 80336 München, Germany",282.0,48.126028299999994,11.5502755,3.0,Implerschule,"Implerstraße 35, 81371 München, Germany",406.0,48.1207662,11.5486888,Staatl. Grundschule,"Implerstraße 35, 81371 München, Germany",411.0,48.1207257,11.548739,Grundschule Stielerstraße,"Stielerstraße 6, 80336 München, Germany",483.0,48.1274243,11.5520211,20.0,"The Therese-von-Bayern-Schule, State Vocational High School for Economics Munich, is a renowned educational institution in the heart of Munich, specializing in economic and administrative fields of study. With approximately 1300 students and 91 teachers, it offers comprehensive and future-oriented education. The school is located at Lindwurmstraße 90, 80337 Munich, a central location ensuring good accessibility. As a state vocational high school, it is under the authority of the Free State of Bavaria and offers the opportunity to obtain both the Fachhochschulreife (university of applied sciences entrance qualification) and the Allgemeine Hochschulreife (general university entrance qualification). 

The pedagogical concept of the Therese-von-Bayern-Schule focuses on imparting sound knowledge in the fields of economics and administration, as well as international economics. The educational tracks cover grades 11 to 13 and are fully developed. A preparatory class (Vorklasse) is offered for students who require additional preparation. 

Special features of the school include its function as a 'Seminarschule,' meaning it trains prospective teachers, thereby ensuring high pedagogical quality. Furthermore, it is a 'Kollegtagschule,' providing support services for participants of the Telekolleg distance learning program. The facilities and learning environment are designed to offer students optimal conditions for their academic and personal development. Its location in Munich provides access to diverse cultural and economic opportunities that complement the school's curriculum.",0.0,,,,,,,,,,,"Die Therese-von-Bayern-Schule, Staatliche Fachoberschule für Wirtschaft München, ist eine renommierte Bildungseinrichtung im Herzen Münchens, die sich auf wirtschaftliche und verwaltende Ausbildungsrichtungen spezialisiert hat. Mit rund 1300 Schülern und 91 Lehrkräften bietet sie eine umfassende und zukunftsorientierte Ausbildung. Die Schule befindet sich in der Lindwurmstraße 90, 80337 München, einer zentralen Lage, die eine gute Erreichbarkeit gewährleistet. Als staatliche Fachoberschule ist sie dem Freistaat Bayern unterstellt und bietet die Möglichkeit, sowohl die Fachhochschulreife (Fachabitur) als auch die allgemeine Hochschulreife (Abitur) zu erlangen. 

Das pädagogische Konzept der Therese-von-Bayern-Schule konzentriert sich auf die Vermittlung fundierter Kenntnisse in den Bereichen Wirtschaft und Verwaltung sowie Internationale Wirtschaft. Die Ausbildungsrichtungen umfassen die Jahrgangsstufen 11 bis 13 und sind voll ausgebaut. Für Schüler, die eine zusätzliche Vorbereitung benötigen, wird eine Vorklasse angeboten. 

Besondere Merkmale der Schule sind ihre Funktion als Seminarschule, was bedeutet, dass sie angehende Lehrkräfte ausbildet und somit eine hohe pädagogische Qualität sicherstellt. Zudem ist sie eine Kollegtagschule, die Betreuungsangebote für Teilnehmer des Telekollegs bereithält. Die Ausstattung und die Lernumgebung sind darauf ausgelegt, den Schülern optimale Bedingungen für ihre akademische und persönliche Entwicklung zu bieten. Die Lage in München ermöglicht den Zugang zu vielfältigen kulturellen und wirtschaftlichen Möglichkeiten, die das schulische Lernen ergänzen.","The Therese-von-Bayern-Schule in Munich is a state vocational high school for economics with 1300 students and 91 teachers. It offers education in economics and administration, as well as international economics, including a preparatory class. As a training school for teachers and a support center for distance learning, it enables students to obtain university entrance qualifications.","Die Therese-von-Bayern-Schule in München ist eine staatliche Fachoberschule für Wirtschaft mit 1300 Schülern und 91 Lehrkräften. Sie bietet Ausbildungen in Wirtschaft und Verwaltung sowie Internationaler Wirtschaft an, inklusive einer Vorklasse. Als Seminarschule und Kollegtagschule ermöglicht sie den Erwerb von Fachabitur und Abitur.",,,,,,,,,,,,,,,,,,,,"{""opens"": ""2026-02-23"", ""closes"": ""2026-03-06"", ""notes"": ""Im Zeitraum vom 23. Februar 2026 bis zum 06. März 2026 müssen alle Unterlagen abgegeben werden. Dies kann per Post (Poststempel gilt) oder durch Einwurf in die silberne Box vor dem Sekretariat erfolgen.""}","[""Online-Datenerfassung und Ausdruck des Formulars, Unterschrift (bei Minderjährigen durch Erziehungsberechtigte)."", ""Zusammenstellung der Unterlagen gemäß Checkliste."", ""Abgabe aller Unterlagen im Zeitraum vom 23.02.2026 bis 06.03.2026."", ""Für die Aufnahme in die Vorklasse FOS ist eine verbindliche Beratung vorgeschrieben."", ""Nachreichen fehlender Unterlagen (z.B. Zeugnis des Mittleren Schulabschlusses) bis zu bestimmten Fristen im Juli/August 2026 (Vorklasse: 29.07.2026, 11:00 Uhr; FOS11: an den fpA-Infotagen 27.07.2026/29.07.2026; FOS12 & 13: 15.07.2026, 12:00 Uhr)."", ""Bei mittlerem Schulabschluss nicht an einer deutschen Schule: Feststellungsprüfung Deutsch erforderlich."", ""Mittlerer Schulabschluss mit Notendurchschnitt 3,5 in Deutsch, Englisch, Mathematik ODER Vorrückerlaubnis in Jgst. 11 Gymnasium ODER erfolgreicher Abschluss FOS Vorklasse ODER Mittlerer Schulabschluss mit Eignungsprüfung (D, E, M) bei Nichtbesuch der Vorklasse."", ""Für Vorklasse FOS: Mittlerer Schulabschluss mit Notendurchschnitt 3,5 oder besser in D, E, M ODER schlechterer Schnitt mit pädagogischem Gutachten.""]",2026-04-20T09:16:44Z,"Die Anmeldung für das Schuljahr 2026/27 erfolgt durch Online-Datenerfassung und anschließende Abgabe der ausgedruckten und unterschriebenen Unterlagen im Zeitraum vom 23. Februar bis 06. März 2026. Für die Aufnahme in die Vorklasse FOS ist eine verbindliche Beratung erforderlich. Fehlende Zeugnisse können bis Ende Juli/Anfang August 2026 nachgereicht werden. Bewerber ohne deutschen mittleren Schulabschluss müssen eine Deutsch-Feststellungsprüfung ablegen. Die Aufnahmevoraussetzungen für die FOS umfassen in der Regel einen mittleren Schulabschluss mit einem Notendurchschnitt von 3,5 in Deutsch, Englisch und Mathematik oder eine Eignungsprüfung.","Lindwurmstr. 90, 80337 München",Bayern,12076.0,65.5,1.0,1505022.0,5671.0,München: sicherste Großstadt Deutschlands (>200k Einwohner) seit 50 Jahren,city_aggregate,5671.0,376.8,6061.0,12076.0,802.4,München,91219.0,6061.0,134.0,8.9,134.0,91219.0,815.0,54.2,2026-08-22,"jedeschule.codefor.de (CC0, scraped from km.bayern.de)","The Therese-von-Bayern-Schule in Munich is a state-run Fachoberschule offering a comprehensive and practically oriented education in economics. With mandatory internships and English as a core subject, it specifically prepares students for higher education at universities of applied sciences or universities in business and legal fields.",,,2026-03-05,91.0,,,1300.0,München,BY,,71.0,0.0,126.0,24.0,15.0,141.0,0.0,91219.0,2024_25,2025
BY-SCHUL_SCHULSTANDORTEMITTELSCHULEN_260bd00d-8bc4-4ada-8a92-69e8948de687,"Mittelschule München, Situlistraße 87",Mittelschulen,Mittelschulen,,,Situlistr. 87,80939,München,,,,,Herr Sochor,264.0,22.0,,,,,Englisch,,,,,,,,,,,,,,Nicht verfügbar (Bayern),,,,,,,,,,,Bayern Kultusministerium Schulsuche,DeutschPLUS (GMS),48.1956789,11.6184894,,,,,,,,,,,,,,,,,,,,,,,,,,,,,,,,,,,,,,,,,,,,,,,,,,,,,,1.0,Durchschnittlich,Unknown,410.0,48.192871,11.614738,A,Unknown,441.0,48.192605,11.614557,B,Freimann,512.0,48.191958,11.614275,,,,,,,,,,,,,,,,,Kulturheimstraße,247.0,48.196569,11.621266,,Kulturheimstraße,247.0,48.196398,11.621354,,Emmerigweg,386.0,48.195557,11.623347,,0.0,A; B,0.0,1.0,Netto City,"Situlistraße 58, 80939 München, Germany",295.0,48.1931394,11.618695,,,,,,,,,,,7.0,Family Döner,"Kulturheimstraße 8, 80939 München, Germany",129.0,48.1960116,11.6198615,Pizzeria La Provare,"Leutkircher Str. 1, 80939 München, Germany",275.0,48.1965878,11.6146533,Roll Center Freimann,"Leutkircher Str. 1, 80939 München, Germany",276.0,48.1967925,11.6147667,1.0,Anna's Back und Kaffeegenuss,"Floriansmühlstraße 20, 80939 München, Germany",474.0,48.1917256,11.6201885,,,,,,,,,,,4.0,Katholischer Kindergarten St. Albert,"Situlistraße 91, 80939 München, Germany",76.0,48.1964499,11.6180926,Integrative Kinderförderung GmbH (IKF),"Situlistraße 80, 80939 München, Germany",77.0,48.195500499999994,11.6191099,Kindertagesstätte KiKu Regenbogenland,"Lützelsteiner Str. 1a, 80939 München, Germany",416.0,48.19484,11.61271,1.0,Aristoteles Private Volksschule der Republik Griechenland,"Edmund-Rumpler-Straße 9, 80939 München, Germany",485.0,48.195158799999994,11.6116746,Grundschule,"Burmesterstraße 23, 80939 München, Germany",992.0,48.2046262,11.6165553,Keilberthschule,"Keilberthstraße 6, 80939 München, Germany",1661.0,48.2052012,11.6007766,5.0,"Mittelschule München, Situlistraße 87, is a public secondary school located at Situlistraße 87, 80939 Munich, providing comprehensive education for students from grades 5 to 10. Led by Headmaster Herr Sochor, a dedicated team of 22 teachers educates 264 students. As a fully developed Mittelschule, it specifically prepares its graduates for vocational training or further educational paths. A key pedagogical feature is its full-day school operation in a bound form, which allows for intensive supervision and diverse learning opportunities beyond regular lessons.

A particularly notable program is DeutschPLUS (GMS), a special support measure for students with a non-German mother tongue. This program is designed for learners who have previously attended a 'Deutschklasse,' cannot attend one for organizational reasons, or were born in Germany but have insufficient German language skills. DeutschPLUS aims to strengthen language competencies and promote the acquisition of subject-specific and academic language, which is crucial for successful integration into regular classes and educational achievement. This support can be provided as an additional course or as differentiation within the German language subject.

The school is part of the Mittelschulverbund Nord-Ost and offers, in addition to regular classes, school social work through Jade to support students with social concerns. An active support association, Mittelschule Situlistraße 87 e.V., contributes to the school community. For modern communication, the school utilizes the aSc EduPage platform and a mobile app to provide parents and students with current information and dates, such as information evenings for full-day classes or projects like 'PopArt nach Andy Warhol.'",,,,,,,,,,,,"Die Mittelschule München, Situlistraße 87, ist eine öffentliche Mittelschule im Münchner Stadtteil 80939, die Schülerinnen und Schüler der Jahrgangsstufen 5 bis 10 umfassend bildet. Unter der Leitung von Herrn Sochor engagieren sich 22 Lehrkräfte für die Bildung von 264 Schülern. Als voll ausgebaute Mittelschule bereitet sie ihre Absolventen gezielt auf den Übergang in die Berufswelt oder weiterführende schulische Wege vor. Ein zentrales pädagogisches Merkmal ist der Ganztagsschulbetrieb in gebundener Form, der eine intensive Betreuung und vielfältige Lernangebote über den regulären Unterricht hinaus ermöglicht.

Besonders hervorzuheben ist das Programm DeutschPLUS (GMS), eine spezielle Fördermaßnahme für Schülerinnen und Schüler mit nichtdeutscher Muttersprache. Dieses Angebot richtet sich an Lernende, die zuvor eine Deutschklasse besucht haben, aus organisatorischen Gründen keine Deutschklasse besuchen können oder in Deutschland geboren sind, aber unzureichende Deutschkenntnisse aufweisen. DeutschPLUS zielt darauf ab, die sprachlichen Kompetenzen zu stärken und den Erwerb einer Fach- und Bildungssprache zu fördern, was entscheidend für die erfolgreiche Integration in den Regelunterricht und den Bildungserfolg ist. Die Förderung kann als zusätzlicher Kurs oder als Differenzierung im Fach Deutsch erfolgen.

Die Schule ist Teil des Mittelschulverbunds Nord-Ost und bietet neben dem Unterricht auch Schulsozialarbeit durch Jade an, um Schüler in sozialen Belangen zu unterstützen. Ein aktiver Förderverein, die Mittelschule Situlistraße 87 e.V., trägt zur Schulgemeinschaft bei. Für eine moderne Kommunikation nutzt die Schule die aSc EduPage-Plattform und eine mobile App, um Eltern und Schülern aktuelle Informationen und Termine, wie beispielsweise Infoabende für Ganztagsklassen oder Projekte wie 'PopArt nach Andy Warhol', zugänglich zu machen.","Mittelschule München, Situlistraße 87, is a public full-day school for grades 5-10 with 264 students and 22 teachers, led by Herr Sochor. A key focus is the DeutschPLUS program for language support for students with a non-German mother tongue. The school also offers social work and utilizes modern communication tools.","Die Mittelschule München, Situlistraße 87, ist eine öffentliche Ganztagsschule für die Jahrgangsstufen 5-10 mit 264 Schülern und 22 Lehrkräften unter der Leitung von Herrn Sochor. Ein Schwerpunkt ist das DeutschPLUS-Programm zur Sprachförderung von Schülern mit nichtdeutscher Muttersprache. Die Schule bietet zudem Schulsozialarbeit und nutzt moderne Kommunikationsmittel.",,,,,,,,,,,,,,,,,,,,,"[""Für die 5. Klasse erfolgt die Aufnahme in der Regel automatisch durch die für den Wohnort zuständige Mittelschule, sofern das Kind nicht an einer anderen weiterführenden Schule angemeldet wird."", ""Für höhere Klassen (z.B. M-Zug, M10) ist eine direkte Kontaktaufnahme mit der Schule erforderlich."", ""Vorläufige Anmeldeformulare für den M-Zug 2025/26 und M10 2026/27 sind als Download verfügbar.""]",2026-04-20T09:04:48Z,"Die Mittelschule an der Situlistraße bietet vorläufige Anmeldeformulare für den M-Zug und die M10 an. Spezifische Anmeldekriterien über die allgemeine Regelung für Mittelschulen in München hinaus sind auf der Website nicht detailliert aufgeführt. Eine Informationsveranstaltung für die gebundene Ganztagsklasse wird erwähnt, jedoch ohne Datum.","Situlistr. 87, 80939 München",Bayern,12076.0,65.5,1.0,1505022.0,5671.0,München: sicherste Großstadt Deutschlands (>200k Einwohner) seit 50 Jahren,city_aggregate,5671.0,376.8,6061.0,12076.0,802.4,München,91219.0,6061.0,134.0,8.9,134.0,91219.0,815.0,54.2,2026-08-22,"jedeschule.codefor.de (CC0, scraped from km.bayern.de)","Mittelschule München at Situlistraße 87 is a state-run secondary school in Munich, providing a practice-oriented general education. It prepares students for the ""qualifizierender Mittelschulabschluss"" and the ""mittlerer Schulabschluss,"" with a strong focus on vocational orientation and individual support. German is the language of instruction, and English is offered as a foreign language.",,,,22.0,"[{""date"": ""2026-06-19"", ""start_time"": ""13:00"", ""end_time"": ""17:00"", ""event_type"": ""Sonstiges"", ""audience"": """", ""notes"": ""Kulturveranstaltung.""}]",,264.0,München,BY,,14.0,0.0,35.0,2.0,4.0,39.0,22.0,91219.0,2024_25,2025
BY-SCHUL_SCHULSTANDORTEMITTELSCHULEN_f6f1998f-7725-49fe-a659-bf184fcbcf3a,"Mittelschule München, Weilerstraße 1",Mittelschulen,Mittelschulen,,,Weilerstr. 1,81541,München,,,,,,256.0,19.0,,,,,,,,,,,,,,,,,,,Nicht verfügbar (Bayern),,,,,,,,,,,Bayern Kultusministerium Schulsuche,"DeutschPLUS (GMS), Deutschklassen (GMS), Deutsch in (ganzjährigen) Vorkursen",48.1232115,11.5874192,,,,,,,,,,,,,,,,,,,,,,,,,,,,,,,,,,,,,,,,,,,,,,,,,,,,,,1.0,Durchschnittlich,Sankt-Martin-Straße,764.0,48.118558,11.595778,,Rosenheimer Platz,797.0,48.129184,11.593075,,Unknown,858.0,48.120559,11.576837,D,Regerplatz,159.0,48.124352,11.588025,,Carl-Amery-Platz,230.0,48.121445,11.585677,,Carl-Amery-Platz,292.0,48.120989,11.585192,,Regerplatz,151.0,48.124279,11.587974,,Regerplatz,168.0,48.124415,11.588216,,Aurbacherstraße,170.0,48.122344,11.589947,,0.0,D,0.0,2.0,NORMA Filiale,"Regerstraße 66, 81541 München, Germany",115.0,48.1225665,11.5863908,EDEKA,"Welfenstraße 24, 81541 München, Germany",146.0,48.122004,11.5892339,,,,,,18.0,My Good Greens,"Senftlstraße 9, 81541 München, Germany",78.0,48.122512,11.58869,La Caffettiera,"Regerpl. 2, 81541 München, Germany",110.0,48.1239129,11.5878224,EAT HAPPY,"Welfenstraße 24, 81541 München, Germany",142.0,48.122024,11.589191,8.0,La Caffettiera,"Regerpl. 2, 81541 München, Germany",110.0,48.1239129,11.5878224,Müller,"Drächslstraße 12, 81541 München, Germany",139.0,48.1235565,11.5894503,Backstube Wünsche,"Welfenstraße 24, 81541 München, Germany",142.0,48.12202370000001,11.589191,9.0,Caritas Kinderhaus an der Senftlstraße,"Senftlstraße 20, 81541 München, Germany",165.0,48.1215759,11.5887468,Kindergarten Schmetterling,"Gebsattelstraße 32, 81541 München, Germany",185.0,48.1240719,11.589646,Haus für Kinder Welfenhöfe,"Welfenstraße 34, 81541 München, Germany",201.0,48.1219815,11.5901474,3.0,Grund- und Mittelschule an der Hochstraße,"Hochstraße 31, 81669 München, Germany",358.0,48.1260844,11.5868858,Staatliche Grundschule,"Mariahilfpl. 18, 81541 München, Germany",485.0,48.1247504,11.5819064,Mittagsbetreuung der Grundschule am Mariahilfplatz e.V.,"Mariahilfpl. 18, 81541 München, Germany",485.0,48.1247504,11.5819064,19.0,"Mittelschule München, Weilerstraße 1, is an educational institution located in the heart of Munich, dedicated to the comprehensive development of its students. With 256 students and 19 teachers, the school offers a personal learning atmosphere where individual needs are prioritized. As a Mittelschule (middle school) in Bavaria, it places a strong emphasis on practice-oriented education, preparing young people optimally for professional life while providing them with a solid general education.

A distinctive feature of the Mittelschule an der Weilerstraße is its commitment to language support. With special programs such as DeutschPLUS (GMS), Deutschklassen (GMS), and German in year-round preparatory courses, the school specifically supports students with a migration background or those whose native language is not German. This comprehensive language promotion concept is a central pillar of the pedagogical approach, aiming to provide all learners with equal educational opportunities and successfully integrate them into the German school system and society.

The school is located at Weilerstraße 1 in the Au district, a well-connected part of Munich. Its excellent public transport links, with stops such as Kolumbusplatz, Rosenheimer Platz, Regerplatz, and Aurbacherstraße in the immediate vicinity, ensure easy accessibility for students from various parts of the city. The urban setting also offers diverse opportunities for extracurricular learning environments and cultural activities.

The school's facilities include regular classrooms, specialized subject rooms, and sports facilities, enabling a versatile design of lessons and leisure activities. It is assumed that the school, possibly in cooperation with the primary school also located at Weilerstraße 1, shares common facilities, creating synergies in resource utilization. Although specific childcare services are not detailed, it is common for Mittelschulen to provide supplementary after-school care or homework assistance, especially given the need for language support. Mittelschule München, Weilerstraße 1, sees itself as a place of learning and living that accompanies its students on their path to becoming independent and responsible individuals.",,,,,,,,,,,,"Die Mittelschule München, Weilerstraße 1, ist eine Bildungseinrichtung im Herzen Münchens, die sich der umfassenden Förderung ihrer Schülerinnen und Schüler widmet. Mit 256 Schülern und 19 Lehrkräften bietet die Schule eine persönliche Lernatmosphäre, in der individuelle Bedürfnisse im Vordergrund stehen. Als Mittelschule in Bayern legt sie einen starken Fokus auf eine praxisorientierte Bildung, die die Jugendlichen optimal auf das Berufsleben vorbereitet und ihnen gleichzeitig eine fundierte Allgemeinbildung vermittelt.

Ein besonderes Merkmal der Mittelschule an der Weilerstraße ist ihr Engagement im Bereich der Sprachförderung. Mit speziellen Angeboten wie DeutschPLUS (GMS), Deutschklassen (GMS) und Deutsch in ganzjährigen Vorkursen unterstützt die Schule gezielt Schülerinnen und Schüler mit Migrationshintergrund oder jene, deren Muttersprache nicht Deutsch ist. Dieses umfassende Sprachförderkonzept ist ein zentraler Pfeiler des pädagogischen Konzepts und zielt darauf ab, allen Lernenden gleiche Bildungschancen zu ermöglichen und sie erfolgreich in das deutsche Schulsystem und die Gesellschaft zu integrieren.

Die Schule befindet sich in der Weilerstraße 1 im Stadtteil Au, einem gut angebundenen Viertel Münchens. Die hervorragende Anbindung an den öffentlichen Nahverkehr, mit Haltestellen wie Kolumbusplatz, Rosenheimer Platz, Regerplatz und Aurbacherstraße in unmittelbarer Nähe, gewährleistet eine einfache Erreichbarkeit für Schüler aus verschiedenen Stadtteilen. Die Lage in einem urbanen Umfeld bietet zudem vielfältige Möglichkeiten für außerschulische Lernorte und kulturelle Aktivitäten.

Die Ausstattung der Schule umfasst neben den regulären Unterrichtsräumen auch spezielle Fachräume und Sportstätten, die eine vielseitige Gestaltung des Unterrichts und der Freizeitaktivitäten ermöglichen. Es wird angenommen, dass die Schule, möglicherweise in Kooperation mit der ebenfalls am Standort Weilerstraße 1 ansässigen Grundschule, über gemeinsame Einrichtungen verfügt, was Synergien in der Nutzung von Ressourcen schafft. Obwohl keine spezifischen Betreuungsangebote detailliert sind, ist es üblich, dass Mittelschulen ergänzende Angebote zur Nachmittagsbetreuung oder Hausaufgabenhilfe bereitstellen, insbesondere angesichts des Bedarfs an Sprachförderung. Die Mittelschule München, Weilerstraße 1, versteht sich als ein Ort des Lernens und Lebens, der seine Schüler auf ihrem Weg zu selbstständigen und verantwortungsbewussten Persönlichkeiten begleitet.","Mittelschule München, Weilerstraße 1, is an educational institution with 256 students and 19 teachers, focusing on practice-oriented education and comprehensive language support. Special programs like DeutschPLUS and Deutschklassen specifically assist students with a migration background. The school is centrally located in Munich, well-connected, and features sports facilities.","Die Mittelschule München, Weilerstraße 1, ist eine Bildungseinrichtung mit 256 Schülern und 19 Lehrkräften, die sich auf praxisorientierte Bildung und umfassende Sprachförderung konzentriert. Besondere Angebote wie DeutschPLUS und Deutschklassen unterstützen gezielt Schüler mit Migrationshintergrund. Die Schule liegt zentral in München und verfügt über gute Anbindung sowie Sportstätten.",,,,,,,,,,,,,,,,,,,,,"[""Besuch der 1. Klasse an der Grundschule Weilerstraße im kommenden Schuljahr"", ""Vormerkung über den Kitafinder+ bis zum Tag der Schuleinschreibung (für die flexible KoGa-Variante)""]",2026-04-20T08:53:05Z,"Die spezifischen Anmeldekriterien für die Grundschule selbst sind auf der Website nicht detailliert aufgeführt. Die gefundenen Informationen beziehen sich hauptsächlich auf die Anmeldung zur Kooperativen Ganztagsbildung (KoGa) für die 1. Jahrgangsstufe, welche eine Vormerkung über den Kitafinder+ bis zum Tag der Schuleinschreibung erfordert.","Weilerstr. 1, 81541 München",Bayern,12076.0,65.5,1.0,1505022.0,5671.0,München: sicherste Großstadt Deutschlands (>200k Einwohner) seit 50 Jahren,city_aggregate,5671.0,376.8,6061.0,12076.0,802.4,München,91219.0,6061.0,134.0,8.9,134.0,91219.0,815.0,54.2,2026-08-22,"jedeschule.codefor.de (CC0, scraped from km.bayern.de)","Mittelschule München, Weilerstraße 1, is a secondary school in Munich, Bavaria, preparing students for the ""Qualifizierender Abschluss der Mittelschule"" (QA) and the ""Mittlerer Schulabschluss"". The school emphasizes practical education and vocational orientation, aiming to optimally prepare students for vocational training or further education at vocational schools. German is the language of instruction, with English offered as a foreign language.",,,2026-04-19,19.0,,,256.0,München,BY,,60.0,0.0,88.0,13.0,4.0,92.0,0.0,91219.0,2024_25,2025
BY-SCHUL_SCHULSTANDORTEMITTELSCHULEN_9db2dcea-a68b-427f-98eb-50efaaa8c642,"Mittelschule München, Fromundstraße 5",Mittelschulen,Mittelschulen,,1967.0,Fromundstr. 5,81547,München,,,,,Stefanie Stör,213.0,18.0,,,,,Englisch,,,,,,,,,,,,,,Nicht verfügbar (Bayern),,,,,,,,,,,Bayern Kultusministerium Schulsuche,DeutschPLUS (GMS),48.1081472,11.5763938,,,,,,,,,,,,,,,,,,,,,,,,,,,,,,,,,,,,,,,,,,,,,,,,,,,,,,1.0,Durchschnittlich,Wettersteinplatz,60.0,48.108206,11.57574,U1,Unknown,60.0,48.107755,11.576968,C,Unknown,69.0,48.107622,11.576829,D,Wettersteinplatz,176.0,48.10929,11.574805,,Tegernseer Landstraße,445.0,48.112219,11.576345,,Kurzstraße,637.0,48.104623,11.569862,,Wettersteinplatz,160.0,48.109184,11.574943,,Tegernseer Landstraße,338.0,48.111256,11.576587,X204,Spixstraße,349.0,48.110794,11.579216,,0.0,C; D; U1; X204,0.0,12.0,NORMA Filiale,"Fromundstraße 31-33, 81547 München, Germany",155.0,48.1073436,11.5781641,EuroShop,"Wettersteinpl. 1, 81547 München, Germany",174.0,48.1096271,11.575520100000002,VITALIA Reformhaus,"Grünwalder Straße, Wettersteinpl. 14, 81547 München, Germany",197.0,48.1089887,11.5741487,20.0,Poseidon,"Säbener Str. 9, 81547 München, Germany",163.0,48.1072806,11.5748611,Beste Döner Wettersteinplatz,"Wettersteinpl. 2, 81547 München, Germany",169.0,48.109612600000006,11.5756597,Pizzeria Heimservice Sessanta GbR München,"Grünwalder Str. 13, 81547 München, Germany",200.0,48.1099008,11.575583,10.0,Backshop Coffee To Go,"Säbener Str. 5, 81547 München, Germany",121.0,48.107780899999995,11.575055,Cafe Wetterstein,"Wettersteinpl. 3, 81547 München, Germany",141.0,48.1094254,11.57599,Cafe am Wettersteinplatz,"Grünwalder Str. 12, 81547 München, Germany",202.0,48.1091747,11.5742341,6.0,Kath. Kindergarten St. Helena,"Fromundstraße 4, 81547 München, Germany",63.0,48.1076535,11.5765285,kindergarten wetterstein e.V.,"Wettersteinstraße 6, 81547 München, Germany",280.0,48.110014199999995,11.5739108,Kindertagesstätten städt.,"Fromundstraße 46, 81547 München, Germany",307.0,48.1060934,11.5791799,0.0,Grundschule Weißenseestraße,"Weißenseestraße 45, 81539 München, Germany",736.0,48.106769799999995,11.5862112,"Grundschule mit Tagesheim, Ichostraße 2","Ichostraße 2, 81541 München, Germany",849.0,48.1157273,11.5786206,St.-Martin-Schule,"St.-Martin-Straße 30, 81541 München, Germany",1097.0,48.1160109,11.58561,12.0,"Mittelschule München, Fromundstraße 5, is a state-run public school located in the Munich district of Untergiesing-Harlaching, founded in 1967. It offers a comprehensive educational program for grades 5 to 10 and is designed as a fully developed middle school. With 213 students and 18 teachers in the 2024/25 school year, the school fosters a personal learning environment. A special focus is placed on language support, particularly through the DeutschPLUS (GMS) program. This program is aimed at students with a non-German mother tongue who are taught in regular classes. The goal is to deepen their German language skills and support them in acquiring a technical and academic language. DeutschPLUS can be offered as an accompanying measure or as a substitute for regular German lessons to meet the individual needs of the learners. In addition to language support, the school offers an open all-day program, providing students with additional care and learning opportunities in the afternoon. The school is located at Fromundstraße 5, 81547 Munich, and benefits from Munich's urban infrastructure. Although no specific information on facilities is available, it can be assumed that the school has the necessary facilities for modern middle school education. Mittelschule München, Fromundstraße 5, is committed to the individual development of its students and prepares them for future educational and career paths.",,,,,,,,,,,,"Die Mittelschule München, Fromundstraße 5, ist eine staatliche öffentliche Schule im Münchner Stadtteil Untergiesing-Harlaching, die im Jahr 1967 gegründet wurde. Sie bietet ein umfassendes Bildungsangebot für die Jahrgangsstufen 5 bis 10 und ist als voll ausgebaute Mittelschule konzipiert. Mit 213 Schülern und 18 Lehrkräften im Schuljahr 2024/25 pflegt die Schule eine persönliche Lernatmosphäre. Ein besonderer Schwerpunkt liegt auf der Sprachförderung, insbesondere durch das Programm DeutschPLUS (GMS). Dieses Angebot richtet sich an Schülerinnen und Schüler mit nichtdeutscher Muttersprache, die in Regelklassen unterrichtet werden. Ziel ist es, ihre Deutschkenntnisse zu vertiefen und sie beim Erwerb einer Fach- und Bildungssprache zu unterstützen. DeutschPLUS kann als begleitende Maßnahme oder als Ersatz für den regulären Deutschunterricht angeboten werden, um den individuellen Bedürfnissen der Lernenden gerecht zu werden. Neben der sprachlichen Förderung bietet die Schule einen offenen Ganztagsbetrieb an, der den Schülern zusätzliche Betreuungs- und Lernmöglichkeiten am Nachmittag eröffnet. Die Schule ist in der Fromundstraße 5, 81547 München, gelegen und profitiert von der städtischen Infrastruktur Münchens. Obwohl keine spezifischen Informationen zur Ausstattung vorliegen, ist davon auszugehen, dass die Schule über die notwendigen Einrichtungen für einen modernen Mittelschulunterricht verfügt. Die Mittelschule München, Fromundstraße 5, engagiert sich für die individuelle Entwicklung ihrer Schüler und bereitet sie auf zukünftige Bildungs- und Berufswege vor.","Mittelschule München, Fromundstraße 5, founded in 1967, is a state-run middle school for grades 5-10 with 213 students and 18 teachers. It offers the special language support program DeutschPLUS (GMS) for students with a non-German mother tongue and an open all-day program.","Die Mittelschule München, Fromundstraße 5, ist eine 1967 gegründete staatliche Mittelschule für die Jahrgangsstufen 5-10 mit 213 Schülern und 18 Lehrkräften. Sie bietet das spezielle Sprachförderprogramm DeutschPLUS (GMS) für Schüler mit nichtdeutscher Muttersprache und einen offenen Ganztagsbetrieb an.",,,,,,,,,,,,,,,,,,,,,"[""Wohnsitz im Schulsprengel."", ""Für die 5. Klasse erfolgt die Aufnahme in der Regel automatisch, sofern keine Anmeldung an einer anderen weiterführenden Schule erfolgt."", ""Für höhere Klassen ist eine direkte Kontaktaufnahme mit der Schule erforderlich."", ""Ein Probeunterricht kann erforderlich sein.""]",2026-04-20T08:44:16Z,Die genauen Termine für die Schulanmeldung für das Schuljahr 2027/2028 sind auf der Website der Schule nicht explizit aufgeführt. Die Informationen zum Probeunterricht beziehen sich auf das Schuljahr 2026/2027.,"Fromundstr. 5, 81547 München",Bayern,12076.0,65.5,1.0,1505022.0,5671.0,München: sicherste Großstadt Deutschlands (>200k Einwohner) seit 50 Jahren,city_aggregate,5671.0,376.8,6061.0,12076.0,802.4,München,91219.0,6061.0,134.0,8.9,134.0,91219.0,815.0,54.2,2026-08-22,"jedeschule.codefor.de (CC0, scraped from km.bayern.de)","Mittelschule München, Fromundstraße 5, is a state-run secondary school in Munich, Bavaria, preparing students for the qualifying Mittelschule certificate and the intermediate secondary school certificate. It offers a practice-oriented education with a strong focus on vocational guidance and individual support. In addition to German as the language of instruction, English is taught as a mandatory foreign language, equipping students with comprehensive skills for their future educational and professional paths.",,,,18.0,,,213.0,München,BY,,40.0,0.0,83.0,17.0,9.0,92.0,0.0,91219.0,2024_25,2025
BY-SCHUL_SCHULSTANDORTEBERUFLICHESCHULEN_3070b611-0def-4c41-ba93-0f1bbea86e5a,Staatliche Fachoberschule München-West,Fachoberschulen,Fachoberschulen,,2019.0,Bergsonstr. 109,81245,München,,,,,Holger Wirth,789.0,54.0,,,,,"Französisch, Spanisch, Latein",,,,,,,,,,,,,,Nicht verfügbar (Bayern),,,,,,,,,,,Bayern Kultusministerium Schulsuche,"Ausbildungsrichtungen: Technik, Wirtschaft und Verwaltung, Internationale Wirtschaft",48.1637074,11.4343665,,,,,,,,,,,,,,,,,,,,,,,,,,,,,,,,,,,,,,,,,,,,,,,,,,,,,,1.0,Durchschnittlich,Langwied,142.0,48.163044,11.432452,,,,,,,,,,,,,,,,,,,,,,,,,,,Jaspersallee,78.0,48.163795,11.43502,,Jaspersallee,120.0,48.163574,11.435887,,Langwied Bahnhof,131.0,48.163076,11.432591,,0.0,,0.0,1.0,Elfriede u. Rolf Künzer,"Bergsonstraße 64, 81245 München, Germany",471.0,48.1639325,11.4406079,,,,,,,,,,,1.0,Bergson' Cafeteria,"Bergsonstraße 109, 81245 München, Germany",41.0,48.16342220000001,11.4338445,,,,,,,,,,,0.0,,,,,,,,,,,,,,,,2.0,Kindertagesstätte Würmchen e.V.,"Bergsonstraße 101, 81245 München, Germany",183.0,48.1633296,11.4367979,Städtische Kindertageseinrichtung,"Jaspersallee 50, 81245 München, Germany",188.0,48.164559,11.4359529,Städtische Kooperationseinrichtung,"Lucia-Popp-Bogen 27, 81245 München, Germany",588.0,48.1600319,11.4406187,0.0,Elementary school at the Schäferwiese,"An d. Schäferwiese 5, 81245 München, Germany",752.0,48.159149799999994,11.4423862,Elementary school at Ravensburger Ring,"Ravensburger Ring 37, 81243 München, Germany",1308.0,48.1521081,11.4399419,Grundschule Gotzmannstraße,"Gotzmannstraße 19, 81245 München, Germany",1711.0,48.16063,11.41161,4.0,"The Staatliche Fachoberschule München-West, or FOS West, is a Bavarian Vocational High School founded in the 2019/2020 school year, located in the Aubing district of Munich. As a pure Fachoberschule (technical secondary school), it prepares its approximately 789 students with a dedicated team of 54 teachers for studies at universities of applied sciences or a qualified professional career. The school was established as a spin-off from the Staatliche Fachoberschule für Technik München to accommodate increasing student numbers and has been led by Principal Holger Wirth since its inception.

The educational offerings at FOS West are diverse, encompassing three fully developed specializations for grades 11 to 13: Technology, Business and Administration, and International Business. These profiles enable specialized training tailored to the demands of modern professional fields. As part of the elective program, students can deepen their language skills in French, Spanish, or Latin, which is particularly beneficial for the International Business specialization. The pedagogical concept emphasizes practical training and comprehensive study and career counseling, offered in cooperation with the Federal Employment Agency, to foster the individual abilities and study aspirations of young people.

The school is located at Bergsonstraße 109 in 81245 Munich, in the western district of Aubing. Its urban setting provides students with access to diverse cultural and professional opportunities within the state capital. Although specific details about the school's facilities are not available, it can be assumed that FOS West possesses modern specialized classrooms and contemporary infrastructure necessary for its respective specializations. The school is an important component of the educational landscape in western Munich and significantly contributes to the qualification of young people.",0.0,,,,,,,,,,,"Die Staatliche Fachoberschule München-West, kurz FOS West, ist eine im Schuljahr 2019/2020 gegründete Berufliche Oberschule Bayern, die sich im Stadtteil Aubing in München befindet. Als reine Fachoberschule bereitet sie ihre rund 789 Schülerinnen und Schüler mit einem engagierten Kollegium von 54 Lehrkräften auf ein Studium an Fachhochschulen oder eine qualifizierte berufliche Laufbahn vor. Die Schule entstand als Ausgründung aus der Staatlichen Fachoberschule für Technik München, um den steigenden Schülerzahlen gerecht zu werden, und wird seit ihrer Gründung von Schulleiter Holger Wirth geführt.

Das Bildungsangebot der FOS West ist vielfältig und umfasst drei voll ausgebaute Ausbildungsrichtungen für die Jahrgangsstufen 11 bis 13: Technik, Wirtschaft und Verwaltung sowie Internationale Wirtschaft. Diese Profile ermöglichen eine spezialisierte Ausbildung, die auf die Anforderungen moderner Berufsfelder zugeschnitten ist. Im Rahmen des Wahlpflichtfachangebots können Schülerinnen und Schüler ihre Sprachkenntnisse in Französisch, Spanisch oder Latein vertiefen, was insbesondere für die Ausbildungsrichtung Internationale Wirtschaft von Vorteil ist. Das pädagogische Konzept legt Wert auf eine praxisnahe Ausbildung und eine umfassende Studien- und Berufsberatung, die in Zusammenarbeit mit der Bundesagentur für Arbeit angeboten wird, um die individuellen Fähigkeiten und Studienwünsche der Jugendlichen zu fördern.

Die Schule befindet sich in der Bergsonstraße 109 in 81245 München, im westlichen Stadtteil Aubing. Die Lage in einem urbanen Umfeld bietet den Schülerinnen und Schülern Zugang zu vielfältigen kulturellen und beruflichen Möglichkeiten der Landeshauptstadt. Obwohl keine spezifischen Details zur Ausstattung der Schule vorliegen, ist davon auszugehen, dass die FOS West über moderne Fachräume und eine zeitgemäße Infrastruktur verfügt, die für die jeweiligen Ausbildungsrichtungen notwendig sind. Die Schule ist ein wichtiger Bestandteil der Bildungslandschaft im Münchner Westen und trägt maßgeblich zur Qualifizierung junger Menschen bei.","The Staatliche Fachoberschule München-West (FOS West) is a technical secondary school founded in 2019, located in Munich's Aubing district. It offers 789 students practical preparation for higher education and careers in the fields of Technology, Business and Administration, and International Business.","Die Staatliche Fachoberschule München-West (FOS West) ist eine 2019 gegründete Fachoberschule im Münchner Stadtteil Aubing. Sie bietet 789 Schülern in den Ausbildungsrichtungen Technik, Wirtschaft und Verwaltung sowie Internationale Wirtschaft eine praxisnahe Vorbereitung auf Studium und Beruf.",,,,,,,,,,,,,,,,,,,,,"[""Notendurchschnitt von mindestens 3,5 in Deutsch, Englisch und Mathematik im Zeugnis über den mittleren Schulabschluss (gilt nicht für Gymnasiasten mit Oberstufenreife)."", ""Oberstufenreife des Gymnasiums."", ""Für die Vorklasse: Notendurchschnitt von mindestens 3,5 in Deutsch, Englisch und Mathematik oder ein pädagogisches Gutachten der in der Jahrgangsstufe 10 besuchten Schule."", ""Für die Jahrgangsstufe 13: Notendurchschnitt von 3,0 im Zeugnis über die Fachhochschulreife der Jahrgangsstufe 12."", ""Abschluss der Realschule oder einer Wirtschaftsschule."", ""Bestandene 10. Klasse des Gymnasiums oder „Besondere Prüfung“."", ""Zeugnis über den mittleren Schulabschluss einer Haupt-/Mittelschule."", ""Mittlerer Schulabschluss der Berufsschule oder der Berufsfachschule."", ""Anderes vom Bayerischen Kultusministerium gleichwertig anerkanntes Zeugnis.""]",2026-04-20T09:17:46Z,Die Anmeldung für das Schuljahr 2026/27 fand vom 23. Februar bis zum 06. März 2026 statt und ist somit bereits abgeschlossen.,"Bergsonstr. 109, 81245 München",Bayern,12076.0,65.5,1.0,1505022.0,5671.0,München: sicherste Großstadt Deutschlands (>200k Einwohner) seit 50 Jahren,city_aggregate,5671.0,376.8,6061.0,12076.0,802.4,München,91219.0,6061.0,134.0,8.9,134.0,91219.0,815.0,54.2,2026-08-22,"jedeschule.codefor.de (CC0, scraped from km.bayern.de)","The Staatliche Fachoberschule München-West specifically prepares students for studies at universities of applied sciences. It offers a solid combination of general education and vocational specialization in various fields such as technology, business, or social sciences, complemented by modern foreign language instruction (e.g., English). Through practical curricula and mandatory internships, graduates acquire the Fachhochschulreife, optimally equipping them for their professional and academic future.",,,2026-01-22,54.0,,,789.0,München,BY,,4.0,0.0,9.0,2.0,0.0,9.0,82.0,91219.0,2024_25,2025
BY-SCHUL_SCHULSTANDORTEGYMNASIEN_360cb8b1-ee5c-4909-8c6c-1eb24e4871a0,Theresien-Gymnasium München,Gymnasien,Gymnasien,,1896.0,Kaiser-Ludwig-Platz 3,80336,München,,,,,Judith Nitsch,607.0,56.0,,,,,"Latein, Englisch, Griechisch, Französisch, Italienisch, Spanisch",,,,,,,,,,,,,,Nicht verfügbar (Bayern),,,,,,,,,,,Bayern Kultusministerium Schulsuche,"Humanistisches und sprachliches Gymnasium, MINT-freundliche Schule, Theaterklassen, musische und naturwissenschaftliche Profilierung.",48.1319323,11.5565083,,,,,,,,,,,,,,,,,,,,,,,,,,,,,,,,,,,,,,,,,,,,,,,,,,,,,,1.0,Durchschnittlich,Unknown,272.0,48.129736,11.55814,A,Unknown,278.0,48.12992,11.558733,B,Unknown,314.0,48.129601,11.558908,C,Sendlinger Tor,751.0,48.133686,11.566219,,Holzkirchner Bahnhof,808.0,48.139153,11.555671,1.0,Holzkirchner Bahnhof,816.0,48.139148,11.554701,2.0,Beethovenplatz,180.0,48.13313,11.558046,,Beethovenplatz,183.0,48.133222,11.557931,,Goetheplatz,244.0,48.130152,11.558443,,0.0,1; 2; A; B; C,0.0,15.0,SHARKY DUCK,"Bavariaring 22, 80336 München, Germany",218.0,48.1328813,11.5539095,Kolumbus,"Mozartstraße 3, 80336 München, Germany",244.0,48.1297997,11.557389100000002,Koreanischer Asia Shop,"Mozartstraße 3, 80336 München, Germany",251.0,48.1297196,11.5573173,20.0,Banyan,"Goethestraße 68, 80336 München, Germany",124.0,48.1319439,11.5581213,McDonald's,"Goethestraße 74, 80336 München, Germany",212.0,48.130363,11.5581416,Hotel Mariandl,"Goethestraße 51, 80336 München, Germany",234.0,48.1332905,11.5588389,20.0,Hotel Mariandl,"Goethestraße 51, 80336 München, Germany",234.0,48.1332905,11.5588389,Café am Beethovenplatz,"Goethestraße 51, 80336 München, Germany",241.0,48.1333402,11.5588918,La maison de Jany Café & Restaurant,"Lindwurmstraße 8, 80337 München, Germany",287.0,48.1294925,11.5578088,4.0,Mini-Kita siralinis Waltherstraße,"Waltherstraße 27, 80337 München, Germany",405.0,48.1289106,11.5595668,Citykrippe - pme Familienservice,"Paul-Heyse-Straße 29, 80336 München, Germany",446.0,48.1359128,11.5560617,MAS Kinderakademie / City,"Adlzreiterstraße 6, 80337 München, Germany",489.0,48.1275438,11.555686,0.0,Grundschule Tumblingerstraße,"Tumblingerstraße 6, 80337 München, Germany",556.0,48.1276699,11.5604412,Grundschule Stielerstraße,"Stielerstraße 6, 80336 München, Germany",597.0,48.1274243,11.5520211,Grundschule an der Schwanthalerstr. 87,"Schwanthalerstraße 87, 80336 München, Germany",631.0,48.137097999999995,11.5530307,9.0,"Theresien-Gymnasium Munich, founded in 1896, is a state-run gymnasium with a long tradition and a diverse educational program. It is located at Kaiser-Ludwig-Platz 3 in the heart of Munich, housed in an architecturally significant building. The school is characterized by its focus as a humanistic and linguistic gymnasium, while also offering a strong MINT profile and being recognized as a MINT-friendly school.

The pedagogical concept of Theresien-Gymnasium is based on a clear mission statement and a school agreement that promote comprehensive education and upbringing. Special emphasis is placed on learning coaching, career orientation, and a protection concept against sexual violence. The school offers various language sequences, including Latin, English, Greek, French, and Italian, which underscores its linguistic diversity.

Special offerings include theater classes, which foster creative and performing arts skills, as well as targeted support in MINT subjects. An open full-day program is available for grades 5 to 7, which includes structured afternoon care and lunch.

With approximately 607 students and 56 teachers under the leadership of Judith Nitsch, Theresien-Gymnasium maintains a personal learning atmosphere. Facilities include a cafeteria with a meal plan and a school library, offering students a variety of learning resources. Its central location ensures good accessibility and the opportunity to utilize Munich's cultural offerings.",,,,,,,,,,,,"Das Theresien-Gymnasium München, gegründet im Jahr 1896, ist ein staatliches Gymnasium mit einer langen Tradition und einem vielfältigen Bildungsangebot. Es befindet sich am Kaiser-Ludwig-Platz 3 im Herzen Münchens und ist in einem architektonisch bedeutsamen Gebäude untergebracht. Die Schule zeichnet sich durch ihre Ausrichtung als humanistisches und sprachliches Gymnasium aus, bietet aber gleichzeitig eine starke MINT-Profilierung und ist als MINT-freundliche Schule anerkannt.

Das pädagogische Konzept des Theresien-Gymnasiums basiert auf einem klaren Leitbild und einer Schulvereinbarung, die eine umfassende Bildung und Erziehung fördern. Besondere Schwerpunkte liegen auf Lerncoaching, beruflicher Orientierung und einem Schutzkonzept gegen sexualisierte Gewalt. Die Schule bietet verschiedene Sprachenfolgen an, darunter Latein, Englisch, Griechisch, Französisch und Italienisch, was die sprachliche Vielfalt unterstreicht.

Zu den besonderen Angeboten gehören Theaterklassen, die kreative und darstellerische Fähigkeiten fördern, sowie eine gezielte Förderung in den MINT-Fächern. Für die Jahrgangsstufen 5 bis 7 wird ein offenes Ganztagsangebot bereitgestellt, das eine strukturierte Nachmittagsbetreuung inklusive Mittagessen umfasst.

Mit rund 607 Schülern und 56 Lehrkräften unter der Leitung von Judith Nitsch pflegt das Theresien-Gymnasium eine persönliche Lernatmosphäre. Die Ausstattung umfasst eine Cafeteria mit Speiseplan und eine Schulbibliothek, die den Schülern vielfältige Lernressourcen bietet. Die zentrale Lage ermöglicht eine gute Erreichbarkeit und die Nutzung kultureller Angebote der Stadt München.","Theresien-Gymnasium Munich is a state-run humanistic and linguistic gymnasium with a MINT profile, founded in 1896. It offers theater classes, MINT promotion, and an open full-day program for grades 5-7. Located at Kaiser-Ludwig-Platz in Munich, the school emphasizes a comprehensive pedagogical concept and a personal learning atmosphere.","Das Theresien-Gymnasium München ist ein staatliches humanistisches und sprachliches Gymnasium mit MINT-Profil, gegründet 1896. Es bietet Theaterklassen, MINT-Förderung und ein offenes Ganztagsangebot für die Klassen 5-7. Die Schule am Kaiser-Ludwig-Platz in München legt Wert auf ein umfassendes pädagogisches Konzept und eine persönliche Lernatmosphäre.",,,,,,,,,,,,,,,,,,,,,,2026-04-20T08:43:12Z,,"Kaiser-Ludwig-Platz 3, 80336 München",Bayern,12076.0,65.5,1.0,1505022.0,5671.0,München: sicherste Großstadt Deutschlands (>200k Einwohner) seit 50 Jahren,city_aggregate,5671.0,376.8,6061.0,12076.0,802.4,München,91219.0,6061.0,134.0,8.9,134.0,91219.0,815.0,54.2,2026-08-22,"jedeschule.codefor.de (CC0, scraped from km.bayern.de)","Theresien-Gymnasium München is a renowned Gymnasium in the Bavarian capital, offering a comprehensive academic education leading to the Abitur. It emphasizes a broad general education with a focus on natural sciences, languages such as English, Latin, and French, as well as humanities. The school also fosters individual talents through diverse extracurricular activities and projects.",,,,56.0,,,607.0,München,BY,,91.0,0.0,166.0,26.0,8.0,174.0,0.0,91219.0,2024_25,2025
BY-SCHUL_SCHULSTANDORTEGYMNASIEN_9e2ca571-d8f5-4d72-a37a-63c4c31ce46b,Albert-Einstein-Gymnasium München,Gymnasien,Gymnasien,,1965.0,Lautererstr. 2,81545,München,,,,,Marion Freytag,831.0,66.0,,,,,"Englisch, Französisch, Latein, Spanisch",,,,,,,,,,,,,,Nicht verfügbar (Bayern),,,,,,,,,,,Bayern Kultusministerium Schulsuche,"Sprachliches und naturwissenschaftlich-technologisches Gymnasium, bilinguales Angebot, Umweltschule, Referenzschule für Medienbildung, Schulaustausch.",48.0947335,11.5601922,,,,,,,,,,,,,,,,,,,,,,,,,,,,,,,,,,,,,,,,,,,,,,,,,,,,,,1.0,Durchschnittlich,,,,,,,,,,,,,,,,Tiroler Platz,259.0,48.096202,11.563675,,Authariplatz,353.0,48.092007,11.562562,,Theodolindenplatz,584.0,48.090336,11.556964,,Tiroler Platz,227.0,48.095533,11.563672,,Tiroler Platz,231.0,48.096044,11.563385,,Autharistraße,551.0,48.090529,11.564106,,0.0,,0.0,3.0,Denns BioMarkt München,"Grünwalder Str. 190, 81545 München, Germany",172.0,48.0954279,11.5629487,Aral,"Grünwalder Str. 175C, 81545 München, Germany",311.0,48.0965713,11.5641496,REWE To Go bei Aral,"Aral, Grünwalder Str. 175c, 81545 München, Germany",324.0,48.0966269,11.5643132,5.0,Harlachinger Einkehr,"Karolingerallee 34, 81545 München, Germany",236.0,48.0957401,11.5577969,REWE To Go bei Aral,"Aral, Grünwalder Str. 175c, 81545 München, Germany",324.0,48.0966269,11.5643132,Restaurant Na1988,"Grünwalder Str. 244, 81545 München, Germany",380.0,48.09155,11.5613191,6.0,REWE To Go bei Aral,"Aral, Grünwalder Str. 175c, 81545 München, Germany",324.0,48.0966269,11.5643132,A - Die Tagesbar,"Grünwalder Str. 248, 81545 München, Germany",386.0,48.0914814,11.5610095,Café Pongo,"Tierparkstraße, 81543 München, Germany",439.0,48.0980777,11.5571519,2.0,Maya the Bee kindergarten e.V.,"Grünwalder Str. 198D, 81545 München, Germany",196.0,48.0938034,11.5627602,Maya the Bee kindergarten e.V.,"Autharipl. 9, 81545 München, Germany",371.0,48.0921223,11.5633989,Espira Kinderbetreuung Harlaching,"Armanspergstraße 3, 81545 München, Germany",630.0,48.0917357,11.5677366,0.0,Elementary school at the Rotbuchenstraße,"Rotbuchenstraße 81, 81547 München, Germany",1056.0,48.097774,11.5743167,Elementary school at the Fromundstraße,"Fromundstraße 5, 81547 München, Germany",1875.0,48.1079273,11.5768614,Grundschule Boschetsrieder Straße e.V.,"Boschetsrieder Str. 35, 81379 München, Germany",1894.0,48.10010330000001,11.5364374,4.0,"The Albert-Einstein-Gymnasium (AEG) in Munich-Harlaching is a state-sponsored secondary school with a rich history dating back to 1864, officially named in 1965. It offers both a linguistic and a scientific-technological branch, serving 831 students with 66 teachers in the 2024/25 school year. The school emphasizes a broad language education, including English, French, Latin, and Spanish, with various language sequences available. A distinctive feature is its bilingual program, particularly the EAL (English at an Advanced Level) project and bilingual history lessons, which provide students with advanced language proficiency. [1, 2, 5]

The AEG's pedagogical approach is forward-looking and diverse. It is recognized as a 'Digital School of the Future' and has been a 'Reference School for Media Education' since 2015, highlighting its commitment to integrating modern technologies into teaching. Special support is offered in the MINT (Mathematics, Informatics, Natural Sciences, Technology) fields. The school's environmental commitment is notable: it was awarded the 'Environmental School in Europe' title in 2007 and received the Munich Environmental Award in 2004. [1, 2, 3, 4]

School life is enriched by numerous projects and offerings, including international exchange programs with France, Spain, Great Britain, the USA, and China, fostering intercultural exchange. A unique social project is the 'SchuPa Kenia e.V.' association, which has supported schools in Kenya since 2000. For student care, there is an open all-day school (OGTS), a cafeteria (Mensa), and lockers. The school community is active, with a parent council, a support association, and student representatives (SMV). Additionally, school psychological counseling, career guidance, and support services in crisis situations are available. The school is led by Principal Marion Freytag. [1, 2, 3, 4, 5]",,,,,,,,,,,,"Das Albert-Einstein-Gymnasium (AEG) in München-Harlaching ist ein staatliches Gymnasium mit einer langen Tradition, dessen Wurzeln bis ins Jahr 1864 zurückreichen und das 1965 seinen heutigen Namen erhielt. Es bietet sowohl einen sprachlichen als auch einen naturwissenschaftlich-technologischen Zweig an und wird im Schuljahr 2024/25 von 831 Schülern und 66 Lehrkräften besucht. Die Schule legt großen Wert auf eine breite Sprachenausbildung mit Englisch, Französisch, Latein und Spanisch und ermöglicht verschiedene Sprachenfolgen. Ein besonderes Merkmal ist das bilinguale Angebot, insbesondere das EAL-Projekt (English at an Advanced Level) und der bilinguale Geschichtsunterricht, die den Schülern vertiefte Sprachkenntnisse vermitteln. [1, 2, 5]

Das pädagogische Konzept des AEG ist zukunftsorientiert und vielfältig. Es ist als 'Digitale Schule der Zukunft' anerkannt und seit 2015 eine 'Referenzschule für Medienbildung', was den Einsatz moderner Technologien im Unterricht unterstreicht. Im MINT-Bereich (Mathematik, Informatik, Naturwissenschaften, Technik) werden spezielle Förderungen angeboten. Das Umweltengagement der Schule ist bemerkenswert: Sie wurde 2007 als 'Umweltschule in Europa' ausgezeichnet und erhielt 2004 den Münchner Umweltpreis. [1, 2, 3, 4]

Das Schulleben wird durch zahlreiche Projekte und Angebote bereichert, darunter internationale Schulaustauschprogramme mit Frankreich, Spanien, Großbritannien, den USA und China, die den interkulturellen Austausch fördern. Ein besonderes soziales Projekt ist der Verein 'SchuPa Kenia e.V.', der seit 2000 Schulen in Kenia unterstützt. Für die Betreuung der Schüler gibt es eine offene Ganztagsschule (OGTS), eine Mensa und Schließfächer. Die Schulfamilie ist aktiv, mit einem Elternbeirat, einem Förderverein und einer Schülervertretung (SMV). Zudem stehen schulpsychologische Beratung, Laufbahnberatung sowie Hilfsangebote in Krisensituationen zur Verfügung. Die Schulleitung liegt in den Händen von Marion Freytag. [1, 2, 3, 4, 5]","The Albert-Einstein-Gymnasium Munich is a state-sponsored linguistic and scientific-technological secondary school with 831 students and 66 teachers. It is characterized by bilingual programs, a MINT focus, environmental commitment, and international exchange programs. The school is also a reference school for media education and offers open all-day care. [1, 2, 3, 4, 5]","Das Albert-Einstein-Gymnasium München ist ein staatliches sprachliches und naturwissenschaftlich-technologisches Gymnasium mit 831 Schülern und 66 Lehrkräften. Es zeichnet sich durch bilinguale Angebote, einen MINT-Schwerpunkt, Umweltengagement und internationale Austauschprogramme aus. Die Schule ist zudem eine Referenzschule für Medienbildung und bietet eine offene Ganztagsbetreuung. [1, 2, 3, 4, 5]",,,,,,,,,,,,,,,,,,,,"{""opens"": ""2026-05-04"", ""closes"": ""2026-05-11"", ""notes"": ""Online-Einschreibung für die zukünftigen 5. Klassen 2026/27. Anmeldeunterlagen, die nach Montag, dem 11.05.2026, 16.00 Uhr an der Schule eintreffen, können nicht mehr berücksichtigt werden.""}","[""Ausdruck des Online-Einschreibeformulars mit Unterschrift der Erziehungsberechtigten."", ""Übertrittszeugnis der Grundschule im Original."", ""Kopie: Impfpass des Kindes / Nachweis Masernschutzimpfung."", ""Kopie: Geburtsurkunde des Kindes, ggf. in beglaubigter deutscher Übersetzung."", ""Kopie: Personalausweis (oder Reisepass mit aktueller Meldebescheinigung) der Erziehungsberechtigten."", ""Abmeldung vom Religionsunterricht, falls Ihr Kind einer Konfession angehört (kath./ ev.) und den Ethikunterricht besuchen soll.""]",2026-04-20T09:20:36Z,"Falls Ihnen die Online-Anmeldung und das Ausdrucken nicht möglich sein sollte, sowie in anderen Ausnahmefällen bietet die Schule einen persönlichen Termin am Montag, 11.05.26 von 13-16 Uhr an. Die Terminvergabe erfolgt ausschließlich telefonisch bis 08.05.2026 (089/6427060).","Lautererstr. 2, 81545 München",Bayern,12076.0,65.5,1.0,1505022.0,5671.0,München: sicherste Großstadt Deutschlands (>200k Einwohner) seit 50 Jahren,city_aggregate,5671.0,376.8,6061.0,12076.0,802.4,München,91219.0,6061.0,134.0,8.9,134.0,91219.0,815.0,54.2,2026-08-22,"jedeschule.codefor.de (CC0, scraped from km.bayern.de)","The Albert-Einstein-Gymnasium München is a renowned Gymnasium offering a demanding academic education. It places a strong emphasis on STEM subjects, comprehensively preparing its students for university studies. Alongside English, traditional languages like Latin and French are taught, often complemented by other modern languages.",,,2026-05-11,66.0,"[{""date"": ""2026-05-11"", ""start_time"": ""13:00"", ""end_time"": ""16:00"", ""event_type"": ""Anmeldetag"", ""audience"": ""für Ausnahmefälle bei der Online-Anmeldung"", ""notes"": ""Terminvergabe ausschließlich telefonisch bis 08.05.2026.""}]",,831.0,München,BY,,18.0,0.0,31.0,4.0,5.0,36.0,28.0,91219.0,2024_25,2025
BY-SCHUL_SCHULSTANDORTEGYMNASIEN_a25b412f-e50b-44bf-be6e-65fa8be6a989,Wittelsbacher-Gymnasium München,Gymnasien,Gymnasien,,1907.0,Marsplatz 1,80335,München,,,,,Helmut Martin,684.0,57.0,,,,,"Englisch, Französisch, Latein, Griechisch, Spanisch",,,,,,,,,,,,,,Nicht verfügbar (Bayern),,,,,,,,,,,Bayern Kultusministerium Schulsuche,"Humanistisches und Sprachliches Gymnasium, Seminarschule, bilinguales Angebot, musikalische Aktivitäten (Chöre, Orchester, Big-Band), Kunstklassen, spät beginnende Fremdsprache Spanisch.",48.145363,11.5484676,,,,,,,,,,,,,,,,,,,,,,,,,,,,,,,,,,,,,,,,,,,,,,,,,,,,,,1.0,Durchschnittlich,Hackerbrücke,426.0,48.141964,11.548527,,Maillingerstraße,444.0,48.149662,11.546844,E,Unknown,472.0,48.149903,11.546744,,Hackerbrücke,237.0,48.143662,11.548282,,Deroystraße,273.0,48.144266,11.545439,,Marsstraße,483.0,48.14503,11.541916,,Hackerbrücke,220.0,48.143817,11.548159,,Hackerbrücke,285.0,48.143313,11.5493,,München ZOB (26),345.0,48.142736,11.549117,BusCenter; EU0235; Flixbus 001 + 006 + 063 + 101 + 121 + 186 + 227 + 900 + 943 + X06 + N947; 26,0.0,26; BusCenter; E; EU0235; Flixbus 001 + 006 + 063 + 101 + 121 + 186 + 227 + 900 + 943 + X06 + N947,0.0,5.0,U-Store,"Ludwigsvorstadt-Isarvorstadt, 80335 Munich, Germany",408.0,48.1422156,11.549569600000002,Lidl,"Hackerbrücke 4, 80335 München, Germany",411.0,48.1422378,11.5498786,Hangzhou Markt,"Blutenburgstraße 52, 80636 München, Germany",439.0,48.1490408,11.5449713,20.0,Osteria Pizzeria Nuovo Mondo Da Rosario,"Blutenburgstraße 2, 80636 München, Germany",326.0,48.1477242,11.5516307,La Forchetta,"Grete-Mosheim-Straße 15, 80636 München, Germany",354.0,48.1432657,11.5454204,Little Asia,"Nymphenburger Str. 51, 80335 München, Germany",370.0,48.149071199999995,11.5491371,10.0,Café Arnulfpark,"Arnulfstraße 41, 80636 München, Germany",351.0,48.1443465,11.5441215,Coffee-Bike mobile Espressobar,"Bernhard-Wicki-Straße 8, 80636 München, Germany",352.0,48.1426549,11.5476823,Landbäckerei IHLE Café,"Hackerbrücke 4, 80335 München, Germany",376.0,48.1424567,11.5491552,3.0,Städt. Haus für Kinder,"Blutenburgstraße 1B, 80636 München, Germany",219.0,48.1476755,11.5491744,Kindertagesstätte Stadt,"Deroystraße 20a, 80335 München, Germany",302.0,48.145057,11.544404,Caritas Kindergarten Vincent de Paul,"Marlene-Dietrich-Straße 25, 80636 München, Germany",475.0,48.1439081,11.5425759,1.0,Elementary school at the Blutenburgstrasse,"Blutenburgstraße 3, 80636 München, Germany",247.0,48.1479751,11.5477155,Primary school with day care at the Helmholtzstraße,"Helmholtzstraße 6, 80636 München, Germany",587.0,48.1445498,11.5406428,Grundschule an der Alfonsstraße München,"Alfonsstraße 8, 80636 München, Germany",778.0,48.151847499999995,11.5430767,12.0,"The Wittelsbacher-Gymnasium München, founded in 1907, is a state-run humanistic and linguistic gymnasium located at Marsplatz 1 in Munich's Maxvorstadt district. With 684 students and 57 teachers (as of the 2024/25 school year), the school fosters a family-like atmosphere. The pedagogical concept places a strong emphasis on learning ancient and modern languages and engaging with their respective cultures. The language sequence includes Latin from the 5th grade, English from the 6th grade, and Greek or French from the 8th grade. Additionally, Spanish is offered as a late-beginning foreign language from the 11th grade. In-depth study of Latin and Greek provides insights into fundamental linguistic structures, mythological thought patterns, diverse value systems, and essential questions of human existence.

As a ""Seminarschule,"" the Wittelsbacher-Gymnasium trains prospective teachers in various subjects, which contributes to diverse artistic impulses within the school. A notable feature is the bilingual program, where history in the 9th grade and economics in the 10th grade are taught in English. The school also boasts a rich musical life with numerous choirs, instrumental groups, a large orchestra, and a Big Band. Art is actively promoted, including special art classes in the lower school and its own exhibition space (PS2). The gymnasium has been recognized as a ""School without Racism - School with Courage"" and offers student exchange programs.

The listed three-story building, designed by Carl Voit with a raised central pavilion in historicizing forms, is situated in close proximity to Circus Krone and the Hackerbrücke S-Bahn station, west of Munich's city center. As an open all-day school (""offene Ganztagsschule""), the Wittelsbacher-Gymnasium provides supervised study time and a variety of leisure activities from Monday to Thursday until 4:10 PM.",,,,,,,,,,,,"Das Wittelsbacher-Gymnasium München, gegründet im Jahr 1907, ist ein staatliches humanistisches und sprachliches Gymnasium im Münchner Stadtbezirk Maxvorstadt, am Marsplatz 1 gelegen. Mit 684 Schülern und 57 Lehrkräften (Stand Schuljahr 2024/25) pflegt die Schule einen familiären Charakter. Das pädagogische Konzept legt einen starken Fokus auf das Erlernen antiker und moderner Sprachen sowie die Auseinandersetzung mit deren Kulturen. Die Sprachenfolge umfasst Latein ab der 5. Klasse, Englisch ab der 6. Klasse und Griechisch oder Französisch ab der 8. Klasse. Zusätzlich wird Spanisch als spät beginnende Fremdsprache ab der 11. Klasse angeboten. Die vertiefte Beschäftigung mit Latein und Griechisch vermittelt Einblicke in sprachliche Strukturen, Denkmuster der Mythologie, unterschiedliche Wertvorstellungen und grundlegende Fragen des Menschseins.

Als Seminarschule bildet das Wittelsbacher-Gymnasium angehende Lehrkräfte in verschiedenen Fächern aus, was zu vielfältigen künstlerischen Impulsen führt. Ein besonderes Merkmal ist das bilinguale Angebot, bei dem Geschichte in der 9. Klasse und Wirtschaft in der 10. Klasse auf Englisch unterrichtet werden. Die Schule zeichnet sich zudem durch ein reiches musikalisches Leben mit zahlreichen Chören, Instrumentalgruppen, einem großen Orchester und einer Big Band aus. Auch die Kunst wird intensiv gefördert, unter anderem durch spezielle Kunstklassen in der Unterstufe und einen eigenen Ausstellungsraum (PS2). Das Gymnasium ist als ""Schule ohne Rassismus - Schule mit Courage"" ausgezeichnet und bietet Schüleraustauschprogramme an.

Das denkmalgeschützte dreigeschossige Gebäude mit erhöhtem Mittelpavillon von Carl Voit ist in historisierenden Formen gehalten und liegt in unmittelbarer Nähe zum Circus Krone und der S-Bahn-Station Hackerbrücke, westlich des Münchner Zentrums. Als offene Ganztagsschule bietet das Wittelsbacher-Gymnasium montags bis donnerstags bis 16:10 Uhr eine betreute Studierzeit und vielfältige Freizeitangebote an.","The Wittelsbacher-Gymnasium München, founded in 1907, is a state-run humanistic and linguistic gymnasium with 684 students and 57 teachers. It is characterized by a strong focus on languages (Latin, English, Greek/French, Spanish), a bilingual program, diverse musical and artistic activities, and open all-day care. As a teacher training school, it also educates prospective teachers and maintains a family-like atmosphere.","Das Wittelsbacher-Gymnasium München ist ein staatliches humanistisches und sprachliches Gymnasium mit 684 Schülern und 57 Lehrkräften, das 1907 gegründet wurde. Es zeichnet sich durch einen starken Fokus auf Sprachen (Latein, Englisch, Griechisch/Französisch, Spanisch), ein bilinguales Angebot, vielfältige musikalische und künstlerische Aktivitäten sowie eine offene Ganztagsbetreuung aus. Als Seminarschule bildet es zudem angehende Lehrkräfte aus und pflegt einen familiären Charakter.",,,,,,,,,,,,,,,,,,,,"{""opens"": null, ""closes"": null, ""notes"": ""Persönliche Einschreibung für das Schuljahr 2026/27 findet am Montag, den 11. Mai 2026 statt. Eine digitale Anmeldung für das Schuljahr 2026/2027 ist ab sofort möglich.""}","[""Anmeldung für die kommende fünfte Jahrgangsstufe."", ""Für den Übertritt in andere Jahrgangsstufen ist eine Kontaktaufnahme mit der Schulleitung über das Sekretariat erforderlich."", ""Digitale Anmeldung für das Schuljahr 2026/2027 ist möglich.""]",2026-04-20T09:20:01Z,Die Einschreibung für die 5. Jahrgangsstufe erfolgt persönlich am 11. Mai 2026. Eine digitale Anmeldung für das Schuljahr 2026/2027 ist ebenfalls möglich. Für den Übertritt in höhere Jahrgangsstufen ist ein persönliches Gespräch mit der Schulleitung über das Sekretariat zu vereinbaren.,"Marsplatz 1, 80335 München",Bayern,12076.0,65.5,1.0,1505022.0,5671.0,München: sicherste Großstadt Deutschlands (>200k Einwohner) seit 50 Jahren,city_aggregate,5671.0,376.8,6061.0,12076.0,802.4,München,91219.0,6061.0,134.0,8.9,134.0,91219.0,815.0,54.2,2026-08-22,"jedeschule.codefor.de (CC0, scraped from km.bayern.de)","The Wittelsbacher-Gymnasium Munich is an established Gymnasium providing a robust academic education designed to prepare students for the Abitur and higher education. It emphasizes a broad linguistic profile, including Latin, English, and French, alongside strong MINT subjects, complemented by diverse enrichment programs.",,,2026-04-25,57.0,"[{""date"": ""2026-04-22"", ""start_time"": ""19:00"", ""end_time"": ""21:00"", ""event_type"": ""Infoabend"", ""audience"": ""Eltern und Erziehungsberechtigte der Schülerinnen und Schüler in Jahrgangs-stufe 7"", ""notes"": ""Thema „Digitale Schule der Zukunft“.""}, {""date"": ""2026-04-25"", ""start_time"": ""11:00"", ""end_time"": null, ""event_type"": ""Tag der offenen Tür"", ""audience"": """", ""notes"": ""Im Landheim des Wittelsbacher-Gymnasiums in Endlhausen, im Anschluss an ein Konzert.""}]",,684.0,München,BY,,52.0,0.0,89.0,12.0,10.0,99.0,0.0,91219.0,2024_25,2025
BY-SCHUL_SCHULSTANDORTEREALSCHULEN_5d572203-e801-4329-ab9f-8bbd0a55896e,Marieluise-Fleißer-Realschule Staatl. Realschule München III,Realschulen,Realschulen,,,Schwanthalerstr. 87,80336,München,,,,,Birgitt Michelly-Jipp,907.0,60.0,,,,,Französisch,,,,,,,,,,,,,,Nicht verfügbar (Bayern),,,,,,,,,,,Bayern Kultusministerium Schulsuche,"Inklusion, Schule ohne Rassismus – Schule mit Courage, SPRINT, bilinguales Angebot, Erasmus+",48.1371051,11.5528271,,,,,,,,,,,,,,,,,,,,,,,,,,,,,,,,,,,,,,,,,,,,,,,,,,,,,,1.0,Durchschnittlich,Unknown,60.0,48.136616,11.553292,A,Unknown,105.0,48.136193,11.553279,B,Unknown,106.0,48.136176,11.552939,,Hermann-Lingg-Straße,227.0,48.139061,11.552081,1.0,Hermann-Lingg-Straße,246.0,48.139011,11.551301,2.0,Holzkirchner Bahnhof,257.0,48.139148,11.554701,2.0,Holzkirchner Bahnhof,288.0,48.138826,11.55595,3,Holzkirchner Bahnhof,297.0,48.138944,11.555954,4,Unknown,344.0,48.139951,11.55116,,0.0,1; 2; 3; 4; A; B,0.0,20.0,Behold Afroshop München,"Landwehrstraße 72, 80336 München, Germany",74.0,48.1365419,11.553519,Kaschmir Basar,"Landwehrstraße 64, 80336 München, Germany",139.0,48.1365112,11.5546665,Asmarino GbR,"Hermann-Lingg-Straße 6, 80336 München, Germany",179.0,48.1383746,11.5515186,20.0,Zur Festwiese,"Schwanthalerstraße 85, 80336 München, Germany",47.0,48.137417199999994,11.5534967,Marie-Therese Gasthaus,"Pettenkoferstraße 48, 80336 München, Germany",195.0,48.1353954,11.5534613,Bavaria - Gaststätte und Restaurant,"Bayerstraße 81, 80335 München, Germany",207.0,48.1389801,11.5528135,20.0,MATBAH,"St.-Paul-Straße 3, 80336 München, Germany",40.0,48.136847499999995,11.553378,Getränkemarkt Weiss-Blau,"Landwehrstraße 87, 80336 München, Germany",93.0,48.1363282,11.553403,Backshop Weiss-Blau,"Landwehrstraße 87, 80336 München, Germany",100.0,48.136280799999994,11.5534847,6.0,Städtische Kindertagesstätte,"Schwanthalerstraße 89, 80336 München, Germany",49.0,48.1372131,11.5523784,Die WeltEntdecker Kinderkrippe/Kindergarten,"Schwanthalerstraße, 80336 München, Germany",168.0,48.137319700000006,11.5552792,Denk mit Kita München Schwanthalerhöhe,"Bayerstraße 85, 80335 München, Germany",203.0,48.1389159,11.5524897,0.0,Grundschule Stielerstraße,"Stielerstraße 6, 80336 München, Germany",1081.0,48.1274243,11.5520211,Grundschule Tumblingerstraße,"Tumblingerstraße 6, 80337 München, Germany",1186.0,48.1276699,11.5604412,Grundschule an der Bergmannstraße 36 e.V.,"Bergmannstraße 36, 80339 München, Germany",1200.0,48.1355091,11.5370401,18.0,"The Marieluise-Fleißer-Realschule (MFR) is a state-run Realschule in Munich, established in the 2003/2004 school year and named after the writer Marieluise Fleißer in 2005. Since September 2021, the school has been located in a modern new building at Aschauer Straße 9, 81549 Munich, having previously been situated at Schwanthalerstraße 87. The new site features a six-stream Realschule with a triple sports hall, underground parking, and a children's house, providing excellent infrastructure for daily school life. The school is attended by approximately 907 students and taught by 60 teachers, led by headmistress Birgitt Michelly-Jipp. 

The MFR's educational concept is characterized by a comprehensive profile that actively promotes inclusion and takes a stand against discrimination as a 'School without Racism – School with Courage'. Special offerings include the SPRINT program, a bilingual program, and participation in the Erasmus+ program, which facilitates international experiences. French is offered as a foreign language within the elective subject groups. As an open all-day school, the MFR also provides childcare services that meet the needs of families. Its location in the Obergiesing-Fasangarten district offers good connectivity and a diverse environment for students.",,,,,,,,,,,,"Die Marieluise-Fleißer-Realschule (MFR) ist eine staatliche Realschule in München, die im Schuljahr 2003/2004 neu eingerichtet und 2005 nach der Schriftstellerin Marieluise Fleißer benannt wurde. Seit September 2021 befindet sich die Schule in einem modernen Neubau in der Aschauer Straße 9, 81549 München, nachdem sie zuvor an der Schwanthalerstraße 87 ansässig war. Der neue Standort umfasst eine sechszügige Realschule mit einer Dreifach-Sporthalle, einer Tiefgarage und einem Haus für Kinder, was eine hervorragende Infrastruktur für den Schulalltag bietet. Die Schule wird von rund 907 Schülerinnen und Schülern besucht und von 60 Lehrkräften unter der Leitung von Schulleiterin Birgitt Michelly-Jipp unterrichtet. 

Das pädagogische Konzept der MFR zeichnet sich durch ein umfassendes Profil aus, das Inklusion aktiv fördert und als „Schule ohne Rassismus – Schule mit Courage“ ein Zeichen gegen Diskriminierung setzt. Zu den besonderen Angeboten gehören das SPRINT-Programm, ein bilinguales Angebot sowie die Teilnahme am Erasmus+-Programm, das internationale Erfahrungen ermöglicht. Im Rahmen der Wahlpflichtfächergruppen wird Französisch als Fremdsprache angeboten. Als offene Ganztagsschule bietet die MFR zudem Betreuungsangebote, die den Bedürfnissen der Familien entgegenkommen. Die Lage im Stadtteil Obergiesing-Fasangarten bietet eine gute Anbindung und ein vielfältiges Umfeld für die Schülerinnen und Schüler.","The Marieluise-Fleißer-Realschule in Munich is a state Realschule with 907 students and 60 teachers, housed in a modern new building at Aschauer Straße 9 since 2021. It features an inclusive profile, commitment as a 'School without Racism – School with Courage,' and special programs like SPRINT, bilingual offerings, and Erasmus+. French is offered as a foreign language, and the school operates as an open all-day school.","Die Marieluise-Fleißer-Realschule in München ist eine staatliche Realschule mit 907 Schülern und 60 Lehrkräften, die seit 2021 in einem modernen Neubau in der Aschauer Straße 9 untergebracht ist. Sie zeichnet sich durch ein inklusives Profil, das Engagement als „Schule ohne Rassismus – Schule mit Courage“ sowie besondere Angebote wie SPRINT, bilinguale Angebote und Erasmus+ aus. Französisch wird als Fremdsprache angeboten, und die Schule fungiert als offene Ganztagsschule.",,,,,,,,,,,,,,,,,,,,,,2026-04-20T08:43:12Z,,"Schwanthalerstr. 87, 80336 München",Bayern,12076.0,65.5,1.0,1505022.0,5671.0,München: sicherste Großstadt Deutschlands (>200k Einwohner) seit 50 Jahren,city_aggregate,5671.0,376.8,6061.0,12076.0,802.4,München,91219.0,6061.0,134.0,8.9,134.0,91219.0,815.0,54.2,2026-08-22,"jedeschule.codefor.de (CC0, scraped from km.bayern.de)","The Marieluise-Fleißer-Realschule is a state-run secondary school in Munich, preparing students for the Mittlerer Schulabschluss (intermediate school leaving certificate). It provides a solid, practice-oriented education with a strong focus on core subjects like German and English, complemented by various elective courses for individual specialization.",,,,60.0,,,907.0,München,BY,,121.0,0.0,197.0,35.0,10.0,207.0,0.0,91219.0,2024_25,2025
BY-SCHUL_SCHULSTANDORTEGYMNASIEN_595f0725-e84b-464d-a890-08c71562072f,Oskar-von-Miller-Gymnasium München,Gymnasien,Gymnasien,,1864.0,Ungererstr. 191,80805,München,,,,,Angelika Schneider,1054.0,78.0,,,,,"Latein, Englisch, Französisch, Italienisch, Spanisch",,,,,,,,,,,,,,Nicht verfügbar (Bayern),,,,,,,,,,,Bayern Kultusministerium Schulsuche,"Bilinguales Angebot (Französisch, AbiBac), Seminarschule, G8",48.1803755,11.6038956,,,,,,,,,,,,,,,,,,,,,,,,,,,,,,,,,,,,,,,,,,,,,,,,,,,,,,1.0,Durchschnittlich,Unknown,127.0,48.179339,11.603388,A,Unknown,181.0,48.178942,11.602976,,Alte Heide,234.0,48.178552,11.602555,,,,,,,,,,,,,,,,,Alte Heide,67.0,48.179778,11.604172,,Alte Heide,79.0,48.179774,11.603542,,Alte Heide,88.0,48.179703,11.603484,,0.0,A,0.0,2.0,EDEKA Stadler + Honner,"Ungererstraße 175, 80805 München, Germany",244.0,48.1786289,11.6021185,ALDI Süd,"Ungererstraße 175, 80805 München, Germany",247.0,48.1785685,11.6021736,,,,,,4.0,Griechisch-Japanisches Fusionrestaurant Stengelstraße,"Schererhofstraße, 80805 München, Germany",240.0,48.1793783,11.6069774,Trattoria Paganini,"Marchgrabenpl. 3A, 80805 München, Germany",334.0,48.180134599999995,11.5996217,Estare Restaurant - Cafe - Bar,"Echinger Str. 1, 80805 München, Germany",391.0,48.1774405,11.6012207,0.0,,,,,,,,,,,,,,,,2.0,Denk mit Kita München Schwabing,"Ungererstraße 175, 80805 München, Germany",249.0,48.178608700000005,11.6020559,Kindergarten Association of parish-Albert and All Saints,"Grünecker Str. 28, 80805 München, Germany",421.0,48.1805719,11.5984377,Bambini - Kita im THE m.pire,"Marcel-Breuer-Straße 8, 80807 München, Germany",552.0,48.1816828,11.5969276,0.0,Grundschule an der Fröttmaninger Straße,"Fröttmaninger Str. 21, 80805 München, Germany",636.0,48.1772147,11.5969682,Elementary School Bauhausplatz,"Bauhauspl. 9, 80807 München, Germany",1120.0,48.1862591,11.5918413,Grundschule Torquato-Tasso-Straße,"Torquato-Tasso-Straße 38, 80807 München, Germany",1689.0,48.1805836,11.5813375,5.0,"Founded in 1864, the Oskar-von-Miller-Gymnasium Munich is a distinguished Gymnasium situated in the vibrant Schwabing district of Munich, conveniently located near Münchner Freiheit. With an enrollment of 1054 students and a faculty of 78 teachers (as of the 2024/25 academic year), it stands as a prominent educational institution within the city. The school is housed in a historic building at Siegfriedstraße 22, 80803 Munich, which is recognized as an architectural monument. This building underwent extensive general renovation from 2018 to 2023 and was officially reopened in October 2024.

The pedagogical philosophy of the Oskar-von-Miller-Gymnasium is characterized by a strong emphasis on modern languages, while also offering Latin as the primary foreign language. The language curriculum includes Latin, English, French, and Italian, with distinct language sequences such as Latin, English, French, and Latin, English, Italian. A significant feature is the bilingual program in French, which culminates in the AbiBac, a prestigious dual German and French Abitur, equipping students with exceptional international qualifications. As a ""Seminarschule,"" the gymnasium plays a crucial role in teacher training, underscoring its dedication to high educational standards and pedagogical innovation. The school operates under the G8 system, providing an accelerated pathway to the Abitur.

Beyond its core academic offerings, the school provides a diverse array of special programs and extracurricular activities. These encompass subjects like Mathematics, German, DaZ (German as a second language), Physics, Chemistry, and Computer Science. The school integrates modern learning tools, such as the Mathegym platform, to support students across various subjects. Cultural and creative development is fostered through initiatives like ""Oskar sings,"" the U02-Theater, and OskarTV, which offer students platforms to cultivate their talents. Project seminars, such as the history seminar exploring the school's architectural heritage, provide in-depth learning experiences.

The school's location in Schwabing provides a stimulating urban environment with excellent public transportation links and access to cultural institutions. While specific daily care services (e.g., after-school care) are not explicitly detailed, the comprehensive educational and extracurricular programs contribute to a supportive and enriching learning atmosphere. The school's commitment to preserving its historical legacy, combined with contemporary pedagogical approaches and international programs, establishes it as a distinguished Gymnasium in Munich.",,,,,,,,,,,,"Das 1864 gegründete Oskar-von-Miller-Gymnasium München ist ein renommiertes Gymnasium im lebhaften Münchner Stadtteil Schwabing, nahe der Münchner Freiheit. Mit 1054 Schülern und 78 Lehrkräften (Stand 2024/25) ist es eine bedeutende Bildungseinrichtung der Stadt. Die Schule ist in einem historischen Gebäude an der Siegfriedstraße 22, 80803 München, untergebracht, das als Baudenkmal eingetragen ist und von 2018 bis 2023 umfassend saniert wurde, mit offizieller Wiedereröffnung im Oktober 2024.

Das pädagogische Konzept des Oskar-von-Miller-Gymnasiums zeichnet sich durch eine starke neusprachliche Ausrichtung aus, bietet aber auch Latein als erste Fremdsprache an. Das Sprachenangebot umfasst Latein, Englisch, Französisch und Italienisch, mit spezifischen Sprachenfolgen wie Latein, Englisch, Französisch und Latein, Englisch, Italienisch. Ein besonderes Highlight ist das bilinguale Angebot in Französisch, das zum AbiBac führt, einem deutsch-französischen Doppelabitur, das den Schülern herausragende internationale Qualifikationen verleiht. Als Seminarschule spielt das Gymnasium eine wichtige Rolle in der Lehrerausbildung und unterstreicht damit sein Engagement für hohe Bildungsstandards und pädagogische Entwicklung. Die Schule arbeitet nach dem G8-System, das einen beschleunigten Weg zum Abitur ermöglicht.

Neben dem Kernlehrplan bietet die Schule eine vielfältige Auswahl an besonderen Angeboten und außerschulischen Aktivitäten. Dazu gehören Fächer wie Mathematik, Deutsch, DaZ (Deutsch als Zweitsprache), Physik, Chemie und Informatik. Die Schule nutzt moderne Lernwerkzeuge wie die Mathegym-Plattform, die Schüler in verschiedenen Fächern unterstützt. Kulturelle und kreative Aktivitäten werden durch Initiativen wie „Oskar sings“, das U02-Theater und OskarTV gefördert, die den Schülern Plattformen zur Entfaltung ihrer Talente bieten. Projektseminare, wie das Geschichtsseminar zur Baugeschichte der Schule, ermöglichen vertiefende Lernerfahrungen.

Die Lage der Schule in Schwabing bietet ein anregendes urbanes Umfeld mit hervorragender Anbindung an öffentliche Verkehrsmittel und Zugang zu kulturellen Einrichtungen. Obwohl spezifische tägliche Betreuungsangebote (z.B. Nachmittagsbetreuung) nicht detailliert sind, tragen die umfassenden Bildungs- und außerschulischen Programme zu einem unterstützenden Lernumfeld bei. Das Engagement der Schule für ihr historisches Erbe, kombiniert mit modernen pädagogischen Ansätzen und internationalen Programmen, macht sie zu einem herausragenden Gymnasium in München.","Founded in 1864, the Oskar-von-Miller-Gymnasium Munich is a renowned Gymnasium in Schwabing. It features a modern language profile with Latin as the first foreign language, a bilingual French program leading to the AbiBac, and serves as a teacher training school. Housed in a recently renovated, historically protected building, the gymnasium emphasizes comprehensive education and diverse extracurricular activities.","Das 1864 gegründete Oskar-von-Miller-Gymnasium München ist ein renommiertes Gymnasium in Schwabing. Es bietet ein neusprachliches Profil mit Latein als erster Fremdsprache, ein bilinguales Französisch-Angebot mit AbiBac und ist eine Seminarschule. Das Gymnasium, das in einem denkmalgeschützten und kürzlich sanierten Gebäude untergebracht ist, legt Wert auf umfassende Bildung und vielfältige außerschulische Aktivitäten.",,,,,,,,,,,,,,,,,,,,"{""opens"": ""2026-03-02"", ""closes"": ""2026-05-11"", ""notes"": ""Online-Anmeldung""}","[""Online-Anmeldung vom 02.03.2026 bis 11.05.2026."", ""Die Reihenfolge des Eingangs der Anmeldung spielt bei der Platzvergabe keine Rolle."", ""Bei Nichtaufnahme ist die Entfernung zur Schule ausschlaggebend."", ""Abgabe des PDF-Ausdrucks der Online-Anmeldung und weiterer Unterlagen persönlich am 11.05.2026 von 08:00 bis 16:00 Uhr oder per Briefkasteneinwurf bis 11.05.2026 um 15:00 Uhr."", ""Probeunterricht für Schülerinnen und Schüler ohne Eignungsvermerk „Gymnasium“ vom 19.05.2026 bis 21.05.2026.""]",2026-04-20T09:21:30Z,Die Online-Anmeldung ist vom 02.03.2026 bis zum 11.05.2026 freigeschaltet. Die physische Abgabe der Unterlagen ist am 11.05.2026 möglich. Für Schüler ohne Eignungsvermerk findet ein Probeunterricht statt.,"Ungererstr. 191, 80805 München",Bayern,12076.0,65.5,1.0,1505022.0,5671.0,München: sicherste Großstadt Deutschlands (>200k Einwohner) seit 50 Jahren,city_aggregate,5671.0,376.8,6061.0,12076.0,802.4,München,91219.0,6061.0,134.0,8.9,134.0,91219.0,815.0,54.2,2026-08-22,"jedeschule.codefor.de (CC0, scraped from km.bayern.de)","Oskar-von-Miller-Gymnasium Munich is an established Gymnasium offering a comprehensive academic education, preparing students for higher education. It emphasizes a broad general education, fostering linguistic skills through offerings in English, Latin, and French, and provides a solid foundation in the natural sciences.",,,2026-05-21,78.0,"[{""date"": ""2026-05-11"", ""start_time"": ""08:00"", ""end_time"": ""16:00"", ""event_type"": ""Anmeldetag"", ""audience"": ""zukünftige Schüler"", ""notes"": ""Persönliche Abgabe der Anmeldeunterlagen""}, {""date"": ""2026-05-19"", ""start_time"": null, ""end_time"": null, ""event_type"": ""Sonstiges"", ""audience"": ""Schüler ohne Eignungsvermerk „Gymnasium“"", ""notes"": ""Probeunterricht""}, {""date"": ""2026-05-20"", ""start_time"": null, ""end_time"": null, ""event_type"": ""Sonstiges"", ""audience"": ""Schüler ohne Eignungsvermerk „Gymnasium“"", ""notes"": ""Probeunterricht""}, {""date"": ""2026-05-21"", ""start_time"": null, ""end_time"": null, ""event_type"": ""Sonstiges"", ""audience"": ""Schüler ohne Eignungsvermerk „Gymnasium“"", ""notes"": ""Probeunterricht""}]",,1054.0,München,BY,,10.0,0.0,27.0,3.0,3.0,30.0,40.0,91219.0,2024_25,2025
BY-SCHUL_SCHULSTANDORTEREALSCHULEN_dfc50391-1c25-45fe-918d-81d0b6b3074b,Georg-Büchner-Realschule Staatliche Realschule München I,Realschulen,Realschulen,,1970.0,Droste-Hülshoff-Str. 5,80686,München,,,,,Veronika Schachner,657.0,43.0,,,,,Französisch,,,,,,,,,,,,,,Nicht verfügbar (Bayern),,,,,,,,,,,Bayern Kultusministerium Schulsuche,"MINT, Wirtschaft, Französisch, Kunst, Werken, Hauswirtschaft, Sozialwesen, Berufswahlsiegel, KOMPASS, Kooperation FOS",48.1272914,11.5092454,,,,,,,,,,,,,,,,,,,,,,,,,,,,,,,,,,,,,,,,,,,,,,,,,,,,,,1.0,Durchschnittlich,Unknown,818.0,48.134923,11.509481,C,Unknown,837.0,48.134866,11.512135,,Unknown,844.0,48.134877,11.512436,B,Säulingstraße,192.0,48.127413,11.51198,,Stegener Weg,207.0,48.125863,11.508282,,Ammerseestraße,565.0,48.126101,11.502117,,Stegener Weg,207.0,48.125718,11.509066,,Ammerseestraße,513.0,48.125821,11.503004,,Ammerseestraße,540.0,48.125813,11.502625,,0.0,B; C,0.0,2.0,REWE,"Endelhauserstraße 15, 80686 München, Germany",210.0,48.1290895,11.5110683,PENNY,"Fachnerstraße 41, 80686 München, Germany",396.0,48.130960599999995,11.511029,,,,,,3.0,Imbisswagen Zafar Stellplatz 1,"Fachnerstraße 56, 80686 München, Germany",401.0,48.1311617,11.5090192,Winklstüberl,"Eduard-Stadler-Winkel 3, 80686 München, Germany",444.0,48.127972199999995,11.5153638,Ristorante Firenze,"Leibnizstraße 32, 80686 München, Germany",454.0,48.1278011,11.5033055,2.0,Cafe & Kiosk Baci,"Friedenheimer Str. 155, 80686 München, Germany",194.0,48.129107999999995,11.5081801,Café Lilly,"Burgkmairstraße 48, 80686 München, Germany",425.0,48.1312627,11.5108312,,,,,,6.0,Städt. Kindertageseinrichtung,"Droste-Hülshoff-Straße 3, 80686 München, Germany",91.0,48.1278138,11.5105759,Städtische Kindertageseinrichtung,"Raublinger Str. 11, 80686 München, Germany",212.0,48.1284747,11.5119201,The bears parent-child initiative e.V.,"Flintsbacher Str. 6, 80686 München, Germany",343.0,48.128767,11.5136616,2.0,Elementary school Droste-Hulshoff-Straße 9,"Droste-Hülshoff-Straße 9, 80686 München, Germany",140.0,48.1275452,11.5075243,Förderverein der Droste-Hülshoff-Grundschule e.V.,"Droste-Hülshoff-Straße 9, 80686 München, Germany",140.0,48.1275452,11.5075243,Grundschule Gilmstrasse,"Gilmstraße 46, 81377 München, Germany",829.0,48.1203387,11.5066552,13.0,"The Georg-Büchner-Realschule, a state-run Realschule in Munich I, is an established educational institution located at Droste-Hülshoff-Straße 5, 80686 Munich. With a student body of 657 and a faculty of 43 teachers, it offers a comprehensive educational program for both girls and boys. The school is led by Principal Veronika Schachner and is characterized by a diverse pedagogical concept that addresses the individual strengths and interests of its students. 

The school's profile includes four elective subject groups: Group I with a focus on mathematics, natural sciences, and technology (MINT), Group II with an economic focus, Group IIIa offering French as a second foreign language, and Group IIIb, which provides options in art education, crafts, home economics, or social welfare. This broad range of subjects allows for targeted preparation for various career paths and further education, particularly through its cooperation with the FOS (Fachoberschule). 

As a seminar school, the Georg-Büchner-Realschule plays an important role in teacher training. Special programs such as the 'Berufswahlsiegel' (Career Choice Seal) and the KOMPASS program highlight the strong vocational orientation and individual support for students. The school also offers full-day schooling, ensuring comprehensive care. This is complemented by school-related counseling services, including a guidance counselor and a school psychologist, who support students with academic and personal challenges. 

Its location in Munich provides students with access to a dynamic urban environment with diverse cultural and professional opportunities. While specific details about facilities are not available, the wide range of subjects suggests corresponding specialized rooms for MINT, art, crafts, and home economics. The school emphasizes an active school life and pedagogical work aimed at personal development and future preparation.",,,,,,,,,,,,"Die Georg-Büchner-Realschule, eine staatliche Realschule in München I, ist eine etablierte Bildungseinrichtung in der Droste-Hülshoff-Straße 5, 80686 München. Mit einer Schülerzahl von 657 und einem Kollegium von 43 Lehrkräften bietet sie ein umfassendes Bildungsangebot für Mädchen und Jungen. Die Schule wird von Schulleiterin Veronika Schachner geführt und zeichnet sich durch ein vielfältiges pädagogisches Konzept aus, das auf die individuellen Stärken und Interessen der Schülerinnen und Schüler eingeht. 

Das Schulprofil umfasst vier Wahlpflichtfächergruppen: Gruppe I mit Schwerpunkt im mathematisch-naturwissenschaftlich-technischen Bereich (MINT), Gruppe II mit wirtschaftlichem Schwerpunkt, Gruppe IIIa mit der zweiten Fremdsprache Französisch und Gruppe IIIb, die Kunsterziehung, Werken, Hauswirtschaft oder Sozialwesen anbietet. Diese breite Fächerwahl ermöglicht eine gezielte Vorbereitung auf verschiedene Berufsfelder und weiterführende Schulen, insbesondere durch die Kooperation mit der FOS. 

Als Seminarschule spielt die Georg-Büchner-Realschule eine wichtige Rolle in der Lehrerausbildung. Besondere Angebote wie das Berufswahlsiegel und das KOMPASS-Programm unterstreichen die starke berufliche Orientierung und die individuelle Förderung der Schülerinnen und Schüler. Die Schule bietet zudem einen Ganztagsschulbetrieb an, der eine umfassende Betreuung gewährleistet. Ergänzt wird dies durch schulbezogene Beratungsangebote, darunter eine Beratungslehrerin und eine Schulpsychologin, die den Schülerinnen und Schülern bei schulischen und persönlichen Herausforderungen zur Seite stehen. 

Die Lage in München bietet den Schülerinnen und Schülern Zugang zu einer dynamischen Stadtumgebung mit vielfältigen kulturellen und beruflichen Möglichkeiten. Obwohl spezifische Details zur Ausstattung nicht vorliegen, lässt das breite Fächerangebot auf entsprechende Fachräume für MINT, Kunst, Werken und Hauswirtschaft schließen. Die Schule legt Wert auf ein aktives Schulleben und pädagogische Arbeit, die auf die Entwicklung der Persönlichkeit und die Vorbereitung auf die Zukunft abzielt.","The Georg-Büchner-Realschule Munich I is a state Realschule with 657 students and 43 teachers, led by Veronika Schachner. It offers diverse elective subject groups in MINT, economics, French, art, crafts, home economics, and social welfare, and operates as a seminar school with full-day care. Special programs like the 'Berufswahlsiegel' and KOMPASS promote vocational orientation and individual student development.","Die Georg-Büchner-Realschule München I ist eine staatliche Realschule mit 657 Schülern und 43 Lehrkräften, geleitet von Veronika Schachner. Sie bietet vielfältige Wahlpflichtfächergruppen in MINT, Wirtschaft, Französisch, Kunst, Werken, Hauswirtschaft und Sozialwesen an und ist eine Seminarschule mit Ganztagsbetreuung. Besondere Programme wie das Berufswahlsiegel und KOMPASS fördern die berufliche Orientierung und individuelle Entwicklung der Schüler.",,,,,,,,,,,,,,,,,,,,"{""opens"": ""2026-05-11"", ""closes"": ""2026-05-15"", ""notes"": ""Online-Voranmeldung ab 2026-05-04, 12:00 Uhr möglich. Für Jahrgangsstufen 5-10 muss das Jahreszeugnis im Original zwischen 2026-07-31 und 2026-08-04, 12:00 Uhr vorgelegt werden.""}","[""Online-Voranmeldung ab 2026-05-04, 12:00 Uhr möglich."", ""Einschreibewoche: 2026-05-11 bis 2026-05-15."", ""Persönliche Einschreibung: 2026-05-11, 08:00-12:00 Uhr und 13:00-16:30 Uhr."", ""Kontaktlose Einschreibung (per Einwurf): 2026-05-11 bis 2026-05-15."", ""Erforderliche Unterlagen: Übertrittszeugnis im Original, Geburtsurkunde im Original, Ausdruck der Anmeldedaten, ggf. Nachweis über Erziehungsberechtigung, ggf. Bescheinigung über Teilleistungsstörung, ggf. Nachweis über Masernschutz."", ""Voranmeldungen für Jahrgangsstufen 5-10 ebenfalls in diesem Zeitraum möglich; Jahreszeugnis im Original muss zwischen 2026-07-31 und 2026-08-04, 12:00 Uhr vorgelegt werden.""]",2026-04-20T09:23:02Z,"Die Einschreibung für das Schuljahr 2026/27 erfolgt kontaktlos per Einwurf oder persönlich in der Woche vom 11. bis 15. Mai 2026. Eine Online-Voranmeldung ist bereits ab dem 4. Mai 2026 möglich, um Wartezeiten zu vermeiden. Für höhere Jahrgangsstufen ist zusätzlich die Vorlage des Jahreszeugnisses im Original Ende Juli/Anfang August erforderlich.","Droste-Hülshoff-Str. 5, 80686 München",Bayern,12076.0,65.5,1.0,1505022.0,5671.0,München: sicherste Großstadt Deutschlands (>200k Einwohner) seit 50 Jahren,city_aggregate,5671.0,376.8,6061.0,12076.0,802.4,München,91219.0,6061.0,134.0,8.9,134.0,91219.0,815.0,54.2,2026-08-22,"jedeschule.codefor.de (CC0, scraped from km.bayern.de)","The Georg-Büchner-Realschule in Munich is a state-run Realschule providing students with an extended general education and preparing them for the Mittlerer Schulabschluss (intermediate school leaving certificate). It emphasizes a solid academic foundation combined with practical, career-oriented approaches and fosters individual talents. In addition to English as the primary foreign language, the school often offers further elective subjects and specialized profiles to support diverse educational paths.",,,2026-01-17,43.0,,,657.0,München,BY,,10.0,0.0,52.0,6.0,3.0,55.0,0.0,91219.0,2024_25,2025
BY-SCHUL_SCHULSTANDORTEGYMNASIEN_9af8d356-55cb-43dc-b77e-35ef8a0f0bed,Klenze-Gymnasium München,Gymnasien,Gymnasien,,1921.0,Wackersberger Str. 59,81371,München,,,,,Friederike Rappel,983.0,73.0,,,,,"Englisch, Latein, Französisch, Chinesisch, Türkisch",,,,,,,,,,,,,,Nicht verfügbar (Bayern),,,,,,,,,,,Bayern Kultusministerium Schulsuche,"Naturwissenschaftlich-technologisches Gymnasium, MINT, Musik, bilinguale Kurse (Abibac), Schulsanitätsdienst, vielfältige Wahlfächer.",48.1153885,11.5436835,,,,,,,,,,,,,,,,,,,,,,,,,,,,,,,,,,,,,,,,,,,,,,,,,,,,,,1.0,Durchschnittlich,Unknown,224.0,48.117253,11.540448,A,Unknown,232.0,48.11689,11.53976,B,Unknown,250.0,48.116579,11.539196,C,,,,,,,,,,,,,,,,Am Harras,167.0,48.116132,11.540128,,Am Harras,238.0,48.117231,11.540113,,Am Harras,258.0,48.116863,11.539305,,0.0,A; B; C,0.0,9.0,Vinzenzmurr Metzgerei - München - Sendling,"Plinganserstraße 49, 81369 München, Germany",215.0,48.1171204,11.5403864,EDEKA,"Plinganserstraße 45, 81369 München, Germany",241.0,48.1174458,11.5404596,EuroShop,"Am Harras 10, 81373 München, Germany",273.0,48.1167581,11.5389806,20.0,Zum BlauStern,"Wackersberger Str. 65, 81371 München, Germany",65.0,48.1155556,11.5413889,King Loui | Burger Harras,"Plinganserstraße 37, 81369 München, Germany",257.0,48.1177168,11.540733,Café & Bar | Wirtshaus Valley's | München,"Aberlestraße 52, 81371 München, Germany",271.0,48.1173018,11.5449198,13.0,Ratschiller's Harras,"Plinganserstraße 47, 81369 München, Germany",234.0,48.117323299999995,11.5403596,Backstube Wünsche,"Plinganserstraße 45, 81369 München, Germany",247.0,48.1174648,11.5403672,Ludwig Stocker Hofpfisterei GmbH,"Plinganserstraße 37, 81369 München, Germany",278.0,48.1178828,11.5406025,7.0,Kita Rauda am Harras,"Plinganserstraße 63, 81369 München, Germany",154.0,48.1155996,11.5401801,Kinderkrippe Tausendfüßler München Gmbh,"Gaißacher Str. 21, 81371 München, Germany",311.0,48.114516599999995,11.5460899,Kinderkrippe | Hilfe von Mensch zu Mensch e.V.,"Gaißacher Str. 21, 81371 München, Germany",311.0,48.114509600000005,11.546092,1.0,Staatl. Grundschule Plinganser,"Meindlstraße 8, 81373 München, Germany",479.0,48.118906300000006,11.5380469,Grundschule,"Gotzinger Pl. 1, 81371 München, Germany",676.0,48.1175194,11.5509118,Staatl. Grundschule,"Implerstraße 35, 81371 München, Germany",743.0,48.1207257,11.548739,19.0,"Klenze-Gymnasium München, a state-run public school under the patronage of the Free State of Bavaria, is a renowned natural science and technology-focused Gymnasium (NTG) located in Munich's Sendling district. Founded in 1921, it has evolved into an educational institution with 983 students and 73 teachers (as of the 2024/25 school year), led by headmistress Friederike Rappel. The pedagogical concept of Klenze-Gymnasium aims not only to impart a broad general academic knowledge but also to foster consistent values education. The school sees itself as a place of learning in an ever-changing world, offering an environment where the joy of learning and the development of competencies are paramount. A constructive coexistence, based on mutual respect and appreciation, as well as tolerant, open, and honest communication, are central pillars of school life.

Special offerings include a strong MINT (Mathematics, Informatics, Natural Sciences, Technology) focus and diverse musical opportunities such as wind and string instrument classes, orchestra, and wind ensemble. The language sequence includes English as the first foreign language, followed by Latin or French. Additionally, Chinese and Turkish can be chosen as late-beginning foreign languages from the 11th grade. For individual support, the Gymnasium offers remedial courses in German, French, Latin, Mathematics, Physics, and Chemistry for grades 8 to 10. The 'Future-Lounge' supports 11th graders with career and study orientation. The school's facilities were recently expanded with a new pavilion and a triple sports hall, constructed from late 2021 to January 2026. A canteen is also available.

Klenze-Gymnasium provides an open all-day program with meal services and homework supervision for grades 5 to 7. Homework supervision takes place in small groups and is overseen by qualified older students. The school is located at Wackersberger Straße 59 in 81371 Munich and is well-integrated into the Sendling district.",,,,,,,,,,,,"Das Klenze-Gymnasium München, eine staatliche öffentliche Schule in Trägerschaft des Freistaats Bayern, ist ein renommiertes naturwissenschaftlich-technologisches Gymnasium (NTG) im Münchner Stadtbezirk Sendling. Gegründet im Jahr 1921, hat es sich zu einer Bildungseinrichtung mit aktuell 983 Schülern und 73 Lehrkräften (Stand: Schuljahr 2024/25) entwickelt, die von Schulleiterin Friederike Rappel geführt wird. Das pädagogische Konzept des Klenze-Gymnasiums zielt darauf ab, den Schülern nicht nur ein breit gefächertes gymnasiales Fachwissen zu vermitteln, sondern auch eine konsequente Werteerziehung zu fördern. Die Schule versteht sich als Lernort in einer sich stetig wandelnden Welt und bietet ein Umfeld, in dem Freude am Lernen und an der Entwicklung von Kompetenzen im Vordergrund stehen. Ein konstruktives Miteinander, basierend auf gegenseitiger Achtung und Wertschätzung, sowie eine tolerante, offene und ehrliche Kommunikation sind zentrale Säulen des Schullebens.

Zu den besonderen Angeboten zählen der ausgeprägte MINT-Schwerpunkt sowie vielfältige musikalische Möglichkeiten wie Bläser- und Streicherklassen, Orchester und Bläserensemble. Die Sprachenfolge umfasst Englisch als erste Fremdsprache, gefolgt von Latein oder Französisch. Zusätzlich können Chinesisch und Türkisch als spät beginnende Fremdsprachen ab der 11. Jahrgangsstufe gewählt werden. Zur individuellen Förderung bietet das Gymnasium Förderkurse in Deutsch, Französisch, Latein, Mathematik, Physik und Chemie für die Klassen 8 bis 10 an. Die 'Future-Lounge' unterstützt Elftklässler bei der Berufs- und Studienorientierung. Die Ausstattung der Schule wurde kürzlich durch einen neuen Pavillon und eine Dreifach-Turnhalle erweitert, die von Ende 2021 bis Januar 2026 gebaut wurden. Eine Mensa ist ebenfalls vorhanden.

Das Klenze-Gymnasium bietet ein offenes Ganztagsangebot mit Essensversorgung und Hausaufgabenbetreuung für die Jahrgangsstufen 5 bis 7. Die Hausaufgabenbetreuung findet in Kleingruppen statt und wird von qualifizierten Oberstufenschülern betreut. Die Schule liegt in der Wackersberger Straße 59 in 81371 München und ist gut in den Stadtteil Sendling integriert.","Klenze-Gymnasium München is a natural science and technology-focused Gymnasium in Sendling with 983 students and 73 teachers. It offers a MINT focus, music classes, diverse languages (English, Latin, French, Chinese, Turkish), and an open all-day program with homework supervision. The pedagogical concept promotes academic knowledge, values education, and constructive cooperation in a modern learning environment.","Das Klenze-Gymnasium München ist ein naturwissenschaftlich-technologisches Gymnasium in Sendling mit 983 Schülern und 73 Lehrkräften. Es bietet einen MINT-Schwerpunkt, musikalische Klassen, vielfältige Sprachen (Englisch, Latein, Französisch, Chinesisch, Türkisch) und ein offenes Ganztagsangebot mit Hausaufgabenbetreuung. Das pädagogische Konzept fördert Fachwissen, Werteerziehung und ein konstruktives Miteinander in einer modernen Lernumgebung.",,,,,,,,,,,,,,,,,,,,"{""opens"": ""2026-05-04"", ""closes"": ""2026-05-11"", ""notes"": ""Online-Voranmeldung von 08:00 Uhr bis 13:00 Uhr. Einreichung der Unterlagen bis 16:00 Uhr am 11. Mai 2026.""}","[""Online-Voranmeldung im Zeitraum vom 4. Mai 2026 (8:00 Uhr) – 11. Mai 2026 (13:00 Uhr)."", ""Einreichung der Unterlagen fristgerecht bis spätestens Montag, den 11. Mai 2026 (16:00 Uhr), postalisch oder durch Einwurf in den Briefkasten."", ""Erforderliche Unterlagen: Aufnahmebogen (unterschriebener Ausdruck der Online-Voranmeldung), Übertrittszeugnis IM ORIGINAL, Geburtsurkunde in Kopie, Kopie des Personalausweises (oder Passes) eines Erziehungsberechtigten, ggf. Sorgerechtsbescheid in Kopie, zwei Passfotos, ggf. Kopie des Zwischenzeugnisses (für Mittelschulen/Realschulen), ggf. Kopie des letzten Gutachtens bei Beeinträchtigung, Einwilligungserklärungen (Datenverarbeitung Eltern-Portal, Veröffentlichung personenbezogener Daten), Erklärung zum Religions-/Ethikunterricht, ggf. Mitschülerwunsch, ggf. verbindliche Anmeldung für Bläserklasse/OGTS."", ""Die Einschreibung kann nur durch Erziehungsberechtigte oder ihre bevollmächtigten Vertreter erfolgen."", ""Das Übertrittszeugnis muss im Original vorgelegt werden."", ""Anmeldung ist nur an einem Gymnasium verbindlich; eine Zweitschule kann angegeben werden.""]",2026-04-20T09:23:42Z,"Die Anmeldung für die neuen 5. Klassen erfolgt vorab über eine Online-Voranmeldung. Zusätzlich müssen die erforderlichen Unterlagen fristgerecht eingereicht werden. Das Übertrittszeugnis ist im Original vorzulegen. Es ist nur eine verbindliche Anmeldung an einem Gymnasium möglich, wobei eine Zweitschule angegeben werden kann.","Wackersberger Str. 59, 81371 München",Bayern,12076.0,65.5,1.0,1505022.0,5671.0,München: sicherste Großstadt Deutschlands (>200k Einwohner) seit 50 Jahren,city_aggregate,5671.0,376.8,6061.0,12076.0,802.4,München,91219.0,6061.0,134.0,8.9,134.0,91219.0,815.0,54.2,2026-08-22,"jedeschule.codefor.de (CC0, scraped from km.bayern.de)","Klenze-Gymnasium München is a well-established Gymnasium providing a comprehensive academic education aimed at university entrance. It offers a broad range of languages, including English, Latin, and French, and fosters scientific as well as artistic talents through diverse programs.",,,2025-12-11,73.0,,,983.0,München,BY,,66.0,2.0,121.0,22.0,6.0,129.0,0.0,91219.0,2024_25,2025
BY-SCHUL_SCHULSTANDORTEGYMNASIEN_ae72d070-a765-4c4f-bd79-61e3f462bc34,Luitpold-Gymnasium München,Gymnasien,Gymnasien,,1891.0,Seeaustr. 1,80538,München,,,,,Renate Matthias,918.0,73.0,,,,,"Englisch, Latein, Französisch, Russisch (ab Jgst. 11), Chinesisch (ab Jgst. 11)",,,,,,,,,,,,,,Nicht verfügbar (Bayern),,,,,,,,,,,Bayern Kultusministerium Schulsuche,"MINT, Musik, Sport, Erasmus+, Robotik, Umwelt-AG, Kooperation Residenztheater",48.1446075,11.5924715,,,,,,,,,,,,,,,,,,,,,,,,,,,,,,,,,,,,,,,,,,,,,,,,,,,,,,1.0,Durchschnittlich,Unknown,620.0,48.139635,11.588771,C,Unknown,623.0,48.139462,11.589174,D,Unknown,629.0,48.139546,11.588766,,Paradiesstraße,207.0,48.146346,11.592977,,Nationalmuseum/Haus der Kunst,363.0,48.143088,11.588474,,Lehel,631.0,48.139593,11.588581,2.0,Reitmorstraße/Sammlung Schack,283.0,48.142003,11.593683,,Nationalmuseum/Haus der Kunst,319.0,48.142903,11.589311,,Nationalmuseum/Haus der Kunst,402.0,48.143212,11.58782,,0.0,2; C; D,0.0,6.0,Biomarkt Bioparadies,"Lerchenfeldstraße 10, 80538 München, Germany",249.0,48.1466912,11.5934897,Cesar Markt,"Emil-Riedel-Straße 11, 80538 München, Germany",291.0,48.1468466,11.5945893,24 Stunden Supermarkt - Ben and Bred,"Sternstraße 21, 80538 München, Germany",470.0,48.1404626,11.590981,15.0,Pepino Pizza,"Oettingenstraße 26, 80538 München, Germany",58.0,48.144678299999995,11.5936109,SOLÂ,"Lerchenfeldstraße 2, 80538 München, Germany",109.0,48.144143199999995,11.5915101,Bistro Die Windrose,"Rosenbuschstraße 2, 80538 München, Germany",124.0,48.1453688,11.5939169,9.0,Stemerowitz GmbH Bakery pastry Cafe,"Emil-Riedel-Straße 2, 80538 München, Germany",159.0,48.1456416,11.5941489,Brotmanufaktur Schmidt GmbH & Co. KG,"Oettingenstraße 44, 80538 München, Germany",221.0,48.146454,11.593347,Restaurant Museum,"Prinzregentenstraße 3, 80538 München, Germany",256.0,48.1433134,11.5899159,4.0,Bambini - Krippe am Englischen Garten,"Lerchenfeldstraße 11, 80538 München, Germany",263.0,48.1468433,11.5931987,"Kinderkrippe ""Reitmorzwerge"" - Pari Kita","Reitmorstraße 29, 80538 München, Germany",330.0,48.141521,11.5929429,"""Haus für Kinder"" St.Anna im Lehel e.V.","Oettingenstraße 8, 80538 München, Germany",344.0,48.1414218,11.5922416,0.0,St.-Anna-Grundschule,"St.-Anna-Straße 22, 80538 München, Germany",584.0,48.1412762,11.5866612,Phorms Campus Munich,"Maria-Theresia-Straße 35, 81675 München, Germany",684.0,48.147194299999995,11.6011713,Städtisches Tagesheim an der Grundschule,"Kirchenstraße 11, 81675 München, Germany",1167.0,48.1349248,11.5993576,7.0,"Luitpold-Gymnasium München, founded in 1891 as the Royal Luitpold District Realschule, is a traditional educational institution in the heart of Munich. Originally designed with a strong focus on natural sciences and modern foreign languages to directly prepare students for the demands of the modern professional world, the school has continuously evolved. Since 1983, it has been co-educational, now providing a dynamic learning environment for 918 students and 73 teachers.

The pedagogical concept of Luitpold-Gymnasium is characterized by a combination of sound knowledge transfer and the promotion of intellectual abilities. A central concern is to educate students towards openness to the world, tolerance, and personal responsibility, which is supported by current topics in lessons as well as social and charitable projects.

As a science and technology-oriented and linguistic Gymnasium, Luitpold-Gymnasium offers a wide range of educational paths. The language sequence includes English, Latin, and French, supplemented by late-starting foreign languages such as Russian and Chinese from the 11th grade.

Special offers and focal points of the school include the MINT sector, with initiatives like robotics, as well as music (e.g., Big Band) and sports (e.g., events). International engagement is highlighted by the Erasmus+ program. An environmental club (Umwelt-AG) and cooperation with the Residenztheater further enrich school life.

Currently, Luitpold-Gymnasium is located at Seeaustraße 1 in the Lehel district, near the English Garden. For the 2025/2026 school year, a move to Elektrastraße 61 is planned to allow for a new building at the current site, which is expected to be ready by the 2030/31 school year. The school also offers an open all-day school (OGTS) with homework supervision.",,,,,,,,,,,,"Das Luitpold-Gymnasium München, gegründet 1891 als Königliche Luitpold-Kreisrealschule, ist eine traditionsreiche Bildungseinrichtung im Herzen Münchens. Ursprünglich mit einem starken Fokus auf Naturwissenschaften und moderne Fremdsprachen konzipiert, um Schüler direkt auf die Anforderungen der modernen Berufswelt vorzubereiten, hat sich die Schule kontinuierlich weiterentwickelt. Seit 1983 ist sie koedukativ und bietet heute 918 Schülern und 73 Lehrkräften ein dynamisches Lernumfeld.

Das pädagogische Konzept des Luitpold-Gymnasiums zeichnet sich durch eine Verbindung von fundierter Wissensvermittlung und der Förderung geistiger Fähigkeiten aus. Ein zentrales Anliegen ist die Erziehung zu Offenheit gegenüber der Welt, Toleranz und persönlichem Verantwortungsgefühl, was durch aktuelle Bezüge im Unterricht sowie soziale und karitative Projekte unterstützt wird.

Als naturwissenschaftlich-technologisches und sprachliches Gymnasium bietet das Luitpold-Gymnasium ein breites Spektrum an Ausbildungsrichtungen. Die Sprachenfolge umfasst Englisch, Latein und Französisch, ergänzt durch spät beginnende Fremdsprachen wie Russisch und Chinesisch ab der 11. Jahrgangsstufe.

Besondere Angebote und Schwerpunkte der Schule liegen im MINT-Bereich, mit Initiativen wie Robotik, sowie in Musik (z.B. Big Band) und Sport (z.B. Events). Das internationale Engagement wird durch das Erasmus+-Programm unterstrichen. Eine Umwelt-AG und die Kooperation mit dem Residenztheater bereichern das schulische Leben zusätzlich.

Aktuell befindet sich das Luitpold-Gymnasium in der Seeaustraße 1 im Stadtteil Lehel, nahe dem Englischen Garten. Für das Schuljahr 2025/2026 ist ein Umzug in die Elektrastraße 61 geplant, um am bisherigen Standort einen Neubau zu ermöglichen, der voraussichtlich zum Schuljahr 2030/31 bezugsfertig sein wird. Die Schule bietet zudem eine offene Ganztagsschule (OGTS) mit Hausaufgabenbetreuung an.","Luitpold-Gymnasium Munich is a traditional school founded in 1891, currently serving 918 students and 73 teachers. It offers a science and technology-oriented and linguistic profile with a focus on MINT, music, and sports, as well as international programs like Erasmus+. The school emphasizes openness, tolerance, and preparation for the modern professional world.","Das Luitpold-Gymnasium München ist eine traditionsreiche Schule, die 1891 gegründet wurde und heute 918 Schüler und 73 Lehrkräfte zählt. Es bietet ein naturwissenschaftlich-technologisches und sprachliches Profil mit Schwerpunkten in MINT, Musik und Sport sowie internationalen Programmen wie Erasmus+. Die Schule legt Wert auf Offenheit, Toleranz und die Vorbereitung auf die moderne Berufswelt.",,,,,,,,,,,,,,,,,,,,"{""opens"": ""2026-04-13"", ""closes"": ""2026-05-11"", ""notes"": ""Die digitale Voranmeldung ist ab dem 13. April 2026 freigeschaltet. Die Einschreibung für die neuen fünften Klassen findet am 11. Mai 2026 statt.""}","[""Digitale Voranmeldung ab 2026-04-13 freigeschaltet."", ""Einschreibung für neue fünfte Klassen am 2026-05-11.""]",2026-04-20T09:23:20Z,Die Einschreibung für die neuen fünften Klassen zum Schuljahr 2026/2027 findet am 11. Mai 2026 statt. Eine digitale Voranmeldung ist ab dem 13. April 2026 möglich.,"Seeaustr. 1, 80538 München",Bayern,12076.0,65.5,1.0,1505022.0,5671.0,München: sicherste Großstadt Deutschlands (>200k Einwohner) seit 50 Jahren,city_aggregate,5671.0,376.8,6061.0,12076.0,802.4,München,91219.0,6061.0,134.0,8.9,134.0,91219.0,815.0,54.2,2026-08-22,"jedeschule.codefor.de (CC0, scraped from km.bayern.de)","Luitpold-Gymnasium Munich is a traditional Gymnasium providing a comprehensive academic education that culminates in the Abitur. It offers a broad curriculum with a strong emphasis on natural sciences, humanities, and a diverse language program, typically including English, Latin, and French. The school is dedicated to fostering individual talents and optimally preparing its students for successful university studies.",,,2026-04-15,73.0,,,918.0,München,BY,,49.0,0.0,86.0,10.0,4.0,90.0,0.0,91219.0,2024_25,2025
BY-SCHUL_SCHULSTANDORTEGYMNASIEN_7fcb1ac0-c4d4-4306-a80b-1e654e282f2c,Maria-Theresia-Gymnasium München,Gymnasien,Gymnasien,,1899.0,Regerplatz 1,81541,München,,,,,,851.0,79.0,,,,,"Englisch, Latein, Französisch, Spanisch, Italienisch",,,,,,,,,,,,,,Nicht verfügbar (Bayern),,,,,,,,,,,Bayern Kultusministerium Schulsuche,"MINT-Schwerpunkt, Förderklassen für Hochbegabte, Seminarschule, Naturwissenschaftlich-technologisches und sprachliches Gymnasium.",48.1241986,11.5886091,,,,,,,,,,,,,,,,,,,,,,,,,,,,,,,,,,,,,,,,,,,,,,,,,,,,,,1.0,Durchschnittlich,Rosenheimer Platz,641.0,48.129184,11.593075,,Sankt-Martin-Straße,834.0,48.118558,11.595778,,Unknown,961.0,48.120559,11.576837,D,Regerplatz,38.0,48.124352,11.588025,,Carl-Amery-Platz,380.0,48.121445,11.585677,,Carl-Amery-Platz,442.0,48.120989,11.585192,,Regerplatz,27.0,48.124415,11.588216,,Regerplatz,41.0,48.124279,11.587974,,Regerplatz,64.0,48.124586,11.589253,,0.0,D,0.0,5.0,NORMA Filiale,"Regerstraße 66, 81541 München, Germany",248.0,48.1225665,11.5863908,EDEKA,"Welfenstraße 24, 81541 München, Germany",259.0,48.122004,11.5892339,PENNY,"Rablstraße 26, 81669 München, Germany",398.0,48.1271242,11.5917833,19.0,La Caffettiera,"Regerpl. 2, 81541 München, Germany",66.0,48.1239129,11.5878224,le Plaisant,"Regerpl. 3, 81541 München, Germany",79.0,48.12419070000001,11.5874582,SMASH IT! HAIDHAUSEN,"Gebsattelstraße 15, 81541 München, Germany",96.0,48.1242719,11.5898193,10.0,La Caffettiera,"Regerpl. 2, 81541 München, Germany",66.0,48.1239129,11.5878224,Galerie-Café Käthe,"Gebsattelstraße 34, 81541 München, Germany",105.0,48.1239242,11.5898264,Müller,"Drächslstraße 12, 81541 München, Germany",106.0,48.1235565,11.5894503,7.0,Kindergarten Schmetterling,"Gebsattelstraße 32, 81541 München, Germany",87.0,48.1240719,11.589646,Wurzelkinder e.V.,"Welfenstraße 31, 81541 München, Germany",280.0,48.1227218,11.5914753,Haus für Kinder Welfenhöfe,"Welfenstraße 34, 81541 München, Germany",283.0,48.1219815,11.5901474,4.0,Weilerschule,"Weilerstraße 1, 81541 München, Germany",170.0,48.12299720000001,11.5872841,Grund- und Mittelschule an der Hochstraße,"Hochstraße 31, 81669 München, Germany",234.0,48.1260844,11.5868858,Staatliche Grundschule,"Mariahilfpl. 18, 81541 München, Germany",494.0,48.1247504,11.5819064,19.0,"The Maria-Theresia-Gymnasium (MTG) in Munich, located at Regerplatz 1 in the Au district, is a traditional state gymnasium founded in 1899. The school is well-connected to public transport and provides comprehensive education to approximately 851 students. With 79 teachers in the 2024/25 school year, the MTG follows a pedagogical concept based on holistic development, aiming to impart a profound general education and support the personal growth of each individual.

The school's profile is characterized by its dual orientation as a scientific-technological and linguistic gymnasium. A particular focus lies in the STEM fields (Mathematics, Informatics, Natural Sciences, Technology). As a member of the national excellence network MINT-EC, the MTG offers its students diverse opportunities such as research camps at universities and the chance to earn the MINT-EC certificate. The school is renowned for its students' successful participation in national and international competitions like the Mathematics and Physics Olympiads, and ""Jugend forscht"".

A distinctive feature is the support classes for gifted students, established in 1998. In cooperation with the Ludwig-Maximilians-Universität München (LMU), these students receive special ""Enrichment"" lessons, allowing them to conduct their own experiments in the biology and physics faculties. The language offerings include English, Latin, French, Spanish, and Italian, with English and French also available as language sequences in the scientific-technological branch.

As a ""Seminarschule"" (training school), the MTG contributes to the education of teaching interns in various subjects. Instruction follows the G9 model, leading to the Abitur after nine school years. The school day begins at 8:00 AM and concludes no later than 4:15 PM. In addition to regular classes, numerous elective and ""Plus"" courses enrich the curriculum.

The historic school building, a Neo-Baroque group structure from 1898/99, was restored and expanded after war damage, including the addition of two gymnasiums. The school also offers an open full-day school operation, enhancing its childcare services. Collaborations with the German Aerospace Center (DLR) and the Technical University of Munich (TUM) underscore the school's practical orientation.",,,,,,,,,,,,"Das Maria-Theresia-Gymnasium (MTG) in München, gelegen am Regerplatz 1 im Stadtteil Au, ist ein traditionsreiches staatliches Gymnasium mit einer Gründung im Jahr 1899. Die Schule ist gut an das öffentliche Verkehrsnetz angebunden und bietet rund 851 Schülerinnen und Schülern eine umfassende Bildung. Mit 79 Lehrkräften im Schuljahr 2024/25 verfolgt das MTG ein pädagogisches Konzept, das auf einer ganzheitlichen Förderung basiert, um eine vertiefte Allgemeinbildung zu vermitteln und die Persönlichkeitsentwicklung jedes Einzelnen zu unterstützen.

Das Schulprofil zeichnet sich durch eine Doppelorientierung als naturwissenschaftlich-technologisches und sprachliches Gymnasium aus. Ein besonderer Schwerpunkt liegt im MINT-Bereich (Mathematik, Informatik, Naturwissenschaften, Technik). Als Mitglied des nationalen Excellence-Netzwerks MINT-EC bietet das MTG seinen Schülern vielfältige Angebote wie Forschungs-Camps an Universitäten und die Möglichkeit, das MINT-EC-Zertifikat zu erwerben. Die Schule ist bekannt für die erfolgreiche Teilnahme ihrer Schüler an nationalen und internationalen Wettbewerben wie der Mathematik- und Physikolympiade sowie ""Jugend forscht"".

Ein herausragendes Merkmal sind die seit 1998 bestehenden Förderklassen für Hochbegabte. In Kooperation mit der Ludwig-Maximilians-Universität München (LMU) erhalten diese Schüler speziellen ""Enrichment""-Unterricht, bei dem sie eigene Experimente in den Fakultäten für Biologie und Physik durchführen können. Das Sprachenangebot umfasst Englisch, Latein, Französisch, Spanisch und Italienisch, wobei Englisch und Französisch auch als Sprachenfolge im naturwissenschaftlich-technologischen Zweig angeboten werden.

Als Seminarschule trägt das MTG zur Ausbildung von Lehramtsreferendaren in verschiedenen Fächern bei. Der Unterricht findet im G9-Modell statt, das zum Abitur nach neun Schuljahren führt. Der Schultag beginnt um 8:00 Uhr und endet spätestens um 16:15 Uhr. Neben dem regulären Unterricht bereichern zahlreiche Wahl- und Pluskurse das Angebot.

Das historische Schulgebäude, ein neubarocker Gruppenbau von 1898/99, wurde nach Kriegsschäden instand gesetzt und erweitert, unter anderem um zwei Turnhallen. Die Schule bietet zudem einen Ganztagsschulbetrieb in offener Form an, was den Betreuungsangeboten zugutekommt. Kooperationen mit dem Deutschen Zentrum für Luft- und Raumfahrt (DLR) und der Technischen Universität München (TUM) unterstreichen die praxisnahe Ausrichtung der Schule.","The Maria-Theresia-Gymnasium Munich is a traditional state gymnasium with a scientific-technological and linguistic focus. It offers support classes for gifted students, is a MINT-EC school and a training school, providing a comprehensive educational program and full-day care.","Das Maria-Theresia-Gymnasium München ist ein traditionsreiches staatliches Gymnasium mit naturwissenschaftlich-technologischem und sprachlichem Schwerpunkt. Es bietet Förderklassen für Hochbegabte, ist MINT-EC-Schule und Seminarschule, mit einem umfassenden Bildungsangebot und Ganztagsbetreuung.",,,,,,,,,,,,,,,,,,,,"{""opens"": null, ""closes"": ""2026-05-13"", ""notes"": ""Anmeldezeitraum für den Quereinstieg in die Hochbegabtenklassen (Klasse 6-9) endet am 13. Mai 2026 um 10:00 Uhr für die Einreichung der Unterlagen.""}","[""Für die reguläre 5. Klasse richtet sich die Aufnahme nach der Zahl der freien Plätze (Kapazitäten)."", ""Erforderliche Unterlagen für die Anmeldung: unterschriebener Ausdruck der Online-Anmeldung aller Erziehungsberechtigten, Geburtsurkunde des Kindes (ggf.), Nachweis gemäß Masernschutzgesetz (Impfpass des Kindes als Kopie), Deutscher Personalausweis eines Erziehungsberechtigten oder Reisepass mit aktueller Meldebescheinigung (Kopie)."", ""Für den Quereinstieg in die Förderklassen (Klasse 6-9) sind folgende Unterlagen einzureichen: Online-Anmeldung, Motivationsschreiben (max. eine DIN A4-Seite), Datenschutzerklärung, Kopie des letzten Jahreszeugnisses, Gutachten der Klassenleitung (wird direkt von der Schule zugeschickt)."", ""Eine IQ-Testung für die Förderklassen erfolgt im Rahmen des Aufnahmeverfahrens am MTG; vorhandene IQ-Tests können per E-Mail eingereicht werden."", ""Die Reihenfolge des Eingangs der Anmeldung spielt für die Bewerbung für die Förderklassen keine Rolle."", ""Wenn bis Mai 2026 keine Ablehnung erfolgt, ist der Platz am MTG für das Kind gesichert.""]",2026-04-20T09:24:09Z,"Die Online-Anmeldung für die Aufnahme in die Förderklassen für Hochbegabte ist nach Abschluss der Informationsveranstaltung möglich. Für die reguläre 5. Klasse sind die genauen Anmeldefristen nicht explizit genannt, aber die Annahme erfolgt, wenn bis Mai 2026 keine Rückmeldung erfolgt.","Regerplatz 1, 81541 München",Bayern,12076.0,65.5,1.0,1505022.0,5671.0,München: sicherste Großstadt Deutschlands (>200k Einwohner) seit 50 Jahren,city_aggregate,5671.0,376.8,6061.0,12076.0,802.4,München,91219.0,6061.0,134.0,8.9,134.0,91219.0,815.0,54.2,2026-08-22,"jedeschule.codefor.de (CC0, scraped from km.bayern.de)","The Maria-Theresia-Gymnasium München is a well-established Gymnasium, comprehensively preparing its students for university studies. It offers a broad curriculum with a strong focus on modern and classical languages (e.g., English, French, Latin) as well as the natural sciences. The school also fosters individual talents through diverse extracurricular activities and cultural projects.",,,2026-04-14,79.0,,,851.0,München,BY,,44.0,0.0,68.0,15.0,7.0,75.0,0.0,91219.0,2024_25,2025
BY-SCHUL_SCHULSTANDORTEGYMNASIEN_8d964f40-272f-47aa-a1ef-e4420ea3934f,Max-Planck-Gymnasium München,Gymnasien,Gymnasien,,1945.0,Weinbergerstr. 29,81241,München,,,,,Ullrich Ebert,1108.0,86.0,,,,,"Englisch, Latein, Französisch, Italienisch",,,,,,,,,,,,,,Nicht verfügbar (Bayern),,,,,,,,,,,Bayern Kultusministerium Schulsuche,"MINT-Schwerpunkt (Jugend forscht, Roboter-AG), Sprachliches Gymnasium, Theater-/iPad-Klassen, Schulbrauerei, TUM Partnerschule, Ganztag.",48.139584,11.4703754,,,,,,,,,,,,,,,,,,,,,,,,,,,,,,,,,,,,,,,,,,,,,,,,,,,,,,1.0,Durchschnittlich,,,,,,,,,,,,,,,,Westbad,552.0,48.14229,11.475389,,Westbad,563.0,48.142246,11.475587,,Am Knie,629.0,48.145471,11.470959,,Benedikterstraße,47.0,48.140434,11.468811,,Benedikterstraße,79.0,48.140342,11.467829,,Westbad,366.0,48.141602,11.473092,,0.0,,0.0,0.0,,,,,,,,,,,,,,,,2.0,Prinzregent Garten,"Benedikterstraße 35, 81241 München, Germany",84.0,48.14074050000001,11.4690339,Aurora im Grünen Kranz,"Georg-Habel-Straße 50, 81241 München, Germany",459.0,48.14281870000001,11.4642352,,,,,,0.0,,,,,,,,,,,,,,,,2.0,"Kindergarten Pasinger Grashüpfer e.V., Eltern-Kind-Initiative","Benedikterstraße 35, 81241 München, Germany",97.0,48.1408407,11.4691892,Die kleinen Ritter,"Otto-Engl-Platz 5, 81241 München, Germany",444.0,48.142046,11.4636309,Kindertagesstätte Villa Kunterbunt,"Fritz-Berne-Straße 49, 81241 München, Germany",567.0,48.1442335,11.4730523,0.0,Staatl. Grundschule an der Bäckerstraße,"Bäckerstraße 58, 81241 München, Germany",595.0,48.138843099999995,11.460953,Grundschule am Schererplatz,"Schererpl. 3, 81241 München, Germany",725.0,48.1450916,11.4626605,Grundschule an der Hermine-von-Parish-Straße,"Hermine-von-Parish-Straße 15, 81245 München, Germany",1303.0,48.1503764,11.4769723,7.0,"The Max-Planck-Gymnasium Munich, located at Weinbergerstraße 29 in the Pasing district of Munich, is a state-run gymnasium with a rich tradition, tracing its origins back to 1910 and re-established in 1945. It adopted its current name in 1965. With 1108 students and 86 teachers, the school offers a diverse educational program as both a natural science and technology-oriented gymnasium (NTG) and a linguistic gymnasium (SG). Its strong MINT focus is highlighted by numerous offerings such as MINT subject promotion, the successful Robotics Club (regularly participating in the First Lego League), and involvement in the GLOBE program. In the linguistic field, students can choose from English, Latin, French, and Italian, with Russian also offered as a late-starting foreign language. Special pedagogical concepts include theater and iPad classes, fostering a modern and creative learning environment. As a TUM Partner School, the gymnasium maintains a close connection with the Technical University of Munich, opening up additional opportunities for students. The school also provides a bound all-day program for 5th and 6th graders, including lunch in the school's own canteen. Facilities include modern classrooms and a school brewery, promoting hands-on learning. Its location in Pasing ensures good accessibility and integration into Munich's urban environment. The school is led by Ulrich Ebert.",,,,,,,,,,,,"Das Max-Planck-Gymnasium München, gelegen in der Weinbergerstraße 29 im Münchner Stadtteil Pasing, ist ein staatliches Gymnasium mit einer langen Tradition, dessen Ursprünge bis ins Jahr 1910 zurückreichen und das 1945 neu gegründet wurde. Seit 1965 trägt es seinen heutigen Namen. Mit 1108 Schülern und 86 Lehrkräften bietet die Schule ein vielfältiges Bildungsangebot als naturwissenschaftlich-technologisches (NTG) und sprachliches Gymnasium (SG). Der MINT-Schwerpunkt wird durch zahlreiche Angebote wie die Förderung in MINT-Fächern, die erfolgreiche Roboter-AG (die regelmäßig an der First Lego League teilnimmt) und die Teilnahme am GLOBE-Programm unterstrichen. Im sprachlichen Bereich können Schüler zwischen Englisch, Latein, Französisch und Italienisch wählen, wobei auch Russisch als spät beginnende Fremdsprache angeboten wird. Besondere pädagogische Konzepte umfassen Theater- und iPad-Klassen, die eine moderne und kreative Lernumgebung fördern. Als TUM Partnerschule pflegt das Gymnasium eine enge Verbindung zur Technischen Universität München, was den Schülern zusätzliche Perspektiven eröffnet. Die Schule bietet zudem ein gebundenes Ganztagsangebot für die 5. und 6. Jahrgangsstufe mit Mittagsverpflegung in der schuleigenen Mensa. Die Ausstattung umfasst neben modernen Unterrichtsräumen auch eine Schulbrauerei, die das praxisnahe Lernen fördert. Die Lage in Pasing ermöglicht eine gute Erreichbarkeit und Einbindung in das städtische Umfeld Münchens. Die Schulleitung obliegt Ulrich Ebert.","The Max-Planck-Gymnasium Munich is a state-run natural science and technology-oriented and linguistic gymnasium in Pasing with 1108 students and 86 teachers. It features a MINT focus, diverse language offerings (English, Latin, French, Italian, Russian), and special pedagogical concepts like theater and iPad classes. The school is a TUM Partner School and provides a bound all-day program for junior grades.","Das Max-Planck-Gymnasium München ist ein staatliches naturwissenschaftlich-technologisches und sprachliches Gymnasium in Pasing mit 1108 Schülern und 86 Lehrkräften. Es bietet einen MINT-Schwerpunkt, vielfältige Sprachangebote (Englisch, Latein, Französisch, Italienisch, Russisch) und besondere pädagogische Konzepte wie Theater- und iPad-Klassen. Die Schule ist eine TUM Partnerschule und bietet ein gebundenes Ganztagsangebot für die Unterstufe.",,,,,,,,,,,,,,,,,,,,"{""opens"": null, ""closes"": ""2026-05-11"", ""notes"": ""Die Einschreibung für das Schuljahr 2026/2027 findet am Montag, den 11. Mai 2026 statt. Alle Informationen dazu, wie die Einschreibung abläuft und welche Unterlagen benötigt werden, werden rechtzeitig auf der Homepage zur Verfügung gestellt.""}","[""Notendurchschnitt von mindestens 2,33 in Deutsch, Mathematik und HSU im Übertrittszeugnis."", ""Teilnahme am Probeunterricht bei nicht festgestellter Eignung für das Gymnasium.""]",2026-04-20T09:25:42Z,Die Einschreibung erfolgt in der Regel online mit anschließender Übermittlung der erforderlichen Anmeldeunterlagen per Post oder Einwurf in den Briefkasten der Schule. Eine persönliche Vorsprache ist in Ausnahmefällen nach telefonischer Terminvereinbarung möglich.,"Weinbergerstr. 29, 81241 München",Bayern,12076.0,65.5,1.0,1505022.0,5671.0,München: sicherste Großstadt Deutschlands (>200k Einwohner) seit 50 Jahren,city_aggregate,5671.0,376.8,6061.0,12076.0,802.4,München,91219.0,6061.0,134.0,8.9,134.0,91219.0,815.0,54.2,2026-08-22,"jedeschule.codefor.de (CC0, scraped from km.bayern.de)","The Max-Planck-Gymnasium Munich is a prestigious Gymnasium known for its strong academic profile with a particular emphasis on natural sciences, preparing students for university entrance. It offers a comprehensive language program, including English, Latin, and French, and fosters a research-oriented approach to learning, particularly in STEM fields, providing diverse project opportunities.",,,2026-02-26,86.0,,,1108.0,München,BY,,11.0,0.0,21.0,2.0,1.0,22.0,56.0,91219.0,2024_25,2025
BY-SCHUL_SCHULSTANDORTEGYMNASIEN_79492b36-b83c-4fa4-89d8-285be4f98e78,Rupprecht-Gymnasium München,Gymnasien,Gymnasien,,1911.0,Albrechtstr. 7,80636,München,,,,,Robert Grahl,1161.0,91.0,,,,,"Englisch, Latein, Französisch",,,,,,,,,,,,,,Nicht verfügbar (Bayern),,,,,,,,,,,Bayern Kultusministerium Schulsuche,"Naturwissenschaftlich-technologisches und sprachliches Gymnasium, MINT-EC, Italienische Sektion",48.1515414,11.544183,,,,,,,,,,,,,,,,,,,,,,,,,,,,,,,,,,,,,,,,,,,,,,,,,,,,,,1.0,Durchschnittlich,Maillingerstraße,112.0,48.150509,11.544656,C,Maillingerstraße,113.0,48.150448,11.5443,B,Maillingerstraße,142.0,48.150182,11.544181,A,Albrechtstraße,543.0,48.155647,11.540406,,Fasaneriestraße,657.0,48.157348,11.543532,,Marsstraße,734.0,48.14503,11.541916,,Maillingerstraße,86.0,48.150879,11.544933,,Maillingerstraße,127.0,48.150315,11.544273,,Landshuter Allee,443.0,48.151524,11.538195,,0.0,A; B; C,0.0,12.0,etepetete GmbH,"Lazarettstraße 4, 80636 München, Germany",89.0,48.1510719,11.5452082,Köstliches Obst & Gemüse vom Italiener,"Lazarettstraße 94, 80636 München, Germany",108.0,48.1505197,11.5445305,Pela Antipasti Bar,"Alfonsstraße 9, 80636 München, Germany",166.0,48.1522142,11.5422279,20.0,Chiang Shing,"Nymphenburger Str. 98, 80636 München, Germany",90.0,48.150769999999994,11.54352,Hao92,"Nymphenburger Str. 92, 80636 München, Germany",150.0,48.1504197,11.5454471,Domino's Pizza München Neuhausen-Nymphenburg,"Nymphenburger Str. 90E, 80636 München, Germany",184.0,48.15031510000001,11.5459561,15.0,Die Mercerie,"Nymphenburger Str. 96, 80636 München, Germany",81.0,48.1507693,11.5438037,Ludwig Stocker Hofpfisterei GmbH,"Lazarettstraße 2, 80636 München, Germany",119.0,48.1505934,11.5451122,Bäckerei Müller,"Nymphenburger Str. 92, 80636 München, Germany",134.0,48.1504153,11.545074200000002,7.0,Villa Kunterbunt GmbH | Neuhausen,"Elvirastraße 2, 80636 München, Germany",175.0,48.150035800000005,11.5431579,Die WeltEntdecker Kinderkrippe,"Thorwaldsenstraße 33, 80335 München, Germany",205.0,48.1515286,11.5469284,Elterninitiative Arcoiris e.V.,"Blutenburgstraße 68, 80636 München, Germany",237.0,48.1493945,11.5433647,2.0,Grundschule an der Alfonsstraße München,"Alfonsstraße 8, 80636 München, Germany",91.0,48.151847499999995,11.5430767,Elementary school at the Blutenburgstrasse,"Blutenburgstraße 3, 80636 München, Germany",468.0,48.1479751,11.5477155,Primary school with day care at the Helmholtzstraße,"Helmholtzstraße 6, 80636 München, Germany",811.0,48.1445498,11.5406428,20.0,"Rupprecht-Gymnasium München, or RGM, is a state-run Gymnasium located in the Neuhausen-Nymphenburg district, near Rotkreuzplatz. Founded in 1911 as the “Königliche Rupprecht-Kreisrealschule,” it has evolved into a renowned educational institution, currently educating 1161 students with a faculty of 91 teachers. The school offers both a scientific-technological and a linguistic branch, placing great emphasis on community, mutual responsibility, and an open and respectful interaction.

The pedagogical concept of Rupprecht-Gymnasium fosters curiosity for the unknown and active participation. As a MINT-EC school, it is particularly strong in mathematics, computer science, natural sciences, and technology, and is authorized to issue the MINT-EC certificate. In the linguistic field, English, Latin, and French are offered, complemented by an Italian section starting from the 8th grade and the option of a late-starting French language from the 11th grade. Additionally, there are instrumental classes and bilingual teaching offers.

The school's facilities are modern and well-maintained, including a new building at Albrechtstraße 6. The Gymnasium also serves as a training school for student teachers in various subjects. For student care, an open all-day school program is provided, with specific care offers for grades 5 to 7 from Monday to Thursday in cooperation with external partners. Lunch is also available. The school offers the Abitur after nine years of schooling (G9). Its location in Neuhausen-Nymphenburg provides good connectivity and an urban environment.",,,,,,,,,,,,"Das Rupprecht-Gymnasium München, kurz RGM, ist ein staatliches Gymnasium im Stadtbezirk Neuhausen-Nymphenburg, nahe dem Rotkreuzplatz. Gegründet im Jahr 1911 als „Königliche Rupprecht-Kreisrealschule“, hat es sich zu einer renommierten Bildungseinrichtung entwickelt, die derzeit 1161 Schülerinnen und Schüler von 91 Lehrkräften unterrichtet. Die Schule bietet sowohl einen naturwissenschaftlich-technologischen als auch einen sprachlichen Zweig an und legt großen Wert auf Gemeinschaft, gegenseitige Verantwortung sowie ein offenes und respektvolles Miteinander.

Das pädagogische Konzept des Rupprecht-Gymnasiums fördert die Neugier auf Unbekanntes und die aktive Mitgestaltung. Als MINT-EC-Schule ist es besonders im Bereich Mathematik, Informatik, Naturwissenschaften und Technik profiliert und berechtigt zur Vergabe des MINT-EC-Zertifikats. Im sprachlichen Bereich werden Englisch, Latein und Französisch angeboten, ergänzt durch eine italienische Sektion ab der 8. Jahrgangsstufe und die Möglichkeit einer spät beginnenden Fremdsprache Französisch ab der 11. Klasse. Zudem gibt es Instrumentalklassen und bilinguale Unterrichtsangebote.

Die Ausstattung der Schule ist modern und gut gepflegt, inklusive eines Neubaus an der Albrechtstraße 6. Das Gymnasium ist auch eine Seminarschule, die Referendare in verschiedenen Fächern ausbildet. Für die Betreuung der Schülerinnen und Schüler wird ein offener Ganztagsbetrieb angeboten, mit speziellen Betreuungsangeboten für die Klassen 5 bis 7 von Montag bis Donnerstag in Kooperation mit externen Partnern. Ein Mittagessen ist ebenfalls verfügbar. Die Schule bietet das Abitur nach neun Schuljahren (G9) an. Die Lage in Neuhausen-Nymphenburg bietet eine gute Anbindung und ein städtisches Umfeld.","Rupprecht-Gymnasium München is a state-run scientific-technological and linguistic Gymnasium with 1161 students and 91 teachers. Founded in 1911, it is a MINT-EC school featuring an Italian section and an open all-day program. The school emphasizes community, offers a wide range of languages, and boasts modern facilities.",Das Rupprecht-Gymnasium München ist ein staatliches naturwissenschaftlich-technologisches und sprachliches Gymnasium mit 1161 Schülern und 91 Lehrkräften. Es wurde 1911 gegründet und ist eine MINT-EC-Schule mit einer italienischen Sektion und einem offenen Ganztagsangebot. Die Schule legt Wert auf Gemeinschaft und bietet ein breites Sprachenangebot sowie moderne Ausstattung.,,,,,,,,,,,,,,,,,,,,"{""opens"": null, ""closes"": ""2026-05-11"", ""notes"": ""Die digitale Voranmeldung begann am 9. Februar 2026. Die letzte Möglichkeit zur Anmeldung ist am 11. Mai 2026. Der Probeunterricht findet vom 19. bis 21. Mai 2026 statt.""}","[""Digitale Voranmeldung ist möglich."", ""Geburtsurkunde und Impfpass (oder Bestätigung über die Masernimpfung) sind im Sekretariat einzureichen."", ""Probeunterricht findet statt.""]",2026-04-20T09:26:00Z,Für die Anmeldung der neuen 5. Klassen ist eine digitale Voranmeldung möglich. Nach der digitalen Anmeldung sind Geburtsurkunde und Impfpass zeitnah im Sekretariat einzureichen. Die letzte Anmeldemöglichkeit ist der 11. Mai 2026. Der Probeunterricht findet vom 19. bis 21. Mai 2026 statt.,"Albrechtstr. 7, 80636 München",Bayern,12076.0,65.5,1.0,1505022.0,5671.0,München: sicherste Großstadt Deutschlands (>200k Einwohner) seit 50 Jahren,city_aggregate,5671.0,376.8,6061.0,12076.0,802.4,München,91219.0,6061.0,134.0,8.9,134.0,91219.0,815.0,54.2,2026-08-22,"jedeschule.codefor.de (CC0, scraped from km.bayern.de)","Rupprecht-Gymnasium Munich is a well-established Gymnasium offering a comprehensive academic education designed to prepare students for successful university studies. The school emphasizes a strong linguistic foundation, typically including English and Latin, often complemented by modern foreign languages, alongside profiles in natural sciences or humanities. It fosters critical thinking and social responsibility within a challenging and supportive learning environment.",,,2026-03-03,91.0,,,1161.0,München,BY,,71.0,0.0,85.0,13.0,12.0,97.0,0.0,91219.0,2024_25,2025
BY-SCHUL_SCHULSTANDORTEGYMNASIEN_45eff82c-d299-4740-832a-b13944a2202f,Pestalozzi-Gymnasium München,Gymnasien,Gymnasien,,1965.0,Eduard-Schmid-Str. 1,81541,München,,,,,Martin Mai,847.0,86.0,,,,,"Englisch, Französisch, Italienisch, Latein, Spanisch",,,,,,,,,,,,,,Nicht verfügbar (Bayern),,,,,,,,,,,Bayern Kultusministerium Schulsuche,"Musisches Gymnasium, Musikschwerpunkt (Chöre, Orchester, Theater), Kunst, MINT, Schule ohne Rassismus – Schule mit Courage.",48.1273073,11.5824139,,,,,,,,,,,,,,,,,,,,,,,,,,,,,,,,,,,,,,,,,,,,,,,,,,,,,,1.0,Durchschnittlich,Unknown,486.0,48.128367,11.575935,C,Unknown,504.0,48.128468,11.575717,,Unknown,521.0,48.128206,11.575419,D,Eduard-Schmid-Straße,330.0,48.12628,11.578398,,Eduard-Schmid-Straße,330.0,48.126211,11.578437,,Mariahilfplatz,402.0,48.124039,11.581344,,Schweigerstraße,92.0,48.126812,11.582826,,Schweigerstraße,115.0,48.126686,11.583147,,Corneliusbrücke,295.0,48.129445,11.579538,,0.0,C; D,0.0,3.0,EDEKA,"Zeppelinstraße 25, 81541 München, Germany",137.0,48.1263618,11.5821735,Cäsars VitaminReich,"Ohlmüllerstraße 11, 81541 München, Germany",309.0,48.125826,11.5791677,Feinkost bei Silvia,"Ohlmüllerstraße 26, 81541 München, Germany",366.0,48.12453670000001,11.5805198,20.0,Apostel's Restaurant,"Schweigerstraße 10, 81541 München, Germany",80.0,48.1268756,11.5822568,L'Incontro,"Lilienstraße 67, 81669 München, Germany",189.0,48.1278005,11.5849043,Frau im Mond - Dachterrasse,"Rooftop Deutsches Museum, Museumsinsel 1, 80538 München, Germany",193.0,48.1292759,11.5817598,20.0,Henry hat Hunger,"Zeppelinstraße 27, 81541 München, Germany",105.0,48.1266422,11.582442,Brez'n Eck,"Schweigerstraße 14, 81541 München, Germany",107.0,48.1266519,11.5827079,Frau im Mond - Dachterrasse,"Rooftop Deutsches Museum, Museumsinsel 1, 80538 München, Germany",193.0,48.1292759,11.5817598,4.0,Marienkäfer e.V. / Kindergarten,"Bereiteranger 3, 81541 München, Germany",235.0,48.1267133,11.5794967,FortSchritt - Conductive day care,"Mariahilfpl. 9, 81541 München, Germany",263.0,48.1258375,11.5847639,Kita Kinderreich,"Ohlmüllerstraße 40, 81541 München, Germany",431.0,48.1237837,11.5812594,5.0,Staatliche Grundschule,"Mariahilfpl. 18, 81541 München, Germany",318.0,48.1247504,11.5819064,Mittagsbetreuung der Grundschule am Mariahilfplatz e.V.,"Mariahilfpl. 18, 81541 München, Germany",318.0,48.1247504,11.5819064,Grund- und Mittelschule an der Hochstraße,"Hochstraße 31, 81669 München, Germany",374.0,48.1260844,11.5868858,19.0,"Pestalozzi-Gymnasium München, founded in 1965, is a state-run Gymnasium with a musical focus and an open all-day school, located at Eduard-Schmid-Str. 1, 81541 Munich. Under the leadership of Martin Mai, 847 students are currently taught by 86 teachers. The school is sponsored by the City of Munich. The pedagogical concept is based on the principles of Johann Heinrich Pestalozzi, aiming to lay a solid foundation of elementary education and holistically develop students' natural abilities to empower them for self-help. 

A special emphasis is placed on musical education, reflected in a rich offering of choirs, orchestras, and theater performances. The school is renowned for its successes in the 'Jugend musiziert' competition and places great importance on art and elective music courses. In addition to its musical profile, the Gymnasium also provides a solid education in MINT subjects (Mathematics, Informatics, Natural Sciences, Technology). The language offerings include English, French, Italian, Latin, and Spanish. 

Pestalozzi-Gymnasium is a 'School without Racism – School with Courage' and actively campaigns against discrimination. Classes run from 8:00 AM until no later than 1:55 PM, followed by a lunch break. As an open all-day school, it offers afternoon care with homework support and a variety of extracurricular activities (AGs) in areas such as handball, yoga, and climbing. School life is further enriched by numerous activities like a student newspaper, environmental projects, 'active breaks,' 'Youth Debates,' reading competitions, class trips, student exchange programs, and excursions. The school also provides counseling, mediation, and tutoring programs to support students.",,,,,,,,,,,,"Das Pestalozzi-Gymnasium München, gegründet 1965, ist ein staatliches Gymnasium mit musischer Ausbildungsrichtung und offener Ganztagsschule, gelegen in der Eduard-Schmid-Str. 1, 81541 München. Unter der Leitung von Martin Mai besuchen derzeit 847 Schülerinnen und Schüler die Schule, die von 86 Lehrkräften unterrichtet werden. Die Trägerschaft obliegt der Landeshauptstadt München. Das pädagogische Konzept basiert auf den Grundsätzen Johann Heinrich Pestalozzis, die darauf abzielen, ein solides Fundament an Elementarbildung zu legen und die natürlichen Kräfte der Schülerinnen und Schüler ganzheitlich zu entfalten, um sie zur Selbsthilfe zu befähigen. 

Ein besonderer Schwerpunkt liegt auf der musischen Bildung, was sich in einem reichhaltigen Angebot an Chören, Orchestern und Theateraufführungen widerspiegelt. Die Schule ist bekannt für ihre Erfolge beim Wettbewerb „Jugend musiziert“ und legt großen Wert auf Kunst und musikalische Wahlkurse. Neben dem musischen Profil bietet das Gymnasium auch eine fundierte Ausbildung in den MINT-Fächern (Mathematik, Informatik, Naturwissenschaften, Technik). Das Sprachenangebot umfasst Englisch, Französisch, Italienisch, Latein und Spanisch. 

Das Pestalozzi-Gymnasium ist eine „Schule ohne Rassismus – Schule mit Courage“ und engagiert sich aktiv gegen Diskriminierung. Der Unterricht findet von 8:00 Uhr bis spätestens 13:55 Uhr statt, gefolgt von einer Mittagspause. Als offene Ganztagsschule bietet sie eine Nachmittagsbetreuung mit Hausaufgabenhilfe sowie vielfältige Arbeitsgemeinschaften (AGs) in Bereichen wie Handball, Yoga und Klettern. Ergänzt wird das Schulleben durch zahlreiche Aktivitäten wie Schülerzeitung, Umweltprojekte, „Bewegte Pause“, „Jugend debattiert“, Vorlesewettbewerbe, Klassenfahrten, Schüleraustauschprogramme und Exkursionen. Die Schule bietet zudem Beratungs-, Mediations- und Tutorenprogramme zur Unterstützung der Schülerinnen und Schüler an.","Pestalozzi-Gymnasium Munich, founded in 1965, is a musical Gymnasium with an open all-day program, fostering 847 students based on Pestalozzi's pedagogy. It is characterized by a strong focus on music and art, MINT offerings, and its commitment as a 'School without Racism – School with Courage.' The school also provides diverse care and leisure activities, along with a wide range of language options.","Das Pestalozzi-Gymnasium München ist ein 1965 gegründetes musisches Gymnasium mit offener Ganztagsschule, das 847 Schülerinnen und Schüler nach der Pädagogik Pestalozzis fördert. Es zeichnet sich durch einen starken Musik- und Kunstschwerpunkt, MINT-Angebote und das Engagement als „Schule ohne Rassismus – Schule mit Courage“ aus. Die Schule bietet zudem vielfältige Betreuungs- und Freizeitangebote sowie ein breites Sprachenangebot.",,,,,,,,,,,,,,,,,,,,"{""opens"": ""2026-04-20"", ""closes"": ""2026-05-11"", ""notes"": ""Das Online-Formular zur Einschreibung ist ab dem 20.04.2026 zugänglich. Der Tag der Einschreibung in Präsenz ist der 11.05.2026.""}","[""Gleiche Voraussetzungen hinsichtlich Notendurchschnitt und Probeunterricht wie bei jeder anderen Ausbildungsrichtung für die 5. Klasse."", ""Bei Note 3 oder schlechter in Musik im Übertrittszeugnis ist eine zusätzliche Aufnahmeprüfung in Musik abzulegen."", ""Es ist nicht zwingend erforderlich, bereits ein Instrument zu spielen; kostenloser, einstündiger Instrumentalunterricht in kleinen Gruppen wird angeboten."", ""Bei unzureichenden Kapazitäten wird über die Aufnahme per Losverfahren entschieden, ausgenommen sind Geschwisterkinder oder Schüler mit nachgewiesener musikalischer Hochbegabung."", ""Erforderliche Dokumente für die Einschreibung: Übertrittszeugnis der Volksschule (Original), Abmeldekarte oder Übertrittsbescheinigung der Volksschule, Geburtsschein oder Geburtsurkunde (Original + Kopie)."", ""Die Einschreibung kann nur durch Erziehungsberechtigte oder ihre bevollmächtigten Vertreter erfolgen; die Anwesenheit der Kinder ist nicht erforderlich.""]",2026-04-20T09:26:25Z,"Das Pestalozzi-Gymnasium ist ein Musisches Gymnasium, das Wert auf eine ganzheitliche Bildung mit Fokus auf Musik und künstlerisch-kreativen Ausdruck legt. Für die Aufnahme in höhere Jahrgangsstufen (ab Klasse 6) ist eine Aufnahme während des laufenden Schuljahres nur in Ausnahmefällen (z.B. Zuzug) möglich. Anträge für das nächste Schuljahr müssen bis zum 30.06. des Vorjahres in Papierform eingereicht werden.","Eduard-Schmid-Str. 1, 81541 München",Bayern,12076.0,65.5,1.0,1505022.0,5671.0,München: sicherste Großstadt Deutschlands (>200k Einwohner) seit 50 Jahren,city_aggregate,5671.0,376.8,6061.0,12076.0,802.4,München,91219.0,6061.0,134.0,8.9,134.0,91219.0,815.0,54.2,2026-08-22,"jedeschule.codefor.de (CC0, scraped from km.bayern.de)","The Pestalozzi-Gymnasium München is a state-run Gymnasium that comprehensively prepares its students for the Abitur, the German university entrance qualification. It offers a solid academic education with a broad curriculum and emphasizes linguistic proficiency, typically with English, Latin, and French as foreign languages. The school fosters the holistic development of its learners within a challenging academic environment.",,,2026-02-25,86.0,,,847.0,München,BY,,122.0,0.0,162.0,35.0,14.0,176.0,0.0,91219.0,2024_25,2025
BY-SCHUL_SCHULSTANDORTEGYMNASIEN_7ad6952d-966b-408e-a1f6-cb29fbe71f05,Wilhelmsgymnasium München,Gymnasien,Gymnasien,,1559.0,Thierschstr. 46,80538,München,,,,,Michael Hotz,,,,,,,"Latein, Englisch, Griechisch, Polnisch, Italienisch, Chinesisch",,,,,,,,,,,,,,Nicht verfügbar (Bayern),,,,,,,,,,,Bayern Kultusministerium Schulsuche,"Humanistisches Gymnasium, Kulturgymnasium, Theater & Theaterklasse, MINT & Mind, Partnerschule der Weimarer Klassik-Stiftung, Partnerschule der LMU (Archäologie)",48.1381923,11.5886091,,,,,,,,,,,,,,,,,,,,,,,,,,,,,,,,,,,,,,,,,,,,,,,,,,,,,,1.0,Durchschnittlich,Unknown,141.0,48.139462,11.589174,D,Unknown,144.0,48.139546,11.588766,,Unknown,154.0,48.139635,11.588771,C,Maxmonument,86.0,48.137529,11.588218,,Lehel,148.0,48.139593,11.588581,2.0,Mariannenplatz,364.0,48.135224,11.586752,,Maxmonument,102.0,48.137364,11.588311,,Maxmonument,121.0,48.137456,11.587489,,Nationalmuseum/Haus der Kunst,519.0,48.142903,11.589311,,0.0,2; C; D,0.0,15.0,Truffle Boutique GmbH,"Maximilianstraße 47, 80538 München, Germany",63.0,48.1381296,11.5877678,Donnerstag Markt,"St.-Anna-Platz 1.A, 80538 München, Germany",201.0,48.1398863,11.5874042,Kleine Markthalle Lehel,"St.-Anna-Straße 17, 80538 München, Germany",247.0,48.1400187,11.5865698,20.0,GOP Varieté-Theater München,"Maximilianstraße 47, 80538 München, Germany",58.0,48.1380455,11.5878729,The Moon Bar,"Thierschpl. 5, 80538 München, Germany",151.0,48.1395428,11.5892536,El Chapo Bar & Grill Lehel,"Gewürzmühlstraße 3, 80538 München, Germany",162.0,48.1396103,11.5877819,20.0,Coffee Stop,"Thierschpl. 6, 80538 München, Germany",136.0,48.1393855,11.5893078,Cafe,"Thierschstraße 44, 80538 München, Germany",159.0,48.1368871,11.5879815,Hadi Hadi,"Thierschstraße 44, 80538 München, Germany",163.0,48.1368576,11.5879629,7.0,Kinderkrippe ROBienchen - Pari Kita,"St.-Anna-Straße 1, 80538 München, Germany",150.0,48.1384981,11.5865969,Villa Kunterbunt GmbH | Lehel,"Sternstraße 16, 80538 München, Germany",177.0,48.138895299999994,11.5907868,Wichtel Akademie Kita München Lehel,"Karl-Scharnagl-Ring 5, 80539 München, Germany",396.0,48.1398495,11.5838214,1.0,St.-Anna-Grundschule,"St.-Anna-Straße 22, 80538 München, Germany",365.0,48.1412762,11.5866612,Grundschule an der Herrnstraße,"Herrnstraße 21, 80539 München, Germany",567.0,48.1366042,11.5813696,private Volksschule Holzkirchen/privates Gymnasium Holzkirchen,"Innere Wiener Straße 7, 81667 München, Germany",631.0,48.133307599999995,11.5927552,17.0,"Wilhelmsgymnasium Munich, founded in 1559, is the oldest grammar school in Upper Bavaria and a state-run humanistic gymnasium with a long tradition. It is centrally located in Munich's Lehel district, at Thierschstraße 46, at the corner of Maximilianstraße, directly by the Maxmonument. The immediate proximity to important institutions such as the Government of Upper Bavaria and the Bavarian State Parliament (Maximilianeum), as well as to the English Garden with the Eisbach wave, shapes the school's cultural and urban environment. 

In the 2024/25 school year, 536 students attend the gymnasium, taught by 50 teachers. The pedagogical concept of Wilhelmsgymnasium sees itself as a “lighthouse of humanistic education” and places a strong focus on the classical languages Latin and Greek, which are taught from the 5th and 8th grades respectively. This linguistic education aims to promote thoroughness, systematic work, perseverance, and methodological accuracy. The language offerings are complemented by English from the 6th grade, as well as late-starting foreign languages such as Italian and Polish from the 11th grade. Chinese is also offered as an elective course. 

As a cultural gymnasium, Wilhelmsgymnasium places great importance on aesthetic education and the development of a mature personality through engagement in music, art, literature, and theater, for example, in choir, orchestra, or theater groups. Special offers include partnerships with the Weimar Classic Foundation and LMU (Archaeology), which provide students with in-depth insights into cultural and scientific fields. The gymnasium offers an open all-day program for grades 5 to 7, including lunch, and fosters a familial school climate under the motto “WG = Wir Gemeinsam” (We Together), based on politeness, respect, and tolerance. The school is led by Michael Hotz.",,,,,,,,,,,,"Das Wilhelmsgymnasium München, gegründet im Jahr 1559, ist das älteste Gymnasium Oberbayerns und ein staatliches humanistisches Gymnasium mit einer langen Tradition. Es befindet sich in zentraler Lage im Münchner Stadtteil Lehel, an der Thierschstraße 46, Ecke Maximilianstraße, direkt am Maxmonument. Die unmittelbare Nähe zu wichtigen Institutionen wie der Regierung von Oberbayern und dem Bayerischen Landtag (Maximilianeum) sowie zum Englischen Garten mit der Eisbachwelle prägt das kulturelle und städtische Umfeld der Schule. 

Im Schuljahr 2024/25 besuchen 536 Schülerinnen und Schüler das Gymnasium, die von 50 Lehrkräften unterrichtet werden. Das pädagogische Konzept des Wilhelmsgymnasiums versteht sich als „Leuchtturm humanistischer Bildung“ und legt einen starken Fokus auf die klassischen Sprachen Latein und Griechisch, die ab der 5. bzw. 8. Jahrgangsstufe unterrichtet werden. Diese sprachliche Ausbildung zielt darauf ab, Gründlichkeit, systematisches Arbeiten, Ausdauer und methodische Genauigkeit zu fördern. Ergänzt wird das Sprachenangebot durch Englisch ab der 6. Klasse sowie spät beginnende Fremdsprachen wie Italienisch und Polnisch ab der 11. Jahrgangsstufe. Zudem wird Chinesisch als Wahlkurs angeboten. 

Als Kulturgymnasium legt das Wilhelmsgymnasium großen Wert auf die ästhetische Bildung und die Entwicklung einer reifen Persönlichkeit durch Engagement in Musik, Kunst, Literatur und Theater, beispielsweise in Chor, Orchester oder Theatergruppen. Besondere Angebote umfassen die Partnerschaft mit der Weimarer Klassik-Stiftung und der LMU (Archäologie), die den Schülerinnen und Schülern vertiefte Einblicke in kulturelle und wissenschaftliche Bereiche ermöglichen. Das Gymnasium bietet einen offenen Ganztagsbetrieb für die Jahrgangsstufen 5 bis 7 an, inklusive Mittagessen, und fördert ein familiäres Schulklima unter dem Motto „WG = Wir Gemeinsam“, das auf Höflichkeit, Respekt und Toleranz basiert. Die Schulleitung obliegt Michael Hotz.","Founded in 1559, Wilhelmsgymnasium Munich is a state-run humanistic gymnasium and the oldest in Upper Bavaria. It offers a profound humanistic education with a focus on classical languages (Latin, Greek), complemented by a wide range of cultural activities and partnerships with the Weimar Classic Foundation and LMU (Archaeology). Located centrally in Munich, the school fosters a familial atmosphere and provides open all-day care.","Das 1559 gegründete Wilhelmsgymnasium München ist ein staatliches humanistisches Gymnasium und das älteste Oberbayerns. Es bietet eine fundierte humanistische Bildung mit Schwerpunkt auf klassischen Sprachen (Latein, Griechisch), ergänzt durch ein breites kulturelles Angebot und Partnerschaften mit der Weimarer Klassik-Stiftung und der LMU (Archäologie). Die Schule in zentraler Münchner Lage fördert ein familiäres Klima und bietet offene Ganztagsbetreuung.",,,,,,,,,,,,,,,,,,,,"{""opens"": ""2026-04-13"", ""closes"": ""2026-05-15"", ""notes"": ""Die digitale Anmeldung ist ab dem 13. April 2026 über die Schulhomepage möglich. Die persönliche Anmeldung findet vom 11. Mai 2026 bis 15. Mai 2026 statt. Der Probeunterricht ist vom 19. Mai 2026 bis 21. Mai 2026.""}","[""Das Kind muss für den Bildungsweg des Gymnasiums geeignet sein."", ""Nachweis des Besuchs der 4. Jahrgangsstufe der Grundschule."", ""Am 30. September 2026 darf das 12. Lebensjahr noch nicht vollendet sein."", ""Eignung für das Gymnasium wird durch das Übertrittszeugnis (Notendurchschnitt in Deutsch, Mathematik, Heimat- und Sachkunde mindestens 2,33) oder durch erfolgreiche Teilnahme am Probeunterricht bestätigt."", ""Für den Übertritt nach der 5. Jahrgangsstufe der Mittelschule in die 5. Jahrgangsstufe des Gymnasiums ist ein Notendurchschnitt von bis zu 2,0 in Deutsch und Mathematik im Jahreszeugnis erforderlich; bei einem schlechteren Durchschnitt ist die erfolgreiche Teilnahme am Probeunterricht Voraussetzung."", ""Notwendige Unterlagen für die Anmeldung: Geburtsurkunde (beglaubigte Kopie, Original muss zeitnah eingereicht werden), Übertrittszeugnis im Original, ausgefülltes und unterschriebenes Anmeldeformular, Nachweis für Masernschutz, ggf. Sorgerechtsbeschluss."", ""Die Einschreibung kann nur durch Erziehungsberechtigte oder ihre bevollmächtigten Vertreter erfolgen; in der Regel genügt die Unterschrift eines Erziehungsberechtigten.""]",2026-04-20T09:19:28Z,Ein Anspruch auf Aufnahme an einem bestimmten Gymnasium in der Landeshauptstadt München besteht nicht. Die endgültige Anmeldung für den Übertritt nach der 5. Jahrgangsstufe der Mittelschule erfolgt in den ersten drei Ferientagen der Sommerferien mit dem Original des Jahreszeugnisses.,"Thierschstr. 46, 80538 München",Bayern,12076.0,65.5,1.0,1505022.0,5671.0,München: sicherste Großstadt Deutschlands (>200k Einwohner) seit 50 Jahren,city_aggregate,5671.0,376.8,6061.0,12076.0,802.4,München,91219.0,6061.0,134.0,8.9,134.0,91219.0,815.0,54.2,2026-08-22,"jedeschule.codefor.de (CC0, scraped from km.bayern.de)","Wilhelmsgymnasium München is a prestigious Gymnasium located in the Bavarian capital, dedicated to preparing its students for the Abitur and successful university studies. It offers a rigorous academic profile with a strong emphasis on natural sciences, humanities, and a broad language program including English, Latin, and French. The school is committed to fostering individual talents and providing a comprehensive general education.",,,2026-03-13,,,,,München,BY,,108.0,0.0,144.0,11.0,11.0,155.0,0.0,91219.0,,2025
BY-SCHUL_SCHULSTANDORTEMITTELSCHULEN_d4693314-b56b-41af-b2d6-a5adfad77f24,Georg-Huber-Mittelschule  Grafing b.München,Mittelschulen,Mittelschulen,,1971.0,Am Stadion 2,85567,Grafing b.München,,,,,Susanne Böhm,165.0,23.0,,,,,Englisch,,,,,,,,,,,,,,Nicht verfügbar (Bayern),,,,,,,,,,,Bayern Kultusministerium Schulsuche,"Inklusion, Berufsorientierung, Sozialpraktikum, Bewerbungstraining, Vorbereitung auf Qualiprüfungen.",48.0493792,11.9709235,,,,,,,,,,,,,,,,,,,,,,,,,,,,,,,,,,,,,,,,,,,,,,,,,,,,,,1.0,Durchschnittlich,,,,,,,,,,,,,,,,,,,,,,,,,,,,,,,,,,,,,,,,,,,,,,0.0,,0.0,4.0,REWE,"Leonhardstraße 5 a, 85567 Grafing bei München, Germany",226.0,48.0479442,11.9686424,Snackautomat (Der SnackEber),"Rotter Str. 15, 85567 Grafing bei München, Germany",300.0,48.04687,11.9722533,Aral,"Münchener Str. 37, 85567 Grafing bei München, Germany",368.0,48.049381,11.9658372,13.0,Aquarium,"Am Stadion 9, 85567 Grafing bei München, Germany",209.0,48.0510177,11.9694128,EAT HAPPY,"Leonhardstraße 5a, 85567 Grafing bei München, Germany",221.0,48.047872,11.968855,kostbar Fisch Fein Wein,"Leonhardstraße 5a, 85567 Grafing bei München, Germany",221.0,48.0478703,11.9688534,1.0,Hasi Schmeckerbäcker GmbH,"Leonhardstraße 5, 85567 Grafing bei München, Germany",231.0,48.0477964,11.968776,,,,,,,,,,,3.0,BRK Kinderhaus Grafing,"Am Stadion 7, 85567 Grafing bei München, Germany",59.0,48.0497512,11.9702222,Die kleinen Strolche e.V.,"Münchener Str. 13, 85567 Grafing bei München, Germany",390.0,48.0469549,11.9669966,BRK Kindergarten Rappelkiste,"Rotter Str. 6, 85567 Grafing bei München, Germany",451.0,48.0455917,11.9686238,1.0,Grundschule Grafing,"Kapellenstraße 15, 85567 Grafing bei München, Germany",50.0,48.04955,11.97141,Grundschule Ebersberg,"Floßmannstraße 1, 85560 Ebersberg, Germany",3281.0,48.0786311,11.9650143,Elementary and middle school Ebersberg,"Baldestraße 20, 85560 Ebersberg, Germany",3452.0,48.0800604,11.9636597,10.0,"The Georg-Huber-Mittelschule in Grafing b. München, founded in 1971, is an established educational institution dedicated to the comprehensive development of its students. Under the leadership of Susanne Böhm, the school at Am Stadion 2 offers a modern learning environment for currently 165 students, who are supported by a committed team of 23 teachers. As a fully developed Mittelschule (secondary modern school), it covers grades 5 to 10 and places a strong focus on practical education, optimally preparing young people for their professional future.

A central pillar of the pedagogical concept is the ""Inclusion"" school profile, which ensures individual support and equal participation of all students in school life. This is reflected in a supportive and appreciative learning atmosphere. Vocational orientation is highly valued and is concretized through various offerings such as social internships, intensive application training, and targeted preparation for qualification exams. These measures aim to facilitate the transition from school to working life and open up realistic perspectives for young people.

Furthermore, the Georg-Huber-Mittelschule offers a full-day school program in a structured format, which provides supervised care and additional learning and support opportunities beyond regular lessons. This relieves families and creates space for individual interests and talents. The location ""Am Stadion 2"" suggests good access to sports and leisure facilities, which can enrich the school's offerings with extracurricular activities. The school sees itself as a vibrant learning and living space that not only imparts knowledge but also strengthens social skills and promotes personal development.",,,,,,,,,,,,"Die Georg-Huber-Mittelschule in Grafing b. München, gegründet im Jahr 1971, ist eine etablierte Bildungseinrichtung, die sich der umfassenden Förderung ihrer Schülerinnen und Schüler widmet. Unter der Leitung von Susanne Böhm bietet die Schule am Standort Am Stadion 2 eine moderne Lernumgebung für derzeit 165 Schüler, die von einem engagierten Kollegium von 23 Lehrkräften betreut werden. Als voll ausgebaute Mittelschule deckt sie die Jahrgangsstufen 5 bis 10 ab und legt einen starken Fokus auf eine praxisorientierte Ausbildung, die die Jugendlichen optimal auf ihre berufliche Zukunft vorbereitet.

Ein zentraler Pfeiler des pädagogischen Konzepts ist das Schulprofil ""Inklusion"", das eine individuelle Förderung und die gleichberechtigte Teilhabe aller Schülerinnen und Schüler am Schulleben gewährleistet. Dies spiegelt sich in einem unterstützenden und wertschätzenden Lernklima wider. Die Berufsorientierung nimmt einen hohen Stellenwert ein und wird durch vielfältige Angebote wie Sozialpraktika, intensives Bewerbungstraining und gezielte Vorbereitung auf die Qualiprüfungen konkretisiert. Diese Maßnahmen sollen den Übergang von der Schule ins Berufsleben erleichtern und den Jugendlichen realistische Perspektiven eröffnen.

Darüber hinaus bietet die Georg-Huber-Mittelschule einen Ganztagsschulbetrieb in gebundener Form an, der eine strukturierte Betreuung und zusätzliche Lern- und Förderangebote über den regulären Unterricht hinaus ermöglicht. Dies entlastet Familien und schafft Raum für individuelle Interessen und Talente. Die Lage ""Am Stadion 2"" deutet auf eine gute Anbindung an Sport- und Freizeitmöglichkeiten hin, was das schulische Angebot um außerschulische Aktivitäten bereichern kann. Die Schule versteht sich als lebendiger Lern- und Lebensraum, der nicht nur Wissen vermittelt, sondern auch soziale Kompetenzen stärkt und die Persönlichkeitsentwicklung fördert.","The Georg-Huber-Mittelschule Grafing b. München, founded in 1971, is a secondary modern school for 165 students and 23 teachers, focusing on inclusion and comprehensive vocational orientation. It offers a full-day school program and targeted preparation for qualification exams and the transition into professional life.","Die Georg-Huber-Mittelschule Grafing b. München ist eine 1971 gegründete Mittelschule für 165 Schüler und 23 Lehrkräfte, die sich auf Inklusion und umfassende Berufsorientierung konzentriert. Sie bietet einen Ganztagsschulbetrieb sowie gezielte Vorbereitung auf Qualiprüfungen und den Übergang ins Berufsleben.",,,,,,,,,,,,,,,,,,,,"{""opens"": null, ""closes"": ""2026-05-08"", ""notes"": ""Anmeldefrist für den Besuch der 5. Klasse mit Ganztagesunterricht im Schuljahr 2026/27.""}","[""Abgabe des ausgefüllten Antrags im Sekretariat der Schulleitung."", ""Die Anmeldung für die Ganztagesklasse der 5. Jahrgangsstufe berechtigt nicht automatisch zur Aufnahme.""]",2026-04-20T09:37:14Z,Der Antrag zum Besuch der 5. Klasse mit Ganztagesunterricht für das Schuljahr 2026/27 muss bis zum 08.05.2026 im Sekretariat der Schulleitung abgegeben werden. Die Anmeldung für die Ganztagesklasse berechtigt nicht zu einem Anspruch auf Aufnahme.,"Am Stadion 2, 85567 Grafing b.München",Bayern,12076.0,65.5,1.0,1505022.0,5671.0,München: sicherste Großstadt Deutschlands (>200k Einwohner) seit 50 Jahren,city_aggregate,5671.0,376.8,6061.0,12076.0,802.4,München,91219.0,6061.0,134.0,8.9,134.0,91219.0,815.0,54.2,2026-08-22,"jedeschule.codefor.de (CC0, scraped from km.bayern.de)","The Georg-Huber-Mittelschule in Grafing b.München is a practically oriented secondary school preparing students for the Qualifizierender Mittelschulabschluss and the Mittlerer Schulabschluss (intermediate secondary school certificate). It emphasizes vocational guidance and the development of practical, everyday skills. German is the language of instruction, with English offered as a foreign language.",,,,23.0,,,165.0,München,BY,,0.0,0.0,0.0,0.0,0.0,0.0,100.0,91219.0,2024_25,2025
BY-SCHUL_SCHULSTANDORTEGYMNASIEN_5348ac21-5a91-41fc-a41a-d166d56fe938,Leonhard-Wagner-Gymnasium Schwabmünchen,Gymnasien,Gymnasien,,1958.0,Breitweg 16,86830,Schwabmünchen,,,,,Stephan Richter,974.0,72.0,,,,,"Englisch, Französisch, Latein, Spanisch, Italienisch",,,,,,,,,,,,,,Nicht verfügbar (Bayern),,,,,,,,,,,Bayern Kultusministerium Schulsuche,"Schulprofil Inklusion, Umweltschule, Digitale Schule, Begabtenförderung, Einführungsklasse, Schüleraustausch (Frankreich, England, Italien, Spanien).",48.1857071,10.7670879,,,,,,,,,,,,,,,,,,,,,,,,,,,,,,,,,,,,,,,,,,,,,,,,,,,,,,1.0,Durchschnittlich,,,,,,,,,,,,,,,,,,,,,,,,,,,,,,,,,,,,,,,,,,,,,,0.0,,0.0,0.0,,,,,,,,,,,,,,,,1.0,Kegelstube bei Nada,"Breitweg 20, 86830 Schwabmünchen, Germany",151.0,48.1843081,10.7663985,,,,,,,,,,,0.0,,,,,,,,,,,,,,,,0.0,Kindergarten und -krippe St. Michael,"Museumstraße 14, 86830 Schwabmünchen, Germany",837.0,48.1797434,10.7599442,St. Anna Kindergarten und -Krippe,"Römerstraße 42, 86830 Schwabmünchen, Germany",909.0,48.1906605,10.7574033,Kinderhaus Schwabmünchen,"Wiesstraße 15, 86830 Schwabmünchen, Germany",1174.0,48.18125,10.7526,0.0,Hans-Nebauer-Sporthalle (Sporthalle an der Grundschule),"Holzheystraße 18, 86830 Schwabmünchen, Germany",678.0,48.1804504,10.7621374,Sankt-Ulrich-Grundschule,"Museumstraße 16, 86830 Schwabmünchen, Germany",729.0,48.1804761,10.7609005,Grundschule Untermeitingen,"Schulstraße 9, 86836 Untermeitingen, Germany",4188.0,48.16175,10.81075,2.0,"The Leonhard-Wagner-Gymnasium (LWG) in Schwabmünchen is a state-run grammar school with a long tradition, founded in 1958. It offers a broad educational program with scientific-technological, linguistic, and social science specializations. Currently, 974 students attend the school, taught by 72 teachers. The school is renowned for its strong inclusion profile, integrating children with physical disabilities such as autism, visual or hearing impairments into regular grammar school education and addressing their specific needs. 

The pedagogical concept of the LWG emphasizes individual support and includes a program for gifted students. As an 'Environmental School' and 'Digital School,' the gymnasium is committed to future-relevant areas. Its digital equipment supports modern learning. For graduates with a Mittlerer Schulabschluss who aim for the Abitur, there is a special introductory class in the 11th grade, optimally preparing them for the upper secondary level. 

The language offerings include English as the first foreign language, followed by French or Latin from the 6th grade. Late-beginning Spanish or Italian can be chosen from the 11th grade. Students gain international experience through exchange programs with France and language trips to England, Italy, and Spain. The school also provides an open all-day program with warm lunch and various leisure activities. The LWG is located at Breitweg 16 in 86830 Schwabmünchen and is well-connected within the region. The school is sponsored by the district of Augsburg.",,,,,,,,,,,,"Das Leonhard-Wagner-Gymnasium (LWG) in Schwabmünchen ist ein staatliches Gymnasium mit langer Tradition, gegründet im Jahr 1958. Es bietet ein breites Bildungsangebot mit naturwissenschaftlich-technologischen, sprachlichen und sozialwissenschaftlichen Ausbildungsrichtungen. Aktuell besuchen 974 Schülerinnen und Schüler die Schule, die von 72 Lehrkräften unterrichtet werden. Die Schule ist bekannt für ihr ausgeprägtes Schulprofil Inklusion, das Kinder mit körperlichen Behinderungen wie Autismus, Seh- oder Hörbeeinträchtigungen in den regulären gymnasialen Unterricht integriert und deren spezielle Bedürfnisse berücksichtigt. 

Das pädagogische Konzept des LWG legt Wert auf individuelle Förderung und bietet ein Programm zur Begabtenförderung. Als 'Umweltschule' und 'Digitale Schule' engagiert sich das Gymnasium in zukunftsrelevanten Bereichen. Die digitale Ausstattung unterstützt modernes Lernen. Für Absolventen mit Mittlerem Schulabschluss, die das Abitur anstreben, gibt es eine spezielle Einführungsklasse in der 11. Jahrgangsstufe, die optimal auf die gymnasiale Oberstufe vorbereitet. 

Das Sprachenangebot umfasst Englisch als erste Fremdsprache, gefolgt von Französisch oder Latein ab der 6. Klasse. Spätbeginnend können Spanisch oder Italienisch ab der 11. Klasse gewählt werden. Internationale Erfahrungen sammeln die Schüler durch Schüleraustauschprogramme mit Frankreich sowie Sprachfahrten nach England, Italien und Spanien. Die Schule bietet zudem ein offenes Ganztagsangebot mit warmem Mittagessen und vielfältigen Freizeitaktivitäten. Das LWG befindet sich am Breitweg 16 in 86830 Schwabmünchen und ist in der Region gut angebunden. Die Trägerschaft obliegt dem Landkreis Augsburg.","The Leonhard-Wagner-Gymnasium Schwabmünchen is a state grammar school with 974 students and 72 teachers, founded in 1958. It is characterized by an inclusion profile, scientific-technological, linguistic, and social science specializations, as well as offerings such as gifted education, an introductory class, and international student exchanges.","Das Leonhard-Wagner-Gymnasium Schwabmünchen ist ein staatliches Gymnasium mit 974 Schülern und 72 Lehrkräften, gegründet 1958. Es zeichnet sich durch ein Schulprofil Inklusion, naturwissenschaftlich-technologische, sprachliche und sozialwissenschaftliche Ausbildungsrichtungen sowie Angebote wie Begabtenförderung, Einführungsklasse und internationalen Schüleraustausch aus.",,,,,,,,,,,,,,,,,,,,"{""opens"": ""2026-05-11"", ""closes"": ""2026-05-15"", ""notes"": ""Anmeldung für die 5. Jahrgangsstufe zu den angegebenen Uhrzeiten.""}","[""Ausgedruckte Formulare der Online-Voranmeldung"", ""Übertrittszeugnis im Original"", ""Geburtsurkunde"", ""ggf. Sorgerechtsbescheid"", ""Nachweis der Masernimpfung /Masernschutz"", ""Zwei Passbilder""]",2026-04-20T09:39:04Z,Weitere Informationen zur Anmeldung und die Präsentation des Informationsabends sind im Elternbrief zum Übertritt an das Gymnasium verfügbar.,"Breitweg 16, 86830 Schwabmünchen",Bayern,12076.0,65.5,1.0,1505022.0,5671.0,München: sicherste Großstadt Deutschlands (>200k Einwohner) seit 50 Jahren,city_aggregate,5671.0,376.8,6061.0,12076.0,802.4,München,91219.0,6061.0,134.0,8.9,134.0,91219.0,815.0,54.2,2026-08-22,"jedeschule.codefor.de (CC0, scraped from km.bayern.de)","The Leonhard-Wagner-Gymnasium Schwabmünchen is a state-run Gymnasium in Bavaria, comprehensively preparing its students for the Abitur and university studies. It offers a broad curriculum with a focus on natural sciences and languages such as English, Latin, and French, complemented by diverse extracurricular activities and projects for individual development.",,,2026-07-09,72.0,"[{""date"": ""2026-07-09"", ""start_time"": ""14:00"", ""end_time"": null, ""event_type"": ""Schnuppertag"", ""audience"": ""zukünftige Klasse 5"", ""notes"": ""Kennenlernnachmittag für Grundschulkinder und deren Eltern.""}]",,974.0,München,BY,,0.0,0.0,0.0,0.0,0.0,0.0,100.0,91219.0,2024_25,2025
BY-SCHUL_SCHULSTANDORTEGYMNASIEN_d33bd2ef-8386-4753-8081-991bf5b8c098,Gymnasium Kirchheim b.München,Gymnasien,Gymnasien,,1982.0,Heimstettner Str. 3,85551,Kirchheim b.München,,,,,Matthias Wermuth,1498.0,108.0,,,,,"Englisch, Latein, Französisch",,,,,,,,,,,,,,Nicht verfügbar (Bayern),,,,,,,,,,,Bayern Kultusministerium Schulsuche,"Naturwissenschaftlich-technologisches und sprachliches Gymnasium, bilingualer Zug (Englisch/Geschichte), Streicherklassen, MINT-EC.",48.1677894,11.7593884,,,,,,,,,,,,,,,,,,,,,,,,,,,,,,,,,,,,,,,,,,,,,,,,,,,,,,1.0,Durchschnittlich,,,,,,,,,,,,,,,,,,,,,,,,,,,,,,,,,,,,,,,,,,,,,,0.0,,0.0,1.0,Biokarpos,"Azaleenweg 3, 85551 Kirchheim bei München, Germany",154.0,48.1690769,11.7583546,,,,,,,,,,,4.0,Anita Pizza Kirchheim,"Räterstraße 19, 85551 Kirchheim bei München, Germany",444.0,48.163987299999995,11.7577511,King Pizza Kirchheim,"Räterstraße 19, 85551 Kirchheim bei München, Germany",444.0,48.163987299999995,11.7577511,Zum Roten Eichhörnchen,"Räterstraße 9, 85551 Kirchheim bei München, Germany",470.0,48.1639397,11.7568855,1.0,Müller Café & Bäckerei,"Räterstraße 24, 85551 Kirchheim bei München, Germany",499.0,48.1635445,11.7573649,,,,,,,,,,,2.0,Evangelische Kindertagesstätte,"Schlehenring 50, 85551 Kirchheim bei München, Germany",206.0,48.169660099999994,11.7598501,Kinderland St. Dorothea - Kirchheim,"Hauptstraße 30, 85551 Kirchheim bei München, Germany",359.0,48.167639099999995,11.7544687,Catholic kindergarten St.Franziskus,"Am Gangsteig 4, 85551 Kirchheim bei München, Germany",648.0,48.1620437,11.75841,0.0,Silva-Grundschule Heimstetten,"Gruber Str. 11, 85551 Kirchheim bei München, Germany",571.0,48.1628062,11.760827,Volksschule II,"Martin-Luther-Straße 2, 85551 Kirchheim bei München, Germany",866.0,48.172385899999995,11.7498183,Grundschule an der Martin-Luther-Straße,"Martin-Luther-Straße 2, 85551 Kirchheim bei München, Germany",881.0,48.1724018,11.7495838,5.0,"Gymnasium Kirchheim b. München is a state-run educational institution founded in 1982, located in the municipality of Kirchheim near Munich, in the eastern district of Munich. With approximately 1498 students and 108 teachers (as of the 2024/25 school year), it is one of the larger high schools in the region. The school offers both a scientific-technological and a linguistic branch, with English, Latin, and French as languages. 

The pedagogical concept of Gymnasium Kirchheim is characterized by a strong focus on MINT (Mathematics, Informatics, Natural Sciences, Technology) education. It is a MINT-EC school, a TUM-Reference School, and has been recognized as a MINT-friendly school. Furthermore, it was a model school in the HoriZONTec pilot project. A special offering is the bilingual program, where students from the 7th grade onwards are taught history in English, with the option to continue in the upper secondary level. For the lower grades, there are string classes. The subject 'Zeit für uns' (Time for Us) in grades 7 to 10 underscores the commitment to students' personal development. The school is also a prize-winning school of the i.s.i. Innovation Award and the German School Award 2017, and holds distinctions such as 'Environmental School in Europe' and 'School without Racism - School with Courage'. 

The facilities include a school building occupied in 1984 and expanded multiple times, featuring a three-part sports hall. A new school building on the opposite site was decided upon in 2015, and the groundbreaking has taken place, indicating a future modern infrastructure, although the project has faced criticism regarding delays and costs. 

In terms of childcare and support, Gymnasium Kirchheim offers an open all-day school program as well as a structured all-day class for grades 5 and 6, where students are supervised from Monday to Thursday until 4:00 PM. Additionally, there is an optional, voluntary afternoon program.",,,,,,,,,,,,"Das Gymnasium Kirchheim b. München ist eine staatliche Bildungseinrichtung, die 1982 gegründet wurde und sich in der Gemeinde Kirchheim bei München im östlichen Landkreis München befindet. Mit rund 1498 Schülern und 108 Lehrkräften (Stand Schuljahr 2024/25) zählt es zu den größeren Gymnasien der Region. Die Schule bietet sowohl einen naturwissenschaftlich-technologischen als auch einen sprachlichen Zweig an, mit den Sprachen Englisch, Latein und Französisch. 

Das pädagogische Konzept des Gymnasiums Kirchheim zeichnet sich durch eine starke MINT-Förderung aus. Es ist eine MINT-EC Schule, TUM-Referenzschule und wurde als MINT-freundliche Schule ausgezeichnet. Zudem war es Modellschule im Modellversuch HoriZONTec. Ein besonderes Angebot ist der bilinguale Zug, in dem Schüler ab der 7. Jahrgangsstufe Geschichte auf Englisch unterrichtet bekommen, mit der Möglichkeit zur Fortführung in der Oberstufe. Für die Unterstufe gibt es Streicherklassen. Das Fach „Zeit für uns“ in den Klassen 7 bis 10 unterstreicht das Engagement für die persönliche Entwicklung der Schüler. Die Schule ist zudem Preisträgerschule des i.s.i. Innovationspreises und des Deutschen Schulpreises 2017 und trägt Auszeichnungen wie „Umweltschule in Europa“ und „Schule ohne Rassismus – Schule mit Courage“. 

Die Ausstattung umfasst ein 1984 bezogenes und mehrfach erweitertes Schulgebäude mit einer dreiteiligen Turnhalle. Ein Neubau des Gymnasiums am gegenüberliegenden Standort wurde 2015 beschlossen und die Grundsteinlegung erfolgte bereits, was auf eine zukünftige moderne Infrastruktur hindeutet, wenngleich das Projekt auch Kritik bezüglich Verzögerungen und Kosten erfahren hat. 

Im Bereich der Betreuungsangebote bietet das Gymnasium Kirchheim einen offenen Ganztagsschulbetrieb sowie eine gebundene Ganztagsklasse für die Jahrgangsstufen 5 und 6, in der die Schüler montags bis donnerstags bis 16:00 Uhr betreut werden. Darüber hinaus gibt es ein zusätzliches, freiwilliges Nachmittagsprogramm.","Gymnasium Kirchheim b. München is a state-run high school founded in 1982, offering scientific-technological and linguistic branches. It is distinguished by strong MINT promotion, a bilingual English/History program, and string classes. The school provides open and structured all-day care and has received numerous awards, including the German School Award 2017.","Das Gymnasium Kirchheim b. München ist ein staatliches Gymnasium mit naturwissenschaftlich-technologischem und sprachlichem Zweig, gegründet 1982. Es zeichnet sich durch eine starke MINT-Förderung, einen bilingualen Englisch/Geschichte-Zug und Streicherklassen aus. Die Schule bietet offene und gebundene Ganztagsbetreuung und hat zahlreiche Auszeichnungen erhalten, darunter den Deutschen Schulpreis 2017.",,,,,,,,,,,,,,,,,,,,"{""opens"": ""2026-05-11"", ""closes"": ""2026-05-15"", ""notes"": ""Online-Anmeldung ab 2026-05-04, 12:00 Uhr möglich.""}","[""Offizieller Anmeldezeitraum für das Schuljahr 2026/27 ist vom 11. bis 15. Mai 2026."", ""Online-Anmeldung ist ab dem 04. Mai 2026, 12:00 Uhr möglich."", ""Erforderliche Unterlagen: Übertrittszeugnis der Grundschule (Original), Geburtsurkunde/Familienstammbuch (Kopie), ggf. Sorgerechtsbescheinigung (Kopie), Passfoto des Kindes."", ""Verfahren: Online-Anmeldung, Ausdrucken und Vervollständigen der Formulare, Einreichung per Post oder durch Einwurf in den Briefkasten. Eine persönliche Abgabe im Sekretariat ist in der Regel nicht möglich.""]",2026-04-20T09:39:27Z,"Die Anmeldeformulare für den Eintritt außerhalb der regulären Einschreibewoche sind im Sekretariat erhältlich. Nach Abschluss der Online-Anmeldung werden die erforderlichen Formulare ausgedruckt, vervollständigt und der Schule per Post oder Einwurf in den Briefkasten zugesandt. Eine Bestätigung per E-Mail erfolgt nach Eingang der Unterlagen.","Heimstettner Str. 3, 85551 Kirchheim b.München",Bayern,12076.0,65.5,1.0,1505022.0,5671.0,München: sicherste Großstadt Deutschlands (>200k Einwohner) seit 50 Jahren,city_aggregate,5671.0,376.8,6061.0,12076.0,802.4,München,91219.0,6061.0,134.0,8.9,134.0,91219.0,815.0,54.2,2026-08-22,"jedeschule.codefor.de (CC0, scraped from km.bayern.de)","Gymnasium Kirchheim b.München is a well-regarded secondary school in the Munich region, dedicated to preparing its students for the Abitur and higher education. It offers a robust academic curriculum with a focus on comprehensive general education and a diverse language program, typically including English, Latin, and French, often complemented by scientific or artistic specializations.",,,2026-03-13,108.0,,,1498.0,München,BY,,0.0,0.0,0.0,0.0,0.0,0.0,100.0,91219.0,2024_25,2025
BY-SCHUL_SCHULSTANDORTEMITTELSCHULEN_b6142bd1-39ae-442e-b5de-ea714a61367d,Fritz-Schäffer-Mittelschule Ostermünchen in Tuntenhausen,Mittelschulen,Mittelschulen,,,Niedergartenweg 7,83104,Tuntenhausen,,,,,Margaret Careddu-Bayr,93.0,9.0,,,,,Englisch,,,,,,,,,,,,,,Nicht verfügbar (Bayern),,,,,,,,,,,Bayern Kultusministerium Schulsuche,"Schulprofil Inklusion, Praxisklasse",47.9489061,12.033207,,,,,,,,,,,,,,,,,,,,,,,,,,,,,,,,,,,,,,,,,,,,,,,,,,,,,,1.0,Durchschnittlich,,,,,,,,,,,,,,,,,,,,,,,,,,,,,,,,,,,,,,,,,,,,,,0.0,,0.0,0.0,,,,,,,,,,,,,,,,3.0,Landgasthof Ostermünchen,"Rotter Str. 2, 83104 Tuntenhausen, Germany",235.0,47.9500274,12.0359099,Landgasthof Ostermünchen,"Rotter Str. 2, 83104 Tuntenhausen, Germany",237.0,47.9500378,12.0359372,Bäckerei Konditorei Schiedermeier - Café - Frühstück - Mittagstisch,"Fritz-Schäffer-Straße 42, 83104 Tuntenhausen, Germany",291.0,47.9467155,12.0353845,2.0,Monis Trafik - Die Tankstelle für Leib und Seele,"Fritz-Schäffer-Straße 2, 83104 Tuntenhausen, Germany",205.0,47.9492605,12.0305341,Bäckerei Konditorei Schiedermeier - Café - Frühstück - Mittagstisch,"Fritz-Schäffer-Straße 42, 83104 Tuntenhausen, Germany",291.0,47.9467155,12.0353845,,,,,,1.0,Kath. Kindergarten und Krippe Ostermünchen,"Tulpenweg 9, 83104 Tuntenhausen, Germany",77.0,47.9483033,12.0337425,"Haus für Kinder Maria Himmelfahrt, Kita, Kindergarten","Bahnweg 13, 83104 Tuntenhausen, Germany",1731.0,47.9366561,12.0188924,Katholischer Kitaverbund Beyharting,"Augustinerweg 5, 83104 Tuntenhausen, Germany",4105.0,47.9250085,11.9912368,0.0,Elementary school Schönau,"Angerstraße 17, 83104 Tuntenhausen, Germany",4920.0,47.9470704,11.9672295,Grundschule Schönau,"Angerstraße 17, 83104 Tuntenhausen, Germany",4920.0,47.9470704,11.9672295,Elementary and middle school Aßling,"Schulstraße 3-5, 85617 Aßling, Germany",5052.0,47.9902746,12.0051649,1.0,"The Fritz-Schäffer-Mittelschule Ostermünchen in Tuntenhausen is a state-run Mittelschule (middle school) characterized by a strong commitment to inclusion and practice-oriented education. With 93 students and 9 teachers, the school offers a personal learning atmosphere where individual support is paramount. Its ""Inclusion School Profile"" emphasizes the endeavor to provide all students, regardless of their individual circumstances, with a comprehensive education and to integrate them into the school community.

A special feature of the school is its ""Praxisklasse"" (practical class), specifically tailored to the needs of students who require additional support in developing vocational prospects. The focus here is on imparting practical skills and preparing students for the transition into working life, often in close cooperation with local companies and businesses. The curriculum includes core subjects such as German, mathematics, and English (as a foreign language), as well as career-oriented content.

The school is located in Ostermünchen, a district of the municipality of Tuntenhausen, in the district of Rosenheim. This location offers a quiet and natural environment conducive to focused learning. Although the provided address is Niedergartenweg 7, 83104 Munich, the school is firmly rooted in the regional structure of Tuntenhausen. The Fritz-Schäffer-Mittelschule specifically prepares its students for the qualifying Mittelschulabschluss and the Mittlerer Schulabschluss, emphasizing the development of social skills and personal responsibility. After-school care programs are often available in Mittelschulen to support students beyond regular lessons.",,,,,,,,,,,,"Die Fritz-Schäffer-Mittelschule Ostermünchen in Tuntenhausen ist eine staatliche Mittelschule, die sich durch ein ausgeprägtes Engagement für Inklusion und praxisorientierte Bildung auszeichnet. Mit 93 Schülern und 9 Lehrkräften bietet die Schule eine persönliche Lernatmosphäre, in der individuelle Förderung im Vordergrund steht. Das Schulprofil Inklusion unterstreicht das Bestreben, allen Schülern, unabhängig von ihren individuellen Voraussetzungen, eine umfassende Bildung zu ermöglichen und sie in die Schulgemeinschaft zu integrieren.

Ein besonderes Merkmal der Schule ist die Praxisklasse, die speziell auf die Bedürfnisse von Schülern zugeschnitten ist, die zusätzliche Unterstützung bei der Entwicklung beruflicher Perspektiven benötigen. Hier liegt der Fokus auf der Vermittlung praktischer Fertigkeiten und der Vorbereitung auf den Übergang ins Berufsleben, oft in enger Zusammenarbeit mit lokalen Unternehmen und Betrieben. Der Lehrplan umfasst neben den Kernfächern wie Deutsch, Mathematik und Englisch (als Fremdsprache) auch berufsorientierende Inhalte.

Die Schule befindet sich in Ostermünchen, einem Ortsteil der Gemeinde Tuntenhausen, im Landkreis Rosenheim. Diese Lage bietet eine ruhige und naturnahe Umgebung, die ein konzentriertes Lernen fördert. Obwohl die angegebene Adresse Niedergartenweg 7, 83104 München lautet, ist die Schule fest in der regionalen Struktur von Tuntenhausen verankert. Die Fritz-Schäffer-Mittelschule bereitet ihre Schüler gezielt auf den qualifizierenden Mittelschulabschluss und den Mittleren Schulabschluss vor und legt dabei Wert auf die Entwicklung sozialer Kompetenzen und Eigenverantwortung. Betreuungsangebote nach dem Unterricht sind in Mittelschulen oft vorhanden, um die Schüler auch außerhalb des regulären Unterrichts zu unterstützen.","The Fritz-Schäffer-Mittelschule Ostermünchen in Tuntenhausen is a state-run middle school with 93 students and 9 teachers, focusing on inclusion and practice-oriented education. It offers a special ""Praxisklasse"" for vocational preparation and emphasizes individual support in a personal learning environment. The school prepares students for the qualifying Mittelschulabschluss and the Mittlerer Schulabschluss.","Die Fritz-Schäffer-Mittelschule Ostermünchen in Tuntenhausen ist eine staatliche Mittelschule mit 93 Schülern und 9 Lehrkräften, die sich auf Inklusion und praxisorientierte Bildung konzentriert. Sie bietet eine spezielle Praxisklasse zur Berufsvorbereitung und legt Wert auf individuelle Förderung in einer persönlichen Lernatmosphäre. Die Schule bereitet auf den qualifizierenden Mittelschulabschluss und den Mittleren Schulabschluss vor.",,,,,,,,,,,,,,,,,,,,,"[""Die Schule ist offen für die Aufnahme aller SchülerInnen, ob mit oder ohne sonderpädagogischem Förderbedarf."", ""Es wird eine Beratung mit einer Studienrätin im Förderschuldienst (Frau Sabine Herzog, Frau Anke Thurmaier) im Vorfeld angeboten.""]",2026-04-20T09:36:52Z,"Die Fritz-Schäffer-Mittelschule Ostermünchen hat das Profil Inklusion und versteht sich als „Schule für alle“. Eine vorherige Beratung mit Sonderpädagoginnen wird empfohlen, um einen angenehmen Übergang in die neue Schulart zu ermöglichen.","Niedergartenweg 7, 83104 Tuntenhausen",Bayern,12076.0,65.5,1.0,1505022.0,5671.0,München: sicherste Großstadt Deutschlands (>200k Einwohner) seit 50 Jahren,city_aggregate,5671.0,376.8,6061.0,12076.0,802.4,München,91219.0,6061.0,134.0,8.9,134.0,91219.0,815.0,54.2,2026-08-22,"jedeschule.codefor.de (CC0, scraped from km.bayern.de)","The Fritz-Schäffer-Mittelschule Ostermünchen in Tuntenhausen, Bavaria, offers a solid general education with a strong vocational focus. It specifically prepares students for the qualifying or intermediate secondary school certificate, fostering practical skills and career readiness. German is the primary language of instruction, complemented by English as the main foreign language.",,,,9.0,,,93.0,München,BY,,0.0,0.0,0.0,0.0,0.0,0.0,100.0,91219.0,2024_25,2025
BY-SCHUL_SCHULSTANDORTEREALSCHULEN_5530fea0-9531-4e96-87bc-8c697192118c,Staatl. Realschule Waldmünchen,Realschulen,Realschulen,,,Dr.-Matthias-Lechner-Str. 11,93449,Waldmünchen,,,,,Josef Mühlbauer,378.0,32.0,,,,,Französisch,,,,,,,,,,,,,,Nicht verfügbar (Bayern),,,,,,,,,,,Bayern Kultusministerium Schulsuche,"Abschlussprüfung IT, Bilingualer Sachfachunterricht (Geographie), klasse.im.puls, KOMPASS",49.3862487,12.703824,,,,,,,,,,,,,,,,,,,,,,,,,,,,,,,,,,,,,,,,,,,,,,,,,,,,,,1.0,Durchschnittlich,,,,,,,,,,,,,,,,,,,,,,,,,,,,,,,,,,,,,,,,,,,,,,0.0,,0.0,0.0,,,,,,,,,,,,,,,,1.0,Restaurant AquaStern im AquaFit,"Dr.-Matthias-Lechner-Straße 4, 93449 Waldmünchen, Germany",214.0,49.3843324,12.7033264,,,,,,,,,,,0.0,,,,,,,,,,,,,,,,0.0,Kindertagesstätte St. Stephan,"Breitenwiesweg 25, 93449 Waldmünchen, Germany",606.0,49.380838999999995,12.7049693,Haus der kleinen Wunder,"Allee 10, 93449 Waldmünchen, Germany",741.0,49.3796904,12.7057275,Kindergarten St. Johannes,"Am Pfarrfeld 23, 93488 Schönthal, Germany",7895.0,49.357009399999995,12.604427,0.0,Waldmünchen Grundschule,"Allee 8, 93449 Waldmünchen, Germany",739.0,49.379739,12.705991,"Grundschule, Waldmünchen","93449 Waldmünchen, Germany",786.0,49.3792632,12.7055911,Geigant Grundschule,"Mühlweg 2, 93449 Waldmünchen, Germany",6734.0,49.3274316,12.6815454,1.0,"The Staatl. Realschule Waldmünchen is a public, state-run Realschule located in the idyllic town of Waldmünchen, distinguished by its comprehensive educational offerings and dedicated pedagogical approach. With 378 students taught by 32 teachers, the school fosters a personal learning atmosphere across a total of 17 classes. The school is led by Headmaster RSD Josef Mühlbauer. The pedagogical concept of Realschule Waldmünchen is designed to optimally prepare students for future professional and academic paths. A particular focus is placed on promoting individual talents and interests, evident in its diverse profile areas. These include the ""Abschlussprüfung IT"" (IT final examination), which provides students with solid knowledge in information technology, and ""Bilingualer Sachfachunterricht"" (Bilingual Subject Instruction) in Geography for grades 7 to 9, which strengthens linguistic competencies and intercultural understanding. Furthermore, the initiatives ""klasse.im.puls"" and ""KOMPASS"" enrich school life. ""klasse.im.puls"" promotes musical education and creativity, while ""KOMPASS"" aims to strengthen key competencies and personal development. French is offered as an elective subject, broadening students' linguistic horizons. The school also functions as a seminar school, highlighting its role in teacher training and indicating a high quality of pedagogical work. As an open all-day school, Realschule Waldmünchen provides care services beyond regular lessons, offering additional support to parents and diverse leisure opportunities for students. The school's facilities also cater to the needs of students with physical disabilities, featuring a wheelchair-accessible entrance and corresponding parking spaces. Its location in Waldmünchen, a town in the district of Cham, provides a natural and tranquil learning environment. The address is Dr.-Matthias-Lechner-Straße 11, 93449 Waldmünchen. The Staatl. Realschule Waldmünchen sees itself as a modern educational institution that values the holistic development of its students and prepares them optimally for the challenges of the future.",,,,,,,,,,,,"Die Staatliche Realschule Waldmünchen ist eine öffentliche, staatliche Realschule im idyllischen Waldmünchen, die sich durch ein umfassendes Bildungsangebot und eine engagierte pädagogische Ausrichtung auszeichnet. Mit 378 Schülern, die von 32 Lehrkräften unterrichtet werden, bietet die Schule eine persönliche Lernatmosphäre in insgesamt 17 Klassen. Die Schulleitung liegt in den Händen von RSD Josef Mühlbauer. Das pädagogische Konzept der Realschule Waldmünchen ist darauf ausgerichtet, Schülerinnen und Schüler optimal auf zukünftige berufliche und schulische Wege vorzubereiten. Ein besonderer Schwerpunkt liegt auf der Förderung individueller Talente und Interessen. Dies zeigt sich in den vielfältigen Profilbereichen. Dazu gehören die ""Abschlussprüfung IT"", die den Schülern fundierte Kenntnisse im Bereich Informationstechnologie vermittelt, sowie der ""Bilinguale Sachfachunterricht"" in Geographie für die Jahrgangsstufen 7 bis 9, der sprachliche Kompetenzen und interkulturelles Verständnis stärkt. Darüber hinaus bereichern die Initiativen ""klasse.im.puls"" und ""KOMPASS"" das Schulleben. ""klasse.im.puls"" fördert musikalische Bildung und Kreativität, während ""KOMPASS"" auf die Stärkung von Schlüsselkompetenzen und die Persönlichkeitsentwicklung abzielt. Als Wahlpflichtfach wird Französisch angeboten, was den sprachlichen Horizont der Schüler erweitert. Die Schule ist zudem als Seminarschule aktiv, was ihre Rolle in der Lehrerausbildung unterstreicht und für eine hohe Qualität der pädagogischen Arbeit spricht. Als offene Ganztagsschule bietet die Realschule Waldmünchen Betreuungsangebote über den regulären Unterricht hinaus, was Eltern und Schülern zusätzliche Unterstützung und vielfältige Freizeitmöglichkeiten bietet. Die Ausstattung der Schule berücksichtigt auch die Bedürfnisse von Schülern mit körperlichen Einschränkungen, da sie über einen rollstuhlgerechten Eingang und entsprechende Parkplätze verfügt. Die Lage in Waldmünchen, einer Stadt im Landkreis Cham, bietet eine naturnahe und ruhige Lernumgebung. Die Adresse lautet Dr.-Matthias-Lechner-Straße 11, 93449 Waldmünchen. Die Staatliche Realschule Waldmünchen versteht sich als moderne Bildungseinrichtung, die Wert auf eine ganzheitliche Entwicklung ihrer Schüler legt und sie bestmöglich auf die Herausforderungen der Zukunft vorbereitet.","The Staatl. Realschule Waldmünchen is a public Realschule with 378 students and 32 teachers, led by Josef Mühlbauer. It offers a comprehensive profile including an IT final examination, bilingual Geography instruction, and the ""klasse.im.puls"" and ""KOMPASS"" programs. As an open all-day school with barrier-free access, it promotes holistic development in an idyllic learning environment.","Die Staatliche Realschule Waldmünchen ist eine öffentliche Realschule mit 378 Schülern und 32 Lehrkräften, geleitet von Josef Mühlbauer. Sie bietet ein umfassendes Profil mit IT-Abschlussprüfung, bilingualem Geographieunterricht, sowie den Programmen ""klasse.im.puls"" und ""KOMPASS"". Als offene Ganztagsschule mit barrierefreiem Zugang fördert sie eine ganzheitliche Entwicklung in einer idyllischen Lernumgebung.",,,,,,,,,,,,,,,,,,,,"{""opens"": ""2026-05-11"", ""closes"": ""2026-08-05"", ""notes"": ""Anmeldezeitraum für die Aufnahme im Schuljahr 2026/2027 für Schülerinnen und Schüler aus der 4. Klasse der Grundschule und Endgültige Anmeldung für Schülerinnen und Schüler aus der 5. Klasse der Mittelschule.""}","[""Geburtsurkunde im Original"", ""Übertrittszeugnis im Original"", ""Bei alleinigem Sorgerecht: Kopie des Sorgerechtsbeschlusses"", ""Nachweis im Sinne des Masernschutzgesetzes"", ""Bei Teilleistungsstörung: Bescheinigung über die Teilleistungsstörung""]",2026-04-20T09:38:11Z,Die Anmeldung für Schülerinnen und Schüler aus der 4. Klasse der Grundschule findet vom 11.05.2026 bis 13.05.2026 statt. Eine Voranmeldung für Schülerinnen und Schüler aus der 5. Klasse der Mittelschule ist am 15.05.2026 möglich. Der Probeunterricht ist vom 19.05.2026 bis 21.05.2026. Die endgültige Anmeldung für Schülerinnen und Schüler aus der 5. Klasse der Mittelschule ist vom 03.08.2026 bis 05.08.2026.,"Dr.-Matthias-Lechner-Str. 11, 93449 Waldmünchen",Bayern,12076.0,65.5,1.0,1505022.0,5671.0,München: sicherste Großstadt Deutschlands (>200k Einwohner) seit 50 Jahren,city_aggregate,5671.0,376.8,6061.0,12076.0,802.4,München,91219.0,6061.0,134.0,8.9,134.0,91219.0,815.0,54.2,2026-08-22,"jedeschule.codefor.de (CC0, scraped from km.bayern.de)","Staatl. Realschule Waldmünchen provides a solid general education with a practical focus, leading to the Realschulabschluss (intermediate secondary school certificate). It optimally prepares students for vocational training or further education at specialized upper secondary schools (FOS/BOS). In addition to compulsory English, the school often offers elective subjects and projects for career orientation.",,,2026-08-05,32.0,"[{""date"": ""2026-05-11"", ""start_time"": null, ""end_time"": null, ""event_type"": ""Anmeldetag"", ""audience"": ""Schülerinnen und Schüler aus der 4. Klasse der Grundschule"", ""notes"": ""Anmeldung für Schülerinnen und Schüler aus der 4. Klasse der Grundschule""}, {""date"": ""2026-05-12"", ""start_time"": null, ""end_time"": null, ""event_type"": ""Anmeldetag"", ""audience"": ""Schülerinnen und Schüler aus der 4. Klasse der Grundschule"", ""notes"": ""Anmeldung für Schülerinnen und Schüler aus der 4. Klasse der Grundschule""}, {""date"": ""2026-05-13"", ""start_time"": ""08:00"", ""end_time"": ""16:00"", ""event_type"": ""Anmeldetag"", ""audience"": ""Schülerinnen und Schüler aus der 4. Klasse der Grundschule"", ""notes"": ""Anmeldung für Schülerinnen und Schüler aus der 4. Klasse der Grundschule""}, {""date"": ""2026-05-15"", ""start_time"": ""08:00"", ""end_time"": ""12:00"", ""event_type"": ""Anmeldetag"", ""audience"": ""Schülerinnen und Schüler aus der 5. Klasse der Mittelschule"", ""notes"": ""Voranmeldung für Schülerinnen und Schüler aus der 5. Klasse der Mittelschule""}, {""date"": ""2026-05-19"", ""start_time"": ""08:00"", ""end_time"": ""12:00"", ""event_type"": ""Schnuppertag"", ""audience"": ""Zukünftige Schüler"", ""notes"": ""Probeunterricht""}, {""date"": ""2026-05-20"", ""start_time"": ""08:00"", ""end_time"": ""12:00"", ""event_type"": ""Schnuppertag"", ""audience"": ""Zukünftige Schüler"", ""notes"": ""Probeunterricht""}, {""date"": ""2026-05-21"", ""start_time"": ""08:00"", ""end_time"": ""12:00"", ""event_type"": ""Schnuppertag"", ""audience"": ""Zukünftige Schüler"", ""notes"": ""Probeunterricht""}, {""date"": ""2026-08-03"", ""start_time"": ""08:00"", ""end_time"": ""12:00"", ""event_type"": ""Anmeldetag"", ""audience"": ""Schülerinnen und Schüler aus der 5. Klasse der Mittelschule"", ""notes"": ""Endgültige Anmeldung für Schülerinnen und Schüler aus der 5. Klasse der Mittelschule""}, {""date"": ""2026-08-04"", ""start_time"": ""08:00"", ""end_time"": ""12:00"", ""event_type"": ""Anmeldetag"", ""audience"": ""Schülerinnen und Schüler aus der 5. Klasse der Mittelschule"", ""notes"": ""Endgültige Anmeldung für Schülerinnen und Schüler aus der 5. Klasse der Mittelschule""}, {""date"": ""2026-08-05"", ""start_time"": ""08:00"", ""end_time"": ""12:00"", ""event_type"": ""Anmeldetag"", ""audience"": ""Schülerinnen und Schüler aus der 5. Klasse der Mittelschule"", ""notes"": ""Endgültige Anmeldung für Schülerinnen und Schüler aus der 5. Klasse der Mittelschule""}]",,378.0,München,BY,,0.0,0.0,0.0,0.0,0.0,0.0,100.0,91219.0,2024_25,2025
BY-SCHUL_SCHULSTANDORTEMITTELSCHULEN_707ba492-7551-4cb6-a4d3-9f07440dad19,Schwarzachtal-Mittelschule Waldmünchen,Mittelschulen,Mittelschulen,,,Dr.-Matthias-Lechner-Str. 8,93449,Waldmünchen,,,,,Michael Aumann,229.0,21.0,,,,,,,,,,,,,,,,,,,Nicht verfügbar (Bayern),,,,,,,,,,,Bayern Kultusministerium Schulsuche,DeutschPLUS (GMS),49.38538,12.7048264,,,,,,,,,,,,,,,,,,,,,,,,,,,,,,,,,,,,,,,,,,,,,,,,,,,,,,1.0,Durchschnittlich,,,,,,,,,,,,,,,,,,,,,,,,,,,,,,,,,,,,,,,,,,,,,,0.0,,0.0,0.0,,,,,,,,,,,,,,,,1.0,Restaurant AquaStern im AquaFit,"Dr.-Matthias-Lechner-Straße 4, 93449 Waldmünchen, Germany",159.0,49.3843324,12.7033264,,,,,,,,,,,0.0,,,,,,,,,,,,,,,,0.0,Kindertagesstätte St. Stephan,"Breitenwiesweg 25, 93449 Waldmünchen, Germany",506.0,49.380838999999995,12.7049693,Haus der kleinen Wunder,"Allee 10, 93449 Waldmünchen, Germany",637.0,49.3796904,12.7057275,Kindergarten St. Johannes,"Am Pfarrfeld 23, 93488 Schönthal, Germany",7924.0,49.357009399999995,12.604427,0.0,Waldmünchen Grundschule,"Allee 8, 93449 Waldmünchen, Germany",634.0,49.379739,12.705991,"Grundschule, Waldmünchen","93449 Waldmünchen, Germany",684.0,49.3792632,12.7055911,Geigant Grundschule,"Mühlweg 2, 93449 Waldmünchen, Germany",6661.0,49.3274316,12.6815454,2.0,"The Schwarzachtal-Mittelschule Waldmünchen is a public middle school in the Upper Palatinate, Bavaria, educating students from grades 5 to 10. Under the leadership of Principal Michael Aumann and with a faculty of 21 teachers, 229 students are supported. The school is an integral part of the educational offerings in the city of Waldmünchen, which boasts a wide range of educational institutions. 

The pedagogical concept of Schwarzachtal-Mittelschule emphasizes comprehensive education and individual support. A special care program is ""DeutschPLUS (GMS)"", which aims to support students with additional language needs and facilitate their integration. Furthermore, the school offers an Open All-Day School, providing students with care and additional educational opportunities beyond regular lessons. 

The school building, originally a reinforced concrete skeleton structure from the 1980s, is part of a larger school complex that also includes a triple sports hall. The school underwent a general renovation in 2012, during which extensive modernization measures were carried out. As early as 2007, the main roofs were converted into pitched roofs with sheet metal cladding and equipped with 16 cm of thermal insulation. The facades were clad with large fiber cement panels and rear-ventilated insulation or paneled with horizontal larch wood slats and also insulated. The sports hall was renovated in the late 1990s. These modernizations ensure a contemporary and energy-efficient learning environment. The school is located at Dr.-Matthias-Lechner-Str. 8, 93449 Waldmünchen.",,,,,,,,,,,,"Die Schwarzachtal-Mittelschule Waldmünchen ist eine öffentliche Mittelschule in der Oberpfalz, Bayern, die Schülerinnen und Schüler der Jahrgangsstufen 5 bis 10 unterrichtet. Unter der Leitung von Schulleiter Michael Aumann und mit einem Kollegium von 21 Lehrkräften werden 229 Schülerinnen und Schüler betreut. Die Schule ist ein integraler Bestandteil des Bildungsangebots der Stadt Waldmünchen, die über eine Vielzahl schulischer Einrichtungen verfügt. 

Das pädagogische Konzept der Schwarzachtal-Mittelschule legt Wert auf eine umfassende Bildung und individuelle Förderung. Ein besonderes Betreuungsangebot ist das Programm „DeutschPLUS (GMS)“, das darauf abzielt, Schülerinnen und Schüler mit zusätzlichem Sprachförderbedarf zu unterstützen und ihre Integration zu erleichtern. Darüber hinaus bietet die Schule eine Offene Ganztagsschule an, die den Schülerinnen und Schülern über den regulären Unterricht hinaus Betreuung und zusätzliche Bildungsangebote ermöglicht. 

Das Schulgebäude, ursprünglich ein Stahlbetonskelettbau aus den 1980er Jahren, ist Teil eines größeren Schulkomplexes, der auch eine Dreifach-Turnhalle umfasst. Die Schule wurde 2012 generalsaniert, wobei umfangreiche Modernisierungsmaßnahmen durchgeführt wurden. Bereits 2007 wurden die Hauptdächer zu Pultdächern mit Blecheindeckung umgebaut und mit einer 16 cm starken Wärmedämmung versehen. Die Fassaden erhielten eine Verkleidung mit großflächigen Faserzementplatten und hinterlüfteter Dämmung oder wurden mit waagrechten Lärchenholz-Leisten verschalt und ebenfalls gedämmt. Die Turnhalle wurde bereits Ende der 1990er Jahre saniert. Diese Modernisierungen gewährleisten eine zeitgemäße und energieeffiziente Lernumgebung. Die Schule befindet sich in der Dr.-Matthias-Lechner-Str. 8, 93449 Waldmünchen.","Schwarzachtal-Mittelschule Waldmünchen is a public middle school for grades 5-10 with 229 students and 21 teachers. It offers the special support program ""DeutschPLUS (GMS)"" and an Open All-Day School. The school building underwent a general renovation in 2012 and features modern facilities, including a triple sports hall.","Die Schwarzachtal-Mittelschule Waldmünchen ist eine öffentliche Mittelschule für die Jahrgangsstufen 5-10 mit 229 Schülern und 21 Lehrkräften. Sie bietet das spezielle Förderprogramm „DeutschPLUS (GMS)“ und eine Offene Ganztagsschule an. Das Schulgebäude wurde 2012 generalsaniert und verfügt über moderne Einrichtungen, einschließlich einer Dreifach-Turnhalle.",,,,,,,,,,,,,,,,,,,,,"[""Schülerdatenblatt zur Anmeldung"", ""Elternbrief zum Deutschlandticket"", ""Übersicht Einwilligungen und Informationen"", ""Anmeldeformular Offene Ganztagsschule"", ""Datenschutzrechtliche Einwilligungen (Einwilligungsinformation zur Veröffentlichung von Fotos, Einwilligungsinformation zur Nutzung von ByCS (folgt), Einwilligungsinformation zur Nutzung von Microsoft Teams, Einwilligungsinformation zur Nutzung von Schulmanager Online, Einwilligung zur Anforderung von Schülerunterlagen der vorherigen Schule)""]",2026-04-20T09:39:57Z,"Die Aufnahme-/Anmeldekriterien beziehen sich auf die erforderlichen Anmeldeunterlagen, die in einem Suchergebnis zur Anmeldeseite der Schule aufgeführt waren. Spezifische akademische Kriterien wurden auf der Website nicht gefunden.","Dr.-Matthias-Lechner-Str. 8, 93449 Waldmünchen",Bayern,12076.0,65.5,1.0,1505022.0,5671.0,München: sicherste Großstadt Deutschlands (>200k Einwohner) seit 50 Jahren,city_aggregate,5671.0,376.8,6061.0,12076.0,802.4,München,91219.0,6061.0,134.0,8.9,134.0,91219.0,815.0,54.2,2026-08-22,"jedeschule.codefor.de (CC0, scraped from km.bayern.de)","The Schwarzachtal-Mittelschule Waldmünchen is a Bavarian Mittelschule, providing a solid general education with a strong vocational orientation. It effectively prepares students for professional life or further educational paths, emphasizing practical skills and career readiness. English is typically offered as a foreign language alongside German.",,,,21.0,,,229.0,München,BY,,0.0,0.0,0.0,0.0,0.0,0.0,100.0,91219.0,2024_25,2025
BY-SCHUL_SCHULSTANDORTEMITTELSCHULEN_6658e87e-20ec-48d3-b98f-5f0a303bda84,"Mittelschule Kirchheim b.München, an der Heimstettner Straße",Mittelschulen,Mittelschulen,,1971.0,Heimstettner Str. 12,85551,Kirchheim b.München,,,,,Ariane Tronser,205.0,16.0,,,,,Englisch,,,,,,,,,,,,,,Nicht verfügbar (Bayern),,,,,,,,,,,Bayern Kultusministerium Schulsuche,"Zusammenarbeit mit Heimen, Förderlehrer, Sozialpädagogen, Berufseinstiegsbegleitung, Gebundene Ganztagesschule, Soziales Lernen, Schule ohne Rassismus, Schulsanitäter, Profile Wirtschaft, Technik, Soziales.",48.1684448,11.7561214,,,,,,,,,,,,,,,,,,,,,,,,,,,,,,,,,,,,,,,,,,,,,,,,,,,,,,1.0,Durchschnittlich,,,,,,,,,,,,,,,,,,,,,,,,,,,,,,,,,,,,,,,,,,,,,,0.0,,0.0,1.0,Biokarpos,"Azaleenweg 3, 85551 Kirchheim bei München, Germany",151.0,48.1690769,11.7583546,,,,,,,,,,,1.0,Gastronomie am Bürgersaal,"Kirchheim, Lindenviertel, 85551 Kirchheim bei München, Germany",292.0,48.1707638,11.7547155,,,,,,,,,,,0.0,,,,,,,,,,,,,,,,2.0,Kinderland St. Dorothea - Kirchheim,"Hauptstraße 30, 85551 Kirchheim bei München, Germany",178.0,48.167639099999995,11.7544687,Evangelische Kindertagesstätte,"Schlehenring 50, 85551 Kirchheim bei München, Germany",280.0,48.169660099999994,11.7598501,Catholic kindergarten St.Franziskus,"Am Gangsteig 4, 85551 Kirchheim bei München, Germany",724.0,48.1620437,11.75841,0.0,Volksschule II,"Martin-Luther-Straße 2, 85551 Kirchheim bei München, Germany",665.0,48.172385899999995,11.7498183,Grundschule an der Martin-Luther-Straße,"Martin-Luther-Straße 2, 85551 Kirchheim bei München, Germany",679.0,48.1724018,11.7495838,Silva-Grundschule Heimstetten,"Gruber Str. 11, 85551 Kirchheim bei München, Germany",702.0,48.1628062,11.760827,3.0,"Mittelschule Kirchheim b.München, located on Heimstettner Straße, is an educational institution in eastern Munich characterized by a comprehensive pedagogical concept and diverse support programs. With 205 students and 16 teachers, led by Principal Ariane Tronser, the school offers a personal and supportive learning environment. As a Mittelschule (middle school), it places a strong emphasis on imparting practical skills and individually preparing students for the transition into professional life. A central pillar of the school's profile is intensive career orientation, supported by dedicated career entry assistance. Students can specialize in the profiles of Economics, Technology, and Social Studies, allowing them to discover and specifically foster their interests and talents early on. The pedagogical concept is strengthened by ""Social Learning"" and the ""School without Racism"" initiative, which prioritize respectful coexistence and the development of social competencies. Mittelschule Kirchheim is a full-day school (gebundene Ganztagesschule), meaning it offers structured care beyond regular lessons. This includes not only homework supervision but also a variety of leisure activities and support courses. Students receive special assistance from support teachers and social pedagogues who address individual learning needs and provide help with personal challenges. Collaboration with residential homes underscores the school's inclusive approach. Although specific details about facilities are not available, its orientation as a full-day school and its profile subjects suggest corresponding specialized classrooms, a cafeteria, and common areas. The school is located at Heimstettner Straße 12 in Kirchheim b.München, a municipality on the eastern outskirts of Munich, which offers good infrastructure connections and ensures a quiet yet easily accessible learning environment. The offerings are complemented by school paramedics who ensure the safety and well-being of the school community. English is taught as a foreign language.",,,,,,,,,,,,"Die Mittelschule Kirchheim b.München, an der Heimstettner Straße, ist eine Bildungseinrichtung im Münchner Osten, die sich durch ein umfassendes pädagogisches Konzept und vielfältige Förderangebote auszeichnet. Mit 205 Schülern und 16 Lehrkräften unter der Leitung von Ariane Tronser bietet die Schule eine persönliche und unterstützende Lernumgebung. Als Mittelschule legt sie einen starken Fokus auf die Vermittlung praxisorientierter Fähigkeiten und die individuelle Vorbereitung auf den Übergang in das Berufsleben. Ein zentraler Pfeiler des Schulprofils ist die intensive Berufsorientierung, die durch eine engagierte Berufseinstiegsbegleitung unterstützt wird. Schüler können sich in den Profilen Wirtschaft, Technik und Soziales spezialisieren, was ihnen ermöglicht, ihre Interessen und Talente frühzeitig zu entdecken und gezielt zu fördern. Das pädagogische Konzept wird durch ""Soziales Lernen"" und die Initiative ""Schule ohne Rassismus"" gestärkt, die ein respektvolles Miteinander und die Entwicklung sozialer Kompetenzen in den Vordergrund stellen. Die Mittelschule Kirchheim ist eine gebundene Ganztagesschule, was bedeutet, dass sie ein strukturiertes Betreuungsangebot über den regulären Unterricht hinaus bietet. Dies umfasst nicht nur die Hausaufgabenbetreuung, sondern auch vielfältige Freizeitaktivitäten und Förderkurse. Besondere Unterstützung erhalten die Schüler durch Förderlehrer und Sozialpädagogen, die individuelle Lernbedürfnisse adressieren und bei persönlichen Herausforderungen zur Seite stehen. Die Zusammenarbeit mit Heimen unterstreicht den integrativen Ansatz der Schule. Obwohl keine spezifischen Details zur Ausstattung vorliegen, lässt die Ausrichtung als Ganztagesschule und die Profilfächer auf entsprechende Fachräume, eine Mensa und Aufenthaltsbereiche schließen. Die Schule befindet sich in der Heimstettner Straße 12 in Kirchheim b.München, einer Gemeinde am östlichen Stadtrand von München, die eine gute Anbindung an die Infrastruktur bietet und ein ruhiges, aber dennoch gut erreichbares Lernumfeld gewährleistet. Das Angebot wird durch Schulsanitäter ergänzt, die für die Sicherheit und das Wohlbefinden der Schulgemeinschaft sorgen. Englisch wird als Fremdsprache unterrichtet.","Mittelschule Kirchheim b.München is a full-day middle school with 205 students, focusing on practical education and individual career orientation. It offers profiles in Economics, Technology, and Social Studies, supported by special education teachers and social pedagogues, promoting social learning and respectful coexistence.","Die Mittelschule Kirchheim b.München ist eine gebundene Ganztagesschule mit 205 Schülern, die sich auf praxisorientierte Bildung und individuelle Berufsorientierung konzentriert. Sie bietet Profile in Wirtschaft, Technik und Soziales, wird durch Förderlehrer und Sozialpädagogen unterstützt und fördert soziales Lernen sowie ein respektvolles Miteinander.",,,,,,,,,,,,,,,,,,,,,,2026-04-20T09:36:28Z,"Es wurden keine spezifischen Aufnahme-/Anmeldekriterien für die Mittelschule Kirchheim b.München gefunden. Informationen zur Anmeldung für die Offene Ganztagesbetreuung (OGTS) besagen, dass die Anmeldung direkt über die Schule erfolgt und für das gesamte Schuljahr verbindlich ist, wobei mindestens zwei bis maximal vier Nachmittage pro Woche gebucht werden müssen.","Heimstettner Str. 12, 85551 Kirchheim b.München",Bayern,12076.0,65.5,1.0,1505022.0,5671.0,München: sicherste Großstadt Deutschlands (>200k Einwohner) seit 50 Jahren,city_aggregate,5671.0,376.8,6061.0,12076.0,802.4,München,91219.0,6061.0,134.0,8.9,134.0,91219.0,815.0,54.2,2026-08-22,"jedeschule.codefor.de (CC0, scraped from km.bayern.de)","Mittelschule Kirchheim b.München on Heimstettner Straße offers a practice-oriented education, preparing students for vocational training and further schooling with the 'qualifizierender Mittelschulabschluss' or 'mittlerer Schulabschluss'. The curriculum emphasizes individual support and vocational orientation, complemented by various elective subjects in technology, economics, and social studies. English is taught as the primary foreign language.",,,2026-03-05,16.0,,,205.0,München,BY,,0.0,0.0,0.0,0.0,0.0,0.0,100.0,91219.0,2024_25,2025
BY-SCHUL_SCHULSTANDORTEREALSCHULEN_ba9ff9dd-627e-4821-b7e9-cfd526a0f2d1,Leonhard-Wagner-Realschule Staatl. Realschule Schwabmünchen,Realschulen,Realschulen,,1958.0,Breitweg 16,86830,Schwabmünchen,,,,,Antje Luxenhofer,1007.0,69.0,,,,,Französisch,,,,,,,,,,,,,,Nicht verfügbar (Bayern),,,,,,,,,,,Bayern Kultusministerium Schulsuche,"Bilinguales Angebot, Umweltengagement, Schülerzeitung, Robotik",48.1857071,10.7670879,,,,,,,,,,,,,,,,,,,,,,,,,,,,,,,,,,,,,,,,,,,,,,,,,,,,,,1.0,Durchschnittlich,,,,,,,,,,,,,,,,,,,,,,,,,,,,,,,,,,,,,,,,,,,,,,0.0,,0.0,0.0,,,,,,,,,,,,,,,,1.0,Kegelstube bei Nada,"Breitweg 20, 86830 Schwabmünchen, Germany",151.0,48.1843081,10.7663985,,,,,,,,,,,0.0,,,,,,,,,,,,,,,,0.0,Kindergarten und -krippe St. Michael,"Museumstraße 14, 86830 Schwabmünchen, Germany",837.0,48.1797434,10.7599442,St. Anna Kindergarten und -Krippe,"Römerstraße 42, 86830 Schwabmünchen, Germany",909.0,48.1906605,10.7574033,Kinderhaus Schwabmünchen,"Wiesstraße 15, 86830 Schwabmünchen, Germany",1174.0,48.18125,10.7526,0.0,Hans-Nebauer-Sporthalle (Sporthalle an der Grundschule),"Holzheystraße 18, 86830 Schwabmünchen, Germany",678.0,48.1804504,10.7621374,Sankt-Ulrich-Grundschule,"Museumstraße 16, 86830 Schwabmünchen, Germany",729.0,48.1804761,10.7609005,Grundschule Untermeitingen,"Schulstraße 9, 86836 Untermeitingen, Germany",4188.0,48.16175,10.81075,3.0,"The Leonhard-Wagner-Realschule Staatl. Realschule Schwabmünchen is an established educational institution in Schwabmünchen, Bavaria, offering comprehensive schooling since its founding in 1958. Since 1993, it has been an independent Realschule and has established itself as an important part of the regional educational landscape. With 982 students and 69 teachers (as of 2024/25), it is a medium-sized school that combines a personal learning atmosphere with diverse educational opportunities. The school is located at Breitweg 16 in 86830 Schwabmünchen, a location that ensures good accessibility and is situated in an environment offering both rural tranquility and proximity to urban amenities. The pedagogical concept of the Leonhard-Wagner-Realschule aims to foster young people both theoretically and practically, preparing them for general and vocational education. It offers four educational tracks that cater to the diverse interests and talents of its students. Among the school's special offerings are a bilingual program, which provides students with advanced language skills, and a strong commitment to environmental protection, for which the school has been recognized since 2015. Other outstanding features include an active student newspaper and an innovative robotics program, which have also received recognition since 2015. These special features reflect the school's dedication to promoting skills beyond the regular curriculum. The school is led by Antje Luxenhofer. Support services include the bilingual program and the opportunity to participate in the aforementioned extracurricular activities, which supports the holistic development of students.",,,,,,,,,,,,"Die Leonhard-Wagner-Realschule Staatl. Realschule Schwabmünchen ist eine etablierte Bildungseinrichtung in Schwabmünchen, Bayern, die seit ihrer Gründung im Jahr 1958 eine umfassende schulische Ausbildung anbietet. Seit 1993 ist sie eine eigenständige Realschule und hat sich als wichtiger Bestandteil der regionalen Bildungslandschaft etabliert. Mit 982 Schülern und 69 Lehrkräften (Stand 2024/25) ist sie eine Schule mittlerer Größe, die eine persönliche Lernatmosphäre mit vielfältigen Bildungsangeboten verbindet. Die Schule befindet sich am Breitweg 16 in 86830 Schwabmünchen, einer Lage, die eine gute Erreichbarkeit gewährleistet und in einer Umgebung liegt, die sowohl ländliche Ruhe als auch die Nähe zu städtischen Annehmlichkeiten bietet. Das pädagogische Konzept der Leonhard-Wagner-Realschule zielt darauf ab, junge Menschen sowohl theoretisch als auch praktisch zu fördern und sie auf eine allgemeine und berufsvorbereitende Bildung vorzubereiten. Sie bietet vier Ausbildungsrichtungen an, die den unterschiedlichen Interessen und Talenten der Schüler gerecht werden. Zu den besonderen Angeboten der Schule gehören ein bilinguales Angebot, das den Schülern erweiterte Sprachkenntnisse vermittelt, sowie ein starkes Umweltengagement, für das die Schule seit 2015 ausgezeichnet wurde. Weitere herausragende Merkmale sind eine aktive Schülerzeitung und ein innovatives Robotik-Programm, die ebenfalls seit 2015 Anerkennung finden. Diese Besonderheiten spiegeln das Engagement der Schule wider, über den regulären Lehrplan hinausgehende Kompetenzen zu fördern. Die Schulleitung liegt in den Händen von Antje Luxenhofer. Betreuungsangebote umfassen das bilinguale Angebot und die Möglichkeit, sich in den genannten AGs zu engagieren, was eine ganzheitliche Entwicklung der Schüler unterstützt.","The Leonhard-Wagner-Realschule Schwabmünchen, founded in 1958, is a Realschule with 982 students and 69 teachers. It offers a bilingual program, is committed to environmental protection, and fosters students through a student newspaper and robotics programs. The school prepares students for general and vocational education and is led by Antje Luxenhofer.","Die Leonhard-Wagner-Realschule Schwabmünchen ist eine 1958 gegründete Realschule mit 982 Schülern und 69 Lehrkräften. Sie bietet ein bilinguales Angebot, engagiert sich im Umweltschutz und fördert Schüler durch eine Schülerzeitung und Robotik-Programme. Die Schule bereitet auf allgemeine und berufliche Bildung vor und wird von Antje Luxenhofer geleitet.",,,,,,,,,,,,,,,,,,,,"{""opens"": ""2026-05-04"", ""closes"": ""2026-05-13"", ""notes"": ""Für Kinder der 4. Klasse Grundschule oder der 5. Klasse Mittelschule zur Anmeldung für die 5. Klasse Realschule. Eine Anmeldung für andere Kinder zum neuen Schuljahr ist ab dem 18.05.2026 möglich. Für Schulwechsel während des laufenden Schuljahres ist eine Kontaktaufnahme mit dem Sekretariat erforderlich.""}","[""Kinder der 4. Klasse Grundschule oder der 5. Klasse Mittelschule für die 5. Klasse Realschule."", ""Geburtsschein oder Geburtsurkunde in Kopie."", ""Nachweis im Sinne des Masernschutzgesetzes (z.B. Kopie des Impfbuches mit Deckblatt)."", ""Ggf. Sorgerechtsbescheid."", ""Kinder aus Großaitingen und Wehringen können nicht aufgenommen werden."", ""Besondere Umstände (Legasthenie, Krankheit, Körperbehinderung) sind auf einem gesonderten Blatt mitzuteilen."", ""Antrag auf Teilnahme am Religionsunterricht für nicht getaufte Kinder erforderlich."", ""Datenschutzerklärung für Microsoft Office 365 ist zu unterschreiben.""]",2026-04-20T09:37:35Z,"Die Anmeldung erfolgt online über die Schulwebsite. Die genannten Dokumente sind auszudrucken, zu unterschreiben und einzureichen. Bei Legasthenie oder ähnlichem nimmt der Schulpsychologe Kontakt auf. Nicht getaufte Kinder besuchen üblicherweise den Ethikunterricht, können aber auf Antrag am Religionsunterricht teilnehmen. Die Nutzung von Microsoft Office 365 erfordert die Unterzeichnung einer Datenschutzerklärung.","Breitweg 16, 86830 Schwabmünchen",Bayern,12076.0,65.5,1.0,1505022.0,5671.0,München: sicherste Großstadt Deutschlands (>200k Einwohner) seit 50 Jahren,city_aggregate,5671.0,376.8,6061.0,12076.0,802.4,München,91219.0,6061.0,134.0,8.9,134.0,91219.0,815.0,54.2,2026-08-22,"jedeschule.codefor.de (CC0, scraped from km.bayern.de)","The Leonhard-Wagner-Realschule Schwabmünchen is a state-run Realschule in Bavaria, guiding students to the Mittlerer Schulabschluss (intermediate school leaving certificate). It provides a comprehensive general education with a focus on various elective subject groups, such as economics, technology, or languages. The school emphasizes practical learning and prepares students optimally for vocational training and further education, offering English as a mandatory subject and often a second foreign language.",,,,69.0,,,1007.0,München,BY,,0.0,0.0,0.0,0.0,0.0,0.0,100.0,91219.0,2024_25,2025
BY-SCHUL_SCHULSTANDORTEMITTELSCHULEN_0c726a30-03d8-46b3-90e2-a985f3e4de11,Leonhard-Wagner-Mittelschule Schwabmünchen,Mittelschulen,Mittelschulen,,,Breitweg 16 a,86830,Schwabmünchen,,,,,Johannes Glaisner,512.0,43.0,,,,,Englisch,,,,,,,,,,,,,,Nicht verfügbar (Bayern),,,,,,,,,,,Bayern Kultusministerium Schulsuche,"DeutschPLUS (GMS), berufsorientierte Zweige (Technik, Wirtschaft, Soziales), Teilnahme am Modellversuch TAFF.",48.1855004,10.7655008,,,,,,,,,,,,,,,,,,,,,,,,,,,,,,,,,,,,,,,,,,,,,,,,,,,,,,1.0,Durchschnittlich,,,,,,,,,,,,,,,,,,,,,,,,,,,,,,,,,,,,,,,,,,,,,,0.0,,0.0,0.0,,,,,,,,,,,,,,,,1.0,Kegelstube bei Nada,"Breitweg 20, 86830 Schwabmünchen, Germany",127.0,48.1843081,10.7663985,,,,,,,,,,,0.0,,,,,,,,,,,,,,,,0.0,Kindergarten und -krippe St. Michael,"Museumstraße 14, 86830 Schwabmünchen, Germany",744.0,48.1797434,10.7599442,St. Anna Kindergarten und -Krippe,"Römerstraße 42, 86830 Schwabmünchen, Germany",848.0,48.1906605,10.7574033,Kinderhaus Schwabmünchen,"Wiesstraße 15, 86830 Schwabmünchen, Germany",1060.0,48.18125,10.7526,0.0,Hans-Nebauer-Sporthalle (Sporthalle an der Grundschule),"Holzheystraße 18, 86830 Schwabmünchen, Germany",595.0,48.1804504,10.7621374,Sankt-Ulrich-Grundschule,"Museumstraße 16, 86830 Schwabmünchen, Germany",637.0,48.1804761,10.7609005,Grundschule Untermeitingen,"Schulstraße 9, 86836 Untermeitingen, Germany",4254.0,48.16175,10.81075,3.0,"The Leonhard-Wagner-Mittelschule in Schwabmünchen, located at Breitweg 16 a, is a fully developed middle school that educates students from grades 5 to 10. With 512 students and 43 teachers, it offers comprehensive education in a supportive learning environment. The school's pedagogical concept places a strong emphasis on individual support and career orientation for its students. This is evident in the three career-oriented branches: Technology, Economics, and Social Studies, which provide young people with early insights into various professional fields and specifically prepare them for their future careers.

A special feature of the school is the DeutschPLUS (GMS) program, designed specifically for students with a non-German mother tongue. This measure supports the acquisition of further competencies and subject-specific and academic language, facilitating integration into regular classes and enhancing educational success. The Leonhard-Wagner-Mittelschule also actively participates in the TAFF – ""Talente finden und fördern an der Mittelschule"" (Finding and fostering talents in middle school) model project. This project aims to specifically discover and develop the individual strengths and talents of all students, strengthen their self-esteem, and promote positive educational biographies.

The school sees itself as a ""digital school"" and strives to impart the necessary competencies for learning and working in the 21st century. For this purpose, a large pool of loan devices and an annual leasing program are available. In addition to regular classes, the Leonhard-Wagner-Mittelschule also offers comprehensive care services in the form of both structured and open full-day schooling. Its location in Schwabmünchen, a town in the Augsburg district, provides students with a local environment that combines rural tranquility with proximity to urban amenities. The school is thus a central educational institution that holistically prepares its students for life and the world of work.",,,,,,,,,,,,"Die Leonhard-Wagner-Mittelschule in Schwabmünchen, gelegen am Breitweg 16 a, ist eine voll ausgebaute Mittelschule, die Schülerinnen und Schüler der Jahrgangsstufen 5 bis 10 unterrichtet. Mit 512 Schülern und 43 Lehrkräften bietet sie eine umfassende Bildung in einer unterstützenden Lernumgebung. Das pädagogische Konzept der Schule legt einen starken Fokus auf die individuelle Förderung und die berufliche Orientierung ihrer Schülerinnen und Schüler. Dies zeigt sich in den drei berufsorientierten Zweigen Technik, Wirtschaft und Soziales, die den Jugendlichen frühzeitig Einblicke in verschiedene Berufsfelder ermöglichen und sie gezielt auf ihre zukünftige Karriere vorbereiten.

Ein besonderes Merkmal der Schule ist das Angebot DeutschPLUS (GMS), das speziell für Schülerinnen und Schüler mit nichtdeutscher Muttersprache konzipiert wurde. Diese Maßnahme unterstützt den Erwerb weiterer Kompetenzen sowie einer Fach- und Bildungssprache, um die Integration in den Regelunterricht zu erleichtern und den Bildungserfolg zu steigern. Die Leonhard-Wagner-Mittelschule beteiligt sich zudem aktiv am Modellversuch TAFF – „Talente finden und fördern an der Mittelschule“. Dieses Projekt zielt darauf ab, die individuellen Stärken und Begabungen aller Schülerinnen und Schüler gezielt zu entdecken und zu entwickeln, ihr Selbstwertgefühl zu stärken und positive Bildungsbiografien zu fördern.

Die Schule versteht sich als ""digitale Schule"" und ist bestrebt, die notwendigen Kompetenzen für das Lernen und Arbeiten im 21. Jahrhundert zu vermitteln. Hierfür stehen ein großer Fundus an Leihgeräten sowie eine jährliche Leasing-Aktion zur Verfügung. Neben dem regulären Unterricht bietet die Leonhard-Wagner-Mittelschule auch umfassende Betreuungsangebote in Form eines gebundenen und offenen Ganztagsschulbetriebs an. Die Lage in Schwabmünchen, einer Stadt im Landkreis Augsburg, bietet den Schülern ein lokales Umfeld, das sowohl ländliche Ruhe als auch die Nähe zu städtischen Angeboten verbindet. Die Schule ist somit ein zentraler Bildungsstandort, der seine Schüler ganzheitlich auf das Leben und die Arbeitswelt vorbereitet.","Leonhard-Wagner-Mittelschule Schwabmünchen is a fully developed middle school with 512 students and 43 teachers, focusing on individual support and career orientation. It offers DeutschPLUS for non-native speakers, career-oriented branches in technology, economics, and social studies, and full-day care. The school participates in the TAFF model project for talent development and emphasizes digital competencies.","Die Leonhard-Wagner-Mittelschule Schwabmünchen ist eine voll ausgebaute Mittelschule mit 512 Schülern und 43 Lehrkräften, die sich auf individuelle Förderung und berufliche Orientierung konzentriert. Sie bietet DeutschPLUS für nicht-muttersprachliche Schüler, berufsorientierte Zweige in Technik, Wirtschaft und Soziales sowie Ganztagsbetreuung. Die Schule nimmt am TAFF-Modellversuch zur Talentförderung teil und legt Wert auf digitale Kompetenzen.",,,,,,,,,,,,,,,,,,,,,"[""Anmeldung zur besonderen Leistungsfeststellung für den qualifizierenden Abschluss an der Mittelschule (Quali) für externe Bewerber."", ""Anmeldung im Sekretariat der Leonhard-Wagner-Mittelschule in der ersten Februarwoche."", ""Prüfungs-Kaution von 20,00 € (wird nach Teilnahme an allen Prüfungsteilen ausgezahlt)."", ""Materialgeld für die Projektprüfung in Höhe von 10,00 €."", ""Erforderliche Unterlagen: beglaubigte Abschrift der Geburtsurkunde, Lebenslauf mit Daten des Schulbesuchs, letztes Jahreszeugnis und ggf. Bescheinigung über den Schulbesuch der zuletzt besuchten Schule.""]",2026-04-20T09:35:56Z,Die gefundenen Informationen zu Aufnahme-/Anmeldekriterien beziehen sich ausschließlich auf die Anmeldung zur besonderen Leistungsfeststellung für den qualifizierenden Abschluss an der Mittelschule (Quali) für externe Bewerber. Allgemeine Aufnahme- oder Anmeldekriterien für neue Schüler (z.B. für die 5. Klasse) sowie entsprechende Anmeldefristen konnten auf der Website oder durch gezielte Suche nicht gefunden werden.,"Breitweg 16 a, 86830 Schwabmünchen",Bayern,12076.0,65.5,1.0,1505022.0,5671.0,München: sicherste Großstadt Deutschlands (>200k Einwohner) seit 50 Jahren,city_aggregate,5671.0,376.8,6061.0,12076.0,802.4,München,91219.0,6061.0,134.0,8.9,134.0,91219.0,815.0,54.2,2026-08-22,"jedeschule.codefor.de (CC0, scraped from km.bayern.de)","The Leonhard-Wagner-Mittelschule Schwabmünchen offers practice-oriented education, preparing students for the qualifying Mittelschule certificate and the intermediate secondary school certificate. The curriculum focuses on vocational guidance and imparting key qualifications for successful transitions into apprenticeships or further education. English is taught as a mandatory foreign language alongside German.",,,2026-05-05,43.0,"[{""date"": ""2026-05-05"", ""start_time"": ""18:30"", ""end_time"": null, ""event_type"": ""Infoabend"", ""audience"": ""zukünftige Klasse 5"", ""notes"": ""Infoabend für zukünftige 5.-Klässler und deren Eltern.""}]",,512.0,München,BY,,0.0,0.0,0.0,0.0,0.0,0.0,100.0,91219.0,2024_25,2025
BY-SCHUL_SCHULSTANDORTEMITTELSCHULEN_bbdd33ca-8bde-4e19-87a1-b423e8e8c0ff,Max-Mannheimer-Mittelschule Garching b. München,Mittelschulen,Mittelschulen,,,St.-Severin-Str. 3,85748,Garching b. München,,,,,Judith Mathä,236.0,18.0,,,,,"Deutsch, Englisch",,,,,,,,,,,,,,Nicht verfügbar (Bayern),,,,,,,,,,,Bayern Kultusministerium Schulsuche,"Pilotschule systemischer MSD und Inklusion, Deutschklasse, KICKFAIR, TUSCH – Theater und Schule",48.2486821,11.6486017,,,,,,,,,,,,,,,,,,,,,,,,,,,,,,,,,,,,,,,,,,,,,,,,,,,,,,1.0,Durchschnittlich,Unknown,284.0,48.249567,11.651421,B,Garching,355.0,48.249285,11.652533,,Unknown,422.0,48.249485,11.653398,A,,,,,,,,,,,,,,,,"Garching, Maier-Leibnitz-Straße",103.0,48.249612,11.648031,,"Garching, Maier-Leibnitz-Straße",189.0,48.249823,11.645907,,"Garching, Auweg",220.0,48.246989,11.649336,,0.0,A; B,0.0,8.0,Shopping at the Farm - Farm Shop Popp,"Münchener Str. 20, 85748 Garching bei München, Germany",195.0,48.2479149,11.6501889,Biomarkt Garching,"Schleißheimer Str. 10, 85748 Garching bei München, Germany",225.0,48.249608599999995,11.6505318,Vinzenzmurr Metzgerei - Garching,"Münchener Str. 21, 85748 Garching bei München, Germany",250.0,48.2479594,11.6510193,20.0,King Kebabo's,"Schleißheimer Str. 26, 85748 Garching bei München, Germany",117.0,48.2497432,11.6478876,Orient Imbiss - Döner & mehr,"Schleißheimer Str. 28b, 85748 Garching bei München, Germany",151.0,48.2499719,11.6471494,Café Herrlichunentbehrlich,"Schleißheimer Str. 12a, 85748 Garching bei München, Germany",154.0,48.2496175,11.6493756,8.0,Ludwig Stocker Hofpfisterei GmbH,"Schleißheimer Str. 9B, 85748 Garching bei München, Germany",136.0,48.2493159,11.6494113,Café Herrlichunentbehrlich,"Schleißheimer Str. 12a, 85748 Garching bei München, Germany",154.0,48.2496175,11.6493756,Bäckerei Höflinger,"Schleißheimer Str. 28a, 85748 Garching bei München, Germany",181.0,48.2499639,11.6462923,2.0,Kath. Kindergarten St. Severin,"Münchener Str. 15a, 85748 Garching bei München, Germany",333.0,48.2478029,11.6521206,Caritas Kinderkrippe Vinzenz Garching,"Einsteinstraße 5, 85748 Garching bei München, Germany",427.0,48.252322199999995,11.645944300000002,Kinderkrippe Nachbarskinder,"Mühlgasse 20, 85748 Garching bei München, Germany",585.0,48.2476677,11.6555696,0.0,Grundschule Garching-Ost,"Prof.-Angermair-Ring 41, 85748 Garching bei München, Germany",943.0,48.2453736,11.6595385,Hort Angerlweg (Grundschule Ost),"Prof.-Angermair-Ring 41, 85748 Garching bei München, Germany",982.0,48.2453302,11.6600785,Mittagsbetreuung an der Grundschule Garching Ost,"Prof.-Angermair-Ring 41, 85748 Garching bei München, Germany",986.0,48.2453402,11.6601466,3.0,"The Max-Mannheimer-Mittelschule Garching b. München is a dedicated educational institution that supports students from grades 5 to 10 on their educational path. With 236 students and 18 teachers, led by Judith Mathä, the school offers a personal learning atmosphere. The pedagogical concept is strongly focused on individual support, integration, and the acquisition of language skills. As a pilot school for systemic Mobile Special Education Service (MSD) and inclusion, it places great importance on supporting all students. Special offerings include a German class for newly arrived children and adolescents with intensive language support to facilitate their integration into regular classes. The school enables students to obtain the qualifying secondary school certificate (Quali) and the intermediate secondary school certificate (MSA). A diverse school life is promoted through projects such as KICKFAIR and the theater project TUSCH – Theater und Schule, with the theater group actively participating in remembrance culture events. The Max Mannheimer Project Day is annually dedicated to topics of social coexistence and democratic values. The school's facilities have recently been enhanced by a modern extension building in timber construction, providing new spaces for the middle school, elementary school, after-school care, and youth integration. The open full-day school rooms are designed to be youth-friendly and colorful. The school is located in Garching b. München, a municipality near the Bavarian capital. Care services include bound full-day classes for grades 5 to 7 and an open full-day program for grades 5 to 9, including the German class. These programs offer individual homework supervision, sports, music, and art courses, as well as pedagogically sound leisure activities with a communal lunch. Youth social work is an integral part of the care services, supporting students' personal development.",,,,,,,,,,,,"Die Max-Mannheimer-Mittelschule Garching b. München ist eine engagierte Bildungseinrichtung, die Schülerinnen und Schüler der Jahrgangsstufen 5 bis 10 auf ihrem Bildungsweg begleitet. Mit 236 Schülern und 18 Lehrkräften unter der Leitung von Judith Mathä bietet die Schule eine persönliche Lernatmosphäre. Das pädagogische Konzept ist stark auf individuelle Förderung, Integration und den Erwerb von Sprachkompetenzen ausgerichtet. Als Pilotschule für systemischen Mobilen Sonderpädagogischen Dienst (MSD) und Inklusion legt sie großen Wert auf die Unterstützung aller Schülerinnen und Schüler. Besondere Angebote umfassen eine Deutschklasse für neu zugewanderte Kinder und Jugendliche mit intensiver Sprachförderung, um ihre Integration in die Regelklassen zu erleichtern. Die Schule ermöglicht den Erwerb des qualifizierenden Abschlusses der Mittelschule (Quali) und des mittleren Schulabschlusses (MSA). Ein vielfältiges Schulleben wird durch Projekte wie KICKFAIR und das Theaterprojekt TUSCH – Theater und Schule gefördert, wobei die Theater-AG aktiv an Veranstaltungen zur Erinnerungskultur teilnimmt. Der Max Mannheimer Projekttag widmet sich jährlich Themen des gesellschaftlichen Miteinanders und demokratischen Werten. Die Ausstattung der Schule wurde kürzlich durch einen modernen Erweiterungsbau in Holzbauweise verbessert, der neue Räume für die Mittelschule, die Grundschule, den Hort und die Mittagsbetreuung bietet. Die Räume der offenen Ganztagsschule sind jugendgerecht und farbenfroh gestaltet. Die Schule befindet sich in Garching b. München, einer Gemeinde nahe der bayerischen Landeshauptstadt. Die Betreuungsangebote umfassen gebundene Ganztagsklassen für die Jahrgangsstufen 5 bis 7 sowie einen offenen Ganztag für die Klassen 5 bis 9, einschließlich der Deutschklasse. Diese Angebote beinhalten individuelle Hausaufgabenbetreuung, sportliche, musische und künstlerische Kurse sowie ein pädagogisch durchdachtes Freizeitangebot mit gemeinsamem Mittagessen. Die Jugendsozialarbeit ist ein fester Bestandteil des Betreuungsangebots und unterstützt die persönliche Entwicklung der Schüler.","The Max-Mannheimer-Mittelschule Garching b. München is a middle school for grades 5-10 with 236 students and 18 teachers. It is a pilot school for inclusion, offering intensive language support in a German class and full-day care. Special programs include KICKFAIR, TUSCH – Theater und Schule, and a Max Mannheimer Project Day for remembrance culture.","Die Max-Mannheimer-Mittelschule Garching b. München ist eine Mittelschule für die Jahrgangsstufen 5-10 mit 236 Schülern und 18 Lehrkräften. Sie ist Pilotschule für Inklusion und bietet intensive Sprachförderung in einer Deutschklasse sowie Ganztagsbetreuung. Besondere Angebote umfassen KICKFAIR, TUSCH – Theater und Schule, und einen Max Mannheimer Projekttag zur Erinnerungskultur.",,,,,,,,,,,,,,,,,,,,"{""opens"": ""2026-05-11"", ""closes"": ""2026-05-22"", ""notes"": ""Anmeldung für die 5. Klassen im Sekretariat der Max Mannheimer Mittelschule von 9:00 Uhr bis 12:00 Uhr. Anmeldeformulare sind im Sekretariat erhältlich.""}","[""Übertrittszeugnis des Kindes mitbringen""]",2026-04-20T09:36:59Z,Die Anmeldung für die 5. Klassen erfordert das Übertrittszeugnis des Kindes. Die Anmeldeformulare sind direkt im Sekretariat erhältlich.,"St.-Severin-Str. 3, 85748 Garching b. München",Bayern,12076.0,65.5,1.0,1505022.0,5671.0,München: sicherste Großstadt Deutschlands (>200k Einwohner) seit 50 Jahren,city_aggregate,5671.0,376.8,6061.0,12076.0,802.4,München,91219.0,6061.0,134.0,8.9,134.0,91219.0,815.0,54.2,2026-08-22,"jedeschule.codefor.de (CC0, scraped from km.bayern.de)","The Max-Mannheimer-Mittelschule Garching b. München is a Bavarian Mittelschule offering diverse educational paths, including the M-Zug leading to the Mittlerer Schulabschluss. The school places a strong emphasis on vocational orientation, individual support, and the development of practical skills. Alongside German as the language of instruction, English is taught as a mandatory subject.",,,2026-04-27,18.0,"[{""date"": ""2026-04-27"", ""start_time"": ""19:00"", ""end_time"": null, ""event_type"": ""Infoabend"", ""audience"": ""zukünftige Klasse 5"", ""notes"": ""Informationen zum Schulprofil, zur Stundentafel ab der 5. Klasse und zu zusätzlichen Angeboten. Einladung erfolgt über die 4. Klassen in Garchinger Grundschulen.""}]",,236.0,München,BY,,14.0,0.0,28.0,4.0,1.0,29.0,42.0,91219.0,2024_25,2025
MUCPRIV_sec_8cdf09885b59,Staatlich anerkannte Sabel Realschule München I // der Stiftung Sabel Schulen,Sekundarschule,Sekundarschule,,,Schwanthalerstraße 51,80336,München,,,,,,,,,,,,,,,,,,,,,,,,,,Nicht verfügbar (Bayern),,,,,,,,,,,Bayern Kultusministerium Schulsuche,,48.1371671,11.5576898,,,,,,,,,,,,,,,,,,,,,,,,,,,,,,,,,,,,,,,,,,,,,,,,,,,,,,,,,,,,,,,,,,,,,,,,,,,,,,,,,,,,,,,,,,,,,,,,,,,,,,,,,,,,,,,,,,,,,,,,,,,,,,,,,,,,,,,,,,,,,,,,,,,,,,,,,,,,,,,,,,,,,,,,,,,,,,,,,,,,,,,,,,,,,,,,,,,,,,,,,,,,,,,,,,,,,,,,,,,,,,,"Schwanthalerstraße 51, 80336 München",Bayern,,,,,,,,,,,,,,,,,,,,,,2026-08-22,private-schools-research-2026-04 (OSM + km.bayern + Places + Gemini),,,,,,,,,München,,,,,,,,,,,,
MUCPRIV_sec_830fbdff8b5a,Priv. Realschule Huber in München,Sekundarschule,Sekundarschule,,,Kohlstraße 5,80469,München,,,,,,,,,,,,,,,,,,,,,,,,,,Nicht verfügbar (Bayern),,,,,,,,,,,Bayern Kultusministerium Schulsuche,,48.131917099999995,11.580925800000001,,,,,,,,,,,,,,,,,,,,,,,,,,,,,,,,,,,,,,,,,,,,,,,,,,,,,,,,,,,,,,,,,,,,,,,,,,,,,,,,,,,,,,,,,,,,,,,,,,,,,,,,,,,,,,,,,,,,,,,,,,,,,,,,,,,,,,,,,,,,,,,,,,,,,,,,,,,,,,,,,,,,,,,,,,,,,,,,,,,,,,,,,,,,,,,,,,,,,,,,,,,,,,,,,,,,,,,,,,,,,,,"Kohlstraße 5, 80469 München",Bayern,,,,,,,,,,,,,,,,,,,,,,2026-08-22,private-schools-research-2026-04 (OSM + km.bayern + Places + Gemini),,,,,,,,,München,,,,,,,,,,,,
MUCPRIV_sec_3afe34e03192,Privates evangelisches Lukas-Gymnasium der // Lukas-Schulen gGmbH München,Sekundarschule,Sekundarschule,,,Riegerhofstraße 18,80686,München,,,,,,,,,,,,,,,,,,,,,,,,,,Nicht verfügbar (Bayern),,,,,,,,,,,Bayern Kultusministerium Schulsuche,,48.140573599999996,11.501530599999999,,,,,,,,,,,,,,,,,,,,,,,,,,,,,,,,,,,,,,,,,,,,,,,,,,,,,,,,,,,,,,,,,,,,,,,,,,,,,,,,,,,,,,,,,,,,,,,,,,,,,,,,,,,,,,,,,,,,,,,,,,,,,,,,,,,,,,,,,,,,,,,,,,,,,,,,,,,,,,,,,,,,,,,,,,,,,,,,,,,,,,,,,,,,,,,,,,,,,,,,,,,,,,,,,,,,,,,,,,,,,,,"Riegerhofstraße 18, 80686 München",Bayern,,,,,,,,,,,,,,,,,,,,,,2026-08-22,private-schools-research-2026-04 (OSM + km.bayern + Places + Gemini),,,,,,,,,München,,,,,,,,,,,,
MUCPRIV_sec_11ad4fa494eb,Private staatlich genehmigte neuhof neo Realschule // München der neuhof Bildungswerk gGmbH,Sekundarschule,Sekundarschule,,,Plinganserstraße 138,81369,München,,,,,,,,,,,,,,,,,,,,,,,,,,Nicht verfügbar (Bayern),,,,,,,,,,,Bayern Kultusministerium Schulsuche,,48.102155499999995,11.540293799999999,,,,,,,,,,,,,,,,,,,,,,,,,,,,,,,,,,,,,,,,,,,,,,,,,,,,,,,,,,,,,,,,,,,,,,,,,,,,,,,,,,,,,,,,,,,,,,,,,,,,,,,,,,,,,,,,,,,,,,,,,,,,,,,,,,,,,,,,,,,,,,,,,,,,,,,,,,,,,,,,,,,,,,,,,,,,,,,,,,,,,,,,,,,,,,,,,,,,,,,,,,,,,,,,,,,,,,,,,,,,,,,"Plinganserstraße 138, 81369 München",Bayern,,,,,,,,,,,,,,,,,,,,,,2026-08-22,private-schools-research-2026-04 (OSM + km.bayern + Places + Gemini),,,,,,,,,München,,,,,,,,,,,,
MUCPRIV_sec_17352384f302,Kleines privates Lehrinstitut // Derksen München Gymnasium-,Sekundarschule,Sekundarschule,,,Pfingstrosenstraße 73,81377,München,,,,,,,,,,,,,,,,,,,,,,,,,,Nicht verfügbar (Bayern),,,,,,,,,,,Bayern Kultusministerium Schulsuche,,48.108550099999995,11.4793875,,,,,,,,,,,,,,,,,,,,,,,,,,,,,,,,,,,,,,,,,,,,,,,,,,,,,,,,,,,,,,,,,,,,,,,,,,,,,,,,,,,,,,,,,,,,,,,,,,,,,,,,,,,,,,,,,,,,,,,,,,,,,,,,,,,,,,,,,,,,,,,,,,,,,,,,,,,,,,,,,,,,,,,,,,,,,,,,,,,,,,,,,,,,,,,,,,,,,,,,,,,,,,,,,,,,,,,,,,,,,,,"Pfingstrosenstraße 73, 81377 München",Bayern,,,,,,,,,,,,,,,,,,,,,,2026-08-22,private-schools-research-2026-04 (OSM + km.bayern + Places + Gemini),,,,,,,,,München,,,,,,,,,,,,
MUCPRIV_sec_a70b35344795,Private Realschule Gut Warnberg der begemann // gemeinnützige GmbH in München,Sekundarschule,Sekundarschule,,,Warnbergstraße 1,81479,München,,,,,,,,,,,,,,,,,,,,,,,,,,Nicht verfügbar (Bayern),,,,,,,,,,,Bayern Kultusministerium Schulsuche,,48.0664388,11.5102433,,,,,,,,,,,,,,,,,,,,,,,,,,,,,,,,,,,,,,,,,,,,,,,,,,,,,,,,,,,,,,,,,,,,,,,,,,,,,,,,,,,,,,,,,,,,,,,,,,,,,,,,,,,,,,,,,,,,,,,,,,,,,,,,,,,,,,,,,,,,,,,,,,,,,,,,,,,,,,,,,,,,,,,,,,,,,,,,,,,,,,,,,,,,,,,,,,,,,,,,,,,,,,,,,,,,,,,,,,,,,,,"Warnbergstraße 1, 81479 München",Bayern,,,,,,,,,,,,,,,,,,,,,,2026-08-22,private-schools-research-2026-04 (OSM + km.bayern + Places + Gemini),,,,,,,,,München,,,,,,,,,,,,
MUCPRIV_sec_3f5db51a3632,Erzbischöfliches Edith-Stein-Gymnasium München,Sekundarschule,Sekundarschule,,,Preysingstraße 105,81667,München,,,,,,,,,,,,,,,,,,,,,,,,,,Nicht verfügbar (Bayern),,,,,,,,,,,Bayern Kultusministerium Schulsuche,,48.1317656,11.601851700000001,,,,,,,,,,,,,,,,,,,,,,,,,,,,,,,,,,,,,,,,,,,,,,,,,,,,,,,,,,,,,,,,,,,,,,,,,,,,,,,,,,,,,,,,,,,,,,,,,,,,,,,,,,,,,,,,,,,,,,,,,,,,,,,,,,,,,,,,,,,,,,,,,,,,,,,,,,,,,,,,,,,,,,,,,,,,,,,,,,,,,,,,,,,,,,,,,,,,,,,,,,,,,,,,,,,,,,,,,,,,,,,"Preysingstraße 105, 81667 München",Bayern,,,,,,,,,,,,,,,,,,,,,,2026-08-22,private-schools-research-2026-04 (OSM + km.bayern + Places + Gemini),,,,,,,,,München,,,,,,,,,,,,
MUCPRIV_sec_9d764e208cde,Bilinguales Gymnasium Phorms München,Sekundarschule,Sekundarschule,,,Maria-Theresia-Straße 35,81675,München,,,,,,,,,,,,,,,,,,,,,,,,,,Nicht verfügbar (Bayern),,,,,,,,,,,Bayern Kultusministerium Schulsuche,,48.147194299999995,11.601171299999999,,,,,,,,,,,,,,,,,,,,,,,,,,,,,,,,,,,,,,,,,,,,,,,,,,,,,,,,,,,,,,,,,,,,,,,,,,,,,,,,,,,,,,,,,,,,,,,,,,,,,,,,,,,,,,,,,,,,,,,,,,,,,,,,,,,,,,,,,,,,,,,,,,,,,,,,,,,,,,,,,,,,,,,,,,,,,,,,,,,,,,,,,,,,,,,,,,,,,,,,,,,,,,,,,,,,,,,,,,,,,,,"Maria-Theresia-Straße 35, 81675 München",Bayern,,,,,,,,,,,,,,,,,,,,,,2026-08-22,private-schools-research-2026-04 (OSM + km.bayern + Places + Gemini),,,,,,,,,München,,,,,,,,,,,,
MUCPRIV_sec_6ef58cf61af2,Privates Jules Verne Gymnasium der Jules Verne // Campus gGmbH in München,Sekundarschule,Sekundarschule,,,Bayerwaldstraße 8,81737,München,,,,,,,,,,,,,,,,,,,,,,,,,,Nicht verfügbar (Bayern),,,,,,,,,,,Bayern Kultusministerium Schulsuche,,48.0911555,11.6304146,,,,,,,,,,,,,,,,,,,,,,,,,,,,,,,,,,,,,,,,,,,,,,,,,,,,,,,,,,,,,,,,,,,,,,,,,,,,,,,,,,,,,,,,,,,,,,,,,,,,,,,,,,,,,,,,,,,,,,,,,,,,,,,,,,,,,,,,,,,,,,,,,,,,,,,,,,,,,,,,,,,,,,,,,,,,,,,,,,,,,,,,,,,,,,,,,,,,,,,,,,,,,,,,,,,,,,,,,,,,,,,"Bayerwaldstraße 8, 81737 München",Bayern,,,,,,,,,,,,,,,,,,,,,,2026-08-22,private-schools-research-2026-04 (OSM + km.bayern + Places + Gemini),,,,,,,,,München,,,,,,,,,,,,
MUCPRIV_sec_1bd67114c5c4,Immanuel-Realschule München Priv.chr.RS d. // Fördervereins adventis. Schulen in Bayern e.V.,Sekundarschule,Sekundarschule,,,Am Moosfeld 3,81829,München,,,,,,,,,,,,,,,,,,,,,,,,,,Nicht verfügbar (Bayern),,,,,,,,,,,Bayern Kultusministerium Schulsuche,,48.1094723,11.5103495,,,,,,,,,,,,,,,,,,,,,,,,,,,,,,,,,,,,,,,,,,,,,,,,,,,,,,,,,,,,,,,,,,,,,,,,,,,,,,,,,,,,,,,,,,,,,,,,,,,,,,,,,,,,,,,,,,,,,,,,,,,,,,,,,,,,,,,,,,,,,,,,,,,,,,,,,,,,,,,,,,,,,,,,,,,,,,,,,,,,,,,,,,,,,,,,,,,,,,,,,,,,,,,,,,,,,,,,,,,,,,,"Am Moosfeld 3, 81829 München",Bayern,,,,,,,,,,,,,,,,,,,,,,2026-08-22,private-schools-research-2026-04 (OSM + km.bayern + Places + Gemini),,,,,,,,,München,,,,,,,,,,,,
MUCPRIV_sec_bde651592c7a,Privatgymnasium Dr. Florian Überreiter,Sekundarschule,Sekundarschule,,,Pariser Straße 30,81667,München,,,,,,,,,,,,,,,,,,,,,,,,,,Nicht verfügbar (Bayern),,,,,,,,,,,Bayern Kultusministerium Schulsuche,,48.127356,11.5994966,,,,,,,,,,,,,,,,,,,,,,,,,,,,,,,,,,,,,,,,,,,,,,,,,,,,,,,,,,,,,,,,,,,,,,,,,,,,,,,,,,,,,,,,,,,,,,,,,,,,,,,,,,,,,,,,,,,,,,,,,,,,,,,,,,,,,,,,,,,,,,,,,,,,,,,,,,,,,,,,,,,,,,,,,,,,,,,,,,,,,,,,,,,,,,,,,,,,,,,,,,,,,,,,,,,,,,,,,,,,,,,"Pariser Straße 30, 81667 München",Bayern,,,,,,,,,,,,,,,,,,,,,,2026-08-22,private-schools-research-2026-04 (OSM + km.bayern + Places + Gemini),,,,,,,,,München,,,,,,,,,,,,
MUCPRIV_sec_9d57740cda7b,Nymphenburger Schulen,Sekundarschule,Sekundarschule,,,Sadelerstraße 10,80638,München,,,,,,,,,,,,,,,,,,,,,,,,,,Nicht verfügbar (Bayern),,,,,,,,,,,Bayern Kultusministerium Schulsuche,,48.1657501,11.5216107,,,,,,,,,,,,,,,,,,,,,,,,,,,,,,,,,,,,,,,,,,,,,,,,,,,,,,,,,,,,,,,,,,,,,,,,,,,,,,,,,,,,,,,,,,,,,,,,,,,,,,,,,,,,,,,,,,,,,,,,,,,,,,,,,,,,,,,,,,,,,,,,,,,,,,,,,,,,,,,,,,,,,,,,,,,,,,,,,,,,,,,,,,,,,,,,,,,,,,,,,,,,,,,,,,,,,,,,,,,,,,,"Sadelerstraße 10, 80638 München",Bayern,,,,,,,,,,,,,,,,,,,,,,2026-08-22,private-schools-research-2026-04 (OSM + km.bayern + Places + Gemini),,,,,,,,,München,,,,,,,,,,,,
MUCPRIV_sec_93ab6791bde7,Rudolf-Steiner-Schule,Sekundarschule,Sekundarschule,,,Max-Proebstl-Straße 7,81929,München,,,,,,,,,,,,,,,,,,,,,,,,,,Nicht verfügbar (Bayern),,,,,,,,,,,Bayern Kultusministerium Schulsuche,,48.1546323,11.653052,,,,,,,,,,,,,,,,,,,,,,,,,,,,,,,,,,,,,,,,,,,,,,,,,,,,,,,,,,,,,,,,,,,,,,,,,,,,,,,,,,,,,,,,,,,,,,,,,,,,,,,,,,,,,,,,,,,,,,,,,,,,,,,,,,,,,,,,,,,,,,,,,,,,,,,,,,,,,,,,,,,,,,,,,,,,,,,,,,,,,,,,,,,,,,,,,,,,,,,,,,,,,,,,,,,,,,,,,,,,,,,"Max-Proebstl-Straße 7, 81929 München",Bayern,,,,,,,,,,,,,,,,,,,,,,2026-08-22,private-schools-research-2026-04 (OSM + km.bayern + Places + Gemini),,,,,,,,,München,,,,,,,,,,,,
MUCPRIV_sec_228e450f6115,Christophorus-Schule,Sekundarschule,Sekundarschule,,,Leibengerstraße 16,81829,München,,,,,,,,,,,,,,,,,,,,,,,,,,Nicht verfügbar (Bayern),,,,,,,,,,,Bayern Kultusministerium Schulsuche,,48.1421983,11.6818769,,,,,,,,,,,,,,,,,,,,,,,,,,,,,,,,,,,,,,,,,,,,,,,,,,,,,,,,,,,,,,,,,,,,,,,,,,,,,,,,,,,,,,,,,,,,,,,,,,,,,,,,,,,,,,,,,,,,,,,,,,,,,,,,,,,,,,,,,,,,,,,,,,,,,,,,,,,,,,,,,,,,,,,,,,,,,,,,,,,,,,,,,,,,,,,,,,,,,,,,,,,,,,,,,,,,,,,,,,,,,,,"Leibengerstraße 16, 81829 München",Bayern,,,,,,,,,,,,,,,,,,,,,,2026-08-22,private-schools-research-2026-04 (OSM + km.bayern + Places + Gemini),,,,,,,,,München,,,,,,,,,,,,
MUCPRIV_sec_d5a8c7523308,Rudolf-Steiner-Schule Ismaning Freie Waldorfschule eG,Sekundarschule,Sekundarschule,,,Dorfstraße 77,85737,Ismaning,,,,,,,,,,,,,,,,,,,,,,,,,,Nicht verfügbar (Bayern),,,,,,,,,,,Bayern Kultusministerium Schulsuche,,48.2154495,11.6861805,,,,,,,,,,,,,,,,,,,,,,,,,,,,,,,,,,,,,,,,,,,,,,,,,,,,,,,,,,,,,,,,,,,,,,,,,,,,,,,,,,,,,,,,,,,,,,,,,,,,,,,,,,,,,,,,,,,,,,,,,,,,,,,,,,,,,,,,,,,,,,,,,,,,,,,,,,,,,,,,,,,,,,,,,,,,,,,,,,,,,,,,,,,,,,,,,,,,,,,,,,,,,,,,,,,,,,,,,,,,,,,"Dorfstraße 77, 85737 Ismaning",Bayern,,,,,,,,,,,,,,,,,,,,,,2026-08-22,private-schools-research-2026-04 (OSM + km.bayern + Places + Gemini),,,,,,,,,Ismaning,,,,,,,,,,,,
MUCPRIV_sec_0e1b38e578d3,Obermenzinger Gymnasium,Sekundarschule,Sekundarschule,,,Freseniusstraße 47,81247,München,,,,,,,,,,,,,,,,,,,,,,,,,,Nicht verfügbar (Bayern),,,,,,,,,,,Bayern Kultusministerium Schulsuche,,48.1692214,11.4767999,,,,,,,,,,,,,,,,,,,,,,,,,,,,,,,,,,,,,,,,,,,,,,,,,,,,,,,,,,,,,,,,,,,,,,,,,,,,,,,,,,,,,,,,,,,,,,,,,,,,,,,,,,,,,,,,,,,,,,,,,,,,,,,,,,,,,,,,,,,,,,,,,,,,,,,,,,,,,,,,,,,,,,,,,,,,,,,,,,,,,,,,,,,,,,,,,,,,,,,,,,,,,,,,,,,,,,,,,,,,,,,"Freseniusstraße 47, 81247 München",Bayern,,,,,,,,,,,,,,,,,,,,,,2026-08-22,private-schools-research-2026-04 (OSM + km.bayern + Places + Gemini),,,,,,,,,München,,,,,,,,,,,,
MUCPRIV_sec_31922b566d14,Realschulen private Theresia- Gerhardinger-Mädchenrealschule,Sekundarschule,Sekundarschule,,,Mariahilfpl. 13,81541,München,,,,,,,,,,,,,,,,,,,,,,,,,,Nicht verfügbar (Bayern),,,,,,,,,,,Bayern Kultusministerium Schulsuche,,48.1251799,11.5843127,,,,,,,,,,,,,,,,,,,,,,,,,,,,,,,,,,,,,,,,,,,,,,,,,,,,,,,,,,,,,,,,,,,,,,,,,,,,,,,,,,,,,,,,,,,,,,,,,,,,,,,,,,,,,,,,,,,,,,,,,,,,,,,,,,,,,,,,,,,,,,,,,,,,,,,,,,,,,,,,,,,,,,,,,,,,,,,,,,,,,,,,,,,,,,,,,,,,,,,,,,,,,,,,,,,,,,,,,,,,,,,"Mariahilfpl. 13, 81541 München",Bayern,,,,,,,,,,,,,,,,,,,,,,2026-08-22,private-schools-research-2026-04 (OSM + km.bayern + Places + Gemini),,,,,,,,,München,,,,,,,,,,,,
MUCPRIV_sec_beb353931997,Maria-Probst-Realschule,Sekundarschule,Sekundarschule,,,Reutberger Str. 14,81371,München,,,,,,,,,,,,,,,,,,,,,,,,,,Nicht verfügbar (Bayern),,,,,,,,,,,Bayern Kultusministerium Schulsuche,,48.1164153,11.5496831,,,,,,,,,,,,,,,,,,,,,,,,,,,,,,,,,,,,,,,,,,,,,,,,,,,,,,,,,,,,,,,,,,,,,,,,,,,,,,,,,,,,,,,,,,,,,,,,,,,,,,,,,,,,,,,,,,,,,,,,,,,,,,,,,,,,,,,,,,,,,,,,,,,,,,,,,,,,,,,,,,,,,,,,,,,,,,,,,,,,,,,,,,,,,,,,,,,,,,,,,,,,,,,,,,,,,,,,,,,,,,,"Reutberger Str. 14, 81371 München",Bayern,,,,,,,,,,,,,,,,,,,,,,2026-08-22,private-schools-research-2026-04 (OSM + km.bayern + Places + Gemini),,,,,,,,,München,,,,,,,,,,,,
MUCPRIV_sec_272390ed9f0b,Private Erzbischöfliche Pater-Rupert-Mayer-Realschule Pullach,Sekundarschule,Sekundarschule,,,Wolfratshauser Str. 30,82049,Pullach im Isartal,,,,,,,,,,,,,,,,,,,,,,,,,,Nicht verfügbar (Bayern),,,,,,,,,,,Bayern Kultusministerium Schulsuche,,48.060668199999995,11.512949400000002,,,,,,,,,,,,,,,,,,,,,,,,,,,,,,,,,,,,,,,,,,,,,,,,,,,,,,,,,,,,,,,,,,,,,,,,,,,,,,,,,,,,,,,,,,,,,,,,,,,,,,,,,,,,,,,,,,,,,,,,,,,,,,,,,,,,,,,,,,,,,,,,,,,,,,,,,,,,,,,,,,,,,,,,,,,,,,,,,,,,,,,,,,,,,,,,,,,,,,,,,,,,,,,,,,,,,,,,,,,,,,,"Wolfratshauser Str. 30, 82049 Pullach im Isartal",Bayern,,,,,,,,,,,,,,,,,,,,,,2026-08-22,private-schools-research-2026-04 (OSM + km.bayern + Places + Gemini),,,,,,,,,Pullach im Isartal,,,,,,,,,,,,
MUCPRIV_sec_58bf570acf65,Theresia-Gerhardinger-Gymnasium (privat / staatl. anerkannt) / Ausbildungsrichtung: SG; MuG; WSG-W,Sekundarschule,Sekundarschule,,,Blumenstraße 26,80331,München,,,,,,,,,,,,,,,,,,,,,,,,,,Nicht verfügbar (Bayern),,,,,,,,,,,Bayern Kultusministerium Schulsuche,,48.1333164,11.572801199999999,,,,,,,,,,,,,,,,,,,,,,,,,,,,,,,,,,,,,,,,,,,,,,,,,,,,,,,,,,,,,,,,,,,,,,,,,,,,,,,,,,,,,,,,,,,,,,,,,,,,,,,,,,,,,,,,,,,,,,,,,,,,,,,,,,,,,,,,,,,,,,,,,,,,,,,,,,,,,,,,,,,,,,,,,,,,,,,,,,,,,,,,,,,,,,,,,,,,,,,,,,,,,,,,,,,,,,,,,,,,,,,"Blumenstraße 26, 80331 München",Bayern,,,,,,,,,,,,,,,,,,,,,,2026-08-22,private-schools-research-2026-04 (OSM + km.bayern + Places + Gemini),,,,,,,,,München,,,,,,,,,,,,
MUCPRIV_sec_43a6bd97b05d,Gymnasium Derksen (privat / staatl. anerkannt) Ausbildungsrichtung: SG; NTG,Sekundarschule,Sekundarschule,,,Pfingstrosenstraße 73,81377,München,,,,,,,,,,,,,,,,,,,,,,,,,,Nicht verfügbar (Bayern),,,,,,,,,,,Bayern Kultusministerium Schulsuche,,48.108550099999995,11.4793875,,,,,,,,,,,,,,,,,,,,,,,,,,,,,,,,,,,,,,,,,,,,,,,,,,,,,,,,,,,,,,,,,,,,,,,,,,,,,,,,,,,,,,,,,,,,,,,,,,,,,,,,,,,,,,,,,,,,,,,,,,,,,,,,,,,,,,,,,,,,,,,,,,,,,,,,,,,,,,,,,,,,,,,,,,,,,,,,,,,,,,,,,,,,,,,,,,,,,,,,,,,,,,,,,,,,,,,,,,,,,,,"Pfingstrosenstraße 73, 81377 München",Bayern,,,,,,,,,,,,,,,,,,,,,,2026-08-22,private-schools-research-2026-04 (OSM + km.bayern + Places + Gemini),,,,,,,,,München,,,,,,,,,,,,
MUCPRIV_sec_99a7619227d5,Helene Habermann Gymnasium,Sekundarschule,Sekundarschule,,,Lincolnstraße 92,81549,München,,,,,,,,,,,,,,,,,,,,,,,,,,Nicht verfügbar (Bayern),,,,,,,,,,,Bayern Kultusministerium Schulsuche,,48.0953308,11.604147099999999,,,,,,,,,,,,,,,,,,,,,,,,,,,,,,,,,,,,,,,,,,,,,,,,,,,,,,,,,,,,,,,,,,,,,,,,,,,,,,,,,,,,,,,,,,,,,,,,,,,,,,,,,,,,,,,,,,,,,,,,,,,,,,,,,,,,,,,,,,,,,,,,,,,,,,,,,,,,,,,,,,,,,,,,,,,,,,,,,,,,,,,,,,,,,,,,,,,,,,,,,,,,,,,,,,,,,,,,,,,,,,,"Lincolnstraße 92, 81549 München",Bayern,,,,,,,,,,,,,,,,,,,,,,2026-08-22,private-schools-research-2026-04 (OSM + km.bayern + Places + Gemini),,,,,,,,,München,,,,,,,,,,,,
MUCPRIV_sec_fead8f47a2aa,Privates Lyzeum I der Republik Griechenland,Sekundarschule,Sekundarschule,,,Ständlerstraße 36,81549,München,,,,,,,,,,,,,,,,,,,,,,,,,,Nicht verfügbar (Bayern),,,,,,,,,,,Bayern Kultusministerium Schulsuche,,48.1040172,11.603690499999999,,,,,,,,,,,,,,,,,,,,,,,,,,,,,,,,,,,,,,,,,,,,,,,,,,,,,,,,,,,,,,,,,,,,,,,,,,,,,,,,,,,,,,,,,,,,,,,,,,,,,,,,,,,,,,,,,,,,,,,,,,,,,,,,,,,,,,,,,,,,,,,,,,,,,,,,,,,,,,,,,,,,,,,,,,,,,,,,,,,,,,,,,,,,,,,,,,,,,,,,,,,,,,,,,,,,,,,,,,,,,,,"Ständlerstraße 36, 81549 München",Bayern,,,,,,,,,,,,,,,,,,,,,,2026-08-22,private-schools-research-2026-04 (OSM + km.bayern + Places + Gemini),,,,,,,,,München,,,,,,,,,,,,
MUCPRIV_sec_c0e27c91fb00,Europäische Schule München - Standort Neuperlach - Höhere Schule,Sekundarschule,Sekundarschule,,,Elise-Aulinger-Straße 21,81739,München,,,,,,,,,,,,,,,,,,,,,,,,,,Nicht verfügbar (Bayern),,,,,,,,,,,Bayern Kultusministerium Schulsuche,,48.0957188,11.640028299999999,,,,,,,,,,,,,,,,,,,,,,,,,,,,,,,,,,,,,,,,,,,,,,,,,,,,,,,,,,,,,,,,,,,,,,,,,,,,,,,,,,,,,,,,,,,,,,,,,,,,,,,,,,,,,,,,,,,,,,,,,,,,,,,,,,,,,,,,,,,,,,,,,,,,,,,,,,,,,,,,,,,,,,,,,,,,,,,,,,,,,,,,,,,,,,,,,,,,,,,,,,,,,,,,,,,,,,,,,,,,,,,"Elise-Aulinger-Straße 21, 81739 München",Bayern,,,,,,,,,,,,,,,,,,,,,,2026-08-22,private-schools-research-2026-04 (OSM + km.bayern + Places + Gemini),,,,,,,,,München,,,,,,,,,,,,
MUCPRIV_sec_9c72080558b4,"Congregatio Jesu vorm. Englische Fräulein, Gymnasium Realschule",Sekundarschule,Sekundarschule,,,Maria-Ward-Straße 5-11,80638,München,,,,,,,,,,,,,,,,,,,,,,,,,,Nicht verfügbar (Bayern),,,,,,,,,,,Bayern Kultusministerium Schulsuche,,48.16131790000001,11.5050524,,,,,,,,,,,,,,,,,,,,,,,,,,,,,,,,,,,,,,,,,,,,,,,,,,,,,,,,,,,,,,,,,,,,,,,,,,,,,,,,,,,,,,,,,,,,,,,,,,,,,,,,,,,,,,,,,,,,,,,,,,,,,,,,,,,,,,,,,,,,,,,,,,,,,,,,,,,,,,,,,,,,,,,,,,,,,,,,,,,,,,,,,,,,,,,,,,,,,,,,,,,,,,,,,,,,,,,,,,,,,,,"Maria-Ward-Straße 5-11, 80638 München",Bayern,,,,,,,,,,,,,,,,,,,,,,2026-08-22,private-schools-research-2026-04 (OSM + km.bayern + Places + Gemini),,,,,,,,,München,,,,,,,,,,,,
MUCPRIV_sec_b57e26ecc28f,Montessorischule Hohenbrunn,Sekundarschule,Sekundarschule,,,Otto-Hahn-Str. 36,85521,Riemerling,,,,,,,,,,,,,,,,,,,,,,,,,,Nicht verfügbar (Bayern),,,,,,,,,,,Bayern Kultusministerium Schulsuche,,48.055494599999996,11.6780188,,,,,,,,,,,,,,,,,,,,,,,,,,,,,,,,,,,,,,,,,,,,,,,,,,,,,,,,,,,,,,,,,,,,,,,,,,,,,,,,,,,,,,,,,,,,,,,,,,,,,,,,,,,,,,,,,,,,,,,,,,,,,,,,,,,,,,,,,,,,,,,,,,,,,,,,,,,,,,,,,,,,,,,,,,,,,,,,,,,,,,,,,,,,,,,,,,,,,,,,,,,,,,,,,,,,,,,,,,,,,,,"Otto-Hahn-Str. 36, 85521 Riemerling",Bayern,,,,,,,,,,,,,,,,,,,,,,2026-08-22,private-schools-research-2026-04 (OSM + km.bayern + Places + Gemini),,,,,,,,,Riemerling,,,,,,,,,,,,
MUCPRIV_sec_8e8ea659e3b1,Montessori Schule Clara Grunwald Unterschleißheim,Sekundarschule,Sekundarschule,,,Birkenallee 1,85716,Unterschleißheim,,,,,,,,,,,,,,,,,,,,,,,,,,Nicht verfügbar (Bayern),,,,,,,,,,,Bayern Kultusministerium Schulsuche,,48.270472899999994,11.5783098,,,,,,,,,,,,,,,,,,,,,,,,,,,,,,,,,,,,,,,,,,,,,,,,,,,,,,,,,,,,,,,,,,,,,,,,,,,,,,,,,,,,,,,,,,,,,,,,,,,,,,,,,,,,,,,,,,,,,,,,,,,,,,,,,,,,,,,,,,,,,,,,,,,,,,,,,,,,,,,,,,,,,,,,,,,,,,,,,,,,,,,,,,,,,,,,,,,,,,,,,,,,,,,,,,,,,,,,,,,,,,,"Birkenallee 1, 85716 Unterschleißheim",Bayern,,,,,,,,,,,,,,,,,,,,,,2026-08-22,private-schools-research-2026-04 (OSM + km.bayern + Places + Gemini),,,,,,,,,Unterschleißheim,,,,,,,,,,,,
MUCPRIV_sec_b36ccbc08a16,Jüdisches Gymnasium München,Sekundarschule,Sekundarschule,,,St.-Jakobs-Platz 18,80331,München,,,,,,,,,,,,,,,,,,,,,,,,,,Nicht verfügbar (Bayern),,,,,,,,,,,Bayern Kultusministerium Schulsuche,,48.1346251,11.5719965,,,,,,,,,,,,,,,,,,,,,,,,,,,,,,,,,,,,,,,,,,,,,,,,,,,,,,,,,,,,,,,,,,,,,,,,,,,,,,,,,,,,,,,,,,,,,,,,,,,,,,,,,,,,,,,,,,,,,,,,,,,,,,,,,,,,,,,,,,,,,,,,,,,,,,,,,,,,,,,,,,,,,,,,,,,,,,,,,,,,,,,,,,,,,,,,,,,,,,,,,,,,,,,,,,,,,,,,,,,,,,,"St.-Jakobs-Platz 18, 80331 München",Bayern,,,,,,,,,,,,,,,,,,,,,,2026-08-22,private-schools-research-2026-04 (OSM + km.bayern + Places + Gemini),,,,,,,,,München,,,,,,,,,,,,
MUCPRIV_sec_80187ab10f3a,Privates Novalis-Gymnasium der neuhof-Schulen München,Sekundarschule,Sekundarschule,,,Wasserburger Landstraße 205,81827,München,,,,,,,,,,,,,,,,,,,,,,,,,,Nicht verfügbar (Bayern),,,,,,,,,,,Bayern Kultusministerium Schulsuche,,48.102155499999995,11.540293799999999,,,,,,,,,,,,,,,,,,,,,,,,,,,,,,,,,,,,,,,,,,,,,,,,,,,,,,,,,,,,,,,,,,,,,,,,,,,,,,,,,,,,,,,,,,,,,,,,,,,,,,,,,,,,,,,,,,,,,,,,,,,,,,,,,,,,,,,,,,,,,,,,,,,,,,,,,,,,,,,,,,,,,,,,,,,,,,,,,,,,,,,,,,,,,,,,,,,,,,,,,,,,,,,,,,,,,,,,,,,,,,,"Wasserburger Landstraße 205, 81827 München",Bayern,,,,,,,,,,,,,,,,,,,,,,2026-08-22,private-schools-research-2026-04 (OSM + km.bayern + Places + Gemini),,,,,,,,,München,,,,,,,,,,,,
MUCPRIV_sec_158c7e78d673,Private Deutsch-Französische Volksschule an der Berlepschstraße,Sekundarschule,Sekundarschule,,,Berlepschstraße 3,81373,München,,,,,,,,,,,,,,,,,,,,,,,,,,Nicht verfügbar (Bayern),,,,,,,,,,,Bayern Kultusministerium Schulsuche,,48.1243449,11.542377700000001,,,,,,,,,,,,,,,,,,,,,,,,,,,,,,,,,,,,,,,,,,,,,,,,,,,,,,,,,,,,,,,,,,,,,,,,,,,,,,,,,,,,,,,,,,,,,,,,,,,,,,,,,,,,,,,,,,,,,,,,,,,,,,,,,,,,,,,,,,,,,,,,,,,,,,,,,,,,,,,,,,,,,,,,,,,,,,,,,,,,,,,,,,,,,,,,,,,,,,,,,,,,,,,,,,,,,,,,,,,,,,,"Berlepschstraße 3, 81373 München",Bayern,,,,,,,,,,,,,,,,,,,,,,2026-08-22,private-schools-research-2026-04 (OSM + km.bayern + Places + Gemini),,,,,,,,,München,,,,,,,,,,,,
MUCPRIV_sec_deff16f7c084,Gymnasium der Benediktiner Schäftlarn,Sekundarschule,Sekundarschule,,,Kloster Schäftlarn 2,82067,Schäftlarn,,,,,,,,,,,,,,,,,,,,,,,,,,Nicht verfügbar (Bayern),,,,,,,,,,,Bayern Kultusministerium Schulsuche,,47.974,11.441512,,,,,,,,,,,,,,,,,,,,,,,,,,,,,,,,,,,,,,,,,,,,,,,,,,,,,,,,,,,,,,,,,,,,,,,,,,,,,,,,,,,,,,,,,,,,,,,,,,,,,,,,,,,,,,,,,,,,,,,,,,,,,,,,,,,,,,,,,,,,,,,,,,,,,,,,,,,,,,,,,,,,,,,,,,,,,,,,,,,,,,,,,,,,,,,,,,,,,,,,,,,,,,,,,,,,,,,,,,,,,,,"Kloster Schäftlarn 2, 82067 Schäftlarn",Bayern,,,,,,,,,,,,,,,,,,,,,,2026-08-22,private-schools-research-2026-04 (OSM + km.bayern + Places + Gemini),,,,,,,,,Schäftlarn,,,,,,,,,,,,
