schulnummer,schulname,school_type,schulart,traegerschaft,gruendungsjahr,strasse,plz,ortsteil,bezirk,telefon,email,website,leitung,sprachen,abitur_durchschnitt_2024,abitur_durchschnitt_2023,abitur_durchschnitt_2025,abitur_erfolgsquote_2024,abitur_erfolgsquote_2025,msa_notendurchschnitt_bezirk_2024,msa_bestehensquote_bezirk_2024,msa_plus_quote_bezirk_2024,msa_teilnehmer_bezirk_2024,msa_notendurchschnitt_bezirk_2023,msa_bestehensquote_bezirk_2023,msa_plus_quote_bezirk_2023,msa_teilnehmer_bezirk_2023,notendurchschnitt_unified_2024,notendurchschnitt_unified_2023,leistungsdaten_quelle,besonderheiten,nachfrage_plaetze_2025_26,nachfrage_wuensche_2025_26,nachfrage_prozent_2025_26,nachfrage_plaetze_2024_25,nachfrage_wuensche_2024_25,belastungsstufe,migration_2024_25,migration_2023_24,latitude,longitude,metadata_source,traffic_avg_cars_per_hour,traffic_avg_bikes_per_hour,traffic_avg_pedestrians_per_hour,traffic_v85_speed,traffic_sensor_distance_m,traffic_sensor_count,traffic_data_source,crime_total_crimes_2024,crime_robbery_2024,crime_street_robbery_2024,crime_assault_2024,crime_aggravated_assault_2024,crime_threats_coercion_2024,crime_bike_theft_2024,crime_drug_offenses_2024,crime_neighborhood_crimes_2024,crime_total_crimes_2025,crime_robbery_2025,crime_street_robbery_2025,crime_assault_2025,crime_aggravated_assault_2025,crime_threats_coercion_2025,crime_bike_theft_2025,crime_drug_offenses_2025,crime_neighborhood_crimes_2025,crime_total_crimes_avg,crime_total_crimes_yoy_pct,crime_robbery_avg,crime_robbery_yoy_pct,crime_street_robbery_avg,crime_street_robbery_yoy_pct,crime_assault_avg,crime_assault_yoy_pct,crime_aggravated_assault_avg,crime_aggravated_assault_yoy_pct,crime_threats_coercion_avg,crime_threats_coercion_yoy_pct,crime_bike_theft_avg,crime_bike_theft_yoy_pct,crime_drug_offenses_avg,crime_drug_offenses_yoy_pct,crime_neighborhood_crimes_avg,crime_neighborhood_crimes_yoy_pct,crime_violent_crime_avg,crime_safety_rank,crime_safety_category,schueler_2024_25,lehrer_2024_25,schueler_2023_24,lehrer_2023_24,transit_rail_01_name,transit_rail_01_distance_m,transit_rail_01_latitude,transit_rail_01_longitude,transit_rail_01_lines,transit_rail_02_name,transit_rail_02_distance_m,transit_rail_02_latitude,transit_rail_02_longitude,transit_rail_02_lines,transit_rail_03_name,transit_rail_03_distance_m,transit_rail_03_latitude,transit_rail_03_longitude,transit_rail_03_lines,transit_tram_01_name,transit_tram_01_distance_m,transit_tram_01_latitude,transit_tram_01_longitude,transit_tram_01_lines,transit_tram_02_name,transit_tram_02_distance_m,transit_tram_02_latitude,transit_tram_02_longitude,transit_tram_02_lines,transit_tram_03_name,transit_tram_03_distance_m,transit_tram_03_latitude,transit_tram_03_longitude,transit_tram_03_lines,transit_bus_01_name,transit_bus_01_distance_m,transit_bus_01_latitude,transit_bus_01_longitude,transit_bus_01_lines,transit_bus_02_name,transit_bus_02_distance_m,transit_bus_02_latitude,transit_bus_02_longitude,transit_bus_02_lines,transit_bus_03_name,transit_bus_03_distance_m,transit_bus_03_latitude,transit_bus_03_longitude,transit_bus_03_lines,transit_stop_count_1000m,transit_all_lines_1000m,transit_accessibility_score,schueler_2022_23,lehrer_2022_23,description,description_de,description_en,transit_rail_name,transit_rail_lines,transit_rail_distance_m,transit_tram_name,transit_tram_lines,transit_tram_distance_m,transit_bus_name,transit_bus_lines,transit_bus_distance_m,poi_supermarket_count_500m,poi_restaurant_count_500m,poi_bakery_cafe_count_500m,poi_kita_count_500m,tuition_tier,tuition_monthly_eur,tuition_annual_eur,tuition_notes,tuition_display,env_aqi_annual_avg,env_aqi_category,env_aqi_dominant_pollutant,env_aqi_fetched_at,env_pollen_tree_avg,env_pollen_grass_avg,env_pollen_weed_avg,env_pollen_overall_avg,env_pollen_fetched_at,tuition_income_matrix,tuition_sibling_discounts,tuition_granular_reasoning,tuition_granular_generated_at,tuition_tier_reasoning,description_researched_at,abitur_durchschnitt_estimated,abitur_durchschnitt_estimated_lower,abitur_durchschnitt_estimated_upper,abitur_erfolgsquote_estimated,abitur_erfolgsquote_estimated_lower,abitur_erfolgsquote_estimated_upper,abitur_prediction_confidence,abitur_prediction_drivers,schueler_current,lehrer_current,crime_total_crimes_current,data_school_year,crime_data_year,bundesland,crime_aufklaerungsquote_2025,crime_bezirk_index,crime_bezirk_population,crime_data_source,crime_diebstahl_fahrrad_2025,crime_diebstahl_fahrrad_2025_rate_per_100k,crime_haeufigkeitszahl_2025,crime_koerperverletzung_2025,crime_koerperverletzung_2025_rate_per_100k,crime_stadt,crime_straftaten_2025,crime_straftaten_2025_rate_per_100k,crime_strassenraub_2025,crime_strassenraub_2025_rate_per_100k,crime_wohnungseinbruch_2025,crime_wohnungseinbruch_2025_rate_per_100k,data_retrieved,data_source,fax,most_similar_school_no_01,most_similar_school_no_02,most_similar_school_no_03,ort,poi_bakery_cafe_01_address,poi_bakery_cafe_01_distance_m,poi_bakery_cafe_01_latitude,poi_bakery_cafe_01_longitude,poi_bakery_cafe_01_name,poi_bakery_cafe_02_address,poi_bakery_cafe_02_distance_m,poi_bakery_cafe_02_latitude,poi_bakery_cafe_02_longitude,poi_bakery_cafe_02_name,poi_bakery_cafe_03_address,poi_bakery_cafe_03_distance_m,poi_bakery_cafe_03_latitude,poi_bakery_cafe_03_longitude,poi_bakery_cafe_03_name,poi_kita_01_address,poi_kita_01_distance_m,poi_kita_01_latitude,poi_kita_01_longitude,poi_kita_01_name,poi_kita_02_address,poi_kita_02_distance_m,poi_kita_02_latitude,poi_kita_02_longitude,poi_kita_02_name,poi_kita_03_address,poi_kita_03_distance_m,poi_kita_03_latitude,poi_kita_03_longitude,poi_kita_03_name,poi_primary_school_01_address,poi_primary_school_01_distance_m,poi_primary_school_01_latitude,poi_primary_school_01_longitude,poi_primary_school_01_name,poi_primary_school_02_address,poi_primary_school_02_distance_m,poi_primary_school_02_latitude,poi_primary_school_02_longitude,poi_primary_school_02_name,poi_primary_school_03_address,poi_primary_school_03_distance_m,poi_primary_school_03_latitude,poi_primary_school_03_longitude,poi_primary_school_03_name,poi_primary_school_count_500m,poi_restaurant_01_address,poi_restaurant_01_distance_m,poi_restaurant_01_latitude,poi_restaurant_01_longitude,poi_restaurant_01_name,poi_restaurant_02_address,poi_restaurant_02_distance_m,poi_restaurant_02_latitude,poi_restaurant_02_longitude,poi_restaurant_02_name,poi_restaurant_03_address,poi_restaurant_03_distance_m,poi_restaurant_03_latitude,poi_restaurant_03_longitude,poi_restaurant_03_name,poi_secondary_school_count_500m,poi_supermarket_01_address,poi_supermarket_01_distance_m,poi_supermarket_01_latitude,poi_supermarket_01_longitude,poi_supermarket_01_name,poi_supermarket_02_address,poi_supermarket_02_distance_m,poi_supermarket_02_latitude,poi_supermarket_02_longitude,poi_supermarket_02_name,poi_supermarket_03_address,poi_supermarket_03_distance_m,poi_supermarket_03_latitude,poi_supermarket_03_longitude,poi_supermarket_03_name,schulleitung,stadt,summary_de,summary_en,traffic_accidents_bicycle,traffic_accidents_fatal,traffic_accidents_minor,traffic_accidents_pedestrian,traffic_accidents_per_year,traffic_accidents_school_hours,traffic_accidents_serious,traffic_accidents_total,traffic_data_years,traffic_nearest_accident_m,transit_stops_500m
STG-17634,Albschule,Grundschule,Grundschule,Öffentlich,,Wurmlinger Straße 61,70597,Degerloch,Degerloch,0711 21689280,Poststelle.Albschule@Stuttgart.de,http://www.albschule-degerloch.de/,,,,,,,,,,,,,,,,,,N/A,,,,,,,,,,48.74285732141232,9.163632731756032,jedeschule.codefor.de + Stuttgart Schulwegweiser PDF,,,,,,,Unfallatlas,,,,,,,,,,949,,4,126,,,14,,,,,,,,,,,,,,,,,,,,,,2.0,Sehr sicher,,,,,U-Bahn (48.7485),698,48.748473,9.167888,,U-Bahn (48.7490),810,48.7490455,9.1694659,,U-Bahn (48.7493),821,48.7492646,9.1691988,,Peregrinastraße,318,48.7442122,9.1598187,,Degerloch Albstraße,380,48.7462613,9.1631143,,Sonnenberg,719,48.7413592,9.1540983,,Albschule,127,48.7430099,9.1653471,,Bus (48.7417),257,48.7416807,9.16665,,Leinfeldener Straße,483,48.7441609,9.1699203,,50,,50.0,,,"Albschule ist eine Grundschule in Stuttgart. Adresse: Wurmlinger Straße 61, 70597 Stuttgart. Stadtbezirk: Degerloch. Die Schule ist in öffentlicher Trägerschaft. Mittlere ÖPNV-Anbindung. Mittleres Verkehrsunfallaufkommen (11/Jahr). Niedrige Kriminalitätsbelastung im Bezirk.","Die Albschule in Stuttgart-Degerloch ist eine öffentliche Grundschule, die sich in der Wurmlinger Straße 61 befindet. Sie ist als dreizügige Schule konzipiert, was bedeutet, dass sie pro Jahrgangsstufe drei Klassen führt. Die Schule wird für ihre fachlich kompetenten Lehrerinnen gelobt und bietet ihren Schülern verschiedene Arbeitsgemeinschaften (AGs) an, um das schulische Angebot zu erweitern und Interessen zu fördern. Obwohl das Schulgelände als schön beschrieben wird, wird das äußere Erscheinungsbild der Gebäude als etwas trist empfunden. Die Schule ist ein wichtiger Bestandteil der lokalen Bildungslandschaft in Degerloch. Leider sind detailliertere Informationen wie die genaue Schüler- und Lehrerzahl, die angebotenen Sprachen, das Gründungsjahr oder spezifische Besonderheiten über die offizielle Website nicht zugänglich. Die verfügbaren Informationen stammen hauptsächlich aus öffentlichen Verzeichnissen und Bewertungen, die ein grundlegendes Bild der Schule zeichnen, aber keine umfassenden Einblicke in das pädagogische Konzept oder das Schulleben ermöglichen. Jüngste Projekte umfassten die Modernisierung der Sanitäranlagen für Jungen, Mädchen und Lehrkräfte in den oberen Stockwerken, einschließlich der Erneuerung von Trink- und Schmutzwasserleitungen sowie der Installation von Einzellüftern zur Entlüftung.",,,,,,,,,,,1.0,5.0,4.0,1.0,,,,,Kostenfrei (öffentliche Schule),,,,,,,,,,,,,,,,,,,,,,,,,,949,,2025,Baden-Württemberg,66.9,0.6,17980,bezirk_estimated,14,80.4,5278.2,126,700.9,Stuttgart,949,5278.0,4,22.5,8,43.8,2026-08-23,stuttgart.de Adressverzeichnis,,STG-52358,STG-356705,STG-395224,Stuttgart,"Straifstraße 4, 70597 Stuttgart, Germany",255.0,48.7451422,9.1638393,Cafe am Eck,"Albstraße 23, 70597 Stuttgart, Germany",424.0,48.7463854,9.1658333,Bäckerei Blankenhorn,"Epplestraße 90-96, 70597 Stuttgart, Germany",446.0,48.7410192,9.169043,Shell,"Wurmlinger Str. 47, 70597 Stuttgart, Germany",239.0,48.744416,9.1658858,Evang. Kindertagesstätte,"Johannes-Krämer-Straße 2, 70597 Stuttgart, Germany",606.0,48.7427814,9.1553714,Ev. Kirchengemeinde Sonneberg Kindergarten,"Felix-Dahn-Straße 12, 70597 Stuttgart, Germany",622.0,48.7477916,9.1676191,Waldorf-Kita Avalon,"Leinfeldener Str. 61, 70597 Stuttgart, Germany",521.0,48.744984599999995,9.1699571,Filderschule Degerloch,"Bopseräcker 30-33, 70597 Stuttgart, Germany",1000.0,48.7345437,9.1688321,Freie Aktive Schule Stuttgart,"Kelterstraße 52, 70199 Stuttgart, Germany",1617.0,48.7568343,9.1575632,Lerchenrain-Schule,0.0,"Wolfschlugener Str. 11, 70597 Stuttgart, Germany",260.0,48.7425632,9.1671446,Golden Kebap,"Leinfeldener Str. 35, 70597 Stuttgart, Germany",392.0,48.7446016,9.1682818,Der Besen,"Epplestraße 51, 70597 Stuttgart, Germany",435.0,48.744400899999995,9.169076900000002,Filderhöhe Degerloch,6.0,"Epplestraße 55, 70597 Stuttgart, Germany",433.0,48.744103599999995,9.1692329,REWE express,,,,,,,,,,,,Stuttgart,"Die Albschule ist eine öffentliche, dreizügige Grundschule in Stuttgart-Degerloch, bekannt für ihre kompetenten Lehrerinnen und ein Angebot an Arbeitsgemeinschaften. Trotz schöner Außenanlagen wirkt das Gebäude von außen etwas trist. Detaillierte Informationen zur Schülerzahl, Sprachen oder Gründungsjahr sind nicht öffentlich zugänglich.","Albschule is a public, three-stream primary school in Stuttgart-Degerloch, known for its competent female teachers and extracurricular activities. Despite beautiful grounds, the building's exterior appears somewhat drab. Detailed information on student numbers, languages, or founding year is not publicly available.",11,0,31,0,11.0,19,2,33,"2025,2024,2023",189,14
STG-388037,Altenburgschule Gemeinschaftschule (Außenstelle) Reiterkaserne,Grundschule,Grundschule,Öffentlich,1914.0,Hallschlag 4,70376,Bad Cannstatt,Bad Cannstatt,0711 21667120,Poststelle.Altenburgschule@stuttgart.de,http://www.altenburgschule.de/,,Französisch,,,,,,,,,,,,,,,,N/A,"Schwerpunkte Lesen, Musik, Bewegung; Inklusion; Kooperation mit Jugendhilfe und Berufsschule; 4B-Pilotprojekt zur individuellen Förderung.",,,,,,,,,48.81231152358713,9.210278454990831,jedeschule.codefor.de + Stuttgart Schulwegweiser PDF,,,,,,,Unfallatlas,,,,,,,,,,8807,,38,1170,,,134,,,,,,,,,,,,,,,,,,,,,,10.0,Belastet,630.0,,,,Stuttgart-Münster,1029,48.8207118,9.2161743,,Bad Cannstatt,1305,48.8014069,9.2168515,,Stuttgart-Ebitzweg,1843,48.8037427,9.2318241,,Mühlsteg,490,48.8096911,9.2156558,,Riethmüllerhaus,499,48.8140452,9.2039927,,Kraftwerk Münster,556,48.8139283,9.2174633,,Altenburg,23,48.8121078,9.2102748,,Am Römerkastell,156,48.8132203,9.208649,,Weingenuss / Römer / Travertinpark,376,48.814515,9.2141788,Blaue Tour,55,Blaue Tour,50.0,,,"Altenburgschule Gemeinschaftschule (Außenstelle) Reiterkaserne ist eine Grundschule in Stuttgart. Adresse: Hallschlag 4, 70376 Stuttgart. Stadtbezirk: Bad Cannstatt. Die Schule ist in öffentlicher Trägerschaft. Mittlere ÖPNV-Anbindung. Mittleres Verkehrsunfallaufkommen (12/Jahr). Überdurchschnittliche Kriminalitätsbelastung im Bezirk.","Die Altenburgschule Gemeinschaftsschule (Außenstelle) Reiterkaserne in Stuttgart ist eine öffentliche Bildungseinrichtung mit einer langen Geschichte, gegründet im Jahr 1914. Als Gemeinschaftsschule umfasst sie sowohl die Primarstufe als auch die Sekundarstufe I und II, was eine durchgängige Bildungslaufbahn ermöglicht. Die Schule legt besonderen Wert auf die individuelle Förderung ihrer rund 630 Schülerinnen und Schüler, unter anderem durch das 4B-Pilotprojekt zur individuellen Förderung. Ihre pädagogischen Schwerpunkte liegen in den Bereichen Lesen, Musik und Bewegung, die durch gezielte Förderprogramme, ein Musikprofil und erlebnispädagogische Ansätze gestärkt werden. Ein umfassendes Sozialcurriculum und der Klassenrat fördern soziale Kompetenzen und ein positives Lernumfeld. Die Altenburgschule ist eine inklusive Schule und arbeitet eng mit der Jugendhilfe und Berufsschulen zusammen, um ihren Schülerinnen und Schülern vielfältige Unterstützung und Perspektiven zu bieten. Sie bietet zudem eine Ganztagesbetreuung an und ermöglicht den Erwerb verschiedener Abschlüsse. Französisch wird als Wahlpflichtfach angeboten. Die Adresse der Außenstelle Reiterkaserne ist Hallschlag 4, 70376 Stuttgart.",,,,,,,,,,,3.0,19.0,5.0,5.0,,,,,Kostenfrei (öffentliche Schule),,,,,,,,,,,,,,,,,,,,,,,,630.0,,8807,2024_25,2025,Baden-Württemberg,66.9,1.4,71510,bezirk_estimated,134,187.6,12315.8,1170,1635.5,Stuttgart,8807,12315.4,38,52.6,73,102.1,2026-08-23,stuttgart.de Adressverzeichnis,,STG-356705,STG-17634,STG-17707,Stuttgart,"Naststraße 17, 70376 Stuttgart, Germany",141.0,48.81351,9.2096682,"Bäcker Maurer, Römerkastell Stuttgart (im REWE)","Hallschlag 27, 70376 Stuttgart, Germany",160.0,48.8132112,9.2085733,Balkan Bäckerei,"Am Römerkastell 73, 70376 Stuttgart, Germany",314.0,48.8151112,9.2108166,Nachbar Kneipe und Kultur,"Am Römerkastell 73, 70376 Stuttgart, Germany",282.0,48.8148458,9.2104461,Kinderhaus Hallschlag gGmbH,"Rommelstraße 15, 70376 Stuttgart, Germany",352.0,48.814520300000005,9.2137144,Kindertagesstätte Villa Rosenrot e.V.,"Naststraße 1, 70376 Stuttgart, Germany",356.0,48.8148257,9.213297,Villa Rosenrot Kita,"Auf d. Altenburg 10, 70376 Stuttgart, Germany",238.0,48.8111024,9.2075978,Altenburgschule,"Weckherlinstraße 8, 70376 Stuttgart, Germany",575.0,48.8162544,9.2153533,Carl-Benz-Schule,"Zuckerfabrik 7, 70376 Stuttgart, Germany",977.0,48.82076,9.213967,Lessing-Schulen,1.0,"Hallschlag 21, 70376 Stuttgart, Germany",118.0,48.8129202,9.2089657,Demet's Burger & Chicken,"Naststraße 17, 70376 Stuttgart, Germany",141.0,48.81351,9.2096682,"Bäcker Maurer, Römerkastell Stuttgart (im REWE)","Naststraße 15, D, 70376 Stuttgart, Germany",159.0,48.813399,9.208863,Ristorante Rusticone,7.0,"Naststraße 17, 70376 Stuttgart, Germany",167.0,48.8137408,9.2095756,REWE,"Am Römerkastell 8, 70376 Stuttgart, Germany",208.0,48.8127746,9.2075233,El-Farra Supermarkt,"Rostocker Str. 3, 70376 Stuttgart, Germany",462.0,48.8161548,9.2078774,ROCK UG (haftungsbeschränkt),,Stuttgart,"Die Altenburgschule Gemeinschaftsschule (Außenstelle) Reiterkaserne in Stuttgart ist eine 1914 gegründete öffentliche Gemeinschaftsschule, die Primar- und Sekundarstufen umfasst. Mit rund 630 Schülern konzentriert sie sich auf individuelle Förderung, Inklusion und die Schwerpunkte Lesen, Musik und Bewegung. Sie bietet Ganztagesbetreuung und kooperiert mit Jugendhilfe und Berufsschulen.","Altenburgschule Gemeinschaftsschule (Außenstelle) Reiterkaserne in Stuttgart is a public community school founded in 1914, covering primary and secondary levels. With approximately 630 students, it focuses on individual support, inclusion, and the core areas of reading, music, and movement. It offers all-day care and cooperates with youth welfare services and vocational schools.",7,0,30,4,12.0,18,6,36,"2025,2024,2023",58,16
STG-356705,Altenburgschule Gemeinschaftsschule,Grundschule,Grundschule,Öffentlich,1914.0,Auf der Altenburg 10,70376,Bad Cannstatt,Bad Cannstatt,0711 21667120,Poststelle.Altenburgschule@stuttgart.de,http://www.altenburgschule.de/,,Französisch,,,,,,,,,,,,,,,,N/A,"Gemeinschaftsschule, Ganztagsschule, Kooperation mit sonderpädagogischem Bildungs- und Beratungszentrum (Inklusion), Schwerpunkte: Lesen, Musik, Bewegung.",,,,,,,,,48.811056697728354,9.207739794032952,jedeschule.codefor.de + Stuttgart Schulwegweiser PDF,,,,,,,Unfallatlas,,,,,,,,,,8807,,38,1170,,,134,,,,,,,,,,,,,,,,,,,,,,10.0,Belastet,630.0,,,,Stuttgart-Münster,1239,48.8207118,9.2161743,,Bad Cannstatt,1264,48.8014069,9.2168515,,Stuttgart Nordbahnhof,1655,48.80373,9.188064,,Riethmüllerhaus,413,48.8136792,9.2037365,,Glockenstraße (Mahle),418,48.8080817,9.2042424,,Züricher Straße,570,48.8104235,9.2000139,,Altenburg,164,48.8113562,9.2099328,,Am Römerkastell,250,48.8132203,9.208649,,Züricher Straße,440,48.8108989,9.2017391,,49,Blaue Tour,50.0,,,"Altenburgschule Gemeinschaftsschule ist eine Grundschule in Stuttgart. Adresse: Auf der Altenburg 10, 70376 Stuttgart. Stadtbezirk: Bad Cannstatt. Die Schule ist in öffentlicher Trägerschaft. Mittlere ÖPNV-Anbindung. Mittleres Verkehrsunfallaufkommen (13/Jahr). Überdurchschnittliche Kriminalitätsbelastung im Bezirk.","Die Altenburg-Gemeinschaftsschule in Stuttgart ist eine öffentliche Bildungseinrichtung mit einer langen Geschichte, die bis zu ihrer Gründung im Jahr 1914 zurückreicht. Als Gemeinschaftsschule umfasst sie sowohl eine Primarstufe (Grundschule) als auch die Sekundarstufe I, die zu Hauptschul- und Realschulabschlüssen führt. Mit rund 630 Schülern bietet die Schule ein umfassendes Ganztagesangebot, das eine intensive Betreuung und vielfältige Aktivitäten über den regulären Unterricht hinaus gewährleistet, inklusive Schulessen und einer strukturierten Ganztagsleitung.

Ein zentraler Pfeiler des Schulprofils sind die drei Schwerpunkte: Lesen, Musik und Bewegung. Die Schule fördert aktiv die Lesekompetenz, bietet ein ausgeprägtes Musikprofil, das sich in Veranstaltungen wie Chorauftritten zeigt, und legt Wert auf körperliche Aktivität und erlebnispädagogische Ansätze. Im Bereich 'Soziales & Lernen' werden ein Leitbild, Schulregeln, ein Sozialcurriculum, Erlebnispädagogik und der Klassenrat als Instrumente zur Förderung sozialer Kompetenzen und eines positiven Schulklimas eingesetzt. Die Altenburgschule ist zudem eine inklusive Schule, die mit einem sonderpädagogischen Bildungs- und Beratungszentrum kooperiert, um Schüler mit besonderen Bedürfnissen optimal zu unterstützen.

Das Bildungsangebot wird durch Wahlpflichtfächer wie Französisch, Technik und AES ergänzt, die den Schülern ermöglichen, individuelle Interessen und Talente zu vertiefen. Darüber hinaus legt die Schule großen Wert auf Berufsorientierung und -beratung, um die Schüler auf ihren weiteren Lebensweg vorzubereiten. Die Schulgemeinschaft wird durch aktive Gremien wie die SMV (Schüler Mit Verantwortung), den Elternbeirat und einen Förderverein gestärkt. Die Adresse der Schule ist Auf der Altenburg 10, 70376 Stuttgart.",,,,,,,,,,,2.0,20.0,3.0,5.0,,,,,Kostenfrei (öffentliche Schule),,,,,,,,,,,,,,,,,,,,,,,,630.0,,8807,2024_25,2025,Baden-Württemberg,66.9,1.4,71510,bezirk_estimated,134,187.6,12315.8,1170,1635.5,Stuttgart,8807,12315.4,38,52.6,73,102.1,2026-08-23,stuttgart.de Adressverzeichnis,,STG-388037,STG-356711,STG-17634,Stuttgart,"Hallschlag 27, 70376 Stuttgart, Germany",247.0,48.8132112,9.2085733,Balkan Bäckerei,"Naststraße 17, 70376 Stuttgart, Germany",307.0,48.81351,9.2096682,"Bäcker Maurer, Römerkastell Stuttgart (im REWE)","Brückenstraße 32, 70376 Stuttgart, Germany",390.0,48.8081444,9.2107097,Café Bar Albatros,"Auf d. Steig 12, 70376 Stuttgart, Germany",341.0,48.8130576,9.2042139,Kinder- und Familienzentrum Maria Regina,"Glockenstraße 46, 70376 Stuttgart, Germany",348.0,48.809003999999995,9.2041507,Betriebskita Mahle,"Duisburger Str. 53, 70376 Stuttgart, Germany",459.0,48.8091931,9.2133305,Kinder- und Familienzentrum Duisburger Straße (KiFaZ),"Weckherlinstraße 8, 70376 Stuttgart, Germany",803.0,48.8162544,9.2153533,Carl-Benz-Schule,"Zuckerfabrik 7, 70376 Stuttgart, Germany",1171.0,48.82076,9.213967,Lessing-Schulen,"Nagoldstraße 7, 70376 Stuttgart, Germany",1432.0,48.819917,9.2219409,Elise von König Gemeinschaftsschule,0.0,"Hallschlag 21, 70376 Stuttgart, Germany",226.0,48.8129202,9.2089657,Demet's Burger & Chicken,"Hallschlag 27, 70376 Stuttgart, Germany",255.0,48.8132909,9.2084968,Demet's Döner Kebap & Pizza Türkische Spezialitäten,"Brückenstraße 55, 70376 Stuttgart, Germany",260.0,48.8091205,9.2097302,Brückenstüble bei Milo,4.0,"Am Römerkastell 8, 70376 Stuttgart, Germany",192.0,48.8127746,9.2075233,El-Farra Supermarkt,"Naststraße 17, 70376 Stuttgart, Germany",327.0,48.8137408,9.2095756,REWE,,,,,,,Stuttgart,"Die Altenburg-Gemeinschaftsschule in Stuttgart ist eine öffentliche Ganztagsschule, die 1914 gegründet wurde und rund 630 Schüler von der Primarstufe bis zur Sekundarstufe I unterrichtet. Sie legt Schwerpunkte auf Lesen, Musik und Bewegung und bietet ein inklusives Lernumfeld mit umfassender sozialer Förderung und Berufsorientierung.","Altenburg-Gemeinschaftsschule in Stuttgart is a public all-day school, founded in 1914, educating approximately 630 students from primary to Sekundarstufe I. It focuses on reading, music, and movement, offering an inclusive learning environment with comprehensive social support and career orientation.",10,0,34,8,12.7,20,4,38,"2025,2024,2023",156,19
STG-17630,Ameisenbergschule,Grundschule,Grundschule,Öffentlich,1960.0,Ameisenbergstraße 2,70188,Ost,Ost,0711 21659860,poststelle.ameisenbergschule@stuttgart.de,http://www.ameisenbergschule.de/,Katja Conzelmann,Englisch,,,,,,,,,,,,,,,,N/A,"Internationale Vorbereitungsklassen für Deutschkenntnisse, BiSS-Transfer zur Förderung von Sprachbildung, Lese- und Schreibförderung.",,,,,,,,,48.78412811023045,9.194410198470054,jedeschule.codefor.de + Stuttgart Schulwegweiser PDF,,,,,,,Unfallatlas,,,,,,,,,,4763,,20,632,,,73,,,,,,,,,,,,,,,,,,,,,,7.0,Durchschnittlich,270.0,23.0,,,U-Bahn (48.7860),360,48.7859808,9.1903802,,U-Bahn (48.7864),389,48.7863523,9.1903146,,U-Bahn (48.7862),418,48.7861728,9.1896239,,Neckartor,380,48.7861335,9.1902162,,Staatsgalerie,531,48.7831148,9.1873285,,Stöckach,541,48.7889753,9.1949813,,Friedenstraße,145,48.7849225,9.1928419,,Urachstraße,315,48.785793,9.1978892,,Neckartor,367,48.7863572,9.1907168,,86,,50.0,,,"Ameisenbergschule ist eine Grundschule in Stuttgart. Adresse: Ameisenbergstraße 2, 70188 Stuttgart. Stadtbezirk: Ost. Die Schule ist in öffentlicher Trägerschaft. Mittlere ÖPNV-Anbindung. Mittleres Verkehrsunfallaufkommen (19/Jahr).","Die Ameisenbergschule ist eine öffentliche Grundschule in Stuttgart-Ost, die sich durch ein vielfältiges und inklusives Lernumfeld auszeichnet. Gegründet im Jahr 1960, betreut die Schule heute rund 270 Schülerinnen und Schüler aus zahlreichen Nationen mit einem engagierten Kollegium von 23 Lehrkräften unter der Leitung von Katja Conzelmann. Ein zentrales Merkmal der Schule sind die Internationalen Vorbereitungsklassen, die speziell darauf ausgelegt sind, Kindern ohne vorherige Deutschkenntnisse einen fundierten Einstieg in die deutsche Sprache zu ermöglichen und sie erfolgreich in den Regelunterricht zu integrieren. Die Schule legt großen Wert auf eine umfassende Sprachbildung und ist Teil des BiSS-Transfer-Programms (Bildung durch Sprache und Schrift), das die Lese- und Schreibförderung gezielt unterstützt. Der Unterricht ist praxisorientiert und zielt darauf ab, den Schülerinnen und Schülern nicht nur Wissen, sondern auch dessen Relevanz zu vermitteln. Neben dem akademischen Angebot fördert die Ameisenbergschule auch die soziale Entwicklung und das Gemeinschaftsgefühl durch verschiedene Initiativen wie das Kinderparlament und den Elternbeirat, die eine aktive Beteiligung am Schulleben ermöglichen. Das Schulprofil wird durch ein breites Spektrum an Arbeitsgemeinschaften (AGs) und ein umfassendes Schülerhaus-Angebot ergänzt, das eine verlässliche Betreuung nach dem Unterricht gewährleistet. Die Schule verfügt zudem über eine eigene Schülerbücherei, die die Lesefreude weckt. Regelmäßige Veranstaltungen und Feste stärken den Zusammenhalt zwischen Schülern, Eltern und Lehrern. Die Ameisenbergschule versteht sich als eine Schule mit Perspektive, die jedes Kind individuell fördert und auf eine erfolgreiche Zukunft vorbereitet, wobei Englisch als erste Fremdsprache unterrichtet wird.",,,,,,,,,,,8.0,19.0,7.0,2.0,,,,,Kostenfrei (öffentliche Schule),,,,,,,,,,,,,,,,,,,,,,,,270.0,23.0,4763,2024_25,2025,Baden-Württemberg,66.9,1.1,49220,bezirk_estimated,73,147.4,9676.7,632,1285.0,Stuttgart,4763,9676.4,20,41.3,40,80.3,2026-08-23,stuttgart.de Adressverzeichnis,,STG-17664,STG-17756,STG-17808,Stuttgart,"Urbanstraße, Eingang, Landhausstraße 88, 70190 Stuttgart, Germany",265.0,48.7840002,9.1907981,Bäckerei Blankenhorn,"Urbanstraße 86, 70190 Stuttgart, Germany",279.0,48.7839282,9.1906208,Poffers Café Stuttgart,"Rotenbergstraße 2, 70190 Stuttgart, Germany",352.0,48.7857698,9.1985131,flowers&friends,"Schubartstraße 14, 70190 Stuttgart, Germany",273.0,48.7864691,9.1933055,Kindertagesstätte der Friedensgemeinde,"Heilmannstraße 3-7, 70190 Stuttgart, Germany",491.0,48.7882466,9.1920077,Polifant Stuttgart gGmbH Kindertagesstätte belle maison,"Neckarstraße 145, 70190 Stuttgart, Germany",560.0,48.7891549,9.1939735,element-i Kinderhaus Neckarlöwen,"Landhausstraße 117, 70190 Stuttgart, Germany",713.0,48.7878406,9.202342,Elementary and Werkrealschule Ostheim,"Alexanderstraße 22, 70184 Stuttgart, Germany",1116.0,48.7748257,9.1887079,Galileo primary school and daycare,"Pflasteräckerstraße 25, 70186 Stuttgart, Germany",1138.0,48.77979,9.20848,Grund- und Werkrealschule Gablenberg,0.0,"Kernerpl. 5, 70182 Stuttgart, Germany",260.0,48.7837135,9.190918,小菜園APPETIZE,"Grafeneckstraße 2, 70188 Stuttgart, Germany",278.0,48.7851928,9.1978427,Restaurant TCA,"Urbanstraße 86, 70190 Stuttgart, Germany",279.0,48.7839282,9.1906208,Poffers Café Stuttgart,17.0,"Alfred-Lörcher-Weg, 70188 Stuttgart, Germany",246.0,48.782163,9.1959563,Regiomat,"Friedenstraße 5, 70190 Stuttgart, Germany",324.0,48.786616599999995,9.192104100000002,Lakanwal-Markt,"Staffelstraße 5, 70190 Stuttgart, Germany",329.0,48.7869986,9.1933027,Afroshop Moko,,Stuttgart,"Die Ameisenbergschule ist eine öffentliche Grundschule in Stuttgart-Ost, die 270 Schüler aus vielen Nationen mit 23 Lehrkräften unterrichtet. Sie bietet Internationale Vorbereitungsklassen für Deutschkenntnisse und fördert Sprachbildung durch das BiSS-Transfer-Programm. Die Schule legt Wert auf praxisorientiertes Lernen, Elternbeteiligung und ein vielfältiges Angebot an AGs und Nachmittagsbetreuung.","Ameisenbergschule is a public primary school in Stuttgart-Ost, educating 270 students from many nations with 23 teachers. It offers International Preparatory Classes for German language acquisition and promotes language education through the BiSS-Transfer program. The school emphasizes practical learning, parent involvement, and a diverse range of extracurricular activities and after-school care.",21,0,53,5,19.0,43,4,57,"2025,2024,2023",72,18
STG-17642,Bachschule,Grundschule,Grundschule,Öffentlich,1970.0,Dieterlestraße 26,70469,Feuerbach,Feuerbach,0711 21660470,poststelle.bachschule@stuttgart.de,http://www.bachschule.de/,Simone Werner,Englisch,,,,,,,,,,,,,,,,N/A,"Inklusion, Bewegte Schule, Gesunde Schule, BISS, Internationale Vorbereitungsklasse (VKL)",,,,,,,,,48.8060973700795,9.15837710146534,jedeschule.codefor.de + Stuttgart Schulwegweiser PDF,,,,,,,Unfallatlas,,,,,,,,,,2680,,11,356,,,41,,,,,,,,,,,,,,,,,,,,,,6.0,Durchschnittlich,302.0,42.0,,,Parkbahnhof,1133,48.8017525,9.1723629,,Stuttgart-Feuerbach,1148,48.813504,9.1693064,,Killesberg,1162,48.7993022,9.1704395,,Wilhelm-Geiger-Platz,613,48.811597,9.1590252,,Föhrich,763,48.8101114,9.1499308,,Feuerbach Bahnhof,1106,48.8136314,9.1682336,,Wildensteinstraße,281,48.8045428,9.1553521,,Hohewartstraße,327,48.8086978,9.1563052,91;N3,Stuttgarter Straße,369,48.8093268,9.1595466,,32,"91, N3",50.0,,,"Bachschule ist eine Grundschule in Stuttgart. Adresse: Dieterlestraße 26, 70469 Stuttgart. Stadtbezirk: Feuerbach. Die Schule ist in öffentlicher Trägerschaft. Mittlere ÖPNV-Anbindung. Mittleres Verkehrsunfallaufkommen (11/Jahr).","Die Bachschule Feuerbach ist eine öffentliche Grundschule in Stuttgart, gelegen in der Dieterlestraße 26, 70469 Stuttgart. Gegründet im Jahr 1970, wird die Schule von Schulleiterin Simone Werner geführt und zählt 302 Schülerinnen und Schüler sowie 42 Lehrkräfte. Als ""Bewegte Schule"" und ""Gesunde Schule"" legt die Bachschule großen Wert auf das Wohlbefinden und die aktive Entwicklung ihrer Schüler. Ein zentrales Merkmal ist das Engagement für Inklusion, das sich in einem unterstützenden Umfeld für alle Kinder widerspiegelt. Die Schule bietet sowohl Halbtages- als auch Ganztagesklassen an und verfügt über spezielle Angebote wie die Internationale Vorbereitungsklasse (VKL), die Grundschulförderklasse (GFK) und die Präventive Grundschulförderklasse, um unterschiedlichen Bedürfnissen gerecht zu werden. Im Rahmen des BISS-Programms (Bildung durch Sprache und Schrift) wird die sprachliche Entwicklung der Kinder gezielt gefördert. Englisch wird als Fremdsprache unterrichtet. Kooperationen mit der Musikschule, der Stiftung Lesen und der Stadtbibliothek bereichern das schulische Angebot und fördern kulturelle sowie bildungsbezogene Aktivitäten. Das Leitbild der Schule und die Schulordnung bilden den Rahmen für ein erfolgreiches Lernen von Anfang an. Regelmäßige Veranstaltungen wie der Besuch des Verkehrskaspers, Faschingsfeiern und Sportevents mit Partnern wie den MHP Riesen Ludwigsburg tragen zu einem lebendigen Schulleben bei.",,,,,,,,,,,8.0,20.0,13.0,3.0,,,,,Kostenfrei (öffentliche Schule),,,,,,,,,,,,,,,,,,,,,,,,302.0,42.0,2680,2024_25,2025,Baden-Württemberg,66.9,1.0,30470,bezirk_estimated,41,134.0,8797.0,356,1168.2,Stuttgart,2680,8796.7,11,37.5,22,73.0,2026-08-23,stuttgart.de Adressverzeichnis,,STG-17831,STG-43591,STG-17893,Stuttgart,"K9501 17, 70469 Stuttgart, Germany",162.0,48.806957,9.156598,Eynesil,"Klagenfurter Str. 19, 70469 Stuttgart, Germany",243.0,48.8082066,9.1592584,Energy Point Stuttgart,"Zavelsteinstraße 18, 70469 Stuttgart, Germany",304.0,48.8051841,9.1544681,Bäckerei Sauter,"Burgenlandstraße 108, 70469 Stuttgart, Germany",454.0,48.8100826,9.1570106,Kita Die Kleine Raupe (Bethanien Diakonissen-Stiftung),"Fleckenweinberg 29, 70192 Stuttgart, Germany",463.0,48.8029257,9.1624745,Evangelischer Kindergarten Fleckenweinberg,"Stuttgarter Str. 49, 70469 Stuttgart, Germany",481.0,48.809754899999994,9.1618916,Day care facility for children Stuttgarter Strasse,"Sartoriusstraße 3, 70469 Stuttgart, Germany",101.0,48.80676,9.1574263,Föhrichschule Feuerbach,"Hohewartstraße 95, 70469 Stuttgart, Germany",737.0,48.8046493,9.1485503,Hohewartschule,"Linzer Str. 90, 70469 Stuttgart, Germany",1261.0,48.8168914,9.1530852,Hattenbühl-Schule,1.0,"Dieterlestraße 32, 70469 Stuttgart, Germany",40.0,48.8057525,9.1582242,Weinstube Mögle,"Feuerbacher-Tal-Straße 34, 70469 Stuttgart, Germany",172.0,48.806223200000005,9.1560328,Restaurant Nagare,"Mühlstraße 24, 70469 Stuttgart, Germany",236.0,48.8080895,9.1572756,Lamm Feuerbach,6.0,"Mühlstraße 9, 70469 Stuttgart, Germany",182.0,48.8076777,9.1590057,Gefako,"Hohewartstraße 11, 70469 Stuttgart, Germany",294.0,48.808229399999995,9.1560004,Anmol,"Hohewartstraße 4, 70469 Stuttgart, Germany",309.0,48.8085167,9.1562911,Netto Marken-Discount,,Stuttgart,"Die Bachschule Feuerbach ist eine öffentliche Grundschule in Stuttgart, gegründet 1970, mit 302 Schülern und 42 Lehrkräften unter der Leitung von Simone Werner. Sie zeichnet sich durch Inklusion, Ganztagesangebote, spezielle Förderklassen (VKL, GFK) und Programme wie BISS aus, die eine ""Bewegte"" und ""Gesunde Schule"" fördern. Kooperationen mit externen Partnern bereichern das vielfältige Bildungsangebot.","Bachschule Feuerbach is a public primary school in Stuttgart, founded in 1970, with 302 students and 42 teachers led by Simone Werner. It features inclusion, full-day programs, special support classes (VKL, GFK), and initiatives like BISS, promoting an ""Active"" and ""Healthy School"" environment. Collaborations with external partners enrich its diverse educational offerings.",8,0,29,11,11.3,18,5,34,"2025,2024,2023",60,9
STG-302687,Betty-Hirsch-Schulzentrum (Grundschule),Grundschule,Grundschule,Öffentlich,1856.0,Am Kräherwald 271,70193,West,West,0711 6564360,info@betty-hirsch-schulzentrum.de,http://www.betty-hirsch-schulzentrum.de/,Frederike Isenberg,,,,,,,,,,,,,,,,,N/A,"Sonderpädagogisches Bildungs- und Beratungszentrum (SBBZ) für Kinder und Jugendliche mit und ohne Sehbeeinträchtigung, Inklusion, Internat.",,,,,,,,,48.778361495649094,9.138484878064812,jedeschule.codefor.de + Stuttgart Schulwegweiser PDF,,,,,,,Unfallatlas,,,,,,,,,,5654,,24,751,,,86,,,,,,,,,,,,,,,,,,,,,,8.0,Belastet,230.0,,,,Seyfferstraße,1507,48.7699486,9.1546074,,Rotebühlstraße/Augustenstraße,1516,48.7697109,9.1544685,,Rotebühlstraße,1549,48.7699271,9.1553158,,Beethovenstraße,398,48.7772148,9.1333445,,Millöckerstraße,485,48.7794218,9.1320614,,Lindpaintnerstraße,574,48.7739984,9.1343028,,Nikolauspflege,51,48.7786559,9.1379462,,Wielandstraße,363,48.775122,9.1391445,40;50;N2,Geibelstraße,388,48.7812256,9.1415028,,97,"40, 50, 91, N2",50.0,,,"Betty-Hirsch-Schulzentrum (Grundschule) ist eine Grundschule in Stuttgart. Adresse: Am Kräherwald 271, 70193 Stuttgart. Stadtbezirk: West. Die Schule ist in öffentlicher Trägerschaft. Mittlere ÖPNV-Anbindung.","Das Betty-Hirsch-Schulzentrum in Stuttgart, gegründet im Jahr 1856, ist ein Sonderpädagogisches Bildungs- und Beratungszentrum (SBBZ), das sich auf die Förderung von Kindern und Jugendlichen mit und ohne Sehbeeinträchtigung spezialisiert hat. Als Teil der Nikolauspflege bietet es ein umfassendes inklusives Bildungsangebot, das von einem Schulkindergarten (NIKOlino) über die Grundschule, Werkrealschule und Realschule reicht. Die Schule, die sich in öffentlicher Trägerschaft befindet, legt großen Wert auf individuelle Bildungs-, Förder- und Betreuungsmöglichkeiten, um den Schülerinnen und Schülern einen Weg in ein selbstbestimmtes und glückliches Leben zu ebnen und sie auf den bestmöglichen Schulabschluss vorzubereiten.

Unter der Leitung von Frederike Isenberg betreut das Schulzentrum rund 230 Schülerinnen und Schüler. Neben dem regulären Unterricht bietet das Betty-Hirsch-Schulzentrum eine Vielzahl von unterstützenden Diensten an, darunter Frühförderung, Sonderpädagogischer Dienst, Pädagogik und Orthoptik sowie Beratung für Zuhause. Die Einrichtung verfügt zudem über ein Internat, Kurzzeitunterbringung und einen familienentlastenden Dienst, was eine ganzheitliche Betreuung ermöglicht. Ein Hort mit Hausaufgabenbetreuung und Freizeitprogramm ergänzt das Angebot. Das Schulzentrum ist bekannt für seine starke Schülergemeinschaft und sein Engagement für digitale Teilhabe, Kinästhetik und praxisorientierte Gruppen wie Schülerfirmen im Bereich SBBZ/geistige Entwicklung. Die Adresse ist Am Kräherwald 271, 70193 Stuttgart.",,,,,,,,,,,0.0,3.0,0.0,1.0,,0.0,,,Kostenfrei (öffentliche Schule),,,,,,,,,,,,,,,,,,,,,,,,230.0,,5654,2024_25,2025,Baden-Württemberg,66.9,1.2,53560,bezirk_estimated,86,160.8,10556.4,751,1401.8,Stuttgart,5654,10556.1,24,45.0,47,87.6,2026-08-23,stuttgart.de Adressverzeichnis,,STG-19849,STG-17941,STG-56088,Stuttgart,,,,,,,,,,,,,,,,"Köllestraße 46, 70193 Stuttgart, Germany",340.0,48.7776146,9.1429819,La Coccinelle Kinderbetreuung,"Forststraße 192, 70193 Stuttgart, Germany",608.0,48.7755192,9.1455755,Dibber-KiTa Forststraße,"Scheffelstraße 35, 70193 Stuttgart, Germany",703.0,48.776257099999995,9.1475306,Ev. Paul Gerhard Kindergarten,"Leibnizstraße 89, 70193 Stuttgart, Germany",132.0,48.7791508,9.1398238,Kleiner Sonniger Winkel,"Schumannstraße 8-10, 70195 Stuttgart, Germany",691.0,48.7784914,9.1290506,Franz-Schubert-Schule,"Corelliweg 7, 70195 Stuttgart, Germany",969.0,48.7817112,9.126272600000002,Kirchhalden-Schule,1.0,"Alte Stuttgarter Str. 114, 70195 Stuttgart, Germany",450.0,48.7775669,9.1324625,Bleta Restaurant,"Beethovenstraße 9, 70195 Stuttgart, Germany",468.0,48.777214699999995,9.1323437,Da Peppe,"Beethovenstraße 30, 70195 Stuttgart, Germany",499.0,48.775834,9.1328529,L' Aperitivo Stuttgart,3.0,,,,,,,,,,,,,,,,,Stuttgart,"Das 1856 gegründete Betty-Hirsch-Schulzentrum in Stuttgart ist ein inklusives Sonderpädagogisches Bildungs- und Beratungszentrum (SBBZ) für Kinder und Jugendliche mit und ohne Sehbeeinträchtigung. Es bietet ein breites Bildungsangebot von Kindergarten bis zur Realschule, ergänzt durch Internat, Frühförderung und spezialisierte pädagogische Dienste. Unter der Leitung von Frederike Isenberg fördert es rund 230 Schüler individuell für ein selbstbestimmtes Leben.","Founded in 1856, the Betty-Hirsch-Schulzentrum in Stuttgart is an inclusive Special Education and Counseling Center (SBBZ) for children and young people with and without visual impairments. It offers a wide range of educational programs from kindergarten to secondary school, complemented by a boarding school, early intervention, and specialized pedagogical services. Led by Frederike Isenberg, it individually supports approximately 230 students for self-determined lives.",6,0,19,0,6.7,12,1,20,"2025,2024,2023",57,27
STG-19796,Carl-Benz-Schule,Grundschule,Grundschule,Öffentlich,,Weckherlinstraße 8,70376,Bad Cannstatt,Bad Cannstatt,0711 21689144,poststelle.carl-benz-schule@stuttgart.de,https://carl-benz-schule-stuttgart.edupage.org/,Clarissa Pannes,,,,,,,,,,,,,,,,,N/A,"Kooperationen (Musik, Sport mit VfB), Achtsame Schule, Förderung demokratischer Werte und individueller Stärken.",,,,,,,,,48.816719993145696,9.214901141743352,jedeschule.codefor.de + Stuttgart Schulwegweiser PDF,,,,,,,Unfallatlas,,,,,,,,,,8807,,38,1170,,,134,,,,,,,,,,,,,,,,,,,,,,10.0,Belastet,300.0,,,,Stuttgart-Münster,454,48.8207118,9.2161743,,Bad Cannstatt,1709,48.8014069,9.2168515,,Nürnberger Straße,1860,48.806375,9.2348625,,Kraftwerk Münster,363,48.8139283,9.2174633,,Münster Viadukt,537,48.8165867,9.2222362,,Bottroper Straße (Lessing-Schulen),587,48.8209476,9.2100942,,Nastplatz,194,48.8158987,9.2125639,,Weingenuss / Römer / Travertinpark,251,48.814515,9.2141788,Blaue Tour,Dessauer Straße,256,48.8186684,9.2130415,,65,"Blaue Tour, N4",50.0,,,"Carl-Benz-Schule ist eine Grundschule in Stuttgart. Adresse: Weckherlinstraße 8, 70376 Stuttgart. Stadtbezirk: Bad Cannstatt. Die Schule ist in öffentlicher Trägerschaft. Mittlere ÖPNV-Anbindung. Überdurchschnittliche Kriminalitätsbelastung im Bezirk.","Die Carl-Benz-Schule in Stuttgart ist eine öffentliche Grundschule, die sich durch ein umfassendes pädagogisches Konzept auszeichnet. Unter der Leitung von Clarissa Pannes und mit rund 300 Schülern legt die Schule großen Wert auf die individuelle Förderung und die Entwicklung demokratischer Werte. Als gebundene Ganztagesschule bietet sie eine vielfältige Betreuung und Bildung, die über den regulären Unterricht hinausgeht. Besondere Merkmale sind die 'Achtsame Schule'-Initiative, die das soziale und emotionale Lernen der Kinder stärkt, sowie ein breites Spektrum an Kooperationen. Dazu gehören Partnerschaften mit der Musikschule Stuttgart, dem VfB Stuttgart ('JUNGE WILDE') zur Sportförderung, Leseohren für Leseprojekte und weitere kulturelle Einrichtungen wie das Kultur Kabinett. Die Schule integriert individuelle Lernzeiten, Themenunterricht und vor- sowie nachschulische Betreuungsangebote. Ferienangebote und ein Mittagsband mit Sander Catering ergänzen das Ganztageskonzept. Das Kollegium umfasst neben Klassen- und Fachlehrkräften auch pädagogische Fachkräfte, Mitarbeiter für die Ganztagesbetreuung, Lehrkräfte für Vorbereitungsklassen und Grundschulförderklassen sowie Schulsozialarbeit. Die Carl-Benz-Schule fördert aktiv die Stärken jedes Kindes und schafft ein unterstützendes Umfeld für ganzheitliche Entwicklung.",,,,,,,,,,,8.0,4.0,1.0,5.0,,,,,Kostenfrei (öffentliche Schule),,,,,,,,,,,,,,,,,,,,,,,,300.0,,8807,2024_25,2025,Baden-Württemberg,66.9,1.4,71510,bezirk_estimated,134,187.6,12315.8,1170,1635.5,Stuttgart,8807,12315.4,38,52.6,73,102.1,2026-08-23,stuttgart.de Adressverzeichnis,,STG-17815,STG-17862,STG-17905,Stuttgart,"Am Römerkastell 73, 70376 Stuttgart, Germany",348.0,48.8151112,9.2108166,Nachbar Kneipe und Kultur,,,,,,,,,,,"Naststraße 1, 70376 Stuttgart, Germany",241.0,48.8148257,9.213297,Villa Rosenrot Kita,"Rommelstraße 15, 70376 Stuttgart, Germany",260.0,48.814520300000005,9.2137144,Kindertagesstätte Villa Rosenrot e.V.,"Am Römerkastell 73, 70376 Stuttgart, Germany",387.0,48.8148458,9.2104461,Kinderhaus Hallschlag gGmbH,"Zuckerfabrik 7, 70376 Stuttgart, Germany",454.0,48.82076,9.213967,Lessing-Schulen,"Nagoldstraße 7, 70376 Stuttgart, Germany",626.0,48.819917,9.2219409,Elise von König Gemeinschaftsschule,"Auf d. Altenburg 10, 70376 Stuttgart, Germany",822.0,48.8111024,9.2075978,Altenburgschule,1.0,"Naststraße 31, 70376 Stuttgart, Germany",174.0,48.8155523,9.2133282,Milis Burger Branding Company,"Naststraße 5, 70376 Stuttgart, Germany",321.0,48.8140667,9.2131749,PILUM,"Am Römerkastell 73, 70376 Stuttgart, Germany",348.0,48.8151112,9.2108166,Nachbar Kneipe und Kultur,8.0,"Bottroper Str. 18, 70376 Stuttgart, Germany",92.0,48.817467,9.215456,ALDI SÜD,"Bottroper Str. 16, 70376 Stuttgart, Germany",134.0,48.817901,9.2145506,Penny Hallschlag,"Zuckerfabrik 28, 70376 Stuttgart, Germany",209.0,48.8180852,9.2168703,Agrofolio GmbH,,Stuttgart,"Die Carl-Benz-Schule in Stuttgart ist eine öffentliche Grundschule mit rund 300 Schülern unter der Leitung von Clarissa Pannes. Sie ist eine gebundene Ganztagesschule, die individuelle Förderung, demokratische Werte und Achtsamkeit betont. Die Schule bietet vielfältige Kooperationen in Musik und Sport (u.a. mit dem VfB Stuttgart) und umfassende Betreuungsangebote.","The Carl-Benz-Schule in Stuttgart is a public primary school with approximately 300 students, led by Clarissa Pannes. It is a full-day school emphasizing individual support, democratic values, and mindfulness. The school offers diverse collaborations in music and sports (including with VfB Stuttgart) and comprehensive care programs.",4,0,22,4,8.3,14,3,25,"2025,2024,2023",147,13
STG-17878,Deutsch-Französische Grundschule Sillenbuch,Grundschule,Grundschule,Öffentlich,,Silberwaldstraße 22,70619,Sillenbuch,Sillenbuch,0711 21620860,Poststelle.Deutsch.Franzoesische.Grundschule.Stuttgart-Sillenbuch@stuttgart.de,http://dfgs-sillenbuch.de/,,"Deutsch, Französisch, Englisch",,,,,,,,,,,,,,,,N/A,"Bilingual (Deutsch-Französisch), interkulturelle Bildung, Schulkindbetreuung und Hort, Französischer Lehrplan.",,,,,,,,,48.74697180408559,9.211366021843132,jedeschule.codefor.de + Stuttgart Schulwegweiser PDF,,,,,,,Unfallatlas,,,,,,,,,,1110,,5,147,,,17,,,,,,,,,,,,,,,,,,,,,,1.0,Sehr sicher,400.0,,,,Sillenbuch,305,48.7445102,9.2131869,,U-Bahn (48.7416),783,48.7415862,9.218247,,U-Bahn (48.7409),892,48.7408961,9.2193112,,Silberwald,265,48.7477821,9.2079711,,Sillenbuch,308,48.7444668,9.2131593,,Schemppstraße,831,48.7412781,9.2186974,,Bus (48.7475),215,48.7474635,9.2085354,,Silberwald,219,48.747407,9.208453,,Sillenbuch,229,48.7450915,9.212649,,41,,50.0,,,"Deutsch-Französische Grundschule Sillenbuch ist eine Grundschule in Stuttgart. Adresse: Silberwaldstraße 22, 70619 Stuttgart. Stadtbezirk: Sillenbuch. Die Schule ist in öffentlicher Trägerschaft. Mittlere ÖPNV-Anbindung. Niedrige Kriminalitätsbelastung im Bezirk.","Die Deutsch-Französische Grundschule Sillenbuch in Stuttgart ist eine öffentliche, bilinguale Grundschule, die sich der deutsch-französischen Freundschaft und interkulturellen Bildung verschrieben hat. Mit rund 400 Schülern bietet sie eine einzigartige Lernumgebung, in der Kinder von der ersten Klasse an in beiden Sprachen unterrichtet werden. Die Schule folgt einem integrierten Lehrplan, der Elemente des deutschen und französischen Bildungssystems vereint, und wird durch die ""aefe - Agence pour l'enseignement français à l'étranger Baden-Württemberg"" unterstützt. Dies ermöglicht den Schülern, nicht nur fließend Deutsch und Französisch zu lernen, sondern auch ein tiefes Verständnis für beide Kulturen zu entwickeln. Das pädagogische Konzept der Schule legt Wert auf individuelles Lernen und Themenunterricht, um den unterschiedlichen Bedürfnissen und Interessen der Kinder gerecht zu werden. Neben dem Kernunterricht bietet die Schule ein umfassendes Betreuungsangebot, das Früh-, Mittags-, Spät- und Ferienbetreuung umfasst, um Familien flexible Ganztagsoptionen zu ermöglichen. Zahlreiche Projekte und Aktivitäten bereichern den Schulalltag, darunter die DELF-Prüfung, das Bücherfest (Fête du livre), Feiern der deutsch-französischen Freundschaft, Kunstprojekte, Eislaufen, Vorbereitung auf die Fahrradprüfung und Theaterbesuche. Diese Aktivitäten fördern nicht nur die sprachlichen und kognitiven Fähigkeiten, sondern auch soziale Kompetenzen und kulturelles Bewusstsein. Die Schule ist in Sillenbuch gelegen und verfügt über ein engagiertes Kollegium und eine Schulsozialarbeiterin, die das Wohl der Schüler im Blick haben. Obwohl die genaue Anzahl der Lehrkräfte nicht angegeben ist, zeugt das breite Angebot von einem gut aufgestellten Team. Die Deutsch-Französische Grundschule Sillenbuch bereitet ihre Schüler optimal auf den Übergang in weiterführende Schulen vor und fördert eine offene, weltoffene Haltung. Die Sprachen Deutsch, Französisch und Englisch werden im Schulalltag integriert, wobei Deutsch und Französisch die primären Unterrichtssprachen sind.",,,,,,,,,,,6.0,5.0,4.0,2.0,,,,,Kostenfrei (öffentliche Schule),,,,,,,,,,,,,,,,,,,,,,,,400.0,,1110,2024_25,2025,Baden-Württemberg,66.9,0.5,25240,bezirk_estimated,17,67.0,4398.5,147,584.1,Stuttgart,1110,4398.4,5,18.8,9,36.5,2026-08-23,stuttgart.de Adressverzeichnis,,STG-17696,STG-9984-GS,STG-17913,Stuttgart,"Kirchheimer Str. 41, 70619 Stuttgart, Germany",100.0,48.746118,9.210936,Treiber Spezialitäten Bäckerei Konditorei,"Kirchheimer Str. 65, 70619 Stuttgart, Germany",313.0,48.744530000000005,9.2135,EDEKA Bauer,"Tuttlinger Str. 10, 70619 Stuttgart, Germany",360.0,48.744588199999995,9.2146839,Cafe Rosenstöckle,"Kleinhohenheimer Str. 19, 70619 Stuttgart, Germany",425.0,48.7431999,9.210448,Kita Pusteblume,"Oberwiesenstraße 30A, 70619 Stuttgart, Germany",464.0,48.7481014,9.2174515,Ev. Kindergarten Kleine Welt,"Gorch-Fock-Straße 30, 70619 Stuttgart, Germany",545.0,48.744898799999994,9.204635200000002,Tageseinrichtung für Kinder Gorch-Fock-Straße,"Klara-Neuburger-Straße 2, 70619 Stuttgart, Germany",1182.0,48.73869,9.22147,Grundschule Riedenberg,"Tiefenbachstraße 66A, 70329 Stuttgart, Germany",1290.0,48.756263399999995,9.2219005,Tiefenbach-Schule,"Lange Morgen 19, 70619 Stuttgart, Germany",1635.0,48.7417222,9.2322014,Elementary and Werkrealschule Heumaden,0.0,"Kirchheimer Str. 37, 70619 Stuttgart, Germany",90.0,48.7463177,9.2106364,LAMINE - Pizza and more,"Kirchheimer Str. 41, 70619 Stuttgart, Germany",100.0,48.746118,9.210936,Treiber Spezialitäten Bäckerei Konditorei,"Kirchheimer Str. 50, 70619 Stuttgart, Germany",196.0,48.745219299999995,9.2116193,LuSi Bistro & Café,4.0,"Kirchheimer Str. 37, 70619 Stuttgart, Germany",91.0,48.74633,9.2105882,Gesunde Kost,"Feinkost4Jahreszeiten, Kirchheimer Str. 36 A, 70619 Stuttgart, Germany",130.0,48.7459685,9.2104582,Feinkost 4 Jahreszeiten STUTTGART - Sillenbuch,"Kirchheimer Str. 50, 70619 Stuttgart, Germany",192.0,48.7452469,9.2115434,VITALIA Reformhaus,,Stuttgart,"Die Deutsch-Französische Grundschule Sillenbuch ist eine öffentliche, bilinguale Grundschule in Stuttgart mit ca. 400 Schülern, die Deutsch und Französisch als Unterrichtssprachen anbietet. Sie fördert interkulturelle Bildung durch einen integrierten Lehrplan und vielfältige Betreuungs- und Freizeitangebote.","The Deutsch-Französische Grundschule Sillenbuch is a public, bilingual primary school in Stuttgart with approximately 400 students, offering instruction in German and French. It promotes intercultural education through an integrated curriculum and a wide range of childcare and extracurricular activities.",4,0,17,2,6.0,11,1,18,"2025,2024,2023",104,13
STG-30694,Eduard-Pfeiffer-Schule,Grundschule,Grundschule,Öffentlich,,Hospitalstraße 36,70174,Mitte,Mitte,0711 2283628,kis@irgw.de,http://www.irgw.de/grundschule,,,,,,,,,,,,,,,,,,N/A,,,,,,,,,,48.77623975821499,9.171009514339644,jedeschule.codefor.de + Stuttgart Schulwegweiser PDF,,,,,,,Unfallatlas,,,,,,,,,,5318,,23,706,,,81,,,,,,,,,,,,,,,,,,,,,,11.0,Stark belastet,,,,,Rotebühlplatz,79,48.7755541,9.1712823,,Stuttgart Stadtmitte,139,48.7761945,9.1728998,,Stadtmitte,238,48.7774893,9.1736401,,Berliner Platz (Hohe Straße),206,48.7771517,9.168557,,Rotebühlplatz,236,48.7744652,9.1727667,,Berliner Platz (Liederhalle),292,48.778496,9.1689635,,Bus (48.7756),70,48.7756156,9.1711177,,Rotebühlplatz,72,48.7755901,9.1710681,,Rotebühlplatz Position 2,194,48.7747009,9.1722605,,183,"40, 42, 43, N10, N2",50.0,,,"Eduard-Pfeiffer-Schule ist eine Grundschule in Stuttgart. Adresse: Hospitalstraße 36, 70174 Stuttgart. Stadtbezirk: Mitte. Die Schule ist in öffentlicher Trägerschaft. Mittlere ÖPNV-Anbindung. Erhöhtes Verkehrsunfallaufkommen (43/Jahr). Überdurchschnittliche Kriminalitätsbelastung im Bezirk.","Die Eduard-Pfeiffer-Schule (EPS) in Stuttgart ist eine staatlich anerkannte jüdische und private Grundschule, die Kinder von der ersten bis zur vierten Klasse in einer familiären Lernumgebung begleitet. Sie ist eine Ganztagesschule und legt großen Wert auf die Verbindung moderner Bildung mit jüdischen Werten und Traditionen. Die Trägerschaft obliegt der Israelitischen Religionsgemeinschaft Württembergs K.d.ö.R. (IRGW), was die tiefe Verankerung der Schule in der jüdischen Gemeinschaft unterstreicht. Die Schule befindet sich in der Hospitalstraße 36, 70174 Stuttgart, und wird von Dr. A. Engelmann geleitet. 

Das pädagogische Konzept der Eduard-Pfeiffer-Schule zeichnet sich durch kleine Klassen und individuelle Förderung aus, um jedem Kind die bestmögliche Entwicklung zu ermöglichen. Der Unterricht umfasst Wochenplanarbeit in allen Klassenstufen und integrierten Computerunterricht, um digitale Kompetenzen frühzeitig zu fördern. Darüber hinaus bietet die Schule ein breites Spektrum an zusätzlichen Bildungsangeboten, darunter Blockflötenunterricht ab der ersten Klasse, Englischunterricht ebenfalls ab der ersten Klasse und Schwimmunterricht für alle Klassenstufen. Regelmäßige Schulausflüge bereichern den Lernalltag und bieten praktische Lernerfahrungen außerhalb des Klassenzimmers. 

Ein besonderes Merkmal der Schule ist die umfassende Betreuung der Schülerinnen und Schüler, die drei koschere Mahlzeiten täglich umfasst. Zudem gibt es ein vielfältiges Angebot an Arbeitsgemeinschaften (AGs), das den Interessen und Talenten der Kinder Rechnung trägt und ihre persönliche Entwicklung fördert. Die familiäre Atmosphäre und die Betonung jüdischer Traditionen schaffen ein unterstützendes und werteorientiertes Umfeld, in dem sich die Kinder wohlfühlen und optimal entfalten können. Die Eduard-Pfeiffer-Schule versteht sich als Ort, an dem Bildung mit Herz und Seele vermittelt wird, und bereitet ihre Schüler umfassend auf die weiterführende Schullaufbahn vor.",,,,,,,,,,,20.0,20.0,20.0,4.0,,,,,Kostenfrei (öffentliche Schule),,,,,,,,,,,,,,,,,,,,,,,,,,5318,,2025,Baden-Württemberg,66.9,2.5,24180,bezirk_estimated,81,335.0,21992.5,706,2920.5,Stuttgart,5318,21991.8,23,93.9,44,182.4,2026-08-23,stuttgart.de Adressverzeichnis,,STG-17707,STG-18560,STG-45077,Stuttgart,"Theodor-Heuss-Straße 26, 70174 Stuttgart, Germany",99.0,48.7761906,9.1723531,Heaven's Kitchen – Veganes Restaurant & Catering,"Rotebühlpl. 20, 70173 Stuttgart, Germany",167.0,48.7750305,9.172354,ZEIT FÜR BROT,"Hospitalstraße 19, 70174 Stuttgart, Germany",172.0,48.77717390000001,9.1728853,Yuícery Hospitalstraße,"Hospitalstraße 36, 70174 Stuttgart, Germany",19.0,48.776350699999995,9.171205,Kindergarten Haschalom Stuttgart,"Weimarstraße 21, 70176 Stuttgart, Germany",332.0,48.7757369,9.1665503,"Early Bird Club - Private Krippe, KiTa und Kindergarten in Stuttgart-Mitte","Breitscheidstraße 8, 70174 Stuttgart, Germany",443.0,48.779461999999995,9.1674614,KIBOA Die Kita in Stuttgart im Bosch-Areal,"Hohe Str. 11, 70174 Stuttgart, Germany",132.0,48.777019,9.1696535,Johannes Brenz Schule,"Schulstraße 1, 70173 Stuttgart, Germany",498.0,48.775467299999995,9.1777051,Grundschule Lampertswalde,"Falkertstraße 27, 70176 Stuttgart, Germany",538.0,48.778442,9.164479,Falkert-Schule,2.0,"Theodor-Heuss-Straße 14, 70174 Stuttgart, Germany",199.0,48.7771087,9.1733872,Don Via Restaurant Stuttgart,"Calwer Str. 45, 70173 Stuttgart, Germany",206.0,48.7748725,9.1729146,Paulaner am alten Postplatz,"Rotebühlpl. 21, 70178 Stuttgart, Germany",220.0,48.774449999999995,9.1722868,Wilma Wunder Stuttgart,18.0,"Lange Str. 18, 70174 Stuttgart, Germany",93.0,48.7770259,9.1714538,Mini India,"Hospitalstraße 19, 70174 Stuttgart, Germany",175.0,48.777187,9.172911,PureCakes (PureSnacks GmbH),"Rotebühl-Passage Verteilerebene U-Bhf, Rotebühlpl., 70173 Stuttgart, Germany",200.0,48.7745087,9.1717381,Eckert,,Stuttgart,"Die Eduard-Pfeiffer-Schule in Stuttgart ist eine staatlich anerkannte jüdische und private Ganztagsgrundschule für die Klassen 1 bis 4. Sie bietet eine familiäre Lernumgebung, individuelle Förderung und verbindet moderne Bildung mit jüdischen Werten und Traditionen. Das umfassende Angebot beinhaltet kleine Klassen, Computer-, Englisch- und Blockflötenunterricht, Schwimmkurse, koschere Mahlzeiten und vielfältige AGs.","The Eduard-Pfeiffer-Schule in Stuttgart is a state-recognized Jewish and private full-day primary school for grades 1 to 4. It offers a family-like learning environment, individualized support, and combines modern education with Jewish values and traditions. Its comprehensive program includes small classes, computer, English, and recorder lessons, swimming courses, kosher meals, and diverse extracurricular activities.",52,0,113,26,43.0,66,16,129,"2025,2024,2023",19,54
STG-356711,Eichendorffschule Gemeinschaftsschule,Grundschule,Grundschule,Öffentlich,1961.0,Ebitzweg 57,70374,Bad Cannstatt,Bad Cannstatt,0711 21657110,eichendorffschule@stuttgart.de,http://www.eido-schule.de/,Matthias Bolay,"Englisch, Französisch, Latein, Spanisch",,,,,,,,,,,,,,,,N/A,"Inklusive Gemeinschaftsschule, Modellstandort für inklusive Beschulung, sport- und bewegungserzieherischer Schwerpunkt, Kooperation mit Stuttgarter Musikschule.",,,,,,,,,48.80439608071104,9.237564475468591,jedeschule.codefor.de + Stuttgart Schulwegweiser PDF,,,,,,,Unfallatlas,,,,,,,,,,8807,,38,1170,,,134,,,,,,,,,,,,,,,,,,,,,,10.0,Belastet,784.0,53.0,,,Nürnberger Straße,296,48.806375,9.2348625,,Stuttgart-Ebitzweg,427,48.8037427,9.2318241,,Stuttgart Neckarpark,1424,48.7918161,9.2411731,,Nürnberger Straße,283,48.8068983,9.2368642,,Augsburger Platz,406,48.8059048,9.2325167,,Ebitzweg,409,48.8037221,9.2320716,,Nürnberger Straße,289,48.8068668,9.2363345,,Augsburger Platz,539,48.8060618,9.2306545,,Antwerpener Straße,590,48.8084432,9.2427647,,16,,50.0,,,"Eichendorffschule Gemeinschaftsschule ist eine Grundschule in Stuttgart. Adresse: Ebitzweg 57, 70374 Stuttgart. Stadtbezirk: Bad Cannstatt. Die Schule ist in öffentlicher Trägerschaft. Mittlere ÖPNV-Anbindung. Überdurchschnittliche Kriminalitätsbelastung im Bezirk.","Die Eichendorffschule ist eine etablierte Gemeinschaftsschule im multikulturellen Stuttgarter Stadtteil Bad Cannstatt, die 1961 gegründet wurde und sich in öffentlicher Trägerschaft befindet. Mit 784 Schülern und 53 Lehrkräften bietet sie ein umfassendes Bildungsangebot von der Grundschule bis zur Sekundarstufe 1. Als inklusive Gemeinschaftsschule und Modellstandort für inklusive Beschulung legt die Eichendorffschule großen Wert auf die individuelle Förderung jedes Kindes und die Vermittlung gesellschaftlicher sowie sozialer Werte und Normen. Ihr Leitbild betont die Vorbereitung der Schüler auf ihr späteres Leben, die Entwicklung individueller Fähigkeiten und die Förderung des Gesundheitsbewusstseins. Die Schule bietet differenzierte Abschlüsse an, darunter den Hauptschulabschluss, den mittleren Bildungsabschluss und die Möglichkeit zum Übergang auf das Gymnasium (Gelenkklasse G9). Ein besonderer Schwerpunkt liegt auf Sport und Bewegungserziehung, ergänzt durch eine Kooperation mit der Stuttgarter Musikschule, die das kulturelle Angebot bereichert. Das Sprachenangebot ist vielfältig und umfasst Englisch, Französisch, Latein und Spanisch. Im Herbst 2019 bezog die Schule ein neues Gebäude, das moderne Lernumgebungen schafft. Unter der Leitung von Matthias Bolay pflegt die Eichendorffschule ein aktives Schulleben mit zahlreichen Aktivitäten wie der SMV, einem Zirkusprojekt, Spiel- und Sportfesten, Streitschlichterprogrammen und umfassender Berufsorientierung. Der Förderverein und der Elternbeirat tragen aktiv zur Schulgemeinschaft bei. Die Eichendorffschule ist somit ein dynamischer Lernort, der Bildung, individuelle Entwicklung und soziale Integration in den Vordergrund stellt.",,,,,,,,,,,0.0,9.0,5.0,4.0,,,,,Kostenfrei (öffentliche Schule),,,,,,,,,,,,,,,,,,,,,,,,784.0,53.0,8807,2024_25,2025,Baden-Württemberg,66.9,1.4,71510,bezirk_estimated,134,187.6,12315.8,1170,1635.5,Stuttgart,8807,12315.4,38,52.6,73,102.1,2026-08-23,stuttgart.de Adressverzeichnis,,STG-356705,STG-356699,STG-17815,Stuttgart,"Winterhaldenstraße 1, 70374 Stuttgart, Germany",149.0,48.8033691,9.2362653,Bäckerei Böhm Winterhaldenstraße,"Nürnberger Str. 18, 70374 Stuttgart, Germany",344.0,48.8058002,9.2333721,Agip Service Station,"Ruhrstraße 79, 70374 Stuttgart, Germany",397.0,48.8008982,9.2364623,CLASSIC BY COACH Kunst & Unterhaltung,"Andreästraße 13, 70374 Stuttgart, Germany",180.0,48.8055308,9.2358037,Evangelischer Kindergarten Andreä,"Kienbachstraße 37, 70374 Stuttgart, Germany",317.0,48.8015671,9.2370767,Kath. Kita Kiehmling-Winkel,"Augsburger Str. 41, 70374 Stuttgart, Germany",372.0,48.8024327,9.2334435,KiFaZ Francesca,"Ebitzweg 57, 70374 Stuttgart, Germany",64.0,48.804427999999994,9.2366935,Eichendorffschule,"Martin-Luther-Straße 57, 70372 Stuttgart, Germany",926.0,48.8035477,9.224987100000002,Martin-Luther-Schule,"Edelweißweg 11, 70374 Stuttgart, Germany",1366.0,48.8161989,9.2427369,Grundschule Sommerrain,1.0,"Nürnberger Str. 52, 70374 Stuttgart, Germany",293.0,48.8069914,9.238228,Domingo Pizza Service,"Ruhrstraße 21, 70374 Stuttgart, Germany",294.0,48.8040063,9.233595,StuttPizza,"Nürnberger Str. 18, 70374 Stuttgart, Germany",344.0,48.8058002,9.2333721,Agip Service Station,9.0,,,,,,,,,,,,,,,,,Stuttgart,"Die Eichendorffschule ist eine 1961 gegründete, inklusive Gemeinschaftsschule in Stuttgart-Bad Cannstatt mit 784 Schülern und 53 Lehrkräften. Sie bietet ein breites Bildungsangebot von der Grundschule bis zur Sekundarstufe 1, inklusive differenzierter Abschlüsse und einem Fokus auf individuelle Förderung, Sport und musikalische Bildung. Als Modellstandort für inklusive Beschulung legt sie Wert auf soziale Werte und eine umfassende Lebensvorbereitung.","Founded in 1961, Eichendorffschule is an inclusive community school in Stuttgart-Bad Cannstatt with 784 students and 53 teachers. It offers a broad educational program from primary to lower secondary level, including differentiated degrees and a focus on individual development, sports, and musical education. As a model location for inclusive schooling, it emphasizes social values and comprehensive life preparation.",9,0,20,5,8.3,12,5,25,"2025,2024,2023",108,7
STG-356699,Elise von König-Schule Gemeinschaftsschule,Grundschule,Grundschule,Öffentlich,,Nagoldstraße 7,70376,Münster,Münster,0711 21655490,poststelle.elise.von.koenig-schule@stuttgart.de,https://www.stuttgart-inklusiv.de/,Damaris Scholler,"Englisch, Französisch, Spanisch",,,,,,,,,,,,,,,,N/A,"Gebundene Ganztagesschule, Inklusion, 3 Lernniveaus, individuelles Lernen, keine Noten/Sitzenbleiben bis Klasse 8.",,,,,,,,,48.81992692180281,9.22208050031028,jedeschule.codefor.de + Stuttgart Schulwegweiser PDF,,,,,,,Unfallatlas,,,,,,,,,,386,,2,51,,,6,,,,,,,,,,,,,,,,,,,,,,2.0,Sehr sicher,460.0,45.0,,,Stuttgart-Münster,441,48.8207118,9.2161743,,Nürnberger Straße,1774,48.806375,9.2348625,,Stuttgart-Ebitzweg,1936,48.8037427,9.2318241,,Münster Rathaus,356,48.8211134,9.2265911,,Münster Viadukt,372,48.8165867,9.2222362,,Freibergstraße,485,48.8242839,9.22198,,Dreiecksplatz,28,48.8200489,9.2217427,,Oderstraße,239,48.8205326,9.2189548,,Münster Rathaus,252,48.8199158,9.2255167,,50,"Blaue Tour, N4",50.0,,,"Elise von König-Schule Gemeinschaftsschule ist eine Grundschule in Stuttgart. Adresse: Nagoldstraße 7, 70376 Stuttgart. Stadtbezirk: Münster. Die Schule ist in öffentlicher Trägerschaft. Mittlere ÖPNV-Anbindung. Niedrige Kriminalitätsbelastung im Bezirk.","Die Elise von König-Schule ist eine innovative Gemeinschaftsschule in Stuttgart-Münster, die sich durch ihr Konzept als gebundene Ganztagesschule auszeichnet. Sie befindet sich in einer grünen Umgebung und bietet zahlreiche Spiel- und Ausflugsmöglichkeiten, eine moderne Turnhalle sowie gepflegte Schulgebäude und Klassenzimmer. Ein zentraler Pfeiler des Schulprofils ist die gelebte Inklusion, die Vielfalt im gemeinsamen Erleben, Lernen und Arbeiten fördert. Die Schule verfolgt einen pädagogischen Ansatz, der individuelles und kooperatives Lernen in den Vordergrund stellt. Bis zur achten Klasse wird leistungsorientiert ohne Noten und ohne Sitzenbleiben gelernt, wobei das soziale Miteinander einen hohen Stellenwert hat. Die Elise von König-Schule ermöglicht ihren Lernpartnern eine Bildung, die ihren individuellen Leistungsmöglichkeiten entspricht, sei es auf dem Niveau der Hauptschule, Realschule oder des Gymnasiums, und führt alle Schülerinnen und Schüler zum passenden Abschluss. Das Lehrerkollegium umfasst rund 45 Lehrkräfte aus verschiedenen Schulformen (Gymnasium, Realschule, Hauptschule, Sonderschule, Grundschule), um eine optimale individuelle Förderung zu gewährleisten. Im Sprachenbereich wird ab Klasse 5 Englisch unterrichtet, gefolgt von Französisch ab Klasse 6 für mindestens ein Jahr. Ab Klasse 7 wählen die Schüler ein Wahlpflichtfach (Französisch, AES, Technik), das als Hauptfach gilt. In Klasse 8 entscheiden sie sich für Profilfächer wie Spanisch, Sport oder Naturwissenschaften und Technik (NWT). Die Schule bietet zudem Lernbüros, Werkstätten und Ateliers, die Neugier und Freude am Lernen wecken sollen.",,,,,,,,,,,7.0,6.0,3.0,4.0,,,,,Kostenfrei (öffentliche Schule),,,,,,,,,,,,,,,,,,,,,,,,460.0,45.0,386,2024_25,2025,Baden-Württemberg,66.9,0.6,7320,bezirk_estimated,6,80.4,5278.2,51,700.9,Stuttgart,386,5278.0,2,22.5,3,43.8,2026-08-23,stuttgart.de Adressverzeichnis,,STG-356711,STG-356705,STG-356708,Stuttgart,"Illerstraße 44, 70376 Stuttgart, Germany",38.0,48.8202666,9.2221785,Bäckerei Sailer Illerstraße,"Schussengasse 1-5, 70376 Stuttgart, Germany",289.0,48.819778,9.2260238,Pflegezentrum Stuttgart-Münster,"Neckartalstr. 300, 70376 Stuttgart, Germany",362.0,48.81908,9.22685,Shell,"Enzstraße 18, 70376 Stuttgart, Germany",84.0,48.8191693,9.2221236,Evangelischer Kindergarten,"Weserstraße 4, 70376 Stuttgart, Germany",193.0,48.8209515,9.2199556,Kindergarten St. Ottilia,"Moselstraße 20, 70376 Stuttgart, Germany",210.0,48.8217402,9.2229026,Tageseinrichtung für Kinder Moselstraße 20,"Zuckerfabrik 7, 70376 Stuttgart, Germany",601.0,48.82076,9.213967,Lessing-Schulen,"Weckherlinstraße 8, 70376 Stuttgart, Germany",640.0,48.8162544,9.2153533,Carl-Benz-Schule,"Damaschkestraße 31, 70378 Stuttgart, Germany",970.0,48.827597399999995,9.228393,Steinhaldenfeldschule,0.0,"Nagoldstraße 55, 70376 Stuttgart, Germany",285.0,48.820160699999995,9.2182024,Münster Kebap & Pizza Haus,"Neckartalstr. 261, 70376 Stuttgart, Germany",293.0,48.8173229,9.222662,AM VIADUKT,"Neckartalstr. 261, 70376 Stuttgart, Germany",298.0,48.81728950000001,9.2227674,Sportgaststätte Fairplay TSV Münster,5.0,"Nagoldstraße 55, 70376 Stuttgart, Germany",277.0,48.8197839,9.2183003,Netto Marken-Discount,"Brigachstraße 6, 70376 Stuttgart, Germany",340.0,48.8229755,9.2224439,Imkerei Tengler,"Zuckerfabrik 30, 70376 Stuttgart, Germany",372.0,48.8181993,9.2177344,Bonus-Markt Ihr Nahversorger - Verwaltung Bonus gGmbH,,Stuttgart,"Die Elise von König-Schule ist eine gebundene Ganztages-Gemeinschaftsschule in Stuttgart-Münster, die Inklusion lebt und individuelles sowie kooperatives Lernen fördert. Sie bietet eine Bildung ohne Noten bis Klasse 8 und führt Schüler zu passenden Abschlüssen auf Hauptschul-, Realschul- oder Gymnasialniveau. Das Curriculum umfasst Englisch, Französisch und Wahlpflichtfächer wie Spanisch, Sport und NWT.","The Elise von König-Schule is a full-day community school in Stuttgart-Münster, committed to inclusion and fostering individual and cooperative learning. It offers education without grades up to grade 8, guiding students to appropriate qualifications at Hauptschule, Realschule, or Gymnasium levels. The curriculum includes English, French, and elective subjects such as Spanish, Sports, and Natural Sciences and Technology.",7,0,24,4,8.7,12,2,26,"2025,2024,2023",49,19
STG-19826,Falkertschule,Grundschule,Grundschule,Öffentlich,,Falkertstraße 27,70176,West,West,0711 21621200,poststelle.falkertschule@stuttgart.de,https://falkertschule.de/,Satu Harms,,,,,,,,,,,,,,,,,N/A,Bilingualer Unterricht,,,,,,,,,48.77861435907377,9.16506925901214,jedeschule.codefor.de + Stuttgart Schulwegweiser PDF,,,,,,,Unfallatlas,,,,,,,,,,5654,,24,751,,,86,,,,,,,,,,,,,,,,,,,,,,8.0,Belastet,285.0,24.0,,,Rotebühlplatz,568,48.7755541,9.1712823,,U-Bahn (48.7732),622,48.7732147,9.1672656,,Stuttgart Stadtmitte,634,48.7761945,9.1728998,,Berliner Platz (Liederhalle),171,48.7785048,9.1673952,,Berliner Platz (Hohe Straße),253,48.7776072,9.1681723,,Schloss-/Johannesstraße,284,48.7765261,9.1628387,,Berliner Platz (Liederhalle),157,48.7784415,9.1672018,,Berliner Platz (Hohe Straße),233,48.7777029,9.1679351,,Rosenberg-/Seidenstraße,294,48.7812391,9.1655187,,155,"40, 42, 43, 44, N10, N2, U4",50.0,,,"Falkertschule ist eine Grundschule in Stuttgart. Adresse: Falkertstraße 27, 70176 Stuttgart. Stadtbezirk: West. Die Schule ist in öffentlicher Trägerschaft. Mittlere ÖPNV-Anbindung. Erhöhtes Verkehrsunfallaufkommen (34/Jahr).","Die Falkertschule ist eine öffentliche Grundschule im Stuttgarter Westen, nahe der Liederhalle und dem Bosch-Areal. Sie wird von 285 Schülerinnen und Schülern in 12 Klassen sowie einer Vorbereitungsklasse besucht und von 24 Lehrkräften unterrichtet. Die Schulleitung obliegt Satu Harms. Ein besonderes Merkmal der Falkertschule ist ihr bilingualer Unterricht, der den Schülerinnen und Schülern eine frühe Sprachförderung ermöglicht. Als Ganztagesschule bietet sie eine umfassende Betreuung und ein vielfältiges Angebot über den regulären Unterricht hinaus, unterstützt durch das EVA-Team für ergänzende Betreuung und Ferienbetreuung. Die Schule legt Wert auf ein unterstützendes Umfeld, was sich auch in der Präsenz von Schulsozialarbeit widerspiegelt. Darüber hinaus fördert ein Schulsportclub die sportlichen Aktivitäten der Kinder. Die Falkertschule zeichnet sich durch ein engagiertes Team aus, das sich für die individuelle Entwicklung und Förderung jedes Kindes einsetzt. Die Schule ist gut mit öffentlichen Verkehrsmitteln erreichbar und bietet ein strukturiertes Umfeld mit klaren Organisationsabläufen, wie Unterrichtszeiten, Ferienplänen und einer Schulordnung.",,,,,,,,,,,8.0,20.0,20.0,8.0,,,,,Kostenfrei (öffentliche Schule),,,,,,,,,,,,,,,,,,,,,,,,285.0,24.0,5654,2024_25,2025,Baden-Württemberg,66.9,1.2,53560,bezirk_estimated,86,160.8,10556.4,751,1401.8,Stuttgart,5654,10556.1,24,45.0,47,87.6,2026-08-23,stuttgart.de Adressverzeichnis,,STG-19856,STG-19849,STG-17653,Stuttgart,"Falkertstraße 2, 70176 Stuttgart, Germany",50.0,48.7786882,9.1657467,Emil Reimann Remstal – Bäckerei am Berliner Platz,"Breitscheidstraße 40, 70176 Stuttgart, Germany",146.0,48.7776258,9.1637641,Bäckerei am Eck,"Feuersee, 70176 Stuttgart, Germany",192.0,48.7769076,9.1646335,Bäckerei Löwen,"Forststraße 10, 70176 Stuttgart, Germany",186.0,48.7802638,9.1646847,eva:lino Kita Forststraße,"Breitscheidstraße 8, 70174 Stuttgart, Germany",199.0,48.779461999999995,9.1674614,KIBOA Die Kita in Stuttgart im Bosch-Areal,"Schloßstraße 74-76, 70176 Stuttgart, Germany",216.0,48.776934,9.1635942,Schloßkinder Stuttgart - pme Familienservice,"Hohe Str. 11, 70174 Stuttgart, Germany",380.0,48.777019,9.1696535,Johannes Brenz Schule,"Hospitalstraße 36, 70174 Stuttgart, Germany",515.0,48.7764901,9.1713108,Eduard-Pfeiffer-School,"Bebelstraße 17, 70176 Stuttgart, Germany",746.0,48.774467400000006,9.1570644,Schwabschule,1.0,"Breitscheidstraße 22, 70176 Stuttgart, Germany",74.0,48.778818,9.166034,RAGAZZI,"Breitscheidstraße 20, 70176 Stuttgart, Germany",94.0,48.7789072,9.1662753,Tacolega,"Breitscheidstraße 20, 70176 Stuttgart, Germany",99.0,48.778932,9.1663265,Soban - Korean Dining,19.0,"Schloßstraße 57B, 70176 Stuttgart, Germany",171.0,48.7770843,9.1652544,Souk Arabica,"Breitscheidstraße 10, 70174 Stuttgart, Germany",200.0,48.7799151,9.1669599,REWE,"Breitscheidstraße 12, 70174 Stuttgart, Germany",206.0,48.779714,9.1673264,PENNY,,Stuttgart,Die Falkertschule ist eine öffentliche Grundschule in Stuttgart-West mit 285 Schülern und 24 Lehrkräften unter der Leitung von Satu Harms. Sie bietet bilingualen Unterricht und ist eine Ganztagesschule mit umfassender Betreuung und Schulsozialarbeit. Ein Schulsportclub ergänzt das vielfältige Angebot.,"Falkertschule is a public primary school in Stuttgart West with 285 students and 24 teachers, led by Satu Harms. It offers bilingual instruction and operates as an all-day school with comprehensive care and school social work. A school sports club complements its diverse offerings.",28,0,93,15,34.0,55,9,102,"2025,2024,2023",61,35
STG-19819,Fasanenhofschule,Grundschule,Grundschule,Öffentlich,1963.0,Markus-Schleicher-Straße 15,70565,Möhringen,Möhringen,0711 21657970,"poststelle.fasanenhofschule@stuttgart.de, fasanenhofschule@stuttgart.de",http://www.fasanenhofschule-stuttgart.com/,Corinna Konzelmann,,,,,,,,,,,,,,,,,N/A,"Ganztag, Inklusion, Schwimmausbildung, Sport, Musik, Chor, Schulgarten, Leseförderung, Känguru-Wettbewerb",,,,,,,,,48.712091630207986,9.156586529538934,jedeschule.codefor.de + Stuttgart Schulwegweiser PDF,,,,,,,Unfallatlas,,,,,,,,,,2001,,9,266,,,30,,,,,,,,,,,,,,,,,,,,,,3.0,Sehr sicher,,,,,U-Bahn (48.7175),1278,48.7174685,9.1411963,,Leinfelden,1990,48.6966965,9.1427508,,Oberaichen,2280,48.7052607,9.1272836,,Europaplatz,272,48.7121821,9.1602889,,Fasanenhof (Bonhoefferkirche),325,48.7103671,9.1530074,,EnBW City,799,48.7117374,9.1674598,,Freytagweg,274,48.7096323,9.1568826,,Kurt-Schumacher-Straße,306,48.7122043,9.1524148,,Fasanenhof,312,48.7106224,9.1529576,,26,,50.0,,,"Fasanenhofschule ist eine Grundschule in Stuttgart. Adresse: Markus-Schleicher-Straße 15, 70565 Stuttgart. Stadtbezirk: Möhringen. Die Schule ist in öffentlicher Trägerschaft. Mittlere ÖPNV-Anbindung. Niedrige Kriminalitätsbelastung im Bezirk.","Die Fasanenhofschule in Stuttgart ist eine öffentliche Grundschule mit über 30 Jahren Erfahrung im Ganztagesbetrieb. Sie zeichnet sich durch ein umfassendes pädagogisches Konzept aus, das neben den klassischen Kernfächern einen starken Fokus auf Bewegung, Gesundheit, Musik und Leseförderung legt. Ein herausragendes Merkmal ist das preisgekrönte Schwimmprofil, für das die Schule 2024 den DLRG Förderpreis erhielt. Ziel ist es, dass alle Kinder bis zum Ende der Grundschulzeit das Bronze-Schwimmabzeichen erwerben, unterstützt durch wöchentlichen Schwimmunterricht und qualifizierte Lehrkräfte. Als 'Bewegte Schule' fördert die Fasanenhofschule die körperliche Aktivität durch Sport- und bewegungserzieherische Schwerpunkte, aktive Pausen und Projekte wie 'Fußball trifft Kultur'. Musikalische Bildung wird durch den Chor und das Programm 'Stark durch Musik' gestärkt. Die Lesekompetenz wird durch Leseomas, Lesewettbewerbe und Autorenlesungen umfassend gefördert. Darüber hinaus bietet die Schule eine Grundschulförderklasse, engagiert sich für Inklusion gemäß der UN-Behindertenrechtskonvention und legt Wert auf soziale Projekte. Das Schulgelände umfasst einen Schulgarten und wird durch kreative Projekte verschönert. Die Schule bietet zudem eine Vielzahl von Veranstaltungen und Ausflügen, von Projektwochen und Theateraufführungen bis hin zu Schulwaldheimaufenthalten. Die Sicherheit der Kinder wird durch Verkehrserziehungsprogramme gewährleistet. Mit einer engagierten Schulleitung (Frau Emeling), einem Förderverein, Elternbeirat und Angeboten wie Schulsozialarbeit und kinderspezifischer Beratung schafft die Fasanenhofschule ein unterstützendes und anregendes Lernumfeld für ihre Schülerinnen und Schüler.",,,,,,,,,,,2.0,1.0,2.0,2.0,,,,,Kostenfrei (öffentliche Schule),,,,,,,,,,,,,,,,,,,,,,,,,,2001,,2025,Baden-Württemberg,66.9,0.7,32500,bezirk_estimated,30,93.8,6157.9,266,817.7,Stuttgart,2001,6157.7,9,26.3,17,51.1,2026-08-23,stuttgart.de Adressverzeichnis,,STG-17929,STG-19833,STG-17909,Stuttgart,"Eichäcker 2, 70565 Stuttgart, Germany",268.0,48.7137997,9.1540067,Sehne Ihr Familienbäcker,"Europapl. 20, 70565 Stuttgart, Germany",303.0,48.7138995,9.1596682,Bäckerhaus Veit Café,,,,,,"Bonhoefferweg 6, 70565 Stuttgart, Germany",222.0,48.7110071,9.1540535,"Kindergarten ""Die kleinen Fasanen""","Europapl. 28, 70565 Stuttgart, Germany",269.0,48.712531,9.1601961,SOS-Kinderdorf Stuttgart Kinder- und Stadtteilzentrum,"Widmaierstraße 100, 70567 Stuttgart, Germany",1175.0,48.7226249,9.1579342,Tageseinrichtung für Kinder - Widmaierstraße,"Rulfinger Str. 35, 70567 Stuttgart, Germany",1064.0,48.7216617,9.1563536,Salzäckerschule Stuttgart-Möhringen,"Bahnhofstraße 65, 70771 Leinfelden-Echterdingen, Germany",1736.0,48.700798299999995,9.1402483,Ludwig-Uhland-Schule,"Sigmaringer Str. 85, 70567 Stuttgart, Germany",2023.0,48.7300944,9.1525689,Riedseeschule,0.0,"Europapl. 12, 70565 Stuttgart, Germany",283.0,48.7138966,9.1593016,Khoi Restaurant,,,,,,,,,,,2.0,"Eichäcker 4, 70565 Stuttgart, Germany",273.0,48.7136509,9.1537048,CAP-Lebensmittelmarkt Stuttgart-Fasanenhof,"Europapl. 20, 70565 Stuttgart, Germany",323.0,48.7139651,9.1599522,Edeka Supermarket,,,,,,,Stuttgart,"Die Fasanenhofschule in Stuttgart ist eine öffentliche Ganztagsgrundschule mit über 30 Jahren Erfahrung. Sie zeichnet sich durch ein preisgekröntes Schwimmprofil aus, das darauf abzielt, dass alle Kinder das Bronze-Schwimmabzeichen erreichen. Die Schule legt zudem großen Wert auf Bewegung, Musik, Leseförderung und Inklusion, um ein umfassendes und unterstützendes Lernumfeld zu bieten.","Fasanenhofschule in Stuttgart is a public full-day primary school with over 30 years of experience. It features an award-winning swimming program, aiming for all children to achieve the Bronze swimming badge. The school also emphasizes movement, music, reading promotion, and inclusion, providing a comprehensive and supportive learning environment.",4,0,10,3,3.3,7,0,10,"2025,2024,2023",196,17
STG-52358,Filderschule Degerloch,Grundschule,Grundschule,Öffentlich,1919.0,Leinfeldener Straße 61,70597,Degerloch,Degerloch,0711 21698331,filderschule@stuttgart.de,http://www.filderschule-degerloch.de/,Julian Widmann,,,,,,,,,,,,,,,,,N/A,"Ganztagsschule, Verlässliche Grundschule, Kernzeitbetreuung, Individuelles Lernen, Schulsozialarbeit, Chor, Kooperationen.",,,,,,,,,48.74485328502709,9.170630947661442,jedeschule.codefor.de + Stuttgart Schulwegweiser PDF,,,,,,,Unfallatlas,,,,,,,,,,949,,4,126,,,14,,,,,,,,,,,,,,,,,,,,,,2.0,Sehr sicher,399.0,30.0,,,U-Bahn (48.7485),450,48.748473,9.167888,,U-Bahn (48.7490),474,48.7490455,9.1694659,,U-Bahn (48.7493),502,48.7492646,9.1691988,,Degerloch,452,48.7485934,9.1682055,,Degerloch Albstraße,573,48.7462613,9.1631143,,Zahnradbahnhof,588,48.7500549,9.1721042,,Leinfeldener Straße,68,48.744758,9.1697152,,Bus (48.7447),73,48.7447426,9.1696552,,Bus (48.7442),87,48.7441935,9.1699989,,54,,50.0,,,"Filderschule Degerloch ist eine Grundschule in Stuttgart. Adresse: Leinfeldener Straße 61, 70597 Stuttgart. Stadtbezirk: Degerloch. Die Schule ist in öffentlicher Trägerschaft. Mittlere ÖPNV-Anbindung. Mittleres Verkehrsunfallaufkommen (16/Jahr). Niedrige Kriminalitätsbelastung im Bezirk.","Die Filderschule Degerloch ist eine öffentliche Grundschule in Stuttgart, die 1919 gegründet wurde und auf eine lange Bildungstradition zurückblickt. Unter der Leitung von Julian Widmann betreuen 30 Lehrkräfte rund 399 Schülerinnen und Schüler. Die Schule zeichnet sich durch ein umfassendes pädagogisches Angebot aus, das über den regulären Unterricht hinausgeht. Als Ganztagsschule (GTS) und Verlässliche Grundschule bietet sie eine durchgehende Betreuung und vielfältige Förder- und Freizeitaktivitäten. Dazu gehören Kernzeitbetreuung und Schulsozialarbeit, die eine individuelle Unterstützung und ein positives Lernumfeld gewährleisten. Ein besonderer Fokus liegt auf individuellem Lernen, das durch Konzepte wie Atelierunterricht gefördert wird, um den unterschiedlichen Bedürfnissen der Kinder gerecht zu werden. Die Filderschule Degerloch legt Wert auf musische Bildung, was sich im schuleigenen Chor widerspiegelt. Zudem gibt es eine Schulbücherei, die Lesekompetenz und Freude am Lesen fördert. Die Schule engagiert sich in der Schülerpartizipation durch die SMV (Schüler Mit Verantwortung) und fördert soziale Kompetenzen durch Streitschlichterprogramme. Für Kinder mit spezifischem Förderbedarf gibt es Vorbereitungsklassen und eine Grundschulförderklasse. Zahlreiche Kooperationen mit externen Partnern bereichern das schulische Leben und erweitern das Lernangebot. Die Filderschule Degerloch versteht sich als lebendiger Lern- und Lebensraum, der Kinder ganzheitlich fördert und auf ihre Zukunft vorbereitet.",,,,,,,,,,,13.0,20.0,15.0,3.0,,,,,Kostenfrei (öffentliche Schule),,,,,,,,,,,,,,,,,,,,,,,,399.0,30.0,949,2024_25,2025,Baden-Württemberg,66.9,0.6,17980,bezirk_estimated,14,80.4,5278.2,126,700.9,Stuttgart,949,5278.0,4,22.5,8,43.8,2026-08-23,stuttgart.de Adressverzeichnis,,STG-17634,STG-395224,STG-17905,Stuttgart,"Entringer Str., 70597 Stuttgart, Germany",128.0,48.7437123,9.170420300000002,9p9,"Epplestraße 40-44, 70597 Stuttgart, Germany",157.0,48.7459542,9.1692954,Treiber Spezialitäten Bäckerei Konditorei,"Rubensstraße 1, 70597 Stuttgart, Germany",187.0,48.7462709,9.1692522,Eiscafé Amatista,"Wurmlinger Str. 47, 70597 Stuttgart, Germany",351.0,48.744416,9.1658858,Evang. Kindertagesstätte,"Felix-Dahn-Straße 12, 70597 Stuttgart, Germany",394.0,48.7477916,9.1676191,Waldorf-Kita Avalon,"Michaelstraße 25, 70597 Stuttgart, Germany",497.0,48.747436099999994,9.1761665,Evang. Kindergarten,"Wurmlinger Str. 61, 70597 Stuttgart, Germany",552.0,48.7428819,9.1637145,Albschule,"Bopseräcker 30-33, 70597 Stuttgart, Germany",1154.0,48.7345437,9.1688321,Freie Aktive Schule Stuttgart,"Georgiiweg 1, 70597 Stuttgart, Germany",1254.0,48.7505399,9.1853941,Waldschule Degerloch,0.0,"Hoffeldstraße 2, 70597 Stuttgart, Germany",100.0,48.7450784,9.169306,Turm Imbiss,"Epplestraße 51, 70597 Stuttgart, Germany",125.0,48.744400899999995,9.169076900000002,Filderhöhe Degerloch,"Epplestraße 40-44, 70597 Stuttgart, Germany",144.0,48.745735,9.16919,EAT HAPPY,5.0,"Degerloch, 70597 Stuttgart, Germany",132.0,48.7460353,9.1706942,Fairteiler Degerloch,"Epplestraße 55, 70597 Stuttgart, Germany",132.0,48.744103599999995,9.1692329,REWE express,"Große Falterstraße 4, 70597 Stuttgart, Germany",145.0,48.7461415,9.170902,MANZ Obst & Gemüse GmbH,,Stuttgart,"Die Filderschule Degerloch ist eine öffentliche Grundschule in Stuttgart mit 399 Schülern und 30 Lehrkräften, gegründet 1919. Sie bietet als Ganztagsschule umfassende Betreuung, individuelles Lernen, Schulsozialarbeit und musische Förderung durch einen Chor. Besondere Merkmale sind Atelierunterricht, eine Schulbücherei, Streitschlichterprogramme und Kooperationen.","Filderschule Degerloch is a public primary school in Stuttgart with 399 students and 30 teachers, founded in 1919. As a full-day school, it offers comprehensive care, individualized learning, school social work, and musical education through a choir. Special features include atelier teaching, a school library, peer mediation programs, and cooperations.",11,2,45,7,16.0,34,1,48,"2025,2024,2023",72,31
STG-17653,Franz-Schubert-Schule,Grundschule,Grundschule,Öffentlich,,Schumannstraße 8,70195,Botnang,Botnang,0711 21657540,poststelle.franz-schubert-schule@stuttgart.de,http://www.franz-schubert-schule.de/,,,,,,,,,,,,,,,,,,N/A,Fokus auf Ganztagsbetrieb und Schülerhaus.,,,,,,,,,48.77846241806444,9.129038652833222,jedeschule.codefor.de + Stuttgart Schulwegweiser PDF,,,,,,,Unfallatlas,,,,,,,,,,764,,3,101,,,12,,,,,,,,,,,,,,,,,,,,,,2.0,Sehr sicher,,,,,Seyfferstraße,2099,48.7699486,9.1546074,,Rotebühlstraße/Augustenstraße,2102,48.7697109,9.1544685,,Rotebühlstraße,2147,48.7699271,9.1553158,,Eltinger Straße,181,48.7792397,9.1268686,,Millöckerstraße,246,48.7794218,9.1320614,,Beethovenstraße,345,48.7772148,9.1333445,,Bus (48.7783),126,48.778308,9.1273395,,Ortsmitte,130,48.778347,9.1272696,,Eltinger Straße,158,48.7791168,9.127117,,68,"40, 50, 91, N2",50.0,,,"Franz-Schubert-Schule ist eine Grundschule in Stuttgart. Adresse: Schumannstraße 8, 70195 Stuttgart. Stadtbezirk: Botnang. Die Schule ist in öffentlicher Trägerschaft. Mittlere ÖPNV-Anbindung. Mittleres Verkehrsunfallaufkommen (14/Jahr). Niedrige Kriminalitätsbelastung im Bezirk.","Die Franz-Schubert-Schule ist eine öffentliche Grundschule im Stuttgarter Stadtteil Botnang, gelegen in der Schumannstraße 8-10, 70195 Stuttgart. Als Bildungseinrichtung für die Primarstufe spielt sie eine zentrale Rolle in der lokalen Gemeinschaft. Aktuell befindet sich die Schule in einem Prozess der Erweiterung, um zukünftig als Ganztagsschule zu fungieren. Diese Entwicklung unterstreicht das Engagement der Schule, ein umfassenderes Bildungs- und Betreuungsangebot für ihre Schülerinnen und Schüler bereitzustellen. Obwohl spezifische Details wie die genaue Schüler- und Lehrerzahl, die angebotenen Sprachen, das Gründungsjahr oder die aktuelle Schulleitung nicht öffentlich zugänglich sind, deutet die Umwandlung zur Ganztagsschule auf eine moderne Ausrichtung und Anpassung an aktuelle pädagogische Bedürfnisse hin. Die Schule ist bestrebt, ein förderliches Lernumfeld zu schaffen, das die individuelle Entwicklung der Kinder unterstützt und ihnen eine solide Grundlage für ihren weiteren Bildungsweg bietet. Die Trägerschaft durch die öffentliche Hand gewährleistet den Zugang zu Bildung für alle Kinder im Einzugsgebiet.",,,,,,,,,,,4.0,11.0,5.0,7.0,,,,,Kostenfrei (öffentliche Schule),,,,,,,,,,,,,,,,,,,,,,,,,,764,,2025,Baden-Württemberg,66.9,0.6,14480,bezirk_estimated,12,80.4,5278.2,101,700.9,Stuttgart,764,5278.0,3,22.5,6,43.8,2026-08-23,stuttgart.de Adressverzeichnis,,STG-17905,STG-17889,STG-9984-GS,Stuttgart,"Franz-Schubert-Straße 31, 70195 Stuttgart, Germany",62.0,48.7784139,9.1281971,Sale e Pepe,"Griegstraße 27A, 70195 Stuttgart, Germany",120.0,48.7788316,9.1275057,café d'oro,"Griegstraße 6, 70195 Stuttgart, Germany",231.0,48.7788195,9.1259272,Sehne Ihr Familienbäcker,"Griegstraße 27b, 70195 Stuttgart, Germany",93.0,48.778777100000006,9.1278576,Kleine Entdecker,"Hummelbergstraße 11, 70195 Stuttgart, Germany",213.0,48.7767091,9.1302142,Apfelbäumchen e.V.,"Botnang, 70195 Stuttgart, Germany",242.0,48.778686699999994,9.1257581,Städtische Kindertagesstätte Griegstraße 4,"Corelliweg 7, 70195 Stuttgart, Germany",414.0,48.7817112,9.126272600000002,Kirchhalden-Schule,"Leibnizstraße 89, 70193 Stuttgart, Germany",794.0,48.7791508,9.1398238,Kleiner Sonniger Winkel,"Paulusstraße 30, 70197 Stuttgart, Germany",1676.0,48.7731037,9.1504199,Vogelsangschule,1.0,"Franz-Schubert-Straße 31, 70195 Stuttgart, Germany",62.0,48.7784139,9.1281971,Sale e Pepe,"Alte Stuttgarter Str. 82, 70195 Stuttgart, Germany",105.0,48.7775652,9.1295042,DreamBurger Point,"Griegstraße 27A, 70195 Stuttgart, Germany",122.0,48.778982,9.127576,Asia-Thai-Sushi,8.0,"Griegstraße 27B, 70195 Stuttgart, Germany",123.0,48.778659999999995,9.1273864,EDEKA Krombholz,"Alte Stuttgarter Str. 37, 70195 Stuttgart, Germany",183.0,48.7777831,9.1267676,Mama Gusto,"Griegstr. 2, Anfahrt: Eltinger Straße 8 Anfahrt:, Eltinger Str., 70195 Stuttgart, Germany",295.0,48.77859,9.12502,Lidl,,Stuttgart,"Die Franz-Schubert-Schule ist eine öffentliche Grundschule in Stuttgart-Botnang. Sie befindet sich in der Schumannstraße 8-10 und wird derzeit zu einer Ganztagsschule erweitert, um ein umfassenderes Bildungs- und Betreuungsangebot zu ermöglichen. Spezifische Daten zu Schülerzahlen, Lehrkräften, Sprachen, Gründungsjahr und Schulleitung sind derzeit nicht öffentlich verfügbar.","The Franz-Schubert-Schule is a public primary school in Stuttgart-Botnang, located at Schumannstraße 8-10. It is currently being expanded to become a full-day school, aiming to provide a more comprehensive educational and care program. Specific data on student numbers, teachers, languages, founding year, and principal are not publicly available.",14,0,38,8,14.0,26,4,42,"2025,2024,2023",56,25
STG-271142,Freie element-i Schule Grundschule in Stuttgart,Grundschule,Grundschule,Privat,,Breitwiesenstraße 8,70565,Möhringen,Möhringen,0711 6569601010,schule@element-i.de,http://www.element-i.de/,,,,,,,,,,,,,,,,,,N/A,"MINT, Musik, Kunst, Kultur",,,,,,,,,48.72229741281448,9.123483503538356,jedeschule.codefor.de + Stuttgart Schulwegweiser PDF,,,,,,,Unfallatlas,,,,,,,,,,2001,,9,266,,,30,,,,,,,,,,,,,,,,,,,,,,3.0,Sehr sicher,80.0,,,,Stuttgart-Vaihingen,887,48.7264626,9.1131764,,Stuttgart-Rohr,1217,48.7177263,9.1084072,,U-Bahn (48.7175),1406,48.7174685,9.1411963,,Lapp Kabel,191,48.7228799,9.1210289,,Dürrlewang,509,48.7193705,9.1181455,,SSB am Wallgraben,535,48.7270363,9.1247795,,Gewerbestraße,182,48.7218683,9.1210865,,Gewerbestraße (Lapp Kabel),184,48.7218281,9.1210847,,Berufsbildungszentrum,184,48.7239146,9.1229705,,59,,50.0,,,"Freie element-i Schule Grundschule in Stuttgart ist eine Grundschule in Stuttgart. Adresse: Breitwiesenstraße 8, 70565 Stuttgart. Stadtbezirk: Möhringen. Die Schule ist in privater Trägerschaft. Mittlere ÖPNV-Anbindung. Niedrige Kriminalitätsbelastung im Bezirk.","Die Freie element-i Grundschule in Stuttgart ist eine private Bildungseinrichtung, die sich durch ein innovatives pädagogisches Konzept auszeichnet. Sie befindet sich in der Breitwiesenstraße 8, 70565 Stuttgart-Vaihingen, und ist Teil des element-i Netzwerks, das Kinderhäuser und Schulen betreibt. Die Schule, die derzeit etwa 80 Schülerinnen und Schüler zählt, legt großen Wert auf die aktive Gestaltung des Lernprozesses durch die Kinder selbst. Dies wird durch Lernkonferenzen und Lernweltkarten unterstützt, die den individuellen Lernweg jedes Kindes fördern. 

Ein besonderer Fokus liegt auf den Bereichen MINT (Mathematik, Informatik, Naturwissenschaften, Technik), Musik, Kunst und Kultur. Der MINT-Schwerpunkt widmet sich Zukunftsthemen, während die künstlerischen Fächer die kreative Auseinandersetzung mit Musik, Kunst und Kultur fördern. Über den Unterricht im Schulgebäude hinaus spielen außerschulische Lernorte eine zentrale Rolle. Regelmäßige Exkursionen zu Museen, Orten in der Nachbarschaft oder in der Natur sowie anderen spannenden Lernorten erweitern den Horizont der Kinder und ermöglichen ein ganzheitliches Lernen. 

Die Schule orientiert sich am Rahmenstoffplan der Regelschulen, ergänzt diesen jedoch durch ihr besonderes pädagogisches Lernkonzept. Die Aufnahme ist nicht wohnortgebunden. Die Öffnungszeiten sind montags bis freitags von 7:30 Uhr bis 17:30 Uhr, was eine umfassende Ganztagsbetreuung gewährleistet. Finanzielle Unterstützungsmöglichkeiten wie Geschwisterermäßigungen, die Bonuscard-Regelung für die Ganztagesbetreuung und Stipendien sind vorhanden. Die Freie element-i Grundschule Stuttgart ist zudem von der Stiftung Kinder forschen zertifiziert, was ihr Engagement in der frühkindlichen Bildung und Forschung unterstreicht.",,,,,,,,,,,3.0,10.0,5.0,2.0,,196.0,,,Privat (Details auf Schulwebsite),,,,,,,,,,,,,,,,,,,,,,,,80.0,,2001,2024_25,2025,Baden-Württemberg,66.9,0.7,32500,bezirk_estimated,30,93.8,6157.9,266,817.7,Stuttgart,2001,6157.7,9,26.3,17,51.1,2026-08-23,stuttgart.de Adressverzeichnis,,STG-18571-GS,STG-9984-GS,STG-17638,Stuttgart,"Industriestraße 57, 70565 Stuttgart, Germany",249.0,48.7238475,9.1259423,Bäckerei Stuttgart - Keim,"Am Wallgraben 114, 70565 Stuttgart, Germany",293.0,48.7246584,9.1216964,Chicco di caffè - Mercedes-Benz AG Office V,"Industriestraße 38, 70565 Stuttgart, Germany",361.0,48.7242,9.1195,JET Tankstelle,"Schulze-Delitzsch-Straße 39, 70565 Stuttgart, Germany",305.0,48.7207819,9.1269431,IB-Kita Vaihinger Zwerge,"Industriestraße 29, 70565 Stuttgart, Germany",383.0,48.7247071,9.1197565,sternchen Vaihingen - pme Familienservice,"Heßbrühlstraße 38, 70565 Stuttgart, Germany",622.0,48.723287199999994,9.1151419,MOSAIK Kita,"Dürrlewangstraße 20, 70565 Stuttgart, Germany",946.0,48.7169141,9.1135048,Schönbuchschule,"Hengstäcker, Gewann 15, 70567 Stuttgart, Germany",1051.0,48.730815,9.1297039,Freie Evangelische Schule Stuttgart,"Hengstäcker 3, 70567 Stuttgart, Germany",1111.0,48.7316958,9.1286183,Bodelschwinghschule,0.0,"Industriestraße 58, 70565 Stuttgart, Germany",173.0,48.7231355,9.1254644,Burger King Stuttgart,"Breitwiesenstraße 19, 70565 Stuttgart, Germany",316.0,48.721979700000006,9.1277577,Canteen B19 of Stollsteimer Catering & Events,"Heßbrühlstraße 64, 70565 Stuttgart, Germany",339.0,48.722226,9.1188672,TC Blau-Weiss Vaihingen-Rohr,6.0,"Handwerkstraße 58, 70565 Stuttgart, Germany",243.0,48.7205062,9.1215883,Primavera Snacks Getränke und Snacks,"Galileistraße 7, 70565 Stuttgart, Germany",247.0,48.721525,9.120326000000002,ALDI SÜD,"Industriestraße 38, 70565 Stuttgart, Germany",361.0,48.7242,9.1195,JET Tankstelle,,Stuttgart,"Die Freie element-i Grundschule Stuttgart ist eine private Bildungseinrichtung mit ca. 80 Schülern, die ein innovatives pädagogisches Konzept verfolgt, bei dem Kinder ihren Lernprozess aktiv mitgestalten. Sie bietet einen starken Fokus auf MINT, Musik, Kunst und Kultur sowie umfassende Ganztagsbetreuung und außerschulische Lernangebote.","The Freie element-i Primary School Stuttgart is a private educational institution with approximately 80 students, following an innovative pedagogical concept where children actively shape their learning process. It offers a strong focus on STEM, music, art, and culture, along with comprehensive all-day care and extracurricular learning opportunities.",8,0,22,1,8.0,16,2,24,"2025,2024,2023",115,21
STG-54283,Freie Kolping-Grundschule Villa Scheufelen,Grundschule,Grundschule,Privat,,Stafflenbergstraße 51,70184,Mitte,Mitte,0711 21472540,grundschule@kbw-gruppe.de,https://www.kolping-grundschule.de/,,,,,,,,,,,,,,,,,,N/A,"Montessori-Pädagogik, MINT-Schwerpunkt, Schule ohne Rassismus - Schule mit Courage, jahrgangsgemischte Lerngruppen, Grünes Klassenzimmer.",,,,,,,,,48.77362787889117,9.19017765846068,jedeschule.codefor.de + Stuttgart Schulwegweiser PDF,,,,,,,Unfallatlas,,,,,,,,,,5318,,23,706,,,81,,,,,,,,,,,,,,,,,,,,,,11.0,Stark belastet,80.0,,,,Charlottenplatz,532,48.7752732,9.1833534,,Rathaus,666,48.773793,9.1810868,,Eingang Rathaus (U-Bahn),717,48.774433,9.1804719,,Stafflenbergstraße,235,48.7754068,9.1919157,,Bubenbad,291,48.7740199,9.1941075,,Olgaeck,305,48.7740546,9.1860707,,Olgaeck,191,48.7735465,9.1875753,,Stafflenbergstraße,238,48.7754283,9.1919252,,Bubenbad,324,48.7735122,9.1946001,,111,,50.0,,,"Freie Kolping-Grundschule Villa Scheufelen ist eine Grundschule in Stuttgart. Adresse: Stafflenbergstraße 51, 70184 Stuttgart. Stadtbezirk: Mitte. Die Schule ist in privater Trägerschaft. Mittlere ÖPNV-Anbindung. Mittleres Verkehrsunfallaufkommen (16/Jahr). Überdurchschnittliche Kriminalitätsbelastung im Bezirk.","Die Freie Kolping-Grundschule Villa Scheufelen in Stuttgart ist eine staatlich anerkannte private Grundschule mit Vorschule, die sich durch ein frisches Konzept mit Tradition auszeichnet. Mit rund 80 Schülern bietet sie eine familiäre Lernumgebung, in der der ko-konstruktive Ansatz Kolpings mit reformpädagogischen Ansätzen verbunden wird. Die Schule legt großen Wert auf individuelle Förderung und fordert jedes Kind stärkenorientiert. Dies wird durch den Einsatz von Montessori-Pädagogik mit didaktischem Arbeitsmaterial, kleinen Klassen mit bis zu 22 Kindern und einem überdurchschnittlichen Personalschlüssel ermöglicht. Lerninhalte werden an die Bedürfnisse der Kinder angepasst, um eine selbstbestimmte und selbstständige Wissensaneignung zu fördern.

Ein zentrales Merkmal sind die jahrgangsgemischten Lerngruppen, die das soziale Verhalten stärken und Lernprozesse an die individuelle Entwicklung anpassen. Die Schule ist stolz darauf, die erste eigenständige Grundschule Baden-Württembergs zu sein, die als „Schule ohne Rassismus – Schule mit Courage“ ausgezeichnet wurde, was ihr Engagement für Respekt, Wertschätzung und gegen Ausgrenzung unterstreicht. Der MINT-Schwerpunkt wird durch regelmäßige Experimente in Kleingruppen, Lego Education und den Einsatz neuer Medien wie Computer und Tablets geförd. Das 'Grüne Klassenzimmer' ermöglicht zudem das Lernen an außerschulischen Orten und fördert ganzheitliches Verstehen. Der Hort bietet eine zuverlässige Betreuung bis 17:00 Uhr (Mo-Do) bzw. 16:00 Uhr (Fr) mit vielfältigen Angeboten wie Gartenarbeit, Kreativangeboten, Naturwissenschaften und Bewegung. Die Schule befindet sich in der Stafflenbergstraße 51, 70184 Stuttgart.",,,,,,,,,,,4.0,20.0,14.0,6.0,,160.0,,,Privat (Details auf Schulwebsite),,,,,,,,,,,,,,,,,,,,,,,,80.0,,5318,2024_25,2025,Baden-Württemberg,66.9,2.5,24180,bezirk_estimated,81,335.0,21992.5,706,2920.5,Stuttgart,5318,21991.8,23,93.9,44,182.4,2026-08-23,stuttgart.de Adressverzeichnis,,STG-18571-GS,STG-18560,STG-52358,Stuttgart,"Uhlandstraße 26, 70182 Stuttgart, Germany",187.0,48.7746947,9.1882046,Café Moody,"Gaisburgstraße 2-4a, 70182 Stuttgart, Germany",318.0,48.774522399999995,9.186063,K&U Bäckerei GmbH,"Charlottenstraße 20, 70182 Stuttgart, Germany",351.0,48.774161199999995,9.1854525,Olgaeck Stuttgart,"Stafflenbergstraße 51, 70184 Stuttgart, Germany",2.0,48.7736342,9.1901582,Kolping-Kita,"Pfizerstraße 2B, 70184 Stuttgart, Germany",101.0,48.7740349,9.1889402,Kinderladen Lolli Popp e.V.,"Blumenstraße 36, 70182 Stuttgart, Germany",211.0,48.77409,9.18738,Kita. Im Haus Martinus,"Alexanderstraße 22, 70184 Stuttgart, Germany",171.0,48.7748257,9.1887079,Galileo primary school and daycare,"Jakobstraße 11, 70182 Stuttgart, Germany",667.0,48.7718814,9.181477,Jakobschule,"Schulstraße 1, 70173 Stuttgart, Germany",937.0,48.775467299999995,9.1777051,Grundschule Lampertswalde,1.0,"Charlottenstraße 40, 70182 Stuttgart, Germany",255.0,48.7734811,9.1867009,Raman Restaurant,"Charlottenstraße 27, 70182 Stuttgart, Germany",265.0,48.7740222,9.1866045,NUR Kebab & Pizza,"Charlottenstraße 27, 70182 Stuttgart, Germany",265.0,48.7740222,9.1866045,مطعم سوري,12.0,"Charlottenstraße 24, 70182 Stuttgart, Germany",312.0,48.7738592,9.1859323,Khan Supermarket,"Charlottenstraße 21A, 70182 Stuttgart, Germany",320.0,48.7745603,9.1860445,EDEKA Stuttgart,"Blumenstraße 18-20, 70182 Stuttgart, Germany",336.0,48.773257,9.185626,Lidl,,Stuttgart,"Die Freie Kolping-Grundschule Villa Scheufelen ist eine private Grundschule in Stuttgart mit ca. 80 Schülern. Sie zeichnet sich durch Montessori-Pädagogik, jahrgangsgemischte Lerngruppen, einen MINT-Schwerpunkt und die Auszeichnung 'Schule ohne Rassismus – Schule mit Courage' aus. Individuelle Förderung und eine wertschätzende Gemeinschaft stehen im Mittelpunkt des Konzepts.","The Freie Kolping-Grundschule Villa Scheufelen is a private primary school in Stuttgart with approximately 80 students. It is characterized by Montessori pedagogy, mixed-age learning groups, a MINT focus, and the 'School without Racism – School with Courage' award. Individual support and a respectful community are central to its concept.",19,2,42,12,16.3,33,5,49,"2025,2024,2023",168,25
STG-17660,Fuchsrainschule,Grundschule,Grundschule,Öffentlich,,Gablenberger Weg 25,70186,Ost,Ost,0711 21692399,poststelle.fuchsrainschule@stuttgart.de,http://www.fuchsrainschule.de/,,Englisch,,,,,,,,,,,,,,,,N/A,"Sport (Jugend trainiert für Olympia), Musik (Akkordeon), Förder- und Forderkonzept, Schulsozialarbeit",,,,,,,,,48.76971192670434,9.202329597962532,jedeschule.codefor.de + Stuttgart Schulwegweiser PDF,,,,,,,Unfallatlas,,,,,,,,,,4763,,20,632,,,73,,,,,,,,,,,,,,,,,,,,,,7.0,Durchschnittlich,200.0,,,,Charlottenplatz,1522,48.7752732,9.1833534,,Rathaus,1622,48.773793,9.1810868,,Eingang Rathaus (U-Bahn),1686,48.774433,9.1804719,,Geroksruhe,392,48.7662661,9.2011828,,Payerstraße,482,48.7697116,9.1957562,,Bubenbad,647,48.7726548,9.1947206,,Albert-Schäffle-Straße,265,48.7714918,9.2047398,,Geroksruhe,357,48.7666401,9.2008994,,Payerstraße,433,48.7704082,9.1965169,,48,,50.0,,,"Fuchsrainschule ist eine Grundschule in Stuttgart. Adresse: Gablenberger Weg 25, 70186 Stuttgart. Stadtbezirk: Ost. Die Schule ist in öffentlicher Trägerschaft. Mittlere ÖPNV-Anbindung.","Die Fuchsrainschule ist eine öffentliche Grundschule im Stuttgarter Osten, die rund 200 Schülerinnen und Schüler unterrichtet. Ihr pädagogisches Konzept zeichnet sich durch ein umfassendes Förder- und Forderkonzept aus, das individuelle Lernbedürfnisse berücksichtigt. Die Schule legt großen Wert auf ein vielfältiges Schulleben und bietet zahlreiche Besonderheiten. Im sportlichen Bereich nimmt die Fuchsrainschule aktiv an 'Jugend trainiert für Olympia' teil und fördert so den sportlichen Ehrgeiz ihrer Schüler. Musikalisch wird Akkordeonunterricht angeboten, der die kreativen Talente der Kinder unterstützt. Neben dem regulären Unterricht gibt es ein breites Spektrum an Aktivitäten und Projekten, darunter Ausflüge zum Stuttgarter Flughafen, kreative Kunstprojekte mit KAPLA, Schulhofbemalungen und die Teilnahme an der VfB Kids-Tour. Die Schule bietet zudem eine verlässliche Hort- und Ferienbetreuung an, um Familien zu entlasten. Ein Elternberatungskonzept und die Schulsozialarbeit sind weitere Säulen, die eine unterstützende und inklusive Lernumgebung schaffen. Die Fuchsrainschule ist bestrebt, ihren Schülerinnen und Schülern eine ganzheitliche Bildung zu ermöglichen und sie in ihrer Entwicklung umfassend zu begleiten. Die Website bietet zudem Linktipps für verschiedene Lernbereiche wie Englisch, Musik, Sport und Sachkunde.",,,,,,,,,,,0.0,1.0,0.0,1.0,,,,,Kostenfrei (öffentliche Schule),,,,,,,,,,,,,,,,,,,,,,,,200.0,,4763,2024_25,2025,Baden-Württemberg,66.9,1.1,49220,bezirk_estimated,73,147.4,9676.7,632,1285.0,Stuttgart,4763,9676.4,20,41.3,40,80.3,2026-08-23,stuttgart.de Adressverzeichnis,,STG-17668-GS,STG-17664,STG-56088,Stuttgart,,,,,,,,,,,,,,,,"Albert-Schäffle-Straße 10, 70186 Stuttgart, Germany",179.0,48.771039599999995,9.2037048,Katholischer Kindergarten Bruder Klaus,"Pischekstraße 5, 70184 Stuttgart, Germany",531.0,48.7689451,9.1951745,Die Kindervilla Gänsheide / Preschool & Kindergarten,"Breitlingstraße 33, 70184 Stuttgart, Germany",579.0,48.773405100000005,9.1967538,Kath. Kindergarten St. Konrad,"Albrecht-Leo-Merz-Weg 2, 70184 Stuttgart, Germany",500.0,48.7652182,9.202584,Merz Schule gemeinnützige GmbH,"Stafflenbergstraße 51, 70184 Stuttgart, Germany",1003.0,48.773643400000005,9.1900156,Freie Kolping-Grundschule,"Alexanderstraße 22, 70184 Stuttgart, Germany",1149.0,48.7748257,9.1887079,Galileo primary school and daycare,0.0,"Albert-Schäffle-Straße 6, 70186 Stuttgart, Germany",218.0,48.7714747,9.2036187,Bei den Steins,,,,,,,,,,,7.0,,,,,,,,,,,,,,,,,Stuttgart,"Die Fuchsrainschule ist eine öffentliche Grundschule in Stuttgart mit ca. 200 Schülern. Sie bietet ein Förder- und Forderkonzept, Akkordeonunterricht, Sport ('Jugend trainiert für Olympia'), Hort- und Ferienbetreuung sowie Schulsozialarbeit. Die Schule legt Wert auf ein vielfältiges Schulleben mit zahlreichen Aktivitäten und Projekten.","Fuchsrainschule is a public primary school in Stuttgart with approximately 200 students. It offers a support and challenge concept, accordion lessons, sports ('Youth Trains for Olympia'), after-school and holiday care, and school social work. The school emphasizes a diverse school life with numerous activities and projects.",3,0,12,1,4.3,8,1,13,"2025,2024,2023",137,17
STG-45077,Galileo Grundschule,Grundschule,Grundschule,Öffentlich,2012.0,Alexanderstraße 22,70184,Mitte,Mitte,0711 51889475,info@galileo-grundschule.de,http://www.galileo-grundschule.de/,Sonja Schenk,Englisch,,,,,,,,,,,,,,,,N/A,"Forschend-entwickelnder Ansatz, Philosophierende Grundschule, BNE Netzwerkschule, Smart School, MINT-freundlich",,,,,,,,,48.77499749670294,9.188821757279664,jedeschule.codefor.de + Stuttgart Schulwegweiser PDF,,,,,,,Unfallatlas,,,,,,,,,,5318,,23,706,,,81,,,,,,,,,,,,,,,,,,,,,,11.0,Stark belastet,180.0,,,,Charlottenplatz,402,48.7752732,9.1833534,,Rathaus,582,48.773793,9.1810868,,Eingang Rathaus (U-Bahn),615,48.774433,9.1804719,,Olgaeck,227,48.7740546,9.1860707,,Stafflenbergstraße,231,48.7754068,9.1919157,,Eugensplatz,322,48.7777268,9.1903003,,Olgaeck,160,48.7741143,9.1871045,,Stafflenbergstraße,232,48.7754283,9.1919252,,Eugensplatz,310,48.7776331,9.1901995,,120,,50.0,,,"Galileo Grundschule ist eine Grundschule in Stuttgart. Adresse: Alexanderstraße 22, 70184 Stuttgart. Stadtbezirk: Mitte. Die Schule ist in öffentlicher Trägerschaft. Mittlere ÖPNV-Anbindung. Erhöhtes Verkehrsunfallaufkommen (29/Jahr). Überdurchschnittliche Kriminalitätsbelastung im Bezirk.","Die Galileo Grundschule, Teil des Galileo Bildungshauses in Stuttgart Mitte, ist eine staatlich anerkannte, zweizügige Primarschule, die 2012 gegründet wurde. Als freier Träger legt die Galileo Bildungshaus gGmbH großen Wert auf eine ganzheitliche Bildung, die Kinder in einer wertschätzenden und liebevollen Umgebung auf die Herausforderungen der Zukunft vorbereitet. Das pädagogische Konzept basiert auf einem forschend-entwickelnden Ansatz, der Neugier und Forscherdrang in den Mittelpunkt stellt. Die Schule fördert individuelle Talente und vermittelt den Kindern die Freude am Lernen. Mit rund 180 Schülern bietet die Schule eine persönliche Lernatmosphäre. Die Schulleitung obliegt Sonja Schenk. Die Galileo Grundschule zeichnet sich durch ihre Besonderheiten aus, darunter die Ausrichtung als Philosophierende Grundschule, BNE Netzwerkschule, Smart School und MINT-freundliche Schule. Englisch wird als Fremdsprache unterrichtet. Die enge Vernetzung mit der integrierten Kindertagesstätte und dem Hort ermöglicht eine durchgängige Betreuung und Bildung vom Kindergarten bis zum Ende der Grundschulzeit, inklusive Ferienbetreuung. Das Bildungshaus versteht sich als Ort, an dem Weltoffenheit und Toleranz das Fundament bilden und Kinder als wertvolle Individuen mit dem Potenzial, die Welt zu verändern, gesehen werden. Die Adresse der Schule ist Alexanderstraße 22, 70184 Stuttgart.",,,,,,,,,,,4.0,20.0,20.0,5.0,,,,,Kostenfrei (öffentliche Schule),,,,,,,,,,,,,,,,,,,,,,,,180.0,,5318,2024_25,2025,Baden-Württemberg,66.9,2.5,24180,bezirk_estimated,81,335.0,21992.5,706,2920.5,Stuttgart,5318,21991.8,23,93.9,44,182.4,2026-08-23,stuttgart.de Adressverzeichnis,,STG-17707,STG-18560,STG-30694,Stuttgart,"Uhlandstraße 26, 70182 Stuttgart, Germany",56.0,48.7746947,9.1882046,Café Moody,"Gaisburgstraße 2-4a, 70182 Stuttgart, Germany",209.0,48.774522399999995,9.186063,K&U Bäckerei GmbH,"Charlottenstraße 20, 70182 Stuttgart, Germany",264.0,48.774161199999995,9.1854525,Olgaeck Stuttgart,"Pfizerstraße 2B, 70184 Stuttgart, Germany",107.0,48.7740349,9.1889402,Kinderladen Lolli Popp e.V.,"Blumenstraße 36, 70182 Stuttgart, Germany",146.0,48.77409,9.18738,Kita. Im Haus Martinus,"Stafflenbergstraße 51, 70184 Stuttgart, Germany",180.0,48.7736342,9.1901582,Kolping-Kita,"Stafflenbergstraße 51, 70184 Stuttgart, Germany",174.0,48.773643400000005,9.1900156,Freie Kolping-Grundschule,"Jakobstraße 11, 70182 Stuttgart, Germany",640.0,48.7718814,9.181477,Jakobschule,"Schulstraße 1, 70173 Stuttgart, Germany",816.0,48.775467299999995,9.1777051,Grundschule Lampertswalde,1.0,"Charlottenstraße 40, 70182 Stuttgart, Germany",229.0,48.7734811,9.1867009,Raman Restaurant,"Charlottenstraße 26, 70182 Stuttgart, Germany",246.0,48.773798799999994,9.1859977,Shabu Shabu,"Charlottenstraße 11, 70182 Stuttgart, Germany",296.0,48.775065999999995,9.1847899,La Piazza Stuttgart,17.0,"Charlottenstraße 21A, 70182 Stuttgart, Germany",209.0,48.7745603,9.1860445,EDEKA Stuttgart,"Charlottenstraße 24, 70182 Stuttgart, Germany",247.0,48.7738592,9.1859323,Khan Supermarket,"Blumenstraße 18-20, 70182 Stuttgart, Germany",304.0,48.773257,9.185626,Lidl,,Stuttgart,"Die Galileo Grundschule in Stuttgart ist eine 2012 gegründete, staatlich anerkannte Privatschule mit rund 180 Schülern. Sie verfolgt einen forschend-entwickelnden Ansatz, fördert Neugier und individuelle Talente und ist als Philosophierende Grundschule, BNE Netzwerkschule, Smart School und MINT-freundliche Schule profiliert. Die Schule bietet eine ganzheitliche Bildung mit integrierter Kita und Hort.","Galileo Primary School in Stuttgart is a state-recognized private school founded in 2012 with approximately 180 students. It follows a research-oriented and developmental approach, fostering curiosity and individual talents, and is profiled as a Philosophical Primary School, BNE Network School, Smart School, and MINT-friendly school. The school offers holistic education with an integrated kindergarten and after-school care.",29,2,78,13,28.7,58,6,86,"2025,2024,2023",48,46
STG-17703,Grundschule am Stadtpark,Grundschule,Grundschule,Öffentlich,,Marconistraße 65,70435,Zuffenhausen,Zuffenhausen,0711 21633850,"Poststelle.Hohensteinschule@stuttgart.de, grundschuleamstadtpark@stuttgart.de",http://www.grundschuleamstadtpark.de/,Frau Föll,,,,,,,,,,,,,,,,,N/A,"Ganztagskonzept, Halbtagskonzept, Kernzeitbetreuung, Vorbereitungsklassen, Schulsozialarbeit",,,,,,,,,48.829438397477006,9.15421312569478,jedeschule.codefor.de + Stuttgart Schulwegweiser PDF,,,,,,,Unfallatlas,,,,,,,,,,3694,,16,491,,,56,,,,,,,,,,,,,,,,,,,,,,7.0,Durchschnittlich,196.0,13.0,,,Stuttgart Neuwirtshaus (Porscheplatz),511,48.8338388,9.1522098,,Stuttgart-Zuffenhausen,951,48.8295258,9.16721,,U-Bahn (48.8323),1218,48.8322673,9.1702915,,Salzwiesenstraße,998,48.836378,9.1628615,,Wimpfener Straße,1098,48.8382484,9.1610008,,Kirchtalstraße,1235,48.8322682,9.1705308,,Schlotwiese,85,48.8292776,9.1530812,,Marconistraße,412,48.8329281,9.1561245,,Marconibrücke,481,48.8327893,9.1583752,,40,,50.0,,,"Grundschule am Stadtpark ist eine Grundschule in Stuttgart. Adresse: Marconistraße 65, 70435 Stuttgart. Stadtbezirk: Zuffenhausen. Die Schule ist in öffentlicher Trägerschaft. Mittlere ÖPNV-Anbindung.","Die Grundschule am Stadtpark in Stuttgart ist eine öffentliche Grundschule, die sich durch ein umfassendes pädagogisches Angebot auszeichnet. Mit 196 Schülern und 13 Lehrkräften unter der Leitung von Frau Föll bietet die Schule sowohl ein Ganztags- als auch ein Halbtagskonzept an, ergänzt durch eine Kernzeitbetreuung und Vorbereitungsklassen für Kinder mit besonderem Sprachförderbedarf. Das Schulkonzept legt großen Wert auf individuelles Lernen und eine vielfältige Förderung der Schülerinnen und Schüler. Im Rahmen des Ganztagsangebots gibt es ein breites Spektrum an Arbeitsgemeinschaften (AGs), ein ausgewogenes Mittagessen und eine Ferienbetreuung, die den Eltern eine flexible und verlässliche Betreuung ermöglicht. Das Schulleben wird durch verschiedene Besonderheiten bereichert, darunter die Schulsozialarbeit, die Unterstützung und Beratung für Schüler und Familien bietet. Ein eigener Schulgarten fördert das Umweltbewusstsein und praktische Fähigkeiten. Projekte wie ""Musik für alle"" unterstreichen das Engagement der Schule für kulturelle Bildung. Der Förderverein und die Kooperation mit ""KinderHelden"" tragen zusätzlich zur Gestaltung eines unterstützenden und anregenden Lernumfelds bei. Die Schule kommuniziert aktiv über einen monatlichen Newsletter und einen Instagram-Account, der Einblicke in den Ganztagsalltag bietet. Die Grundschule am Stadtpark versteht sich als ein Ort, an dem Kinder ganzheitlich gefördert werden und ihre Potenziale entfalten können.",,,,,,,,,,,1.0,10.0,2.0,4.0,,,,,Kostenfrei (öffentliche Schule),,,,,,,,,,,,,,,,,,,,,,,,196.0,13.0,3694,2024_25,2025,Baden-Württemberg,66.9,1.1,38180,bezirk_estimated,56,147.4,9676.7,491,1285.0,Stuttgart,3694,9676.4,16,41.3,31,80.3,2026-08-23,stuttgart.de Adressverzeichnis,,STG-17839,STG-17800-GS,STG-56088,Stuttgart,"Schwieberdinger Str. 95-97, 70435 Stuttgart, Germany",345.0,48.8323426,9.1558678,Caffè Milano,"Schwieberdinger Str. 115, 70435 Stuttgart, Germany",435.0,48.8333333,9.1547222,Siegel Backkultur - 711,,,,,,"b. d. Eiche 9, 70435 Stuttgart, Germany",53.0,48.8299077,9.1540761,Tageseinrichtung für Kinder Bei der Eiche/Schlotwiese,"b. d. Eiche 7, 70435 Stuttgart, Germany",86.0,48.8302071,9.1541274,Kinderhaus Zuffenhausen e. V.,"Lorenzstraße 7, 70435 Stuttgart, Germany",326.0,48.832349699999995,9.1547296,Kindertagesstätte Schatzkiste,"Syltstraße 18, 70439 Stuttgart, Germany",1059.0,48.836262299999994,9.1441174,Förderverein Neuwirtshausschule e.V.,"Markgröninger Str. 38, 70435 Stuttgart, Germany",1336.0,48.8337046,9.1712764,Rosenschule Zuffenhausen,"Linzer Str. 90, 70469 Stuttgart, Germany",1398.0,48.8168914,9.1530852,Hattenbühl-Schule,0.0,"Hirschsprungallee 5, 70435 Stuttgart, Germany",147.0,48.82835,9.153065,Gaststätte Waldheim,"Hirschsprungallee 2, 70435 Stuttgart, Germany",193.0,48.82854,9.15196,Tennis Club in Stuttgart - TC Blau-Weiß Zuffenhausen,"Hirschsprungallee 2, 70435 Stuttgart, Germany",205.0,48.8286295,9.1516979,Restaurant La Stella 11,3.0,"Schwieberdinger Str. 62, 70435 Stuttgart, Germany",461.0,48.83172,9.15947,Aldi Süd,,,,,,,,,,,,Stuttgart,"Die Grundschule am Stadtpark in Stuttgart ist eine öffentliche Grundschule mit 196 Schülern und 13 Lehrkräften, die ein flexibles Ganztags- und Halbtagskonzept bietet. Sie legt Wert auf individuelles Lernen, soziale Unterstützung durch Schulsozialarbeit und kulturelle Bildung, ergänzt durch Vorbereitungsklassen und Ferienbetreuung.","The Grundschule am Stadtpark in Stuttgart is a public primary school with 196 students and 13 teachers, offering flexible full-day and half-day concepts. It emphasizes individual learning, social support through school social work, and cultural education, complemented by preparatory classes and holiday care.",8,0,18,1,7.3,11,4,22,"2025,2024,2023",43,7
STG-17638,Grundschule Birkach,Grundschule,Grundschule,Öffentlich,,Moosheimer Straße 11,70599,Birkach,Birkach,0711 21634450,poststelle.grundschule.birkach@stuttgart.de,https://www.stuttgart-inklusiv.de/,,,,,,,,,,,,,,,,,,N/A,,,,,,,,,,48.72292493645163,9.206655962822074,jedeschule.codefor.de + Stuttgart Schulwegweiser PDF,,,,,,,Unfallatlas,,,,,,,,,,312,,1,41,,,5,,,,,,,,,,,,,,,,,,,,,,1.0,Sehr sicher,,,,,U-Bahn (48.7409),2203,48.7408961,9.2193112,,U-Bahn (48.7416),2242,48.7415862,9.218247,,Sillenbuch,2447,48.7445102,9.2131869,,Plieningen,1450,48.7102928,9.2017553,,Schemppstraße,2224,48.7412781,9.2186974,,Bockelstraße,2426,48.7396825,9.2278458,,Bus (48.7237),93,48.7236959,9.2071599,,Birkheckenstraße,94,48.7229342,9.2079319,,Bus (48.7230),96,48.7229647,9.2079692,,35,,50.0,,,"Grundschule Birkach ist eine Grundschule in Stuttgart. Adresse: Moosheimer Straße 11, 70599 Stuttgart. Stadtbezirk: Birkach. Die Schule ist in öffentlicher Trägerschaft. Mittlere ÖPNV-Anbindung. Niedrige Kriminalitätsbelastung im Bezirk.","Die Grundschule Birkach ist eine öffentliche Grundschule in Stuttgart, gelegen in der Moosheimer Straße 11, 70599 Stuttgart. Als primäre Bildungseinrichtung konzentriert sie sich auf die grundlegende Bildung von Kindern. Die Schule befindet sich in öffentlicher Trägerschaft, was bedeutet, dass sie von der Stadt Stuttgart oder dem Land Baden-Württemberg finanziert und verwaltet wird. Die angegebene Website, https://www.stuttgart-inklusiv.de/, ist ein barrierefreier Online-Stadtführer für Stuttgart und enthält keine spezifischen Informationen über die Grundschule Birkach selbst. Daher sind detaillierte Angaben zu Schülerzahlen, Lehrkräften, angebotenen Sprachen, dem Gründungsjahr, der Schulleitung oder besonderen Merkmalen der Schule über die bereitgestellten Quellen nicht verfügbar. Das Profil basiert ausschließlich auf den grundlegenden administrativen Daten. Es kann angenommen werden, dass die Schule dem Lehrplan für Grundschulen in Baden-Württemberg folgt und eine umfassende Grundausbildung in den Kernfächern anbietet. Ohne weitere Informationen ist es jedoch nicht möglich, Aussagen über pädagogische Schwerpunkte, außerschulische Aktivitäten oder die spezifische Schulgemeinschaft zu treffen.",,,,,,,,,,,3.0,3.0,5.0,6.0,,,,,Kostenfrei (öffentliche Schule),,,,,,,,,,,,,,,,,,,,,,,,,,312,,2025,Baden-Württemberg,66.9,0.5,7090,bezirk_estimated,5,67.0,4398.5,41,584.1,Stuttgart,312,4398.4,1,18.8,3,36.5,2026-08-23,stuttgart.de Adressverzeichnis,,STG-17941,STG-17781,STG-17831,Stuttgart,"Törlesäckerstraße 9, 70599 Stuttgart, Germany",136.0,48.7239447,9.2056235,Cusanus Hauscafé,"Birkheckenstraße 5, 70599 Stuttgart, Germany",145.0,48.7224786,9.208516,Chillin Pub und Café,"Birkheckenstraße 6, 70599 Stuttgart, Germany",165.0,48.7225818,9.2088417,Treiber Spezialitäten Bäckerei Konditorei,"Birkheckenstraße 1, 70599 Stuttgart, Germany",177.0,48.722131000000005,9.2087406,Hohenheimer Küken e.V.,"Grüninger Str. 72, 70599 Stuttgart, Germany",254.0,48.7207045,9.2058299,Kita Grüningerstraße Stuttgart Birkach,"Alte Dorfstraße 29, 70599 Stuttgart, Germany",371.0,48.7212332,9.2110215,Kinderhaus Birkach e.V.,"Paracelsusstraße 44, 70599 Stuttgart, Germany",1800.0,48.7068601,9.2096964,Körschtalschule Stuttgart-Plieningen,"Klara-Neuburger-Straße 2, 70619 Stuttgart, Germany",2062.0,48.73869,9.22147,Grundschule Riedenberg,"Silberwaldstraße 22, 70619 Stuttgart, Germany",2695.0,48.74696,9.2114101,Deutsch-Französische Grundschule/Ecole Franco-Allemande (Von 6-10 Jahren),0.0,"Birkheckenstraße 11, 70599 Stuttgart, Germany",100.0,48.7228588,9.2080215,Shahi Kebap,"Birkheckenstraße 5, 70599 Stuttgart, Germany",145.0,48.7224786,9.208516,Chillin Pub und Café,"Alte Dorfstraße 1A, 70599 Stuttgart, Germany",210.0,48.721959000000005,9.2091213,Pizzeria Eiscafé Pulcinella,6.0,"Birkheckenstraße 34, 70599 Stuttgart, Germany",96.0,48.7236732,9.2073184,Genusshaltestelle Birkach,"Birkheckenstraße 4, 70599 Stuttgart, Germany",169.0,48.7225172,9.208881,PENNY,"Törlesäckerstraße 12, 70599 Stuttgart, Germany",234.0,48.7246594,9.2048482,Schwaiger Hofladen Birkach,,Stuttgart,"Die Grundschule Birkach ist eine öffentliche Grundschule in Stuttgart, die sich in der Moosheimer Straße 11 befindet. Die bereitgestellte Website ist ein allgemeiner Stadtführer und enthält keine spezifischen Informationen über die Schule. Detaillierte Daten zu Schülerzahlen, Lehrkräften oder Besonderheiten sind nicht verfügbar.","Grundschule Birkach is a public primary school in Stuttgart, located at Moosheimer Straße 11. The provided website is a general city guide and does not contain specific information about the school. Detailed data on student numbers, staff, or special features are not available.",3,0,8,2,3.0,6,1,9,"2025,2024,2023",236,15
STG-17909,Grundschule Burgholzhof,Grundschule,Grundschule,Öffentlich,,James-F.-Byrnes-Straße 3,70376,Bad Cannstatt,Bad Cannstatt,0711 21621190,poststelle.grundschule.burgholzhof@stuttgart.de,https://www.grundschule-burgholzhof.de/,Inga v. Zabern,,,,,,,,,,,,,,,,,N/A,"Kunstwoche, Musikalischer Nachmittag, Chor, Theaterworkshops, Pädagogische Verbünde, Schulbücherei, Lesungen, Schülercafé, Streitschlichter, Sportangebote.",,,,,,,,,48.81694489556686,9.189238071075106,jedeschule.codefor.de + Stuttgart Schulwegweiser PDF,,,,,,,Unfallatlas,,,,,,,,,,8807,,38,1170,,,134,,,,,,,,,,,,,,,,,,,,,,10.0,Belastet,180.0,10.0,,,Maybachstraße,1076,48.8110745,9.177559,,Stuttgart Nordbahnhof,1472,48.80373,9.188064,,Stuttgart-Feuerbach,1509,48.813504,9.1693064,,Sieglestraße,864,48.8157588,9.1775704,,Pragsattel,934,48.8095572,9.1831651,,Löwentor,956,48.8083697,9.190087,,Yitzhak-Rabin-Straße,90,48.8162712,9.1885534,,Burgholzhof,160,48.8174316,9.1912989,,Alter Gutshof,165,48.818102,9.1906404,,33,,50.0,,,"Grundschule Burgholzhof ist eine Grundschule in Stuttgart. Adresse: James-F.-Byrnes-Straße 3, 70376 Stuttgart. Stadtbezirk: Bad Cannstatt. Die Schule ist in öffentlicher Trägerschaft. Mittlere ÖPNV-Anbindung. Überdurchschnittliche Kriminalitätsbelastung im Bezirk.","Die Grundschule Burgholzhof in Stuttgart ist eine öffentliche Grundschule, die sich in der James-F.-Byrnes-Straße 3, 70376 Stuttgart, befindet. Unter der Leitung von Schulleiterin Inga v. Zabern bietet die Schule eine umfassende Grundschulbildung für etwa 180 Schülerinnen und Schüler, die von einem engagierten Team von 10 Lehrkräften betreut werden. Die Schule zeichnet sich durch ein vielfältiges pädagogisches Angebot aus, das über den regulären Unterricht hinausgeht. Zu den besonderen Merkmalen gehören regelmäßige Veranstaltungen wie eine Kunstwoche und ein Musikalischer Nachmittag, die die kreativen Talente der Kinder fördern. Darüber hinaus gibt es feste AGs und Projekte wie den Chor und Theaterworkshops, die den Schülerinnen und Schülern Möglichkeiten zur Entfaltung bieten. Die Grundschule Burgholzhof legt Wert auf eine ganzheitliche Entwicklung und fördert soziale Kompetenzen durch Initiativen wie Streitschlichter. Die schulische Infrastruktur umfasst eine gut ausgestattete Schulbücherei, die Lesungen veranstaltet, sowie ein Schülercafé als Treffpunkt. Sportangebote ergänzen das Profil und tragen zur körperlichen Entwicklung bei. Die Schule ist zudem in pädagogische Verbünde integriert, was den Austausch und die Weiterentwicklung der Bildungsarbeit fördert. Obwohl keine spezifischen Fremdsprachen oder ein Gründungsjahr angegeben sind, konzentriert sich die Schule auf eine fundierte Grundschulbildung mit einem breiten Spektrum an Förder- und Freizeitaktivitäten.",,,,,,,,,,,1.0,1.0,2.0,1.0,,,,,Kostenfrei (öffentliche Schule),,,,,,,,,,,,,,,,,,,,,,,,180.0,10.0,8807,2024_25,2025,Baden-Württemberg,66.9,1.4,71510,bezirk_estimated,134,187.6,12315.8,1170,1635.5,Stuttgart,8807,12315.4,38,52.6,73,102.1,2026-08-23,stuttgart.de Adressverzeichnis,,STG-17929,STG-19819,STG-17815,Stuttgart,"Freihofstraße 2, 70439 Stuttgart, Germany",192.0,48.8181561,9.1911022,Bohm,"Auerbachstraße 102, 70376 Stuttgart, Germany",279.0,48.815116499999995,9.1866383,Café Pavillon,,,,,,"Mahatma-Gandhi-Straße 27, 70376 Stuttgart, Germany",359.0,48.8198517,9.1913607,Tageseinrichtung für Kinder Mahatma‐Gandhi‐Straße 27,"Mahlestraße 29, 70376 Stuttgart, Germany",709.0,48.8158097,9.1987667,Tageseinrichtung für Kinder Mahlestraße,"Sparrhärmlingweg 56A, 70376 Stuttgart, Germany",1035.0,48.8128134,9.2019071,KiTa Sparrhärmlingweg Stuttgart,"Dieselstraße 36, 70469 Stuttgart, Germany",996.0,48.8134738,9.1766954,Raiffeisen-Schule Stuttgart eG,"Auf d. Altenburg 10, 70376 Stuttgart, Germany",1493.0,48.8111024,9.2075978,Altenburgschule,"Schwabbacher Str. 25 e, 70437 Stuttgart, Germany",1581.0,48.8304869,9.182668,Haldenrainschule,0.0,"Auerbachstraße 182, 70376 Stuttgart, Germany",250.0,48.8176646,9.1924737,Skylounge 327,,,,,,,,,,,3.0,"James-F.-Byrnes-Straße 41, 70376 Stuttgart, Germany",138.0,48.8175354,9.1908948,Mercado da Saudade,,,,,,,,,,,,Stuttgart,"Die Grundschule Burgholzhof in Stuttgart ist eine öffentliche Grundschule mit 180 Schülern und 10 Lehrkräften unter der Leitung von Inga v. Zabern. Sie bietet ein vielfältiges Programm mit Kunstwoche, musikalischen Nachmittagen, Chor, Theaterworkshops, einer Schulbücherei und Sportangeboten, um eine ganzheitliche Entwicklung zu fördern.","Grundschule Burgholzhof in Stuttgart is a public primary school with 180 students and 10 teachers, led by Inga v. Zabern. It offers a diverse program including an Art Week, musical afternoons, choir, theater workshops, a school library, and sports activities to promote holistic development.",2,0,4,0,2.0,4,2,6,"2025,2024,2023",140,14
STG-17664,Grundschule Gaisburg,Grundschule,Grundschule,Öffentlich,,Landhausstraße 255,70188,Ost,Ost,0711 21621040,poststelle.grundschule.gaisburg@stuttgart.de,https://www.stuttgart-inklusiv.de/,Nadine Schmid,Türkisch,,,,,,,,,,,,,,,,N/A,"Schwerpunkte: Sozialkompetenz, Bewegung, Schülerbücherei, Türkischer muttersprachlicher Unterricht, Projektlernen, Schwimmunterricht.",,,,,,,,,48.783520011797734,9.217550034528694,jedeschule.codefor.de + Stuttgart Schulwegweiser PDF,,,,,,,Unfallatlas,,,,,,,,,,4763,,20,632,,,73,,,,,,,,,,,,,,,,,,,,,,7.0,Durchschnittlich,200.0,,,,Stuttgart Neckarpark,1961,48.7918161,9.2411731,,Bad Cannstatt,1990,48.8014069,9.2168515,,U-Bahn (48.7860),2009,48.7859808,9.1903802,,Gaisburg,126,48.7837933,9.2158815,,Wangener-/Landhausstraße,390,48.7823783,9.2225894,,Schlachthof,405,48.7871649,9.2176171,,Tal-/Landhausstraße,300,48.7848917,9.2140299,,Bus (48.7866),346,48.7866295,9.2177024,,Schlachthof,355,48.7867115,9.217646,,46,,50.0,,,"Grundschule Gaisburg ist eine Grundschule in Stuttgart. Adresse: Landhausstraße 255, 70188 Stuttgart. Stadtbezirk: Ost. Die Schule ist in öffentlicher Trägerschaft. Mittlere ÖPNV-Anbindung. Mittleres Verkehrsunfallaufkommen (15/Jahr).",,,,,,,,,,,,4.0,15.0,8.0,5.0,,,,,Kostenfrei (öffentliche Schule),,,,,,,,,,,,,,,,,,,,,,,,200.0,,4763,2024_25,2025,Baden-Württemberg,66.9,1.1,49220,bezirk_estimated,73,147.4,9676.7,632,1285.0,Stuttgart,4763,9676.4,20,41.3,40,80.3,2026-08-23,stuttgart.de Adressverzeichnis,,STG-388049-GS,STG-17668-GS,STG-17630,Stuttgart,"Schurwaldstraße 44, 70186 Stuttgart, Germany",204.0,48.7818654,9.2163583,Backkünste,"Schurwaldstraße 44, 70186 Stuttgart, Germany",204.0,48.781861199999994,9.2163497,Melanie's Backstüble,"Talstraße 69A, 70188 Stuttgart, Germany",288.0,48.7854357,9.2149123,Gaziantep Bäckerei Ost,"Hornbergstraße 99-101, 70188 Stuttgart, Germany",127.0,48.782531,9.2166933,Evangelischer Kindergarten Pistoriuspflege,"Schönbühlstraße 83, 70188 Stuttgart, Germany",389.0,48.783197300000005,9.2122625,Evangelischer Kindergarten Klingenbach,"Schurwaldstraße 5, 70186 Stuttgart, Germany",390.0,48.7816196,9.2130762,Kath. Kindergarten Herz Jesu,"Pflasteräckerstraße 25, 70186 Stuttgart, Germany",783.0,48.77979,9.20848,Grund- und Werkrealschule Gablenberg,"Röntgenstraße 5, 70190 Stuttgart, Germany",919.0,48.7915212,9.214397,Raitelsbergschule,"Landhausstraße 117, 70190 Stuttgart, Germany",1213.0,48.7878406,9.202342,Elementary and Werkrealschule Ostheim,0.0,"Landhausstraße 237, 70188 Stuttgart, Germany",104.0,48.7838643,9.2162265,Gaisburger Kebap,"Schurwaldstraße 45, 70186 Stuttgart, Germany",184.0,48.7820194,9.2164791,Hotel-Restaurant Bellevue,"Landhausstraße 224, 70188 Stuttgart, Germany",185.0,48.7838506,9.2150733,Biergarten Stuttgart Klingenbach,10.0,"Landhausstraße 241, 70188 Stuttgart, Germany",66.0,48.783726599999994,9.2167088,CAP-Lebensmittelmarkt Stuttgart-Gaisburg,"Landhausstraße 237, 70188 Stuttgart, Germany",104.0,48.7838199,9.2162052,Obst Gemüse Blumen,"Von-Pistorius-Straße 1, 70188 Stuttgart, Germany",274.0,48.7846781,9.2208577,Di Gennaro Feinkost- und Weinhandelsgesellschaft mbH,,Stuttgart,,,10,0,41,13,15.3,31,5,46,"2025,2024,2023",22,17
STG-17696,Grundschule Heumaden,Grundschule,Grundschule,Öffentlich,,Lange Morgen 19,70619,Sillenbuch,Sillenbuch,0711 21633670,gs.heumaden@stuttgart.de,http://www.gs-heumaden.de/,Petra Fix,,,,,,,,,,,,,,,,,N/A,"Atelierunterricht, Musik für alle, Schulgarten, Schulhund, Schülerbücherei, Vorbereitungsklasse",,,,,,,,,48.741491065149425,9.23122872240239,jedeschule.codefor.de + Stuttgart Schulwegweiser PDF,,,,,,,Unfallatlas,,,,,,,,,,1110,,5,147,,,17,,,,,,,,,,,,,,,,,,,,,,1.0,Sehr sicher,250.0,24.0,,,U-Bahn (48.7409),876,48.7408961,9.2193112,,U-Bahn (48.7416),952,48.7415862,9.218247,,Sillenbuch,1365,48.7445102,9.2131869,,Bockelstraße,319,48.7396825,9.2278458,,Heumaden,420,48.7381366,9.2338599,,Schemppstraße,919,48.7412781,9.2186974,,Isegrimweg,189,48.7429612,9.2299368,,Bus (48.7431),199,48.7430556,9.2299035,,Bus (48.7432),209,48.7431875,9.2300058,,36,,50.0,,,"Grundschule Heumaden ist eine Grundschule in Stuttgart. Adresse: Lange Morgen 19, 70619 Stuttgart. Stadtbezirk: Sillenbuch. Die Schule ist in öffentlicher Trägerschaft. Mittlere ÖPNV-Anbindung. Niedrige Kriminalitätsbelastung im Bezirk.","Die Grundschule Heumaden in Stuttgart ist eine öffentliche Grundschule mit einer langen Geschichte, die bis ins Jahr 1658 zurückreicht. Unter der Leitung von Petra Fix bietet die Schule ein umfassendes Bildungsangebot für rund 250 Schülerinnen und Schüler, betreut von einem engagierten Team von 24 Lehrkräften. Ein zentrales Element des Schulprofils ist der Atelierunterricht, der den Kindern ermöglicht, ihre individuellen Talente und Interessen in verschiedenen Bereichen zu entdecken und zu vertiefen. Musikalische Bildung wird großgeschrieben, was sich im Angebot 'Musik für alle' widerspiegelt. Die Schule legt Wert auf eine ganzheitliche Entwicklung und fördert dies durch besondere Merkmale wie einen Schulgarten, der den Schülerinnen und Schülern Naturerfahrungen ermöglicht, und einen Schulhund, der eine positive Lernatmosphäre schafft. Eine gut ausgestattete Schülerbücherei lädt zum Lesen ein und unterstützt die Lesekompetenz. Für Kinder mit besonderem Förderbedarf gibt es eine Vorbereitungsklasse. Die Grundschule Heumaden ist zudem eine Ganztagesschule in Wahlform, die ein offenes Mittagsband und vielfältige Themenangebote bietet, um den Bedürfnissen der Familien gerecht zu werden. Das Schulleben wird durch zahlreiche Aktivitäten wie Lesepaten, Presseprojekte und Zusatzangebote bereichert, die den Schulalltag lebendig und abwechslungsreich gestalten. Das Leitbild der Schule betont ein 'Wir.lernen'-Konzept und integriert BISS-Transfer (Bildung durch Sprache und Schrift), um die sprachliche Entwicklung der Kinder zu stärken. Die Schule fördert eine enge Zusammenarbeit mit Eltern und dem Förderverein, um ein unterstützendes Umfeld für alle Kinder zu schaffen.",,,,,,,,,,,2.0,2.0,1.0,1.0,,,,,Kostenfrei (öffentliche Schule),,,,,,,,,,,,,,,,,,,,,,,,250.0,24.0,1110,2024_25,2025,Baden-Württemberg,66.9,0.5,25240,bezirk_estimated,17,67.0,4398.5,147,584.1,Stuttgart,1110,4398.4,5,18.8,9,36.5,2026-08-23,stuttgart.de Adressverzeichnis,,STG-17913,STG-17878,STG-17808,Stuttgart,"Paprikastraße 11, 70619 Stuttgart, Germany",74.0,48.7419812,9.23054,Bäckerei Heumaden,,,,,,,,,,,"Paprikastraße 20, 70619 Stuttgart, Germany",159.0,48.740651500000006,9.2294811,Kindergärten/tageheim,"Bernsteinstraße 3, 70619 Stuttgart, Germany",503.0,48.7384096,9.226203,Tageseinrichtung für Kinder Bernsteinstraße,"Gustav-Barth-Straße 23, 70619 Stuttgart, Germany",779.0,48.7482638,9.2339374,Evangelischer Kindergarten Alt- Heumaden,"Lange Morgen 19, 70619 Stuttgart, Germany",76.0,48.7417222,9.2322014,Elementary and Werkrealschule Heumaden,"Lorbeerstraße, 70619 Stuttgart, Germany",126.0,48.741441599999995,9.2329473,Grund- und Hauptschule Musikpavillion,"Klara-Neuburger-Straße 2, 70619 Stuttgart, Germany",780.0,48.73869,9.22147,Grundschule Riedenberg,2.0,"Paprikastraße 10, 70619 Stuttgart, Germany",81.0,48.741430900000005,9.2301343,EasyGrill Stuttgart Heumaden,"Bockelstraße 90a, 70619 Stuttgart, Germany",266.0,48.743541,9.229352,Gemuesemeisterei,,,,,,3.0,"Paprikastraße 10, 70619 Stuttgart, Germany",79.0,48.741420999999995,9.2301616,REWE,"Bockelstraße 90a, 70619 Stuttgart, Germany",266.0,48.743541,9.229352,Gemuesemeisterei,,,,,,,Stuttgart,"Die Grundschule Heumaden in Stuttgart ist eine öffentliche Grundschule mit 250 Schülern und 24 Lehrkräften, gegründet 1658. Sie bietet Atelierunterricht, 'Musik für alle', einen Schulgarten, einen Schulhund und eine Schülerbücherei. Als Ganztagesschule in Wahlform fördert sie eine ganzheitliche Entwicklung und sprachliche Kompetenzen.","Grundschule Heumaden in Stuttgart is a public primary school with 250 students and 24 teachers, founded in 1658. It offers atelier-based learning, 'Music for All,' a school garden, a school dog, and a student library. As an optional full-day school, it promotes holistic development and linguistic skills.",3,0,13,3,5.3,10,3,16,"2025,2024,2023",151,13
STG-19833,Grundschule Hofen,Grundschule,Grundschule,Öffentlich,,Walchenseestraße 15,70378,Mühlhausen,Mühlhausen,0711 21621060,poststelle.grundschule.hofen@stuttgart.de,http://www.grundschule-hofen.de/,Martina Zaiss,,,,,,,,,,,,,,,,,N/A,"Inklusion, Vorbereitungsklasse für Deutsch als Zweitsprache",,,,,,,,,48.8338361477254,9.22590293529422,jedeschule.codefor.de + Stuttgart Schulwegweiser PDF,,,,,,,Unfallatlas,,,,,,,,,,1821,,8,242,,,28,,,,,,,,,,,,,,,,,,,,,,4.0,Sicher,200.0,,,,Stuttgart-Münster,1624,48.8207118,9.2161743,,Stuttgart-Zazenhausen,1947,48.8360504,9.1995088,,Schmiden Stadion,1980,48.8317966,9.2527812,,Hofen,397,48.8363492,9.2220555,,Auwiesen,628,48.8394484,9.2248974,,Max-Eyth-See,713,48.8327606,9.2162953,,Alpseeweg,233,48.8334496,9.2290337,,Nixenweg,338,48.8317214,9.2225926,,Hofen,372,48.8365128,9.222855,,47,,50.0,,,"Grundschule Hofen ist eine Grundschule in Stuttgart. Adresse: Walchenseestraße 15, 70378 Stuttgart. Stadtbezirk: Mühlhausen. Die Schule ist in öffentlicher Trägerschaft. Mittlere ÖPNV-Anbindung.","Die Grundschule Hofen ist eine öffentliche Grundschule in Stuttgart-Hofen, die von rund 200 Schülerinnen und Schülern aus Hofen, Neugereut und der näheren Umgebung besucht wird. Unter der Leitung von Martina Zaiss legt die Schule einen besonderen Schwerpunkt auf Inklusion, indem sie etwa 28 Schülerinnen und Schüler der Helene-Schoettle-Schule integriert. Der Unterricht erfolgt gemeinsam durch Lehrkräfte beider Schulen, was einen wichtigen gesellschaftlichen Beitrag zur Inklusion darstellt. Die Schule ist in 8 Klassen organisiert, mit jeweils zwei Jahrgangsklassen pro Stufe. Ein weiteres Merkmal ist die Vorbereitungsklasse, die speziell für Kinder eingerichtet wurde, die Deutsch als Zweitsprache erlernen, um ihnen eine erfolgreiche Teilnahme am regulären Unterricht zu ermöglichen. Eine Schulsozialarbeiterin bereichert das Schulleben durch Projekte in den Klassen und steht für Beratungen zur Verfügung. Die Grundschule Hofen ist eine Halbtagsschule, bietet jedoch eine 'Betreuung im Rahmen der verlässlichen Grundschule' an, die eine Betreuung vor und nach dem Unterricht sowie die Teilnahme am Mittagessen für angemeldete Kinder umfasst. Das Schulgelände ist großzügig gestaltet mit einem Schulhof, einem Sportplatz und einem Wiesengelände mit altem Baumbestand. Für den Sportunterricht steht eine gut ausgestattete Turnhalle zur Verfügung. Die Lage der Schule ist vorteilhaft, da sie sich in unmittelbarer Nähe zur Stadtteilbücherei Neugereut, verschiedenen Sehenswürdigkeiten wie der Burgruine und der Wallfahrtskirche St. Barbara sowie dem Max-Eyth-See befindet.",,,,,,,,,,,1.0,5.0,5.0,3.0,,,,,Kostenfrei (öffentliche Schule),,,,,,,,,,,,,,,,,,,,,,,,200.0,,1821,2024_25,2025,Baden-Württemberg,66.9,0.8,25880,bezirk_estimated,28,107.2,7037.6,242,934.5,Stuttgart,1821,7037.4,8,30.0,15,58.4,2026-08-23,stuttgart.de Adressverzeichnis,,STG-17925,STG-19819,STG-17929,Stuttgart,"Hartwaldstraße 81, 70378 Stuttgart, Germany",320.0,48.836702300000006,9.2262554,Bäckerei Rau,"Wagrainstraße 7, 70378 Stuttgart, Germany",405.0,48.833999,9.2203749,Bäckerei Ade GmbH Nachfolger Bäckrei Mischke,"Flamingoweg 24, 70378 Stuttgart, Germany",446.0,48.8315243,9.2308837,Stadtteilhaus Neugereut,"Walchenseestraße 36, 70378 Stuttgart, Germany",223.0,48.8333012,9.2229711,Kita St. Augustinus,"Neugereut, 70378 Stuttgart, Germany",311.0,48.831064,9.225323,Tageseinrichtung für Kinder Lüglensheidestraße,"Ibisweg 4, 70378 Stuttgart, Germany",494.0,48.8353,9.23227,Tageseinrichtung für Kinder Ibisweg,"Pelikanstraße 71, 70378 Stuttgart, Germany",467.0,48.8333495,9.2322412,Pelikanschule,"Damaschkestraße 31, 70378 Stuttgart, Germany",717.0,48.827597399999995,9.228393,Steinhaldenfeldschule,"Aalstraße 43, 70378 Stuttgart, Germany",1013.0,48.8429435,9.2261272,Herbert-Hoover-Schule - Standort Mönchfeld,1.0,"Kapellenweg 20, 70378 Stuttgart, Germany",281.0,48.8332893,9.2221602,Pizza Trullo's | beste pizza stuttgart,"Hartwaldstraße 78, 70378 Stuttgart, Germany",295.0,48.8364783,9.2262208,Gasthaus zum Ochsen,"Schlierseestraße 46, 70378 Stuttgart, Germany",359.0,48.8331244,9.2211243,Weinbau und Besenwirtschaft Nerz,5.0,"Kapellenweg 2, 70378 Stuttgart, Germany",376.0,48.8342805,9.2208151,Bonus-Markt Ihr Nahversorger,,,,,,,,,,,,Stuttgart,"Die Grundschule Hofen ist eine öffentliche Grundschule in Stuttgart mit rund 200 Schülern, die einen starken Fokus auf Inklusion legt und eine Vorbereitungsklasse für Deutsch als Zweitsprache anbietet. Unter der Leitung von Martina Zaiss bietet sie eine umfassende Betreuung und verfügt über großzügige Sport- und Freizeiteinrichtungen in einer attraktiven Umgebung.","Grundschule Hofen is a public primary school in Stuttgart with approximately 200 students, strongly focused on inclusion and offering a preparatory class for German as a second language. Led by Martina Zaiss, it provides comprehensive care and boasts extensive sports and recreational facilities in an attractive environment.",11,0,16,2,6.7,7,4,20,"2025,2024,2023",140,14
STG-432053,Grundschule im Bildungshaus NeckarPark,Grundschule,Grundschule,Öffentlich,2025.0,Eugenie-von-Soden-Weg 30,70372,Bad Cannstatt,Bad Cannstatt,0711 21635700,grundschule.neckarpark@stuttgart.de,https://gs-bildungshaus-neckarpark.de/,,,,,,,,,,,,,,,,,,N/A,"Selbstbestimmtes und entdeckendes Lernen, individuelle Förderung, Kooperation mit KiFaz, Helene-Schöttle-Schule und Volkshochschule.",,,,,,,,,48.79702550679411,9.225574201135098,jedeschule.codefor.de + Stuttgart Schulwegweiser PDF,,,,,,,Unfallatlas,,,,,,,,,,8807,,38,1170,,,134,,,,,,,,,,,,,,,,,,,,,,10.0,Belastet,,,,,Bad Cannstatt,803,48.8014069,9.2168515,,Stuttgart-Ebitzweg,876,48.8037427,9.2318241,,Nürnberger Straße,1242,48.806375,9.2348625,,NeckarPark (Stadion),381,48.7936026,9.2254144,,Cannstatter Wasen,401,48.7965168,9.2201493,,Straßenbahnmuseum,626,48.7990737,9.2176154,,Hanna-Henning-Straße,143,48.7959737,9.2266945,,NeckarPark (Stadion),379,48.7936434,9.2261713,,Veielbrunnenweg,393,48.7986016,9.2207716,,38,,50.0,,,"Grundschule im Bildungshaus NeckarPark ist eine Grundschule in Stuttgart. Adresse: Eugenie-von-Soden-Weg 30, 70372 Stuttgart. Stadtbezirk: Bad Cannstatt. Die Schule ist in öffentlicher Trägerschaft. Mittlere ÖPNV-Anbindung. Mittleres Verkehrsunfallaufkommen (16/Jahr). Überdurchschnittliche Kriminalitätsbelastung im Bezirk.","Die Grundschule im Bildungshaus NeckarPark, liebevoll 'Bi(e)Ne' genannt, ist eine öffentliche Grundschule in Stuttgart, die im Schuljahr 2025/26 ihren Betrieb aufgenommen hat. Sie befindet sich im Eugenie-von-Soden-Weg 30, 70372 Stuttgart, und ist Teil eines modernen Bildungshauses. Die Schule startete mit zwei ersten Klassen und plant, innerhalb von vier Jahren auf acht jahrgangsgemischte Klassen (1-4) zu wachsen. Das pädagogische Konzept der Bi(e)Ne legt großen Wert auf selbstbestimmtes und entdeckendes Lernen, um schulisches Lernen sinnhaft und lebensnah zu gestalten. Die Lernzeit und -umgebung werden individuell an das Lerntempo jedes Kindes angepasst, wobei Impulse, Anregungen und notwendige Hilfen bereitgestellt werden. Ziel ist es, dass sich jedes Kind gesehen, unterstützt, wohl und sicher fühlt, um mit Freude und Lust lernen zu können. Eine Besonderheit der Schule ist die enge Verknüpfung und Kooperation mit dem Kinder- und Familienzentrum (KiFaz), der Helene-Schöttle-Schule sowie der Volkshochschule, die vielfältige und spannende Impulse für den Schulalltag setzen.",,,,,,,,,,,1.0,9.0,2.0,2.0,,,,,Kostenfrei (öffentliche Schule),,,,,,,,,,,,,,,,,,,,,,,,,,8807,,2025,Baden-Württemberg,66.9,1.4,71510,bezirk_estimated,134,187.6,12315.8,1170,1635.5,Stuttgart,8807,12315.4,38,52.6,73,102.1,2026-08-23,stuttgart.de Adressverzeichnis,,STG-17905,STG-17941,STG-356711,Stuttgart,"Lenore-Volz-Straße 21, 70372 Stuttgart, Germany",66.0,48.796793,9.2247525,Treiber Spezialitäten Bäckerei Konditorei,"70372 Stuttgart, Germany",460.0,48.8011543,9.2258417,Coral Cafe,,,,,,"Kindervilla GmbH, Lenore-Volz-Straße 13, 70372 Stuttgart, Germany",133.0,48.796216099999995,9.2242387,"Kindervilla NeckarPark bilinguale Krippe, Preschool und Kindergarten","Daimlerstraße 103C, 70372 Stuttgart, Germany",446.0,48.7996711,9.2209954,KiFaZ - Kindergarten Tageseinrichtung für Kinder,"Seelberg, 70372 Stuttgart, Germany",620.0,48.8005123,9.2321846,Tageseinrichtung für Kinder,"Martin-Luther-Straße 57, 70372 Stuttgart, Germany",727.0,48.8035477,9.224987100000002,Martin-Luther-Schule,"Röntgenstraße 5, 70190 Stuttgart, Germany",1022.0,48.7915212,9.214397,Raitelsbergschule,"Ebitzweg 57, 70374 Stuttgart, Germany",1158.0,48.804427999999994,9.2366935,Eichendorffschule,0.0,"Güterstraße 4, 70372 Stuttgart, Germany",61.0,48.7973323,9.2262678,Kulturinsel-Biergarten,"Daimlerstraße 129, 70372 Stuttgart, Germany",287.0,48.797005,9.2216571,VBS Gourmet GmbH,"Daimlerstraße 127, 70372 Stuttgart, Germany",350.0,48.7980574,9.2210604,Pops Burger - Bad Cannstatt Sportsbar,5.0,"Gasteiner Str. 10, 70372 Stuttgart, Germany",412.0,48.7995518,9.2296888,Bruderhaus Diakonie,,,,,,,,,,,,Stuttgart,"Die Grundschule im Bildungshaus NeckarPark ('Bi(e)Ne') ist eine öffentliche Grundschule in Stuttgart, die 2025/26 eröffnet wurde. Sie fördert selbstbestimmtes und entdeckendes Lernen in jahrgangsgemischten Klassen und passt sich dem individuellen Lerntempo an. Die Schule kooperiert eng mit dem KiFaz, der Helene-Schöttle-Schule und der Volkshochschule.","The Grundschule im Bildungshaus NeckarPark ('Bi(e)Ne') is a public primary school in Stuttgart, opened in 2025/26. It promotes self-determined and discovery-based learning in mixed-age classes, adapting to individual learning paces. The school closely cooperates with KiFaz, Helene-Schöttle-Schule, and Volkshochschule.",14,0,43,9,15.7,21,4,47,"2025,2024,2023",133,12
STG-19815,Grundschule Kaltental,Grundschule,Grundschule,Öffentlich,,Fuchswaldstraße 43,70569,Süd,Süd,0711 21634400,poststelle.grundschule.kaltental@stuttgart.de,http://www.grundschule-kaltental.de/,,,,,,,,,,,,,,,,,,N/A,"Teilnahme am Programm ""BiSS-Transfer - Bildung durch Sprache und Schrift"", Schwerpunkte: Lesekultur, Musik, Gesunde Ernährung, Primarforscher",,,,,,,,,48.743419935391785,9.13176457748831,jedeschule.codefor.de + Stuttgart Schulwegweiser PDF,,,,,,,Unfallatlas,,,,,,,,,,3938,,17,523,,,60,,,,,,,,,,,,,,,,,,,,,,6.0,Durchschnittlich,,,,,Stuttgart Österfeld,1284,48.7375038,9.1167264,,U-Bahn (48.7442),1861,48.7441968,9.1064073,,U-Bahn (48.7445),1878,48.744467,9.1061977,,Waldeck,249,48.7448321,9.1344062,,Kaltental,439,48.7396556,9.1299508,,Engelboldstraße,687,48.7376993,9.1282135,,Waldeck,221,48.7452737,9.1328568,,Kaltental,362,48.740274,9.1304719,,Im Elsental,392,48.7446858,9.126768,,31,,50.0,,,"Grundschule Kaltental ist eine Grundschule in Stuttgart. Adresse: Fuchswaldstraße 43, 70569 Stuttgart. Stadtbezirk: Süd. Die Schule ist in öffentlicher Trägerschaft. Mittlere ÖPNV-Anbindung.","Die Grundschule Kaltental in Stuttgart ist eine öffentliche Primarschule, die sich durch ein umfassendes pädagogisches Konzept und vielfältige Schwerpunkte auszeichnet. Die Schule nimmt aktiv am Programm ""BiSS-Transfer - Bildung durch Sprache und Schrift"" teil, einer gemeinsamen Initiative des Bundesministeriums für Bildung und Forschung und der Länder, die darauf abzielt, wissenschaftsbasierte Konzepte zur Sprachbildung, Lese- und Schreibförderung zu implementieren. Dies unterstreicht das Engagement der Schule für die Entwicklung starker sprachlicher Kompetenzen bei ihren Schülerinnen und Schülern. 

Das Schulprofil der Grundschule Kaltental legt besonderen Wert auf die Lesekultur, Musik, gesunde Ernährung und das Konzept der Primarforscher. Diese Schwerpunkte spiegeln sich in den zusätzlichen Lernangeboten und Arbeitsgemeinschaften wider, die den Kindern eine ganzheitliche Entwicklung ermöglichen. Die Schule bietet zudem verschiedene Betreuungsmöglichkeiten und einen sozialpädagogischen Fachbereich sowie Schulsozialarbeit an, um die Schülerinnen und Schüler umfassend zu unterstützen. 

Die Schulorganisation umfasst einen Elternbeirat, eine Schulkonferenz und einen Förderverein, die aktiv am Schulleben teilnehmen und die Gemeinschaft stärken. Kooperationen mit Kindergärten und anderen Schulen sowie ein breites Beratungsangebot runden das Profil ab. Die Grundschule Kaltental, gelegen in der Fuchswaldstraße 43, 70569 Stuttgart, ist somit eine Bildungseinrichtung, die sich der Förderung ihrer Schülerinnen und Schüler in akademischer, sozialer und persönlicher Hinsicht verschrieben hat.",,,,,,,,,,,1.0,1.0,2.0,4.0,,,,,Kostenfrei (öffentliche Schule),,,,,,,,,,,,,,,,,,,,,,,,,,3938,,2025,Baden-Württemberg,66.9,1.0,44770,bezirk_estimated,60,134.0,8797.0,523,1168.2,Stuttgart,3938,8796.7,17,37.5,33,73.0,2026-08-23,stuttgart.de Adressverzeichnis,,STG-17941,STG-17925,STG-17660,Stuttgart,"Burgstraße 1a, 70569 Stuttgart, Germany",380.0,48.7400884,9.130595,Backstube,"Fuchswaldstraße 103, 70569 Stuttgart, Germany",425.0,48.7415078,9.126746,Schrade Bakery & Pastry Shop,,,,,,"Böblinger Str. 446, 70569 Stuttgart, Germany",267.0,48.741193,9.1303932,Foliage garden design GmbH,"Burgstraße 27, 70569 Stuttgart, Germany",313.0,48.7406053,9.1320069,Kinderhaus Franziskus,"Burgstraße 25, 70569 Stuttgart, Germany",318.0,48.740565700000005,9.1319164,Kath. Kindergarten,"Vogelrainstraße 27, 70199 Stuttgart, Germany",1315.0,48.7545945,9.1376421,Torwiesenschule,"Liasweg 4, 70563 Stuttgart, Germany",1369.0,48.732845399999995,9.1222118,Österfeldschule - Außenstelle Liasweg,"Hengstäcker, Gewann 15, 70567 Stuttgart, Germany",1410.0,48.730815,9.1297039,Freie Evangelische Schule Stuttgart,0.0,"Feldbergstr. 38, 70569 Stuttgart, Germany",310.0,48.7419922,9.1281377,Gaststätte Schwanen - Der Schwanen verbindet e.V.,,,,,,,,,,,3.0,"Engelboldstraße 111, 70569 Stuttgart, Germany",304.0,48.7418128,9.1351194,Roh-kakao.de,,,,,,,,,,,,Stuttgart,"Die Grundschule Kaltental ist eine öffentliche Primarschule in Stuttgart, die am Programm ""BiSS-Transfer"" zur Sprach- und Leseförderung teilnimmt. Ihre Schwerpunkte liegen auf Lesekultur, Musik, gesunder Ernährung und dem Konzept der Primarforscher. Die Schule bietet umfassende Unterstützung und vielfältige Lernangebote für eine ganzheitliche Entwicklung der Schülerinnen und Schüler.","Grundschule Kaltental is a public primary school in Stuttgart participating in the ""BiSS-Transfer"" program for language and reading promotion. Its focus areas include reading culture, music, healthy nutrition, and the 'Primary Researchers' concept. The school offers comprehensive support and diverse learning opportunities for the holistic development of its students.",14,0,17,1,6.3,10,2,19,"2025,2024,2023",279,17
STG-17925,Grundschule Mühlhausen,Grundschule,Grundschule,Öffentlich,,Aldinger Straße 131,70378,Mühlhausen,Mühlhausen,0711 21635130,poststelle.grundschule.muehlhausen@stuttgart.de,https://www.stuttgart-inklusiv.de/,,,,,,,,,,,,,,,,,,N/A,,,,,,,,,,48.843580744404754,9.233892654620382,jedeschule.codefor.de + Stuttgart Schulwegweiser PDF,,,,,,,Unfallatlas,,,,,,,,,,1821,,8,242,,,28,,,,,,,,,,,,,,,,,,,,,,4.0,Sicher,,,,,Schmiden Stadion,1905,48.8317966,9.2527812,,Schmiden Postweg,2050,48.8312283,9.2546816,,Stuttgart-Zazenhausen,2652,48.8360504,9.1995088,,Mühlhausen,382,48.8411759,9.2301625,,Auwiesen,803,48.8394484,9.2248974,,Mönchfeld,1165,48.844359,9.2180192,,Mühlhausen Schloss,287,48.8434939,9.2299664,,Mühlhausen,311,48.8421871,9.2302051,,Mühlhausen Bachhalde,492,48.8455481,9.2278633,,29,,50.0,,,"Grundschule Mühlhausen ist eine Grundschule in Stuttgart. Adresse: Aldinger Straße 131, 70378 Stuttgart. Stadtbezirk: Mühlhausen. Die Schule ist in öffentlicher Trägerschaft. Mittlere ÖPNV-Anbindung.","Die Grundschule Mühlhausen in Stuttgart ist eine öffentliche Primarschule, die sich in der Aldinger Straße 131, 70378 Stuttgart, befindet. Unter der Leitung von Schulleiterin Claudia Kühnel engagiert sich die Schule für die bestmögliche Bildung und das Wohlbefinden ihrer Schülerinnen und Schüler. Obwohl spezifische Daten zu Schülerzahlen, Lehrkräften, Sprachen und dem genauen Gründungsjahr derzeit nicht öffentlich verfügbar sind, zeugt die Präsenz eines aktiven Förderkreises von einem starken Gemeinschaftsgefühl und Engagement für die Schule. Der Förderkreis Grundschule Stuttgart-Mühlhausen, der 1996 von engagierten Eltern und Lehrkräften gegründet wurde, spielt eine zentrale Rolle bei der Unterstützung der schulischen Arbeit. Er organisiert regelmäßig Veranstaltungen wie Flohmärkte, Kinderfasching und Verkäufe bei lokalen Ereignissen, um Spenden zu sammeln. Diese finanziellen Mittel werden gezielt eingesetzt, um die Schule bei der Anschaffung wichtiger Lernmaterialien zu unterstützen, innovative Projekte zu realisieren und die Klassenzimmer zeitgemäß auszustatten. Darüber hinaus bietet der Förderkreis auch individuelle Unterstützung für Schülerinnen und Schüler an, um deren Entwicklung und Lernerfolg zu fördern. Die Grundschule Mühlhausen ist somit nicht nur eine Bildungseinrichtung, sondern auch ein Ort, an dem durch das Zusammenspiel von Schulleitung, Lehrkräften und Eltern ein unterstützendes und förderndes Lernumfeld geschaffen wird. Die Schule ist Teil des Staatlichen Schulamtes Stuttgart, was ihre öffentliche Trägerschaft und Einbindung in das regionale Bildungssystem unterstreicht.",,,,,,,,,,,1.0,9.0,1.0,1.0,,,,,Kostenfrei (öffentliche Schule),,,,,,,,,,,,,,,,,,,,,,,,,,1821,,2025,Baden-Württemberg,66.9,0.8,25880,bezirk_estimated,28,107.2,7037.6,242,934.5,Stuttgart,1821,7037.4,8,30.0,15,58.4,2026-08-23,stuttgart.de Adressverzeichnis,,STG-17933,STG-19833,STG-17941,Stuttgart,"Mönchfeldstraße 9, 70378 Stuttgart, Germany",344.0,48.841954699999995,9.2298882,Café Bar Mythos,,,,,,,,,,,"Stumpstraße 9, 70378 Stuttgart, Germany",125.0,48.8447007,9.2337272,eva:lino Kita Stumpstraße,"Memeler Str. 3, 70378 Stuttgart, Germany",539.0,48.840722199999995,9.2279433,Tageseinrichtung Mühlhausen,"Hartwaldstraße 121, 70378 Stuttgart, Germany",710.0,48.8379105,9.2294422,Katholische Kita St. Barbara,"Aalstraße 43, 70378 Stuttgart, Germany",573.0,48.8429435,9.2261272,Herbert-Hoover-Schule - Standort Mönchfeld,"Pelikanstraße 71, 70378 Stuttgart, Germany",1144.0,48.8333495,9.2322412,Pelikanschule,"Walchenseestraße 15, 70378 Stuttgart, Germany",1230.0,48.8338121,9.2260039,Grundschule Hofen,0.0,"Eybgasse 18, 70378 Stuttgart, Germany",204.0,48.842302,9.2318855,Gaststätte Lamm,"Aldinger Str. 76, 70378 Stuttgart, Germany",248.0,48.8415696,9.2324265,McDonald's,"Wertweg 31, 70378 Stuttgart, Germany",285.0,48.8413185,9.2357325,Blaustern Timbales,1.0,"Mönchfeldstraße 26, 70378 Stuttgart, Germany",271.0,48.8433502,9.2302018,Frische Erdbeeren,,,,,,,,,,,,Stuttgart,"Die Grundschule Mühlhausen in Stuttgart ist eine öffentliche Primarschule unter der Leitung von Claudia Kühnel. Ein aktiver Förderkreis, gegründet 1996, unterstützt die Schule finanziell bei der Anschaffung von Lernmaterialien, der Durchführung von Projekten und der Ausstattung von Klassenzimmern, um das Wohlbefinden und die Bildung der Schüler zu fördern.","Grundschule Mühlhausen in Stuttgart is a public primary school led by Claudia Kühnel. An active support association, founded in 1996, financially assists the school in acquiring learning materials, implementing projects, and equipping classrooms to promote student well-being and education.",8,0,23,1,8.0,17,1,24,"2025,2024,2023",120,16
STG-17941,Grundschule Obertürkheim,Grundschule,Grundschule,Öffentlich,,Uhlbacher Straße 18,70329,Obertürkheim,Obertürkheim,0711 21633999,grundschule.obertuerkheim@stuttgart.de,http://www.grundschule-obertuerkheim.de/,Frau Schwarz,,,,,,,,,,,,,,,,,N/A,"Schulimkerei, BISS-Transfer, Musik für alle",,,,,,,,,48.76358182709804,9.270043925077587,jedeschule.codefor.de + Stuttgart Schulwegweiser PDF,,,,,,,Unfallatlas,,,,,,,,,,648,,3,86,,,10,,,,,,,,,,,,,,,,,,,,,,3.0,Sehr sicher,170.0,,,,Stuttgart-Obertürkheim,247,48.7617575,9.2681173,,Esslingen-Mettingen,1866,48.7472159,9.2756947,,Stuttgart-Untertürkheim,2306,48.7798209,9.2504725,,Hedelfingen,1221,48.760143,9.2542275,,Stadtwerke Stuttgart,1585,48.7669119,9.2490146,,Wangen Marktplatz,2009,48.7715166,9.2454169,,Bus (48.7626),173,48.7625993,9.2682096,,Obertürkheim Bahnhof,178,48.7622169,9.2687667,,Bergstaffelstraße,359,48.7655063,9.2661176,,45,,50.0,,,"Grundschule Obertürkheim ist eine Grundschule in Stuttgart. Adresse: Uhlbacher Straße 18, 70329 Stuttgart. Stadtbezirk: Obertürkheim. Die Schule ist in öffentlicher Trägerschaft. Mittlere ÖPNV-Anbindung. Niedrige Kriminalitätsbelastung im Bezirk.","Die Grundschule Obertürkheim, eine öffentliche Grundschule in Stuttgart, zeichnet sich durch ein umfassendes Bildungs- und Betreuungsangebot aus. Mit rund 170 Schülern bietet sie eine persönliche Lernumgebung. Die Schule, deren Geschichte bis ins Jahr 1600 zurückreicht, wird von Schulleiterin Frau Schwarz geführt und legt Wert auf eine ganzheitliche Entwicklung der Kinder. Ein besonderes Merkmal ist die Schulimkerei, die den Schülern praktische Erfahrungen im Bereich Natur und Umwelt ermöglicht und über einen eigenen Blog dokumentiert wird. Das Programm 'BISS-Transfer' (Bildung durch Sprache und Schrift) unterstreicht den Fokus auf die sprachliche und schriftliche Kompetenzentwicklung. Darüber hinaus fördert das Projekt 'Musik für alle' die musikalische Bildung der Kinder.

Als Ganztagsschule bietet die Grundschule Obertürkheim einen strukturierten Tagesablauf mit Mittagsband, vielfältigen Kursen, einem umfassenden Betreuungsangebot und einem speziellen Freitagsprogramm. Auch in den Ferien wird eine Betreuung angeboten, was berufstätigen Eltern entgegenkommt. Die Schulgemeinschaft wird durch einen aktiven Elternbeirat und einen engagierten Förderverein gestärkt, die regelmäßig Aktionen organisieren und die Schule finanziell sowie ideell unterstützen, beispielsweise durch die Bücherei oder den Verkauf von Schul-T-Shirts. Das Leitbild der Schule, die Schul- und Hausordnung sowie die transparente Kommunikation wichtiger Termine und Schließzeiten für das Schuljahr 2025/2026 zeugen von einer gut organisierten und gemeinschaftsorientierten Einrichtung. Die Adresse der Schule ist Uhlbacher Straße 18, 70329 Stuttgart.",,,,,,,,,,,4.0,12.0,8.0,0.0,,,,,Kostenfrei (öffentliche Schule),,,,,,,,,,,,,,,,,,,,,,,,170.0,,648,2024_25,2025,Baden-Württemberg,66.9,0.7,10520,bezirk_estimated,10,93.8,6157.9,86,817.7,Stuttgart,648,6157.7,3,26.3,5,51.1,2026-08-23,stuttgart.de Adressverzeichnis,,STG-17781,STG-17638,STG-17874,Stuttgart,"Uhlbacher Str. 2, 70329 Stuttgart, Germany",87.0,48.762960199999995,9.2693269,Bayer Bäckerei und Konditorei,"Heidelbeerstraße 5, 70329 Stuttgart, Germany",116.0,48.7643005,9.2688903,DIE HEIDELBEERE Stadtteil- und Familienzentrum Obertürkheim,"Augsburger Str. 672, 70329 Stuttgart, Germany",127.0,48.7628706,9.2686805,Leoniemler Trom shop,"Aprikosenstraße 24, 70329 Stuttgart, Germany",515.0,48.7675808,9.2665071,Kath. Kindergarten,"Otto-Hirsch-Brücken 22, 70329 Stuttgart, Germany",1063.0,48.7601549,9.2565116,Katholisches Kinder- und Familienzentrum St. Markus,"Heimgartenstraße 2/4, 70329 Stuttgart, Germany",1152.0,48.7586331,9.2562342,Dibber-KiTa Heimgartenstraße,"Obertürkheimer Str. 62, 73733 Esslingen am Neckar, Germany",1238.0,48.753010499999995,9.2753368,Freie Evangelische Schule Esslingen,"Luise-Benger-Straße 10, 70329 Stuttgart, Germany",1527.0,48.77508,9.28144,Grundschule Uhlbach,"Am Steinenberg 3, 70329 Stuttgart, Germany",1591.0,48.7546488,9.2530883,Steinenbergschule Grundschule Klasse 1-4,0.0,"Augsburger Str. 672, 70329 Stuttgart, Germany",119.0,48.7628853,9.2688107,Al Vecchio Mulino,"Uhlbacher Str. 31, 70329 Stuttgart, Germany",120.0,48.764660799999994,9.2701473,Ruoff winery / Tilmann Ruoff,"Augsburger Str. 676, 70329 Stuttgart, Germany",145.0,48.7624759,9.2690031,s' Kebable,1.0,"Augsburger Str. 684, 70329 Stuttgart, Germany",148.0,48.7627651,9.268452300000002,CAP Markt Stuttgart-Obertürkheim,"Augsburger Str. 634, 70329 Stuttgart, Germany",281.0,48.7650908,9.2669751,NaN Orient,"Hafenbahnstraße 18, 70327 Stuttgart, Germany",430.0,48.764697299999995,9.2644197,Picnic Hub Stuttgart Süd (STS),,Stuttgart,"Die Grundschule Obertürkheim ist eine öffentliche Grundschule in Stuttgart mit etwa 170 Schülern, geleitet von Frau Schwarz. Sie bietet ein Ganztagsprogramm mit Ferienbetreuung und legt besonderen Wert auf die Förderung durch die Schulimkerei, das BISS-Transfer-Programm und 'Musik für alle'. Die Schule, deren Geschichte bis ins Jahr 1600 zurückreicht, wird von einem aktiven Elternbeirat und Förderverein unterstützt.","Grundschule Obertürkheim is a public primary school in Stuttgart with approximately 170 students, led by Frau Schwarz. It offers an all-day program with holiday care and places special emphasis on development through its school beekeeping project, the BISS-Transfer program, and 'Music for All'. The school, with a history dating back to 1600, is supported by an active parent council and friends' association.",9,0,18,6,7.7,12,5,23,"2025,2024,2023",101,16
STG-17913,Grundschule Riedenberg,Grundschule,Grundschule,Öffentlich,,Klara-Neuburger-Straße 2,70619,Sillenbuch,Sillenbuch,0711 21680960,poststelle.grundschule.riedenberg@stuttgart.de,http://www.grundschule-riedenberg.de/,,,,,,,,,,,,,,,,,,N/A,"Kulturelle Vielfalt, Entwicklung der Persönlichkeit, Atelier, Bewegte Schule, Projekte, Zusatzangebote",,,,,,,,,48.73870274990786,9.22184488134594,jedeschule.codefor.de + Stuttgart Schulwegweiser PDF,,,,,,,Unfallatlas,,,,,,,,,,1110,,5,147,,,17,,,,,,,,,,,,,,,,,,,,,,1.0,Sehr sicher,,,,,U-Bahn (48.7409),307,48.7408961,9.2193112,,U-Bahn (48.7416),415,48.7415862,9.218247,,Sillenbuch,906,48.7445102,9.2131869,,Schemppstraße,368,48.7412781,9.2186974,,Bockelstraße,453,48.7396825,9.2278458,,Heumaden,883,48.7381366,9.2338599,,Geschwister-Scholl-Gymnasium,127,48.7379264,9.2205654,,Kemnater Straße,167,48.7398264,9.2203413,,Bus (48.7403),183,48.7402907,9.2211993,,53,,50.0,,,"Grundschule Riedenberg ist eine Grundschule in Stuttgart. Adresse: Klara-Neuburger-Straße 2, 70619 Stuttgart. Stadtbezirk: Sillenbuch. Die Schule ist in öffentlicher Trägerschaft. Mittlere ÖPNV-Anbindung. Niedrige Kriminalitätsbelastung im Bezirk.","Die Grundschule Riedenberg in Stuttgart, gelegen in der Klara-Neuburger-Straße 2, 70619 Stuttgart, ist eine öffentliche Grundschule, die sich dem gemeinsamen Leben und Lernen verschrieben hat. Ihr umfassendes Schulprofil basiert auf einem Leitbild, das den respektvollen Umgang von Kindern mit unterschiedlichem kulturellem und gesellschaftlichem Hintergrund in den Vordergrund stellt und kulturelle Vielfalt als eine zentrale Chance und Bereicherung für die gesamte Schulgemeinschaft begreift. Die Schule legt großen Wert auf die ganzheitliche Entwicklung der Persönlichkeit der Schülerinnen und Schüler, ergänzend zur Vermittlung und dem Erwerb fachlicher Kompetenzen, und orientiert sich dabei an gemeinsamen Werten, die in der Schulordnung verankert sind. Das pädagogische Konzept der Grundschule Riedenberg ist vielfältig und innovativ. Zu den besonderen Merkmalen gehören das ""Atelier"", das Raum für kreative Entfaltung und künstlerisches Arbeiten bietet, sowie das Konzept der ""Bewegten Schule"", das Bewegung und körperliche Aktivität als festen Bestandteil in den Schulalltag integriert, um die Konzentrationsfähigkeit und das Wohlbefinden der Kinder zu fördern. Regelmäßige Projekte und vielfältige Zusatzangebote, die über den regulären Unterricht hinausgehen, bereichern das Schulleben und bieten den Kindern zusätzliche Lern- und Entwicklungsmöglichkeiten in verschiedenen Bereichen. Um den individuellen Bedürfnissen der Kinder gerecht zu werden, bietet die Schule zudem eine Grundschulförderklasse und eine Vorbereitungsklasse an. Ein starkes Gemeinschaftsgefühl wird durch die enge Zusammenarbeit aller Beteiligten – Schülerinnen und Schüler, Eltern, Lehrerinnen und Lehrer sowie dem Team des Schülerhauses – gefördert, die gemeinsam zum Gelingen des Schullebens beitragen. Die Schulsozialarbeit ist ein integraler Bestandteil des Angebots und bietet Unterstützung und Beratung für Schüler und Familien. Die Grundschule Riedenberg versteht sich als einen lebendigen und inklusiven Lebensraum, in dem Respekt, gegenseitige Wertschätzung und die Entfaltung jedes Einzelnen zentrale Werte sind. Sie schafft eine Umgebung, in der jedes Kind willkommen ist und sein volles Potenzial entfalten kann, um auf die Herausforderungen einer vielfältigen Gesellschaft vorbereitet zu sein.",,,,,,,,,,,7.0,6.0,5.0,1.0,,,,,Kostenfrei (öffentliche Schule),,,,,,,,,,,,,,,,,,,,,,,,,,1110,,2025,Baden-Württemberg,66.9,0.5,25240,bezirk_estimated,17,67.0,4398.5,147,584.1,Stuttgart,1110,4398.4,5,18.8,9,36.5,2026-08-23,stuttgart.de Adressverzeichnis,,STG-17808,STG-17696,STG-17941,Stuttgart,"Schemppstraße 85, 70619 Stuttgart, Germany",200.0,48.7397757,9.2196529,Sehne Ihr Familienbäcker,"Schemppstraße 81, 70619 Stuttgart, Germany",217.0,48.739595099999995,9.2192117,Markt-Bäckerei Bauer Stuttgart-Riedenberg,"Schemppstraße 81, 70619 Stuttgart, Germany",220.0,48.739679,9.2192328,E neukauf Stuttgart,"Bernsteinstraße 3, 70619 Stuttgart, Germany",321.0,48.7384096,9.226203,Tageseinrichtung für Kinder Bernsteinstraße,"Paprikastraße 20, 70619 Stuttgart, Germany",600.0,48.740651500000006,9.2294811,Kindergärten/tageheim,"Spaichinger Str. 20, 70619 Stuttgart, Germany",628.0,48.7412863,9.2142295,Kinderhaus Sillenbuch e.V.,"Lange Morgen 19, 70619 Stuttgart, Germany",830.0,48.7417222,9.2322014,Elementary and Werkrealschule Heumaden,"Silberwaldstraße 22, 70619 Stuttgart, Germany",1195.0,48.74696,9.2114101,Deutsch-Französische Grundschule/Ecole Franco-Allemande (Von 6-10 Jahren),"Tiefenbachstraße 66A, 70329 Stuttgart, Germany",1953.0,48.756263399999995,9.2219005,Tiefenbach-Schule,0.0,"Kemnater Str. 57, 70619 Stuttgart, Germany",207.0,48.73734,9.22376,Kupferkessel bei Gino und Rita,"Kirchheimer Str. 126, 70619 Stuttgart, Germany",288.0,48.7401187,9.2185606,CQ Flavour,"Bernsteinstraße 128, 70619 Stuttgart, Germany",404.0,48.7368301,9.2265692,Pizza Heumadener,3.0,"Schemppstraße 83, 70619 Stuttgart, Germany",185.0,48.7396381,9.2197643,Netto Marken-Discount,"Schemppstraße 81, 70619 Stuttgart, Germany",220.0,48.739679,9.2192328,E neukauf Stuttgart,"Kirchheimer Str. 130, 70619 Stuttgart, Germany",229.0,48.7401467,9.219615,Griechische Spezialitäten Kontos,,Stuttgart,"Die Grundschule Riedenberg in Stuttgart ist eine öffentliche Grundschule, die sich auf die ganzheitliche Persönlichkeitsentwicklung und die Förderung kultureller Vielfalt konzentriert. Sie bietet spezielle Programme wie das Atelier und die Bewegte Schule sowie Zusatzangebote und legt Wert auf respektvolles Miteinander in einer starken Schulgemeinschaft.","Grundschule Riedenberg in Stuttgart is a public primary school focused on holistic personality development and fostering cultural diversity. It offers special programs like the Atelier and Active School, along with additional activities, emphasizing respectful interaction within a strong school community.",4,0,16,5,6.7,11,4,20,"2025,2024,2023",84,21
STG-56088,Grundschule Stuttgart-Stammheim,Grundschule,Grundschule,Öffentlich,,Fliegenweg 4,70439,Stammheim,Stammheim,0711 21659730,poststelle.grundschulestammheim@stuttgart.de,https://grundschule-stammheim.de/,Kathrin Theurer,,,,,,,,,,,,,,,,,N/A,"Sprachbildung, Lese- und Schreibförderung (BiSS-Transfer), Zukunftswerkstatt, Kreativitätsförderung, Sportschule",,,,,,,,,48.84812264078773,9.154352275672707,jedeschule.codefor.de + Stuttgart Schulwegweiser PDF,,,,,,,Unfallatlas,,,,,,,,,,888,,4,118,,,14,,,,,,,,,,,,,,,,,,,,,,4.0,Sicher,400.0,30.0,,,Stuttgart Neuwirtshaus (Porscheplatz),1596,48.8338388,9.1522098,,U-Bahn (48.8323),2114,48.8322673,9.1702915,,U-Bahn (48.8322),2129,48.8322288,9.1705762,,Stammheim,252,48.850041,9.1561744,,Korntaler Straße,258,48.8466944,9.157128,,Heutingsheimer Straße,728,48.8424502,9.1593153,,Freihofplatz,153,48.8492863,9.1554571,,Wespenweg,166,48.8494183,9.153212,,Stammheim,191,48.8494647,9.1559825,,70,,50.0,,,"Grundschule Stuttgart-Stammheim ist eine Grundschule in Stuttgart. Adresse: Fliegenweg 4, 70439 Stuttgart. Stadtbezirk: Stammheim. Die Schule ist in öffentlicher Trägerschaft. Mittlere ÖPNV-Anbindung.","Die Grundschule Stuttgart-Stammheim, eine öffentliche reine Grundschule in Stuttgart-Stammheim, zeichnet sich durch ihr integratives pädagogisches Konzept aus. Gelegen am Fliegenweg 4, 70439 Stuttgart, bietet sie rund 400 Schülern und Schülerinnen eine umfassende Bildungsumgebung, die von einem engagierten Team von 30 Lehrkräften und pädagogischen Fachkräften betreut wird. Unter der Leitung von Kathrin Theurer legt die Schule großen Wert auf ein ""Miteinander-Klassen""-Modell, bei dem Halbtages- und Ganztageskinder gemeinsam in allen Klassen lernen, was eine flexible Betreuung durch die verlässliche Ganztagsschule und Halbtagsbetreuung ermöglicht.

Ein besonderer Fokus liegt auf der Förderung individueller Talente und Fähigkeiten. Die Grundschule Stammheim ist als Sportschule anerkannt und integriert Sport und Bewegung aktiv in den Schulalltag, um die körperliche Entwicklung der Kinder zu unterstützen. Darüber hinaus wird die Kreativitätsförderung großgeschrieben, was sich in verschiedenen Projekten und Angeboten widerspiegelt. Ein herausragendes Merkmal ist die ""Zukunftswerkstatt"", ein innovatives Projekt, das die Schülerinnen und Schüler dazu anregt, über zukünftige Lebens- und Umgangsformen nachzudenken und aktiv mitzugestalten.

Die Schule engagiert sich zudem stark in der Sprachbildung sowie der Lese- und Schreibförderung, unter anderem durch die Teilnahme am BiSS-Transfer-Programm, um allen Kindern eine solide Grundlage für ihre schulische Laufbahn zu bieten. Die enge Zusammenarbeit mit Elternbeirat und Förderverein sowie weiteren Kooperationspartnern stärkt das Gemeinschaftsgefühl und bereichert das Schulleben. Die Grundschule Stammheim schafft somit eine dynamische und unterstützende Lernumgebung, die auf die ganzheitliche Entwicklung ihrer Schülerinnen und Schüler abzielt und sie auf zukünftige Herausforderungen vorbereitet.",,,,,,,,,,,5.0,10.0,6.0,8.0,,,,,Kostenfrei (öffentliche Schule),,,,,,,,,,,,,,,,,,,,,,,,400.0,30.0,888,2024_25,2025,Baden-Württemberg,66.9,0.8,12620,bezirk_estimated,14,107.2,7037.6,118,934.5,Stuttgart,888,7037.4,4,30.0,7,58.4,2026-08-23,stuttgart.de Adressverzeichnis,,STG-17925,STG-17941,STG-17660,Stuttgart,"Freihofstraße 2 - 8, 70439 Stuttgart, Germany",145.0,48.8487351,9.1561007,Sehne Ihr Familienbäcker,"Freihofstraße 21, 70439 Stuttgart, Germany",157.0,48.8476175,9.1563605,Siegel Backkultur,"Asperger Str. 2, 70439 Stuttgart, Germany",174.0,48.84935,9.1558227,Billard Café,"Burtenbachstraße 11, 70439 Stuttgart, Germany",85.0,48.84735930000001,9.1543803,Tageseinrichtung für Kinder Burtenbachstraße,"Münchinger Str. 21, 70439 Stuttgart, Germany",185.0,48.849597,9.153169,Zwergenfarm,"Goldkäferweg 18, 70439 Stuttgart, Germany",354.0,48.851141,9.1527944,Kindergarten Goldkäferweg,"Syltstraße 18, 70439 Stuttgart, Germany",1517.0,48.836262299999994,9.1441174,Förderverein Neuwirtshausschule e.V.,"Bolzstraße 96, 70806 Kornwestheim, Germany",1810.0,48.8571995,9.1748805,Eugen-Bolz-Schule,"Markgröninger Str. 38, 70435 Stuttgart, Germany",2026.0,48.8337046,9.1712764,Rosenschule Zuffenhausen,0.0,"Freihofstraße 9, 70439 Stuttgart, Germany",107.0,48.8482595,9.1557958,Grill-Hähnchen-Express Stuttgart und Kornwestheim,"Freihofstraße 7, 70439 Stuttgart, Germany",111.0,48.8484428,9.1557866,Stammheimer Pizza und Kebap,"Freihofstraße 7, 70439 Stuttgart, Germany",112.0,48.8484482,9.1557936,Döner Kebap,4.0,"Freihofstraße 2, 70439 Stuttgart, Germany",160.0,48.8489136,9.1561714,Netto Marken-Discount,"Freihofstraße 22-24, 70439 Stuttgart, Germany",197.0,48.847464599999995,9.156853,REWE,"Freihofstraße 22-24, 70439 Stuttgart, Germany",198.0,48.8474857,9.1568736,Weihnachtsbaumverkauf,,Stuttgart,"Die Grundschule Stuttgart-Stammheim ist eine öffentliche Grundschule mit rund 400 Schülern und 30 Lehrkräften, die ein integratives ""Miteinander-Klassen""-Konzept verfolgt und verlässliche Ganztags- sowie Halbtagsbetreuung bietet. Als anerkannte Sportschule fördert sie zudem Kreativität und Sprachbildung durch innovative Projekte wie die ""Zukunftswerkstatt"" und das BiSS-Transfer-Programm. Unter der Leitung von Kathrin Theurer zielt die Schule auf die ganzheitliche Entwicklung ihrer Schülerinnen und Schüler ab.","Grundschule Stuttgart-Stammheim is a public primary school with approximately 400 students and 30 teachers, implementing an inclusive ""Miteinander-Klassen"" concept and offering reliable full-day and half-day care. Recognized as a sports school, it also promotes creativity and language education through innovative projects like the ""Zukunftswerkstatt"" and the BiSS-Transfer program. Led by Kathrin Theurer, the school aims for the holistic development of its students.",10,0,27,9,9.3,16,1,28,"2025,2024,2023",97,28
STG-17781,Grundschule Uhlbach,Grundschule,Grundschule,Öffentlich,,Luise-Benger-Straße 10,70329,Obertürkheim,Obertürkheim,0711 21633580,poststelle.grundschule.uhlbach@stuttgart.de,https://www.grundschule-uhlbach.de/,Anja Lösch,,,,,,,,,,,,,,,,,N/A,"Sportprojekte, Umweltbildung (Streuobstwiese), Inklusionsprojekte, Kooperationen mit Bibliotheken und Nachmittagsbetreuung (HEIDELBEERE).",,,,,,,,,48.77513232789929,9.281470880228268,jedeschule.codefor.de + Stuttgart Schulwegweiser PDF,,,,,,,Unfallatlas,,,,,,,,,,648,,3,86,,,10,,,,,,,,,,,,,,,,,,,,,,3.0,Sehr sicher,,,,,Stuttgart-Obertürkheim,1780,48.7617575,9.2681173,,Stuttgart-Untertürkheim,2330,48.7798209,9.2504725,,Esslingen-Mettingen,3133,48.7472159,9.2756947,,Untertürkheim Bf,2354,48.779238,9.2499527,,Stadtwerke Stuttgart,2548,48.7669119,9.2490146,,Schlotterbeckstraße,2583,48.7841027,9.2489496,,Uhlbach,187,48.7755598,9.2790021,,Bus (48.7756),194,48.7755961,9.2789153,,Bus (48.7744),262,48.7744087,9.2780621,,8,,46.0,,,"Grundschule Uhlbach ist eine Grundschule in Stuttgart. Adresse: Luise-Benger-Straße 10, 70329 Stuttgart. Stadtbezirk: Obertürkheim. Die Schule ist in öffentlicher Trägerschaft. Mittlere ÖPNV-Anbindung. Niedrige Kriminalitätsbelastung im Bezirk.","Die Grundschule Uhlbach, eine öffentliche Primarschule in der Luise-Benger-Straße 10, 70329 Stuttgart, zeichnet sich durch ihr Leitbild eines ""Wertschätzenden Miteinanders"" aus, das den Kern ihrer pädagogischen Arbeit bildet. Unter der Leitung von Rektorin Anja Lösch bietet die Schule ein vielfältiges und ganzheitliches Bildungsumfeld. Ein besonderer Fokus liegt auf der Förderung von Sport und Bewegung durch Projekte wie die ""Jahresuhr des Sports"", die in Kooperation mit Stuttgarter Sportvereinen Kindern Einblicke in verschiedene Sportarten ermöglicht, sowie Schnuppertrainings, beispielsweise im Tennis. Im Bereich der Umweltbildung engagiert sich die Grundschule Uhlbach aktiv, unter anderem durch das Projekt ""Ein Tag auf der Streuobstwiese"", bei dem Schülerinnen und Schüler Apfel- und Birnbäume pflanzen und deren Pflege übernehmen. Dies fördert das Bewusstsein für Natur und Nachhaltigkeit. Die Schule ist zudem in Inklusionsprojekte involviert, wie die Unterstützung einer inklusiven Skifreizeit, was ihr Engagement für eine vielfältige und zugängliche Bildung unterstreicht. Die Grundschule Uhlbach pflegt zahlreiche Kooperationen, die das schulische Angebot erweitern. Dazu gehören die Zusammenarbeit mit der Nachmittagsbetreuung HEIDELBEERE, die Vorschulnachmittage und weitere Veranstaltungen anbietet, sowie mit den Stadtteilbibliotheken für kostenfreie Vorträge und die Pop Up Bibliothek für Generationennachmittage und Kinder-Kunst-Ateliers. Ein aktiver Elternbeirat und ein Förderverein unterstützen die Schule maßgeblich bei ihren Projekten und der Gestaltung des Schullebens. Durch diese umfassenden Angebote und Kooperationen schafft die Grundschule Uhlbach ein dynamisches Lernumfeld, das die individuelle Entwicklung der Kinder in den Mittelpunkt stellt und sie auf vielfältige Weise fördert.",,,,,,,,,,,4.0,6.0,1.0,0.0,,,,,Kostenfrei (öffentliche Schule),,,,,,,,,,,,,,,,,,,,,,,,,,648,,2025,Baden-Württemberg,66.9,0.7,10520,bezirk_estimated,10,93.8,6157.9,86,817.7,Stuttgart,648,6157.7,3,26.3,5,51.1,2026-08-23,stuttgart.de Adressverzeichnis,,STG-17941,STG-17929,STG-17800-GS,Stuttgart,"Uhlbacher Str. 206, 70329 Stuttgart, Germany",359.0,48.7746435,9.2766258,Uhlbacher Bäckerei Konditorei Stehcafe Snackbar,,,,,,,,,,,"Aprikosenstraße 24, 70329 Stuttgart, Germany",1381.0,48.7675808,9.2665071,Kath. Kindergarten,"Betzgerstraße 29, 73733 Esslingen am Neckar, Germany",1636.0,48.7625392,9.2930154,ev. Kindergarten Arche Noha,"Sulzgrieser Str. 109/1, 73733 Esslingen am Neckar, Germany",1889.0,48.7598011,9.2925772,Städtische Kindertagesstätte Sulzgries,"Uhlbacher Str. 18, 70329 Stuttgart, Germany",1530.0,48.76353,9.2702465,Grundschule Obertürkheim,"Sulzgrieser Str. 109, 73733 Esslingen am Neckar, Germany",1896.0,48.759719999999994,9.29253,Grundschule Sulzgries,"Oberstdorfer Str. 23, 70327 Stuttgart, Germany",2261.0,48.782734,9.2528476,Wilhelmsschule Untertürkheim,0.0,"Tiroler Str. 23, 70329 Stuttgart, Germany",205.0,48.7744116,9.2840419,Uhlbacher Gastronomie- und Handelsgesellschaft mbH,"Uhlbacher Str. 234, 70329 Stuttgart, Germany",221.0,48.776015699999995,9.2787692,Perle Einkehr und Genuss,"Uhlbacher Str. 225, 70329 Stuttgart, Germany",251.0,48.7760675,9.2783484,Krone,1.0,"Landecker Str. 5, 70329 Stuttgart, Germany",136.0,48.774042599999994,9.28062,"Obsthof Nanz, Inh. Markus Nanz","Uhlbacher Pl., 70329 Stuttgart, Germany",225.0,48.776041,9.2787264,Culimat - Eis und Regio Produkte Automat,"Uhlbacher Str. 201, 70329 Stuttgart, Germany",342.0,48.775099999999995,9.2768,Bioland-Hofladen Ortlieb,,Stuttgart,"Die Grundschule Uhlbach ist eine öffentliche Primarschule in Stuttgart, die sich durch ihr Leitbild ""Wertschätzendes Miteinander"" auszeichnet. Unter der Leitung von Anja Lösch bietet sie vielfältige Sport- und Umweltbildungsprojekte, wie die ""Jahresuhr des Sports"" und die Pflege einer Streuobstwiese. Zudem engagiert sie sich in Inklusionsprojekten und pflegt Kooperationen mit der Nachmittagsbetreuung HEIDELBEERE und lokalen Bibliotheken, um ein ganzheitliches Lernumfeld zu schaffen.","Grundschule Uhlbach is a public primary school in Stuttgart, characterized by its guiding principle of ""Appreciative Coexistence."" Led by Anja Lösch, it offers diverse sports and environmental education projects, such as the ""Sports Year Clock"" and the care of an orchard meadow. The school is also involved in inclusion projects and maintains cooperations with the HEIDELBEERE after-school care and local libraries to create a holistic learning environment.",0,0,3,1,1.0,2,0,3,"2025,2024,2023",314,6
STG-17839,Grundschule Zazenhausen,Grundschule,Grundschule,Öffentlich,,Landsknechtstraße 3,70437,Zuffenhausen,Zuffenhausen,0711 21621050,poststelle.grundschule.zazenhausen@stuttgart.de,http://www.grundschule-zazenhausen.de/,,,,,,,,,,,,,,,,,,N/A,,,,,,,,,,48.841838351010715,9.193556778183728,jedeschule.codefor.de + Stuttgart Schulwegweiser PDF,,,,,,,Unfallatlas,,,,,,,,,,3694,,16,491,,,56,,,,,,,,,,,,,,,,,,,,,,7.0,Durchschnittlich,250.0,,,,Stuttgart-Zazenhausen,777,48.8360504,9.1995088,,U-Bahn (48.8321),1957,48.8321247,9.171266,,U-Bahn (48.8322),1993,48.8322288,9.1705762,,Himmelsleiter,769,48.8374087,9.201619,,Tapachstraße,891,48.8339314,9.1955664,,Suttnerstraße,965,48.8406191,9.2066065,,Zazenhausen Viadukt,258,48.8395526,9.1941786,413.0,Krone,346,48.8406988,9.1979599,,Steigle,473,48.842753,9.1998758,413,21,,50.0,,,"Grundschule Zazenhausen ist eine Grundschule in Stuttgart. Adresse: Landsknechtstraße 3, 70437 Stuttgart. Stadtbezirk: Zuffenhausen. Die Schule ist in öffentlicher Trägerschaft. Mittlere ÖPNV-Anbindung.","Die Grundschule Zazenhausen ist eine öffentliche Grundschule in Stuttgart-Zazenhausen, einem grünen Vorort, der von Feldern umgeben ist und eine kinderfreundliche Umgebung mit vielen Spielmöglichkeiten und ruhiger Verkehrslage bietet. Die Schule, die sich in der Landsknechtstraße 3, 70437 Stuttgart befindet, wird von etwa 250 Schülerinnen und Schülern besucht. Sie besteht aus zwei Hauptgebäuden, die 1993 und 2009 errichtet wurden, sowie zusätzlichen Containern mit zwei Klassenzimmern, die Ende 2017 aufgestellt wurden. 

Das Leitbild der Grundschule Zazenhausen konzentriert sich darauf, den Kindern Freude am Lernen zu vermitteln und eine vertrauensvolle Atmosphäre zu schaffen, in der sich Schüler, Eltern und Lehrkräfte wohlfühlen. Der Unterricht zeichnet sich durch Rituale und Methodenvielfalt aus, die die Lernfreude und Motivation fördern, wobei Inhalte über „Herz, Hand und Verstand“ vermittelt werden. Die Schule bietet gezielte Förderung an und legt Wert auf gegenseitige Rücksichtnahme für erfolgreiches Lernen. 

Im Bereich der Erziehung vermitteln Eltern und Lehrkräfte verbindliche Werte und leben diese vor. Freundlichkeit, Respekt und Toleranz prägen die Umgangsformen, und Konflikte sollen offen und angstfrei gelöst werden. Die Schulgemeinschaft ist für die Sauberkeit und Ordnung der Schule und ihrer Außenanlagen verantwortlich und achtet auf die Einhaltung verbindlicher Regeln. Die Schule pflegt einen intensiven Dialog und eine gute Zusammenarbeit mit den Eltern sowie Kooperationen mit örtlichen Vereinen, Organisationen, Kirchen, Kindergärten und weiterführenden Schulen. Schulversammlungen und Jahreszeitenfeste stärken das Gemeinschaftsgefühl, und die Wertschätzung sowie Förderung der individuellen Persönlichkeit bilden die Basis für ein positives Schulklima.",,,,,,,,,,,0.0,2.0,1.0,3.0,,,,,Kostenfrei (öffentliche Schule),,,,,,,,,,,,,,,,,,,,,,,,250.0,,3694,2024_25,2025,Baden-Württemberg,66.9,1.1,38180,bezirk_estimated,56,147.4,9676.7,491,1285.0,Stuttgart,3694,9676.4,16,41.3,31,80.3,2026-08-23,stuttgart.de Adressverzeichnis,,STG-17800-GS,STG-17703,STG-17893,Stuttgart,"Kirchäckerstraße 4, 70437 Stuttgart, Germany",357.0,48.8410247,9.1982762,Siegel Backkultur,,,,,,,,,,,"Frundsbergstraße 27, 70437 Stuttgart, Germany",48.0,48.8416165,9.1941115,zazenhausen -Evangelisch-Katholischer Kindergarten,"Tulpenapfelweg 30, 70437 Stuttgart, Germany",359.0,48.839920199999995,9.1896124,educcare Kita Stuttgart Zuffenhausen I,"Tulpenapfelweg 26, 70437 Stuttgart, Germany",426.0,48.8396119,9.1888241,educcare Kita Zuffenhausen ll,"Rotweg 127, 70437 Stuttgart, Germany",737.0,48.8353182,9.1917315,Ernst-Abbe-Schule,"Adalbert-Stifter-Straße 52a, 70437 Stuttgart, Germany",1120.0,48.837869999999995,9.20763,Helene-Fernau-Horn-Schule Stuttgart,"Adalbert-Stifter-Straße 50, 70437 Stuttgart, Germany",1142.0,48.8383895,9.2082562,Herbert-Hoover-Schule,0.0,"Vogteiweg 9, 70437 Stuttgart, Germany",269.0,48.843039999999995,9.19037,Club Restaurant,"Vogteiweg 9, 70437 Stuttgart, Germany",269.0,48.843039999999995,9.19037,Vereinslokal Tvz,,,,,,2.0,,,,,,,,,,,,,,,,,Stuttgart,"Die Grundschule Zazenhausen ist eine öffentliche Grundschule in Stuttgart-Zazenhausen mit etwa 250 Schülern. Sie legt Wert auf die Vermittlung von Lernfreude, gegenseitigen Respekt und eine enge Zusammenarbeit mit Eltern und der lokalen Gemeinschaft. Das Leitbild betont eine vertrauensvolle Atmosphäre und die Förderung individueller Persönlichkeiten.","Grundschule Zazenhausen is a public primary school in Stuttgart-Zazenhausen with approximately 250 students. It emphasizes fostering a joy for learning, mutual respect, and close cooperation with parents and the local community. The school's mission statement highlights a trusting atmosphere and the promotion of individual personalities.",6,1,7,0,3.0,5,1,9,"2025,2024,2023",262,12
STG-17680,Hattenbühlschule,Grundschule,Grundschule,Öffentlich,1975.0,Linzer Straße 90,70469,Feuerbach,Feuerbach,0711 21634380,poststelle.hattenbuehlschule@stuttgart.de,https://www.hattenbuehlschule.de/,Frau Berrer,,,,,,,,,,,,,,,,,N/A,"Teilgebundene Ganztagesschule, Differenzierungsräume und Lernmitten für zukunftsfähige Schule, Holz-Hybridbauweise.",,,,,,,,,48.81691793638405,9.1528397525413,jedeschule.codefor.de + Stuttgart Schulwegweiser PDF,,,,,,,Unfallatlas,,,,,,,,,,2680,,11,356,,,41,,,,,,,,,,,,,,,,,,,,,,6.0,Durchschnittlich,285.0,23.0,,,Stuttgart-Feuerbach,1264,48.813504,9.1693064,,Stuttgart-Zuffenhausen,1753,48.8295258,9.16721,,Stuttgart Neuwirtshaus (Porscheplatz),1882,48.8338388,9.1522098,,Wilhelm-Geiger-Platz,745,48.811597,9.1590252,,Föhrich,786,48.8101114,9.1499308,,Sportpark Feuerbach,1107,48.8097738,9.1423202,,Kerschensteinerschule,532,48.8133164,9.157613,,Wilhelm-Geiger-Platz,719,48.8116714,9.1585692,,Bus (48.8101),769,48.8101391,9.1507947,,19,"91, N3",20.0,,,"Hattenbühlschule ist eine Grundschule in Stuttgart. Adresse: Linzer Straße 90, 70469 Stuttgart. Stadtbezirk: Feuerbach. Die Schule ist in öffentlicher Trägerschaft. Eingeschränkte ÖPNV-Anbindung.","Die Hattenbühlschule ist eine öffentliche Grundschule, die 1975 gegründet wurde und auf dem Lemberg, hoch über Stuttgart-Feuerbach, am Waldrand liegt. Sie betreut etwa 285 Schülerinnen und Schüler der Klassen 1 bis 4 und wird von 23 Lehrkräften unter der Leitung von Frau Berrer unterrichtet. Ein zentrales Merkmal ist ihr Konzept als teilgebundene Ganztagesschule. Seit dem Schuljahr 2019/20 werden zwei Klassen der ersten Stufe im Ganztag und elf Klassen der Stufen 1-4 im Halbtag unterrichtet. Die Schule legt Wert auf eine zukunftsfähige Bildung und verfügt über Differenzierungsräume sowie moderne Lernmitten. Ihre Architektur ist durch eine Holz-Hybridbauweise geprägt, die Nachhaltigkeit und modernes Design vereint. Der große Pausenhof bietet vielfältige Möglichkeiten zum Spielen, Erholen und Erkunden in der naturnahen Umgebung. Die Hattenbühlschule fördert eine einladende Atmosphäre und informiert regelmäßig über aktuelle Ereignisse und das Schulleben auf ihrer Website. Die Adresse der Schule ist Linzer Straße 90, 70469 Stuttgart.",,,,,,,,,,,0.0,1.0,0.0,2.0,,,,,Kostenfrei (öffentliche Schule),,,,,,,,,,,,,,,,,,,,,,,,285.0,23.0,2680,2024_25,2025,Baden-Württemberg,66.9,1.0,30470,bezirk_estimated,41,134.0,8797.0,356,1168.2,Stuttgart,2680,8796.7,11,37.5,22,73.0,2026-08-23,stuttgart.de Adressverzeichnis,,STG-421397,STG-17699,STG-56088,Stuttgart,,,,,,,,,,,,,,,,"Sauerlandstraße 1, 70469 Stuttgart, Germany",344.0,48.8142417,9.1504864,Evangelischer Kindergarten Hattenbühl,"Leobener Str. 94, 70469 Stuttgart, Germany",454.0,48.8162895,9.1589644,element-i Kinderhaus Feuerland,"Steigerwaldstraße 10, 70469 Stuttgart, Germany",739.0,48.8113841,9.1472429,Kinderland Pusteblume e.V.,"Sartoriusstraße 3, 70469 Stuttgart, Germany",1178.0,48.80676,9.1574263,Föhrichschule Feuerbach,"Dieterlestraße 26, 70469 Stuttgart, Germany",1271.0,48.806064799999994,9.1582984,Bach-Schule Grundschule,"Marconistraße 65, 70435 Stuttgart, Germany",1370.0,48.8291887,9.1544461,Grundschule am Stadtpark,0.0,"Steiermärker Str. 90, 70469 Stuttgart, Germany",496.0,48.8126073,9.1545758,Im Eimer,,,,,,,,,,,3.0,,,,,,,,,,,,,,,,,Stuttgart,"Die Hattenbühlschule ist eine 1975 gegründete öffentliche Grundschule in Stuttgart-Feuerbach mit 285 Schülern und 23 Lehrkräften. Sie ist eine teilgebundene Ganztagesschule, die zukunftsfähiges Lernen durch Differenzierungsräume und Lernmitten fördert. Die Schule zeichnet sich durch ihre naturnahe Lage, einen großen Pausenhof und eine Holz-Hybridbauweise aus.","Hattenbühlschule is a public primary school in Stuttgart-Feuerbach, founded in 1975, serving 285 students with 23 teachers. It operates as a partially full-day school, promoting future-oriented learning through differentiation rooms and modern learning centers. The school is notable for its natural setting, a spacious playground, and its wood-hybrid construction.",2,0,2,0,1.0,2,1,3,"2025,2024,2023",161,0
STG-421397,Hattenbühlschule Standort Sartoriusstraße,Grundschule,Grundschule,Öffentlich,1975.0,Sartoriusstraße 3,70469,Feuerbach,Feuerbach,0711 21634380,info@hattenbuehlschule.de,https://www.hattenbuehlschule.de/,Christine Berrer,,,,,,,,,,,,,,,,,N/A,"Kooperation mit Musikschule Stuttgart, Differenzierungsräume und Lernmitten für zukunftsfähige Schule.",,,,,,,,,48.80678251203789,9.157316950456089,jedeschule.codefor.de + Stuttgart Schulwegweiser PDF,,,,,,,Unfallatlas,,,,,,,,,,2680,,11,356,,,41,,,,,,,,,,,,,,,,,,,,,,6.0,Durchschnittlich,333.0,24.0,,,Stuttgart-Feuerbach,1153,48.813504,9.1693064,,Parkbahnhof,1236,48.8017525,9.1723629,,Killesberg,1271,48.7993022,9.1704395,,Wilhelm-Geiger-Platz,550,48.811597,9.1590252,,Föhrich,655,48.8101114,9.1499308,,Feuerbach Bahnhof,1104,48.8136314,9.1682336,,Hohewartstraße,225,48.8086978,9.1563052,91;N3,Wildensteinstraße,288,48.8045428,9.1553521,,Stuttgarter Straße,327,48.8093268,9.1595466,,32,"91, N3",50.0,,,"Hattenbühlschule Standort Sartoriusstraße ist eine Grundschule in Stuttgart. Adresse: Sartoriusstraße 3, 70469 Stuttgart. Stadtbezirk: Feuerbach. Die Schule ist in öffentlicher Trägerschaft. Mittlere ÖPNV-Anbindung. Mittleres Verkehrsunfallaufkommen (16/Jahr).","Die Hattenbühlschule Standort Sartoriusstraße ist eine öffentliche Grundschule in Stuttgart, die im Jahr 1975 gegründet wurde. Unter der Leitung von Christine Berrer bietet sie eine umfassende Bildung für 333 Schülerinnen und Schüler, die von einem engagierten Kollegium von 24 Lehrkräften unterrichtet werden. Als teilgebundene Ganztagesschule integriert sie sowohl Halbtags- als auch Ganztagsangebote für die Klassenstufen 1 bis 4, was den Familien flexible Betreuungs- und Lernmöglichkeiten bietet. Ein besonderes Merkmal der Schule ist die enge Kooperation mit der Musikschule Stuttgart, die das kulturelle und kreative Angebot für die Kinder bereichert. Darüber hinaus legt die Hattenbühlschule Wert auf eine zukunftsfähige Pädagogik, die sich in der Ausstattung mit Differenzierungsräumen und modernen Lernmitteln widerspiegelt. Diese Ressourcen ermöglichen individualisiertes Lernen und fördern unterschiedliche Lernstile und -bedürfnisse der Schüler. Die Schule befindet sich in der Sartoriusstraße 3, 70469 Stuttgart und ist ein wichtiger Bestandteil der lokalen Bildungslandschaft.",,,,,,,,,,,10.0,20.0,14.0,4.0,,,,,Kostenfrei (öffentliche Schule),,,,,,,,,,,,,,,,,,,,,,,,333.0,24.0,2680,2024_25,2025,Baden-Württemberg,66.9,1.0,30470,bezirk_estimated,41,134.0,8797.0,356,1168.2,Stuttgart,2680,8796.7,11,37.5,22,73.0,2026-08-23,stuttgart.de Adressverzeichnis,,STG-17680,STG-17642,STG-43591,Stuttgart,"K9501 17, 70469 Stuttgart, Germany",56.0,48.806957,9.156598,Eynesil,"Klagenfurter Str. 19, 70469 Stuttgart, Germany",213.0,48.8082066,9.1592584,Energy Point Stuttgart,"Stuttgarter Str. 83, 70469 Stuttgart, Germany",236.0,48.808853799999994,9.1580277,Champagne - Champagnerverkauf & -verkostung,"Burgenlandstraße 108, 70469 Stuttgart, Germany",368.0,48.8100826,9.1570106,Kita Die Kleine Raupe (Bethanien Diakonissen-Stiftung),"Wiener Str. 102, 70469 Stuttgart, Germany",452.0,48.8102484,9.1540822,Kindergärten/tageheim,"Stuttgarter Str. 49, 70469 Stuttgart, Germany",471.0,48.809754899999994,9.1618916,Day care facility for children Stuttgarter Strasse,"Dieterlestraße 26, 70469 Stuttgart, Germany",107.0,48.806064799999994,9.1582984,Bach-Schule Grundschule,"Hohewartstraße 95, 70469 Stuttgart, Germany",684.0,48.8046493,9.1485503,Hohewartschule,"Linzer Str. 90, 70469 Stuttgart, Germany",1166.0,48.8168914,9.1530852,Hattenbühl-Schule,1.0,"Feuerbacher-Tal-Straße 34, 70469 Stuttgart, Germany",113.0,48.806223200000005,9.1560328,Restaurant Nagare,"Dieterlestraße 32, 70469 Stuttgart, Germany",132.0,48.8057525,9.1582242,Weinstube Mögle,"Mühlstraße 24, 70469 Stuttgart, Germany",145.0,48.8080895,9.1572756,Lamm Feuerbach,7.0,"Mühlstraße 9, 70469 Stuttgart, Germany",159.0,48.8076777,9.1590057,Gefako,"Hohewartstraße 11, 70469 Stuttgart, Germany",188.0,48.808229399999995,9.1560004,Anmol,"Hohewartstraße 4, 70469 Stuttgart, Germany",207.0,48.8085167,9.1562911,Netto Marken-Discount,,Stuttgart,"Die Hattenbühlschule Standort Sartoriusstraße ist eine 1975 gegründete öffentliche Grundschule in Stuttgart mit 333 Schülern und 24 Lehrkräften. Sie ist eine teilgebundene Ganztagesschule, die eine Kooperation mit der Musikschule Stuttgart pflegt und moderne Differenzierungsräume sowie Lernmittel für zukunftsfähiges Lernen bietet.","Hattenbühlschule Standort Sartoriusstraße is a public primary school in Stuttgart, founded in 1975, with 333 students and 24 teachers. It operates as a partially-bound full-day school, collaborates with the Stuttgart Music School, and features modern differentiation rooms and learning materials for future-oriented education.",12,0,41,15,15.7,24,6,47,"2025,2024,2023",68,12
STG-17672,Herbert-Hoover-Schule Standort Freiberg,Grundschule,Grundschule,Öffentlich,1966.0,Adalbert-Stifter-Straße 50,70437,Mühlhausen,Mühlhausen,0711 21689855,Poststelle.Herbert-Hoover-Schule@stuttgart.de,http://www.herbert-hoover-schule.de/,,,,,,,,,,,,,,,,,,N/A,"Gewaltprävention, Sprachförderung, Leseclub, Schulsozialarbeit",,,,,,,,,48.83823256603454,9.208151960675334,jedeschule.codefor.de + Stuttgart Schulwegweiser PDF,,,,,,,Unfallatlas,,,,,,,,,,1821,,8,242,,,28,,,,,,,,,,,,,,,,,,,,,,4.0,Sicher,,,,,Stuttgart-Zazenhausen,678,48.8360504,9.1995088,,Stuttgart-Münster,2035,48.8207118,9.2161743,,U-Bahn (48.8321),2784,48.8321247,9.171266,,Suttnerstraße,288,48.8406191,9.2066065,,Himmelsleiter,487,48.8374087,9.201619,,Freiberg,679,48.8441197,9.2106059,,Suttnerstraße,282,48.8407599,9.2078737,,Himmelsleiter,361,48.8374317,9.2033682,,Freiberg,688,48.8439211,9.2118377,,33,,50.0,,,"Herbert-Hoover-Schule Standort Freiberg ist eine Grundschule in Stuttgart. Adresse: Adalbert-Stifter-Straße 50, 70437 Stuttgart. Stadtbezirk: Mühlhausen. Die Schule ist in öffentlicher Trägerschaft. Mittlere ÖPNV-Anbindung.","Die Herbert-Hoover-Schule ist eine öffentliche Ganztagsgrundschule mit ihrem Hauptstandort in der Adalbert-Stifter-Straße 50, 70437 Stuttgart, und einer Außenstelle in Freiberg. Gegründet im Jahr 1966, bietet die Schule ein umfassendes Bildungs- und Betreuungsangebot für Grundschulkinder. Das Schulprofil basiert auf den ""Leitlinien der Grundschule"" und integriert spezielle Programme wie BISS Transfer und SINUS Mathe, die darauf abzielen, die sprachlichen und mathematischen Kompetenzen der Schülerinnen und Schüler zu stärken. Als Ganztagsschule legt die Herbert-Hoover-Schule großen Wert auf eine vielfältige Betreuung. Dies umfasst verschiedene Betreuungsbausteine, thematischen Unterricht, individuelles Lernen und eine Ferienbetreuung, die den Familien eine verlässliche und flexible Unterstützung bietet. Die Schule engagiert sich aktiv in der Förderung ihrer Schülerinnen und Schüler durch spezifische Besonderheiten wie Gewaltprävention, Sprachförderung und einen Leseclub, die alle dazu beitragen, ein sicheres, inklusives und anregendes Lernumfeld zu schaffen. Ein wichtiger Bestandteil des Schulalltags ist die Schulsozialarbeit, die als zentrale Anlaufstelle für Schüler, Eltern und Lehrkräfte dient und bei sozialen und emotionalen Herausforderungen unterstützt. Ergänzt wird dies durch eine Beratungslehrkraft, die zusätzliche pädagogische Unterstützung bietet. Die Schulgemeinschaft wird durch einen aktiven Förderverein und einen engagierten Elternbeirat gestärkt, die gemeinsam das Schulleben bereichern und Projekte unterstützen. Die Herbert-Hoover-Schule zeichnet sich durch ihr Engagement für eine ganzheitliche Entwicklung der Kinder aus, indem sie akademische Förderung mit sozialer und persönlicher Entwicklung verbindet.",,,,,,,,,,,5.0,4.0,5.0,3.0,,,,,Kostenfrei (öffentliche Schule),,,,,,,,,,,,,,,,,,,,,,,,,,1821,,2025,Baden-Württemberg,66.9,0.8,25880,bezirk_estimated,28,107.2,7037.6,242,934.5,Stuttgart,1821,7037.4,8,30.0,15,58.4,2026-08-23,stuttgart.de Adressverzeichnis,,STG-17917,STG-17925,STG-17699,Stuttgart,"Adalbert-Stifter-Straße 100, 70437 Stuttgart, Germany",263.0,48.837256499999995,9.2048804,Kliver Stuttgart,"Wallensteinstraße 5, 70437 Stuttgart, Germany",382.0,48.841667099999995,9.2083406,Bäckerei Böhm GmbH,"Adalbert-Stifter-Straße 101, 70437 Stuttgart, Germany",392.0,48.8363445,9.2036211,Brise Stop Tropoja,"Rilkeweg 19, 70437 Stuttgart, Germany",360.0,48.8411306,9.2103532,Evangelische Kindergarten,"Max-Brod-Weg 4, 70437 Stuttgart, Germany",381.0,48.8359247,9.2043005,Kath. Kindergarten,"Balthasar-Neumann-Straße 2c, 70437 Stuttgart, Germany",438.0,48.837914399999995,9.2021806,Dibber-KiTa Balthasar-Neumann-Straße,"Adalbert-Stifter-Straße 52a, 70437 Stuttgart, Germany",56.0,48.837869999999995,9.20763,Helene-Fernau-Horn-Schule Stuttgart,"Tapachstraße 4, 70437 Stuttgart, Germany",1195.0,48.831589699999995,9.1953105,Uhlandschule Rot (Grund- und Werkrealschule),"Landsknechtstraße 3, 70437 Stuttgart, Germany",1217.0,48.84196,9.1925115,Grundschule Zazenhausen,1.0,"Wallensteinstraße 41, 70437 Stuttgart, Germany",316.0,48.8371437,9.2041598,Hahn im Korb,"Wallensteinstraße 1, 70437 Stuttgart, Germany",352.0,48.841394,9.2081719,Am Eck,"Wallensteinstraße 5, 70437 Stuttgart, Germany",382.0,48.841667099999995,9.2083406,Bäckerei Böhm GmbH,6.0,"Adalbert-Stifter-Straße 100, 70437 Stuttgart, Germany",263.0,48.837256499999995,9.2048804,Kliver Stuttgart,"Wallensteinstraße 1, 70437 Stuttgart, Germany",363.0,48.8414911,9.2079511,VD-Markt GmbH (Postfiliale),"Wallensteinstraße 3, 70437 Stuttgart, Germany",370.0,48.8415562,9.2082278,Mix Markt,,Stuttgart,"Die Herbert-Hoover-Schule ist eine 1966 gegründete öffentliche Ganztagsgrundschule in Stuttgart mit einer Außenstelle in Freiberg. Sie bietet ein umfassendes Bildungs- und Betreuungsangebot, das auf den ""Leitlinien der Grundschule"" basiert und Programme wie BISS Transfer und SINUS Mathe integriert. Besondere Schwerpunkte liegen auf Gewaltprävention, Sprachförderung, einem Leseclub und der Schulsozialarbeit, um eine ganzheitliche Entwicklung der Kinder zu fördern.","The Herbert-Hoover-Schule, founded in 1966, is a public full-day primary school in Stuttgart with an outpost in Freiberg. It offers a comprehensive educational and care program based on the ""Guidelines of the Primary School,"" integrating programs like BISS Transfer and SINUS Mathe. Key features include violence prevention, language support, a reading club, and school social work, all aimed at fostering the holistic development of children.",8,0,24,5,9.0,13,3,27,"2025,2024,2023",246,6
STG-17917,Herbert-Hoover-Schule Standort Mönchfeld,Grundschule,Grundschule,Öffentlich,1966.0,Aalstraße 43,70378,Mühlhausen,Mühlhausen,0711 21657150,Poststelle.Herbert-Hoover-Schule@stuttgart.de,http://www.herbert-hoover-schule.de/,,,,,,,,,,,,,,,,,,N/A,"BISS Transfer, SINUS Mathe, Klassenrat und Gewaltprävention, Gewaltpräventionsprogramme (Lubo aus dem All, Faustlos), Sprachförderung, Leseclub von der Stiftung Lesen.",,,,,,,,,48.84296616286752,9.226311981700222,jedeschule.codefor.de + Stuttgart Schulwegweiser PDF,,,,,,,Unfallatlas,,,,,,,,,,1821,,8,242,,,28,,,,,,,,,,,,,,,,,,,,,,4.0,Sicher,,,,,Stuttgart-Zazenhausen,2107,48.8360504,9.1995088,,Schmiden Stadion,2301,48.8317966,9.2527812,,Schmiden Postweg,2452,48.8312283,9.2546816,,Mühlhausen,345,48.8411759,9.2301625,,Auwiesen,405,48.8394484,9.2248974,,Mönchfeld,626,48.844359,9.2180192,,Mühlhausen Schloss,260,48.8428692,9.2298604,,Mühlhausen,292,48.8420702,9.2300691,,Mühlhausen Bachhalde,298,48.8454678,9.2277674,,40,,50.0,,,"Herbert-Hoover-Schule Standort Mönchfeld ist eine Grundschule in Stuttgart. Adresse: Aalstraße 43, 70378 Stuttgart. Stadtbezirk: Mühlhausen. Die Schule ist in öffentlicher Trägerschaft. Mittlere ÖPNV-Anbindung.","Die Herbert-Hoover-Schule, gegründet im Jahr 1966, ist eine öffentliche Ganztagsgrundschule mit mehreren Standorten, darunter der Standort Mönchfeld in der Aalstraße 43, 70378 Stuttgart. Als Ganztagsschule bietet sie ein umfassendes Betreuungsangebot mit verschiedenen Bausteinen, Themenunterricht, individuellem Lernen und Ferienbetreuung, um den Bedürfnissen der Schülerinnen und Schüler gerecht zu werden. Das Schulprofil zeichnet sich durch innovative pädagogische Ansätze aus, wie die Teilnahme an den Programmen BISS Transfer (Bildung durch Sprache und Schrift) und SINUS Mathe, die darauf abzielen, die Sprach- und Mathematikkompetenzen der Kinder gezielt zu fördern. Ein starker Fokus liegt auf der sozialen Entwicklung und Gewaltprävention, was sich in Initiativen wie dem Klassenrat und speziellen Gewaltpräventionsprogrammen wie „Lubo aus dem All“ und „Faustlos“ widerspiegelt. Darüber hinaus engagiert sich die Schule intensiv in der Sprachförderung und Lesekompetenz, unter anderem durch einen Leseclub in Kooperation mit der Stiftung Lesen. Die Herbert-Hoover-Schule legt Wert auf eine unterstützende Schulgemeinschaft, die durch Schulsozialarbeit, eine Beratungslehrkraft, einen aktiven Förderverein und einen engagierten Elternbeirat gestärkt wird. Diese Strukturen tragen dazu bei, ein förderliches Lernumfeld zu schaffen und die individuelle Entwicklung jedes Kindes bestmöglich zu begleiten. Die Schule ist bestrebt, eine ganzheitliche Bildung anzubieten, die akademische Leistungen mit sozialen und emotionalen Fähigkeiten verbindet.",,,,,,,,,,,3.0,16.0,3.0,1.0,,,,,Kostenfrei (öffentliche Schule),,,,,,,,,,,,,,,,,,,,,,,,,,1821,,2025,Baden-Württemberg,66.9,0.8,25880,bezirk_estimated,28,107.2,7037.6,242,934.5,Stuttgart,1821,7037.4,8,30.0,15,58.4,2026-08-23,stuttgart.de Adressverzeichnis,,STG-17672,STG-17925,STG-17933,Stuttgart,"Mönchfeldstraße 9, 70378 Stuttgart, Germany",285.0,48.841954699999995,9.2298882,Café Bar Mythos,"Aldinger Str. 70, 70378 Stuttgart, Germany",340.0,48.8401909,9.2282588,Kaufland Stuttgart-Mühlhausen,"Aldinger Str. 70, 70378 Stuttgart, Germany",350.0,48.8402231,9.2286672,Bakery pastry Sailer GmbH,"Memeler Str. 3, 70378 Stuttgart, Germany",277.0,48.840722199999995,9.2279433,Tageseinrichtung Mühlhausen,"Stumpstraße 9, 70378 Stuttgart, Germany",576.0,48.8447007,9.2337272,eva:lino Kita Stumpstraße,"Hartwaldstraße 121, 70378 Stuttgart, Germany",607.0,48.8379105,9.2294422,Katholische Kita St. Barbara,"Aldinger Str. 131, 70378 Stuttgart, Germany",554.0,48.8436342,9.2338149,Grundschule Mühlhausen,"Walchenseestraße 15, 70378 Stuttgart, Germany",1018.0,48.8338121,9.2260039,Grundschule Hofen,"Pelikanstraße 71, 70378 Stuttgart, Germany",1154.0,48.8333495,9.2322412,Pelikanschule,0.0,"Arnoldstraße 3, 70378 Stuttgart, Germany",257.0,48.8419685,9.2294827,Gasthaus Rössle,"Arnoldstraße 1, 70378 Stuttgart, Germany",275.0,48.8420683,9.2298188,Pizza Car,"Veitstraße 2, 70378 Stuttgart, Germany",307.0,48.8423927,9.2304154,Gasthaus Löwen LIKA GRILL,2.0,"Mönchfeldstraße 26, 70378 Stuttgart, Germany",288.0,48.8433502,9.2302018,Frische Erdbeeren,"Aldinger Str. 70, 70378 Stuttgart, Germany",340.0,48.8401909,9.2282588,Kaufland Stuttgart-Mühlhausen,"Aldinger Str. 54, 70378 Stuttgart, Germany",380.0,48.8396318,9.227467,Netto Marken-Discount,,Stuttgart,"Die Herbert-Hoover-Schule Standort Mönchfeld ist eine 1966 gegründete öffentliche Ganztagsgrundschule, die sich durch Programme wie BISS Transfer und SINUS Mathe auszeichnet. Sie legt großen Wert auf Gewaltprävention, Sprachförderung und Lesekompetenz, ergänzt durch umfassende Ganztagsbetreuung und eine starke Schulgemeinschaft.","Herbert-Hoover-Schule Mönchfeld, founded in 1966, is a public full-day primary school known for programs like BISS Transfer and SINUS Mathe. It emphasizes violence prevention, language development, and reading literacy, complemented by comprehensive full-day care and a strong school community.",7,0,23,2,8.7,16,3,26,"2025,2024,2023",158,25
STG-17699,Hohewartschule,Grundschule,Grundschule,Öffentlich,1952.0,Hohewartstraße 95,70469,Feuerbach,Feuerbach,0711 21698057,poststelle.hohewartschule@stuttgart.de,http://www.hohewartschule.de/,Manuela Ruthardt-Raible,,,,,,,,,,,,,,,,,N/A,"Naturnahe Bildung, Schulbienen, Schulgarten, Grünes Klassenzimmer, kooperatives Lernen, Inklusion, Schülerbibliothek, GemüseAckerdemie.",,,,,,,,,48.80561715503274,9.147398655476248,jedeschule.codefor.de + Stuttgart Schulwegweiser PDF,,,,,,,Unfallatlas,,,,,,,,,,2680,,11,356,,,41,,,,,,,,,,,,,,,,,,,,,,6.0,Durchschnittlich,275.0,28.0,,,Killesberg,1828,48.7993022,9.1704395,,Stuttgart-Feuerbach,1828,48.813504,9.1693064,,Parkbahnhof,1878,48.8017525,9.1723629,,Föhrich,533,48.8101114,9.1499308,,Sportpark Feuerbach,593,48.8097738,9.1423202,,Wilhelm-Geiger-Platz,1080,48.811597,9.1590252,,Föhrich,557,48.8101435,9.150647,,Bus (48.8101),561,48.8101391,9.1507947,,Wildensteinstraße,584,48.8042108,9.1550818,,26,"91, N3",20.0,,,"Hohewartschule ist eine Grundschule in Stuttgart. Adresse: Hohewartstraße 95, 70469 Stuttgart. Stadtbezirk: Feuerbach. Die Schule ist in öffentlicher Trägerschaft. Eingeschränkte ÖPNV-Anbindung.","Die Hohewartschule in Stuttgart-Feuerbach ist eine öffentliche Grundschule, die 1952 gegründet wurde und derzeit 275 Schülerinnen und Schüler von 28 Lehrkräften unterrichtet. Unter der Leitung von Manuela Ruthardt-Raible verfolgt die Schule das Leitbild ""Miteinander leben und voneinander lernen"", das eine starke Gemeinschaft und gegenseitige Unterstützung in den Vordergrund stellt. Ein zentraler Pfeiler des Schulprofils ist die naturnahe Bildung. Dies spiegelt sich in zahlreichen Initiativen wider, darunter die Pflege von Schulbienen, ein aktiver Schulgarten und ein ""Grünes Klassenzimmer"", das den Unterricht ins Freie verlagert. Ergänzt wird dies durch Projekte wie die Waldheimwoche sowie Bach- und Wiesenerkundungen, die den Kindern praktische Erfahrungen in der Natur ermöglichen.

Pädagogisch setzt die Hohewartschule auf kooperatives Lernen, wobei das Kollegium kontinuierlich in diesem Bereich fortgebildet wird. Der Klassenrat fördert die aktive Beteiligung der Schülerinnen und Schüler, indem sie ihre Anliegen und Ideen teilen und gemeinsam Lösungen finden. Das Konzept der Patenklassen, bei dem ältere Schüler die jüngeren unterstützen, stärkt den Zusammenhalt und das voneinander Lernen. Die Schule legt zudem Wert auf Inklusion und bietet eine Schülerbibliothek als Lern- und Rückzugsort. Ein weiteres Highlight ist die Teilnahme an der GemüseAckerdemie, die den Kindern Wissen über nachhaltigen Anbau und gesunde Ernährung vermittelt. Regelmäßige Veranstaltungen wie Kinderversammlungen, ein jährlicher Vorlesetag und ein Sponsorenlauf, der soziale Projekte wie das Kinderhaus Feuerbach unterstützt, bereichern das Schulleben und fördern das Gemeinschaftsgefühl. Die Hohewartschule versteht sich als Ort des gemeinsamen Wachsens, der Freude und der Neugier, wo jedes Kind die Möglichkeit hat, sich individuell zu entfalten.",,,,,,,,,,,1.0,1.0,1.0,2.0,,,,,Kostenfrei (öffentliche Schule),,,,,,,,,,,,,,,,,,,,,,,,275.0,28.0,2680,2024_25,2025,Baden-Württemberg,66.9,1.0,30470,bezirk_estimated,41,134.0,8797.0,356,1168.2,Stuttgart,2680,8796.7,11,37.5,22,73.0,2026-08-23,stuttgart.de Adressverzeichnis,,STG-17680,STG-19833,STG-56088,Stuttgart,"Kapfenburgstraße 48, 70469 Stuttgart, Germany",482.0,48.807393600000005,9.1534083,Das Kaffee-Eck,,,,,,,,,,,"Wildeckstraße 33, 70469 Stuttgart, Germany",111.0,48.8065334,9.1479926,Evangelischer Gustav-Werner-Kindergarten,"Triebweg 21, 70469 Stuttgart, Germany",441.0,48.8095799,9.1476781,Kindergarten,"Steigerwaldstraße 10, 70469 Stuttgart, Germany",641.0,48.8113841,9.1472429,Kinderland Pusteblume e.V.,"Sartoriusstraße 3, 70469 Stuttgart, Germany",745.0,48.80676,9.1574263,Föhrichschule Feuerbach,"Dieterlestraße 26, 70469 Stuttgart, Germany",800.0,48.806064799999994,9.1582984,Bach-Schule Grundschule,"Linzer Str. 90, 70469 Stuttgart, Germany",1321.0,48.8168914,9.1530852,Hattenbühl-Schule,0.0,"Jakob-Kraus-Straße 57, 70469 Stuttgart, Germany",271.0,48.803480099999994,9.1456112,Brüder Bräu,,,,,,,,,,,4.0,"Thomas-Mann-Straße 9, 70469 Stuttgart, Germany",155.0,48.806949,9.1467719,Netto City,,,,,,,,,,,,Stuttgart,"Die Hohewartschule ist eine öffentliche Grundschule in Stuttgart-Feuerbach mit 275 Schülern und 28 Lehrkräften, die 1952 gegründet wurde. Sie zeichnet sich durch ein starkes Engagement für naturnahe Bildung, kooperatives Lernen und Inklusion aus, unterstützt durch Projekte wie Schulbienen, einen Schulgarten und das ""Grüne Klassenzimmer"". Das Schulmotto ""Miteinander leben und voneinander lernen"" prägt eine lebendige Gemeinschaft, in der Schüler aktiv am Schulleben teilhaben.","Hohewartschule is a public primary school in Stuttgart-Feuerbach, founded in 1952, with 275 students and 28 teachers. It is characterized by a strong commitment to nature-oriented education, cooperative learning, and inclusion, supported by projects like school bees, a school garden, and the ""Green Classroom"". The school's motto ""Living together and learning from each other"" fosters a vibrant community where students actively participate in school life.",3,0,7,1,2.3,4,0,7,"2025,2024,2023",77,0
STG-17707,Jakobschule,Grundschule,Grundschule,Öffentlich,1884.0,Jakobstraße 11,70182,Mitte,Mitte,0711 21688101,jakobschule@stuttgart.de,https://www.jakobschule.de/,,"Griechisch, Deutsch, Englisch",,,,,,,,,,,,,,,,N/A,"Standortschule für Schüler mit Lese-Rechtschreibeschwäche; Förderprogramme; AGs: Schwimmen, Chor, Orchester; Kooperation mit Stuttgarter Musikschule und Sportkreis; sprachhomogene Klassen (griechisch-deutsch).",,,,,,,,,48.771797736083165,9.181474034125552,jedeschule.codefor.de + Stuttgart Schulwegweiser PDF,,,,,,,Unfallatlas,,,,,,,,,,5318,,23,706,,,81,,,,,,,,,,,,,,,,,,,,,,11.0,Stark belastet,193.0,,,,Rathaus,186,48.7726931,9.1793345,,Eingang Rathaus (U-Bahn),302,48.774433,9.1804719,,Eingang Österreichischer Platz (U-Bahn),372,48.7711414,9.1764985,,Rathaus,225,48.7735198,9.1798691,,Dobelstraße,401,48.7697423,9.1859779,,Olgaeck,420,48.7740546,9.1860707,,Rathaus,214,48.7735728,9.18036,,Wilhelm-/Olgastraße,233,48.7697549,9.1807949,,Bus (48.7730),240,48.7729528,9.1787108,,154,,50.0,,,"Jakobschule ist eine Grundschule in Stuttgart. Adresse: Jakobstraße 11, 70182 Stuttgart. Stadtbezirk: Mitte. Die Schule ist in öffentlicher Trägerschaft. Mittlere ÖPNV-Anbindung. Erhöhtes Verkehrsunfallaufkommen (46/Jahr). Überdurchschnittliche Kriminalitätsbelastung im Bezirk.","Die Jakobschule, eine öffentliche Grundschule in Stuttgart, ist eine traditionsreiche Bildungseinrichtung mit einer Geschichte, die bis ins Gründungsjahr 1884 zurückreicht. Gelegen in der Jakobstraße 11, 70182 Stuttgart, bietet sie derzeit 193 Schülern eine umfassende primäre Bildung. Ein besonderes Merkmal der Jakobschule ist ihre Rolle als Standortschule für Schüler mit Lese-Rechtschreibschwäche, was ihr Engagement für inklusive Bildung und individuelle Förderung unterstreicht.

Das pädagogische Angebot der Schule ist vielfältig und zielt darauf ab, die Schüler in verschiedenen Bereichen zu unterstützen und zu fordern. Neben regulären Förderprogrammen, die auf die spezifischen Bedürfnisse der Kinder zugeschnitten sind, bietet die Jakobschule eine Reihe von Arbeitsgemeinschaften (AGs) an, darunter Schwimmen, Chor und Orchester. Diese AGs ermöglichen es den Schülern, ihre Talente und Interessen außerhalb des regulären Unterrichts zu entfalten.

Die Jakobschule legt großen Wert auf sprachliche Vielfalt und interkulturelles Lernen. Dies zeigt sich in den angebotenen Sprachen Griechisch, Deutsch und Englisch sowie in der Einrichtung sprachhomogener Klassen, insbesondere für Griechisch-Deutsch sprechende Schüler. Diese Struktur fördert nicht nur die Mehrsprachigkeit, sondern auch ein tiefes Verständnis für verschiedene Kulturen.

Darüber hinaus pflegt die Jakobschule aktive Kooperationen mit lokalen Institutionen wie der Stuttgarter Musikschule und dem Sportkreis. Diese Partnerschaften bereichern das schulische Leben erheblich, indem sie den Schülern Zugang zu professionellem Musikunterricht und vielfältigen Sportangeboten ermöglichen. Die Schule ist somit ein lebendiger Lernort, der akademische Exzellenz mit einer breiten Palette an außerschulischen Aktivitäten und einer starken Gemeinschaftsorientierung verbindet.",,,,,,,,,,,20.0,20.0,20.0,7.0,,,,,Kostenfrei (öffentliche Schule),,,,,,,,,,,,,,,,,,,,,,,,193.0,,5318,2024_25,2025,Baden-Württemberg,66.9,2.5,24180,bezirk_estimated,81,335.0,21992.5,706,2920.5,Stuttgart,5318,21991.8,23,93.9,44,182.4,2026-08-23,stuttgart.de Adressverzeichnis,,STG-18560,STG-45077,STG-356705,Stuttgart,"Katharinenstraße 15, 70182 Stuttgart, Germany",74.0,48.77204,9.18054,NATAN Café | Bar,"Wilhelmspl. 7, 70182 Stuttgart, Germany",180.0,48.7711766,9.1792064,Kuchenliebe,"Hauptstätter Str. 37, 70173 Stuttgart, Germany",190.0,48.7724031,9.1790537,Ché,"Heusteigstraße 16, 70182 Stuttgart, Germany",69.0,48.7713881,9.1807618,Catholic kindergarten St.Eberhard,"Olgastraße 62, 70182 Stuttgart, Germany",102.0,48.771979599999995,9.1828432,"Kindertagesstätte ""Wilde Hilde","Olgastraße 73/1, 70182 Stuttgart, Germany",120.0,48.77084,9.18222,Kolping-Kita,"Charlottenpl. 17, 70173 Stuttgart, Germany",446.0,48.7757988,9.1819176,Burzone elmentary school,"Schulstraße 1, 70173 Stuttgart, Germany",493.0,48.775467299999995,9.1777051,Grundschule Lampertswalde,"Alexanderstraße 22, 70184 Stuttgart, Germany",628.0,48.7748257,9.1887079,Galileo primary school and daycare,2.0,"Jakobstraße 19, 70182 Stuttgart, Germany",60.0,48.7715027,9.1821552,Restaurant Kicho,"Olgastraße 75, 70182 Stuttgart, Germany",128.0,48.770697000000006,9.182001,Alaturka,"Eberhardstraße 35, 70173 Stuttgart, Germany",298.0,48.773187500000006,9.1779949,Cafe Hegel,19.0,"Wilhelmstraße 5, 70182 Stuttgart, Germany",155.0,48.7708464,9.179925,Jacques’ Wein-Depot Stuttgart Heusteigviertel,"Olgastraße 86, 70180 Stuttgart, Germany",201.0,48.7701223,9.1804425,REWE,"Wilhelmspl. 1, 70182 Stuttgart, Germany",220.0,48.7717934,9.1784779,Schillerplatz,,Stuttgart,"Die Jakobschule ist eine öffentliche Grundschule in Stuttgart, die 1884 gegründet wurde und derzeit 193 Schüler unterrichtet. Sie ist eine Standortschule für Schüler mit Lese-Rechtschreibschwäche und bietet Förderprogramme sowie AGs wie Schwimmen, Chor und Orchester an. Die Schule zeichnet sich durch sprachhomogene Klassen (Griechisch-Deutsch) und Kooperationen mit der Stuttgarter Musikschule und dem Sportkreis aus.","Jakobschule is a public primary school in Stuttgart, founded in 1884, currently educating 193 students. It serves as a designated school for students with dyslexia and offers support programs and extracurricular activities like swimming, choir, and orchestra. The school features linguistically homogeneous classes (Greek-German) and collaborates with the Stuttgart Music School and the Sports Council.",43,2,121,29,46.0,72,15,138,"2025,2024,2023",65,51
STG-18560,Johannes Brenz Schule (Grundschule),Grundschule,Grundschule,Öffentlich,1991.0,Hohe Straße 11,70174,Mitte,Mitte,0711 222656,info@jbs-stuttgart.de,https://www.stuttgart-inklusiv.de/,,,,,,,,,,,,,,,,,,N/A,"Reformpädagogische Ansätze, altersgemischte Lerngruppen (1-4), Freiarbeit, Themenprojekte, Hortbetreuung (inkl. Ferienbetreuung), Inklusion (Kinder mit Förderbedarf).",,,,,,,,,48.77697060002414,9.169541979033752,jedeschule.codefor.de + Stuttgart Schulwegweiser PDF,,,,,,,Unfallatlas,,,,,,,,,,5318,,23,706,,,81,,,,,,,,,,,,,,,,,,,,,,11.0,Stark belastet,201.0,,,,Rotebühlplatz,203,48.7755541,9.1712823,,Stuttgart Stadtmitte,261,48.7761945,9.1728998,,Stadtmitte,306,48.7774893,9.1736401,,Berliner Platz (Hohe Straße),75,48.7771517,9.168557,,Berliner Platz (Liederhalle),175,48.778496,9.1689635,,Rotebühlplatz,365,48.7744652,9.1727667,,Berliner Platz (Hohe Straße),71,48.777221,9.1686443,,Bus (48.7756),190,48.7756156,9.1711177,,Rotebühlplatz,190,48.7755901,9.1710681,,184,"40, 42, 43, N10, N2, U4",50.0,,,"Johannes Brenz Schule (Grundschule) ist eine Grundschule in Stuttgart. Adresse: Hohe Straße 11, 70174 Stuttgart. Stadtbezirk: Mitte. Die Schule ist in öffentlicher Trägerschaft. Mittlere ÖPNV-Anbindung. Erhöhtes Verkehrsunfallaufkommen (40/Jahr). Überdurchschnittliche Kriminalitätsbelastung im Bezirk.",,,,,,,,,,,,14.0,20.0,20.0,4.0,,,,,Kostenfrei (öffentliche Schule),,,,,,,,,,,,,,,,,,,,,,,,201.0,,5318,2024_25,2025,Baden-Württemberg,66.9,2.5,24180,bezirk_estimated,81,335.0,21992.5,706,2920.5,Stuttgart,5318,21991.8,23,93.9,44,182.4,2026-08-23,stuttgart.de Adressverzeichnis,,STG-17707,STG-18571-GS,STG-45077,Stuttgart,"Fritz-Elsas-Straße 44, 70174 Stuttgart, Germany",24.0,48.7767798,9.1693788,Café 44,"Büchsenstraße 35, 70174 Stuttgart, Germany",215.0,48.7782029,9.1717946,Zuckerei,"Theodor-Heuss-Straße 26, 70174 Stuttgart, Germany",224.0,48.7761906,9.1723531,Heaven's Kitchen – Veganes Restaurant & Catering,"Hospitalstraße 36, 70174 Stuttgart, Germany",140.0,48.776350699999995,9.171205,Kindergarten Haschalom Stuttgart,"Weimarstraße 21, 70176 Stuttgart, Germany",259.0,48.7757369,9.1665503,"Early Bird Club - Private Krippe, KiTa und Kindergarten in Stuttgart-Mitte","Breitscheidstraße 8, 70174 Stuttgart, Germany",316.0,48.779461999999995,9.1674614,KIBOA Die Kita in Stuttgart im Bosch-Areal,"Hospitalstraße 36, 70174 Stuttgart, Germany",140.0,48.7764901,9.1713108,Eduard-Pfeiffer-School,"Falkertstraße 27, 70176 Stuttgart, Germany",405.0,48.778442,9.164479,Falkert-Schule,"Schulstraße 1, 70173 Stuttgart, Germany",621.0,48.775467299999995,9.1777051,Grundschule Lampertswalde,2.0,"Fritz-Elsas-Straße 60, 70174 Stuttgart, Germany",153.0,48.777978,9.168118,Mandu,"Theodor-Heuss-Straße 26, 70174 Stuttgart, Germany",224.0,48.7761906,9.1723531,Heaven's Kitchen – Veganes Restaurant & Catering,"Rotebühlpl. 20, UG, 70173 Stuttgart, Germany",277.0,48.775168,9.1721491,EArth Tokyo Stuttgart Calwer - Japanese Ramen Restaurant,19.0,"Lange Str. 18, 70174 Stuttgart, Germany",140.0,48.7770259,9.1714538,Mini India,"Hospitalstraße 19, 70174 Stuttgart, Germany",248.0,48.777187,9.172911,PureCakes (PureSnacks GmbH),"Schloßstraße 57B, 70176 Stuttgart, Germany",314.0,48.7770843,9.1652544,Souk Arabica,,Stuttgart,,,47,0,104,20,39.7,64,15,119,"2025,2024,2023",35,46
STG-17722,Kirchhaldenschule,Grundschule,Grundschule,Öffentlich,1970.0,Corelliweg 7,70195,Botnang,Botnang,0711 21634130,poststelle.kirchhaldenschule@stuttgart.de,http://www.kirchhaldenschule-botnang.de/,Martina Della Latta,,,,,,,,,,,,,,,,,N/A,"Fuchsstunden, kreative Ateliers, Sprachinsel, Inklusion, Demokratiepädagogik, bewegungsfreundliche Schule, Fairtrade Projekte, Schulgarten.",,,,,,,,,48.78178547143472,9.125834603749306,jedeschule.codefor.de + Stuttgart Schulwegweiser PDF,,,,,,,Unfallatlas,,,,,,,,,,764,,3,101,,,12,,,,,,,,,,,,,,,,,,,,,,2.0,Sehr sicher,187.0,21.0,,,Seyfferstraße,2486,48.7699486,9.1546074,,Rotebühlstraße/Augustenstraße,2491,48.7697109,9.1544685,,Rotebühlstraße,2531,48.7699271,9.1553158,,Eltinger Straße,293,48.7792397,9.1268686,,Botnang,450,48.7786,9.1220463,,Millöckerstraße,527,48.7794218,9.1320614,,Händelstraße,265,48.7805687,9.1289448,,Eltinger Straße,275,48.7793501,9.1265164,,Marktplatz / BW Bank,328,48.7788915,9.1249502,,48,91,50.0,,,"Kirchhaldenschule ist eine Grundschule in Stuttgart. Adresse: Corelliweg 7, 70195 Stuttgart. Stadtbezirk: Botnang. Die Schule ist in öffentlicher Trägerschaft. Mittlere ÖPNV-Anbindung. Mittleres Verkehrsunfallaufkommen (11/Jahr). Niedrige Kriminalitätsbelastung im Bezirk.","Die Kirchhaldenschule in Stuttgart-Botnang ist eine öffentliche Grundschule mit Ganztagsangebot, die im Jahr 1970 gegründet wurde und derzeit 187 Schülerinnen und Schüler von 21 Lehrkräften unterrichtet. Unter der Leitung von Martina Della Latta legt die Schule großen Wert auf die individuelle Förderung und die Entwicklung sozialer Kompetenzen in einer unterstützenden Lernumgebung. Ein zentrales pädagogisches Konzept sind die 'Fuchsstunden', in denen Kinder in altersgemischten Gruppen kooperativ lernen. Ergänzt wird dies durch kreative Ateliers, die künstlerische Talente fördern, und eine 'Sprachinsel', die gezielt sprachliche und soziale Fähigkeiten stärkt, insbesondere für Schüler mit Deutsch als Zweitsprache (DaZ). Die Schule engagiert sich zudem in Projekten zur Leseförderung und Sprachspielen.   Besondere Merkmale der Kirchhaldenschule umfassen ihre Ausrichtung als bewegungsfreundliche Schule, die Integration von Inklusion und Demokratiepädagogik in den Schulalltag sowie die Teilnahme an Fairtrade-Projekten. Ein Schulgarten bereichert das Lernumfeld zusätzlich. Das Ganztagsangebot umfasst flexible Betreuungsbausteine, Ferienbetreuung sowie thematische Angebote wie 'Hasenstunden'. Die Kirchhaldenschule strebt danach, eine Umgebung zu schaffen, in der sich jedes Kind wohlfühlt und optimal gefördert wird, um seine Potenziale voll zu entfalten.",,,,,,,,,,,4.0,7.0,5.0,5.0,,,,,Kostenfrei (öffentliche Schule),,,,,,,,,,,,,,,,,,,,,,,,187.0,21.0,764,2024_25,2025,Baden-Württemberg,66.9,0.6,14480,bezirk_estimated,12,80.4,5278.2,101,700.9,Stuttgart,764,5278.0,3,22.5,6,43.8,2026-08-23,stuttgart.de Adressverzeichnis,,STG-17653,STG-17815,STG-17905,Stuttgart,"Griegstraße 6, 70195 Stuttgart, Germany",330.0,48.7788195,9.1259272,Sehne Ihr Familienbäcker,"Eltinger Str. 8, 70195 Stuttgart, Germany",341.0,48.778760899999995,9.1250947,kaffee mitte Botnang - Stuttgart,"Griegstraße 27A, 70195 Stuttgart, Germany",351.0,48.7788316,9.1275057,café d'oro,"Oberer Kirchhaldenweg 25, 70195 Stuttgart, Germany",55.0,48.782219999999995,9.126184,KiTa Starennest,"Botnang, 70195 Stuttgart, Germany",345.0,48.778686699999994,9.1257581,Städtische Kindertagesstätte Griegstraße 4,"Griegstraße 27b, 70195 Stuttgart, Germany",366.0,48.778777100000006,9.1278576,Kleine Entdecker,"Schumannstraße 8-10, 70195 Stuttgart, Germany",436.0,48.7784914,9.1290506,Franz-Schubert-Schule,"Leibnizstraße 89, 70193 Stuttgart, Germany",1066.0,48.7791508,9.1398238,Kleiner Sonniger Winkel,"Im Sonnigen Winkel 17, 70193 Stuttgart, Germany",1989.0,48.7857685,9.1523035,Schule Im Sonnigen Winkel,1.0,"Griegstraße 27B, 70195 Stuttgart, Germany",336.0,48.778831,9.126781,EAT HAPPY,"Griegstraße 27A, 70195 Stuttgart, Germany",337.0,48.778982,9.127576,Asia-Thai-Sushi,"Eltinger Str. 8, 70195 Stuttgart, Germany",341.0,48.778760899999995,9.1250947,kaffee mitte Botnang - Stuttgart,8.0,"Griegstr. 2, Anfahrt: Eltinger Straße 8 Anfahrt:, Eltinger Str., 70195 Stuttgart, Germany",360.0,48.77859,9.12502,Lidl,"Griegstraße 27B, 70195 Stuttgart, Germany",366.0,48.778659999999995,9.1273864,EDEKA Krombholz,"Leharstraße 5, 70195 Stuttgart, Germany",450.0,48.7815054,9.13196,Netto Marken-Discount,,Stuttgart,"Die Kirchhaldenschule in Stuttgart-Botnang ist eine öffentliche Grundschule mit Ganztagsangebot, die 1970 gegründet wurde und 187 Schüler von 21 Lehrkräften unterrichtet. Sie fördert individuelle Entwicklung und soziale Kompetenzen durch Konzepte wie 'Fuchsstunden', kreative Ateliers und eine 'Sprachinsel'. Die Schule zeichnet sich zudem durch Inklusion, Demokratiepädagogik, Fairtrade-Projekte und einen Schulgarten aus.","Kirchhaldenschule in Stuttgart-Botnang is a public primary school with full-day programs, founded in 1970, educating 187 students with 21 teachers. It promotes individual development and social skills through concepts like 'Fuchsstunden' (Fox Hours), creative ateliers, and a 'Sprachinsel' (Language Island). The school is also characterized by inclusion, democratic pedagogy, Fairtrade projects, and a school garden.",10,0,31,9,11.3,23,3,34,"2025,2024,2023",114,20
STG-356708,Körschtalschule Gemeinschaftsschule,Grundschule,Grundschule,Öffentlich,2014.0,Paracelsusstraße 44,70599,Plieningen,Plieningen,0711 21698380,poststelle.koerschtalschule@stuttgart.de,https://koerschtalschule.de/,Frau Lenuzza,,,,,,,,,,,,,,,,,N/A,"Künstlerisches Profil, Projektbasiertes Lernen, Emotionale und soziale Bildung, Inklusion, Schule ohne Rassismus Schule mit Courage.",,,,,,,,,48.706771533607295,9.209675274225509,jedeschule.codefor.de + Stuttgart Schulwegweiser PDF,,,,,,,Unfallatlas,,,,,,,,,,619,,3,82,,,9,,,,,,,,,,,,,,,,,,,,,,1.0,Sehr sicher,,60.0,,,Stuttgart Flughafen/Messe,2202,48.6904461,9.1926989,,Echterdingen,3379,48.6921433,9.1693145,,U-Bahn (48.7409),3860,48.7408961,9.2193112,,Plieningen,701,48.7102928,9.2017553,,Flughafen/Messe,2154,48.6917297,9.1911712,,Messe West,2656,48.6908736,9.1826659,,Windhalmweg,349,48.7072757,9.204979,,Fraubronnstraße,479,48.7033917,9.205628,,Universität Hohenheim,557,48.7117748,9.2093252,,48,,50.0,,,"Körschtalschule Gemeinschaftsschule ist eine Grundschule in Stuttgart. Adresse: Paracelsusstraße 44, 70599 Stuttgart. Stadtbezirk: Plieningen. Die Schule ist in öffentlicher Trägerschaft. Mittlere ÖPNV-Anbindung. Niedrige Kriminalitätsbelastung im Bezirk.","Die Körschtalschule Gemeinschaftsschule in Stuttgart-Plieningen ist eine öffentliche Bildungseinrichtung, die 2014 gegründet wurde und von Frau Lenuzza geleitet wird. Mit einem engagierten Team von 60 Lehrkräften, Pädagogen und Sozialarbeitern bietet die Schule ein umfassendes Bildungsangebot von der Grundschule bis zur Sekundarstufe. Das pädagogische Konzept der Schule basiert auf einem integrativen Miteinander, das durch maßgeschneiderte Lernwege die individuelle Förderung jedes Einzelnen sicherstellt.

Ein herausragendes Merkmal der Körschtalschule ist ihr ausgeprägtes künstlerisches Profil, das durch projektbasiertes Lernen ergänzt wird, um kreatives und kritisches Denken durch praxisnahe Projekte zu fördern. Ein weiterer Schwerpunkt liegt auf der emotionalen und sozialen Bildung, die Empathie, Respekt und Teamarbeit in den Vordergrund stellt. Die Schule engagiert sich aktiv für Inklusion und trägt stolz den Titel „Schule ohne Rassismus – Schule mit Courage“, was ihr Bekenntnis zu einer vielfältigen und respektvollen Lernumgebung unterstreicht.

Die Grundschule bietet eine familiäre Lernumgebung mit 3-4 Klassen pro Stufe und 25 Lehrkräften, wobei das Lernen vom Kind aus gedacht wird. In der Sekundarstufe, mit 2 Klassen pro Stufe und 35 Lehrkräften, wird Vielfalt als Konzept gelebt, um gemeinsam und doch individuell Ziele zu erreichen. Neben dem akademischen Angebot gewährleistet die Körschtalschule eine ganzheitliche Betreuung und Förderung, einschließlich einer umfangreichen Schulkindbetreuung von 50 Stunden pro Woche, die von 25 Pädagogen in Zusammenarbeit mit der evangelischen Gesellschaft angeboten wird. Multiprofessionelle Teams ermöglichen einen umfassenden Blick auf jedes Kind, ergänzt durch ein breites Angebot an außerschulischen Aktivitäten zur Förderung sozialer und kreativer Fähigkeiten. Die zentrale Lage mit Naturanbindung bereichert das Schulleben zusätzlich.",,,,,,,,,,,2.0,1.0,0.0,2.0,,,,,Kostenfrei (öffentliche Schule),,,,,,,,,,,,,,,,,,,,,,,,,60.0,619,,2025,Baden-Württemberg,66.9,0.5,14070,bezirk_estimated,9,67.0,4398.5,82,584.1,Stuttgart,619,4398.4,3,18.8,5,36.5,2026-08-23,stuttgart.de Adressverzeichnis,,STG-356699,STG-356705,STG-17760-GS,Stuttgart,,,,,,,,,,,,,,,,"Plieningen, 70599 Stuttgart, Germany",325.0,48.7039584,9.2084727,Tageseinrichtung für Kinder Körschstraße,"Filderhauptstraße 89, 70599 Stuttgart, Germany",496.0,48.703939299999995,9.2044545,Hohenheimer Zwerge (KUB e.V.),"Köpfertstraße 30, 70599 Stuttgart, Germany",541.0,48.7026066,9.205859300000002,Tageseinrichtung für Kinder Köpfertstraße,"Parkplatz, Parkplatz, Moosheimer Str. 11, 70599 Stuttgart, Germany",1714.0,48.7220807,9.2069541,Grundschule Birkach,"Fröbelstraße 15, 70794 Filderstadt, Germany",2908.0,48.681573799999995,9.2202609,Bruckenacker Verlässliche Grundschule,"Fröbelstraße 9, 73760 Ostfildern, Germany",3495.0,48.7071106,9.2572976,Grundschule Wasenäckerschule Scharnhausen,0.0,"Garbenstraße 28, 70599 Stuttgart, Germany",484.0,48.711079,9.2086941,Cafe Lafel - Uni Hohenheim,,,,,,,,,,,3.0,"Plieningen, 70599 Stuttgart, Germany",389.0,48.708683099999995,9.2052346,Supermarkt Diamound,"Breitensteinstraße 2, 70599 Stuttgart, Germany",442.0,48.7031605,9.2121961,Saengthongfoods UG,,,,,,,Stuttgart,"Die Körschtalschule Gemeinschaftsschule in Stuttgart-Plieningen ist eine öffentliche Schule, die 2014 gegründet wurde und von Frau Lenuzza geleitet wird. Mit 60 Lehrkräften bietet sie eine integrative Bildung von der Grundschule bis zur Sekundarstufe, die individuelle Förderung, ein künstlerisches Profil, projektbasiertes Lernen sowie emotionale und soziale Bildung in den Vordergrund stellt. Als ""Schule ohne Rassismus – Schule mit Courage"" engagiert sie sich für Inklusion und eine vielfältige Schulgemeinschaft.","Körschtalschule Gemeinschaftsschule in Stuttgart-Plieningen is a public school founded in 2014 and led by Frau Lenuzza. With 60 teachers, it offers inclusive education from primary to secondary levels, emphasizing individual support, an artistic profile, project-based learning, and emotional and social education. As a ""School without Racism – School with Courage,"" it is committed to inclusion and a diverse school community.",2,0,8,2,3.0,6,1,9,"2025,2024,2023",17,8
STG-17718,Lerchenrainschule,Grundschule,Grundschule,Öffentlich,1909.0,Kelterstraße 52,70199,Süd,Süd,0711 6402083,poststelle.lerchenrainschule@stuttgart.de,http://www.lerchenrainschule.de/,Anna-Lena Lutz,,,,,,,,,,,,,,,,,N/A,"Musikbetonte Grundschule, BiSS-Transfer: Lesekonzept, Lernateliers, Medienkonzept, Projekt Süd², Grünes Klassenzimmer",,,,,,,,,48.75717872448472,9.157352485039317,jedeschule.codefor.de + Stuttgart Schulwegweiser PDF,,,,,,,Unfallatlas,,,,,,,,,,3938,,17,523,,,60,,,,,,,,,,,,,,,,,,,,,,6.0,Durchschnittlich,,19.0,,,Marienplatz,1121,48.764413,9.1679957,,U-Bahn (48.7493),1236,48.7492646,9.1691988,,U-Bahn (48.7485),1238,48.748473,9.167888,,Bihlplatz,496,48.7602174,9.1523944,,Erwin-Schoettle-Platz,664,48.7628752,9.1600896,,Pfaffenweg,839,48.7596512,9.1681634,,Eiernest,144,48.7574998,9.1592555,,Lerchenrainschule,152,48.7569703,9.1593955,,Dornhaldenstraße,270,48.7591703,9.1594509,,37,,50.0,,,"Lerchenrainschule ist eine Grundschule in Stuttgart. Adresse: Kelterstraße 52, 70199 Stuttgart. Stadtbezirk: Süd. Die Schule ist in öffentlicher Trägerschaft. Mittlere ÖPNV-Anbindung. Mittleres Verkehrsunfallaufkommen (12/Jahr).","Die Lerchenrainschule, eine öffentliche Grundschule in Heslach, Stuttgart, zeichnet sich durch ihr vielfältiges und inklusives Konzept aus, das unter dem Motto ""Vielfalt ist unsere Stärke"" steht. Seit ihrer Gründung im Jahr 1909 hat sich die Schule zu einer modernen Bildungseinrichtung entwickelt, die sowohl als gebundene Ganztagsschule als auch mit einem Halbtagsangebot den Bedürfnissen der Familien gerecht wird. Unter der Leitung von Anna-Lena Lutz und einem Team von 19 Lehrkräften bietet die Schule ein umfassendes pädagogisches Programm. Ein besonderer Schwerpunkt der Lerchenrainschule liegt auf ihrer musikalischen Ausrichtung. Seit dem Schuljahr 2022/2023 ist sie eine musikbetonte Grundschule, ein einzigartiges Angebot in Stuttgart, das ""Musik für alle"" zugänglich macht und die kreative Entwicklung der Schülerinnen und Schüler fördert. Ergänzt wird dies durch innovative Lernateliers, die individuelle Lernwege ermöglichen, sowie ein durchdachtes Medienkonzept, das den verantwortungsvollen Umgang mit digitalen Medien vermittelt. Das Lesekonzept ""BiSS-Transfer"" stärkt zudem die Lesekompetenz der Kinder. Die Schule engagiert sich aktiv in verschiedenen Kooperationen, darunter mit der Caritas, der Stuttgarter Musikschule, ""Fußball trifft Kultur"" und dem ""Projekt Süd²"". Lesepaten unterstützen die Schülerinnen und Schüler zusätzlich, und das Schulfruchtprogramm fördert eine gesunde Ernährung. Ein ""Grünes Klassenzimmer"" bietet Möglichkeiten für naturnahes Lernen. Die Schulgemeinschaft, bestehend aus Schülerinnen und Schülern, Lehrkräften und Erzieherinnen und Erziehern, verbringt viel Zeit zusammen und gestaltet gemeinsam ein lebendiges Schulleben mit Veranstaltungen wie der Winterolympiade, Faschingspartys und Familienbrunches. Die Adresse der Schule ist Kelterstraße 52, 70199 Stuttgart.",,,,,,,,,,,4.0,11.0,6.0,5.0,,,,,Kostenfrei (öffentliche Schule),,,,,,,,,,,,,,,,,,,,,,,,,19.0,3938,,2025,Baden-Württemberg,66.9,1.0,44770,bezirk_estimated,60,134.0,8797.0,523,1168.2,Stuttgart,3938,8796.7,17,37.5,33,73.0,2026-08-23,stuttgart.de Adressverzeichnis,,STG-17756,STG-17893,STG-17737,Stuttgart,"Karl-Kloß-Straße 18, 70199 Stuttgart, Germany",307.0,48.759586,9.159391,Shell,"Taubenstraße 7, 70199 Stuttgart, Germany",437.0,48.7611105,9.1572489,Taubenstüble bei Kristina,"Böcklerstraße 25, 70199 Stuttgart, Germany",456.0,48.7600127,9.152851,Brasserie Bo.vin,"Eierstraße 114, 70199 Stuttgart, Germany",273.0,48.7568421,9.1610413,Kinderladen Eierstraße,"Schwalbenweg 1, 70199 Stuttgart, Germany",345.0,48.7594395,9.1605667,Evangelischer Kindergarten Olgakrippe,"Möhringer Str. 89, 70199 Stuttgart, Germany",379.0,48.76042880000001,9.1558125,Kindergarten Matthäus,"Hohentwielstraße 23, 70199 Stuttgart, Germany",768.0,48.764045,9.1561614,Wilhelm-Hauff-Schule Stuttgart,"Römerstraße 16, 70180 Stuttgart, Germany",1380.0,48.7657274,9.1710073,Marienschule Grundschule Stuttgart-Süd,"Vogelrainstraße 27, 70199 Stuttgart, Germany",1473.0,48.7545945,9.1376421,Torwiesenschule,0.0,"Kelterstraße 58, 70199 Stuttgart, Germany",123.0,48.7568005,9.1589327,Vereinsgaststätte Gartenfreunde Stuttgart-Heslach,"70199 Stuttgart, Germany",208.0,48.758582999999994,9.1592233,Rotti's Special,"Karl-Kloß-Straße 18, 70199 Stuttgart, Germany",307.0,48.759586,9.159391,Shell,5.0,"Taubenstraße 22, 70199 Stuttgart, Germany",320.0,48.7600021,9.1582079,Speisekammer Süd,"Schnellweg 5, 70199 Stuttgart, Germany",339.0,48.759232,9.1539357,Zuweso GmbH -Für Nachhaltigkeit-,"Möhringer Str. 131, 70199 Stuttgart, Germany",420.0,48.75919450000001,9.1525075,Nadia's Lädle i tesori del sud,,Stuttgart,"Die Lerchenrainschule ist eine öffentliche, musikbetonte Grundschule in Stuttgart-Heslach, die seit 1909 besteht und von Anna-Lena Lutz geleitet wird. Sie bietet als gebundene Ganztagsschule ein vielfältiges Konzept mit Lernateliers, Medien- und Lesekonzepten sowie zahlreichen Kooperationen. Mit 19 Lehrkräften fördert sie unter dem Motto ""Vielfalt ist unsere Stärke"" die individuelle Entwicklung der Schülerinnen und Schüler.","Lerchenrainschule is a public, music-focused primary school in Stuttgart-Heslach, established in 1909 and led by Anna-Lena Lutz. As a full-day school, it offers a diverse concept with learning ateliers, media and reading concepts, and numerous cooperations. With 19 teachers, it promotes the individual development of students under the motto ""Diversity is our strength.""",15,0,33,7,12.3,23,4,37,"2025,2024,2023",93,11
STG-17726,Luginslandschule,Grundschule,Grundschule,Öffentlich,1954.0,Margaretenstraße 71,70327,Untertürkheim,Untertürkheim,0711 21692370,poststelle.luginslandschule@stuttgart.de,https://die-lugi.de/,Andreas Passauer,Englisch,,,,,,,,,,,,,,,,N/A,"GUT DRAUF-Programm, individuelle und vielfältige Lernangebote.",,,,,,,,,48.790060568796335,9.252595632267877,jedeschule.codefor.de + Stuttgart Schulwegweiser PDF,,,,,,,Unfallatlas,,,,,,,,,,1348,,6,179,,,21,,,,,,,,,,,,,,,,,,,,,,5.0,Sicher,258.0,,,,Stuttgart Neckarpark,859,48.7918161,9.2411731,,Stuttgart-Untertürkheim,1149,48.7798209,9.2504725,,Stuttgart-Ebitzweg,2152,48.8037427,9.2318241,,Eszet,516,48.787575,9.2466518,,Schlotterbeckstraße,714,48.7841027,9.2489496,,Blick,844,48.7932154,9.2421104,,Im Hag,385,48.7869263,9.2548442,,Gehrenwald,468,48.7897661,9.2589748,,Luginsland,614,48.7918876,9.2605063,,26,,50.0,,,"Luginslandschule ist eine Grundschule in Stuttgart. Adresse: Margaretenstraße 71, 70327 Stuttgart. Stadtbezirk: Untertürkheim. Die Schule ist in öffentlicher Trägerschaft. Mittlere ÖPNV-Anbindung.","Die Luginslandschule in Stuttgart ist eine 1954 gegründete, dreizügige öffentliche Grundschule, die im grünen Stadtteil Luginsland mit Blick auf das Neckartal liegt und derzeit 258 Schülerinnen und Schüler unterrichtet. Unter der Leitung von Andreas Passauer fungiert die Schule als Ganztagesschule mit Wahlform, die individuelle und vielfältige Lernangebote im Halb- oder Ganztagsmodell bereitstellt. Ein multiprofessionelles Team aus Lehr- und Fachkräften engagiert sich für die bestmögliche Lernentwicklung der Kinder. Die Schule legt großen Wert auf eine gelingende Erziehungspartnerschaft, die auf Vertrauen zwischen Pädagogen und Eltern basiert. Zu den geförderten Werten gehören Freundlichkeit, Akzeptanz, Respekt, Wertschätzung, Würde, Kommunikation auf Augenhöhe, Partizipation, Offenheit, Vielfalt, Gleichheit, Empathie und Gewaltfreiheit, die alle zu einem freundlichen Miteinander beitragen. Die Luginslandschule ist zudem stolz darauf, Teil des „GUT DRAUF“-Programms zu sein, das das ganzheitliche Wohlbefinden betont. Englisch wird als Sprache angeboten. Die Adresse der Schule ist Margaretenstraße 71, 70327 Stuttgart.",,,,,,,,,,,1.0,3.0,4.0,3.0,,,,,Kostenfrei (öffentliche Schule),,,,,,,,,,,,,,,,,,,,,,,,258.0,,1348,2024_25,2025,Baden-Württemberg,66.9,0.9,17030,bezirk_estimated,21,120.6,7917.3,179,1051.4,Stuttgart,1348,7917.1,6,33.8,11,65.7,2026-08-23,stuttgart.de Adressverzeichnis,,STG-17800-GS,STG-17941,STG-17781,Stuttgart,"Dagobertweg 2, 70327 Stuttgart, Germany",412.0,48.788546800000006,9.2577306,Bubeck's Brot & mehr,"Biklenstraße 10, 70327 Stuttgart, Germany",425.0,48.7875637,9.2482008,Sehne,"Mäulenstraße 5, 70327 Stuttgart, Germany",430.0,48.7880906,9.2475431,Stadtteil- und Familienzentrum Mäulentreff,"Stierlenstraße 11, 70327 Stuttgart, Germany",224.0,48.7885786,9.2546625,Kath. Kindergarten,"Fiechtnerstraße 47, 70327 Stuttgart, Germany",315.0,48.7889677,9.2486215,Städtischer Kindergarten,"Barbarossastraße 52, 70327 Stuttgart, Germany",382.0,48.790417399999995,9.2577803,Gartenstadtkindergarten,"Oberstdorfer Str. 23, 70327 Stuttgart, Germany",815.0,48.782734,9.2528476,Wilhelmsschule Untertürkheim,"Ebitzweg 57, 70374 Stuttgart, Germany",1977.0,48.804427999999994,9.2366935,Eichendorffschule,"Hedelfinger Str. 9, 70327 Stuttgart, Germany",2209.0,48.7705381,9.2470143,Wilhelmsschule Wangen,0.0,"Wallmerstraße 115, 70327 Stuttgart, Germany",366.0,48.7883223,9.2483492,Soniis-pizze-untertuerkheim,"Kappelbergstraße 60, 70327 Stuttgart, Germany",405.0,48.7869476,9.2554731,Della Vita,"Kappelbergstraße 60, 70327 Stuttgart, Germany",408.0,48.7869069,9.2554446,Best Pizza Express,3.0,"Biklenstraße 10, 70327 Stuttgart, Germany",425.0,48.7875637,9.2482008,Netto Marken-Discount,,,,,,,,,,,,Stuttgart,"Die Luginslandschule ist eine 1954 gegründete, dreizügige öffentliche Grundschule in Stuttgart-Luginsland mit 258 Schülern. Sie bietet als Ganztagesschule mit Wahlform individuelle und vielfältige Lernangebote, unterstützt durch ein multiprofessionelles Team und das ""GUT DRAUF""-Programm. Freundlichkeit, Respekt und Partizipation prägen das Schulleben unter der Leitung von Andreas Passauer.","Founded in 1954, Luginslandschule is a three-stream public primary school in Stuttgart-Luginsland, serving 258 students. As a full-day school with optional forms, it offers individual and diverse learning opportunities, supported by a multi-professional team and the ""GUT DRAUF"" program. Friendliness, respect, and participation characterize school life under the leadership of Andreas Passauer.",5,0,16,0,5.7,10,1,17,"2025,2024,2023",208,6
STG-50922,Manfred-Ehringer Grundschule,Grundschule,Grundschule,Öffentlich,2005.0,Zuckerfabrik 7,70376,Bad Cannstatt,Bad Cannstatt,0711 2226767,info@lessing-schulen.de,https://www.lessing-schulen.de/,Frau Eser,,,,,,,,,,,,,,,,,N/A,"MINT-freundliche Schule, Digitale Schule, Interkulturelle Kompetenz, individuelles Förder- und Coachingkonzept, Ganztagsbetreuung.",,,,,,,,,48.820518035745096,9.21395014032523,jedeschule.codefor.de + Stuttgart Schulwegweiser PDF,,,,,,,Unfallatlas,,,,,,,,,,8807,,38,1170,,,134,,,,,,,,,,,,,,,,,,,,,,10.0,Belastet,,10.0,,,Stuttgart-Münster,164,48.8207118,9.2161743,,Stuttgart-Zazenhausen,2025,48.8360504,9.1995088,,Bad Cannstatt,2136,48.8014069,9.2168515,,Bottroper Straße (Lessing-Schulen),286,48.8209476,9.2100942,,Elbestraße,564,48.8255378,9.2128901,,Freibergstraße,722,48.8242839,9.22198,,Bottroper Straße,78,48.8203664,9.212905,,Münster,159,48.8212586,9.2158146,,Weserstraße,215,48.8224407,9.2142657,,56,"Blaue Tour, N4",50.0,,,"Manfred-Ehringer Grundschule ist eine Grundschule in Stuttgart. Adresse: Zuckerfabrik 7, 70376 Stuttgart. Stadtbezirk: Bad Cannstatt. Die Schule ist in öffentlicher Trägerschaft. Mittlere ÖPNV-Anbindung. Überdurchschnittliche Kriminalitätsbelastung im Bezirk.","Die Manfred-Ehringer Grundschule ist Teil der Lessing Schulen in Stuttgart, einer staatlich anerkannten Privatschule in freier Trägerschaft des Bildungs- und Schulvereins Baden Württemberg (BSV), gegründet im Jahr 2005. Die Schule befindet sich in der Zuckerfabrik 7, 70376 Stuttgart. Unter der Leitung von Frau Eser zeichnet sich die Grundschule durch ein umfassendes Bildungsangebot aus, das auf individuelle Förderung und eine moderne Lernumgebung setzt. Als MINT-freundliche und Digitale Schule integriert die Manfred-Ehringer Grundschule multimediale Lehr- und Lernmittel, die technologisch und didaktisch auf dem neuesten Stand sind. Dies fördert ein zukunftsorientiertes Lernen und bereitet die Schülerinnen und Schüler optimal auf die Herausforderungen der digitalen Welt vor. Ein besonderer Fokus liegt auf der interkulturellen Kompetenz, was sich in der vielfältigen Schülerschaft widerspiegelt, die aus verschiedenen Nationalitäten stammt. Die Schule lebt Vielfalt und fördert Toleranz und ein weltoffenes Miteinander. Das pädagogische Konzept umfasst ein differenziertes und individuelles Förder- und Coachingkonzept, das auf die Stärken und Schwächen jedes Kindes eingeht. Kleine Lerngruppen ermöglichen eine intensive Betreuung und selbstorganisiertes sowie selbstständiges Lernen. Die Ganztagsbetreuung mit einem vielfältigen AG-Angebot, einer Schülerbibliothek und Mittagessen aus der hauseigenen Küche rundet das Angebot ab. Intensive Elternarbeit und soziales Lernen sind weitere Säulen des Schulprofils. Die Unterrichtszeiten sind montags bis freitags von 8:00 bis 15:50 Uhr. Die Manfred-Ehringer Grundschule legt Wert auf Werte- und Sinnorientierung und ist eine ""Schule mit Courage"", die sich für Vielfalt und Toleranz einsetzt.",,,,,,,,,,,11.0,2.0,2.0,5.0,,,,,Kostenfrei (öffentliche Schule),,,,,,,,,,,,,,,,,,,,,,,,,10.0,8807,,2025,Baden-Württemberg,66.9,1.4,71510,bezirk_estimated,134,187.6,12315.8,1170,1635.5,Stuttgart,8807,12315.4,38,52.6,73,102.1,2026-08-23,stuttgart.de Adressverzeichnis,,STG-356711,STG-19796,STG-18556,Stuttgart,"Löwentorstraße 259, 70376 Stuttgart, Germany",284.0,48.8217292,9.2105415,Bäckerei Sailer Löwentorstraße (beim Edeka),"Freibergstraße 34, 70376 Stuttgart, Germany",367.0,48.823078,9.2171058,Schöllkopf Backwaren GmbH,,,,,,"Bottroper Str. 51, 70376 Stuttgart, Germany",192.0,48.82051980000001,9.2113296,Kindergarten Bad Cannstatt Bottroper Straße,"Nagoldstraße 57, 70376 Stuttgart, Germany",279.0,48.8204713,9.2177642,Himmelwerk - Kindertagesstätte,"Rostocker Str. 53, 70376 Stuttgart, Germany",282.0,48.8200504,9.2101678,Kath. Kindergarten St. Rupert-Mayer,"Weckherlinstraße 8, 70376 Stuttgart, Germany",485.0,48.8162544,9.2153533,Carl-Benz-Schule,"Nagoldstraße 7, 70376 Stuttgart, Germany",589.0,48.819917,9.2219409,Elise von König Gemeinschaftsschule,"Auf d. Altenburg 10, 70376 Stuttgart, Germany",1146.0,48.8111024,9.2075978,Altenburgschule,1.0,"Nagoldstraße 55, 70376 Stuttgart, Germany",314.0,48.820160699999995,9.2182024,Münster Kebap & Pizza Haus,"Löwentorstraße, 70376 Stuttgart, Germany",315.0,48.8218464,9.2101545,Grill 'n' Roll Chicken,,,,,,7.0,"Bottroper Str. 8a, 70376 Stuttgart, Germany",253.0,48.81831,9.21312,Lidl,"Bottroper Str. 16, 70376 Stuttgart, Germany",294.0,48.817901,9.2145506,Penny Hallschlag,"Löwentorstraße 257, 70376 Stuttgart, Germany",310.0,48.8215821,9.2100378,EDEKA Schuster,,Stuttgart,"Die Manfred-Ehringer Grundschule in Stuttgart ist eine staatlich anerkannte Privatschule, die 2005 gegründet wurde und Teil der Lessing Schulen ist. Sie zeichnet sich als MINT-freundliche und Digitale Schule durch individuelle Förderung, interkulturelle Kompetenz und Ganztagsbetreuung aus. Mit kleinen Lerngruppen und modernen Lehrmitteln bietet sie eine umfassende und zukunftsorientierte Bildung.","The Manfred-Ehringer Primary School in Stuttgart is a state-recognized private school, founded in 2005 and part of the Lessing Schools. It stands out as a MINT-friendly and Digital School, offering individual support, intercultural competence, and full-day care. With small learning groups and modern teaching materials, it provides a comprehensive and future-oriented education.",4,0,20,5,7.3,14,2,22,"2025,2024,2023",88,21
STG-17921,Maria-Montessori-Schule Hausen,Grundschule,Grundschule,Privat,1997.0,Beim Fasanengarten 9,70499,Weilimdorf,Weilimdorf,0711 21657130,poststelle.maria-montessori.grundschule-hausen@stuttgart.de,http://www.mmgh.de/,Ursula Conradt,,,,,,,,,,,,,,,,,N/A,"Montessori-Pädagogik, Kulturschule 2020, jahrgangsübergreifender Unterricht, inklusive Beschulung, tiergestützte Pädagogik, SchwimmMobil.",,,,,,,,,48.81691508028987,9.086173272436296,jedeschule.codefor.de + Stuttgart Schulwegweiser PDF,,,,,,,Unfallatlas,,,,,,,,,,2050,,9,272,,,31,,,,,,,,,,,,,,,,,,,,,,3.0,Sehr sicher,185.0,14.0,,,Weilimdorf,834,48.822086,9.0944331,,Ditzingen,1561,48.8235995,9.0674255,,Korntal Gymnasium,2447,48.8305386,9.1124214,,Giebel,1593,48.8026421,9.0881059,,Breitwiesen,1620,48.8024969,9.0829832,,Salamanderweg,1670,48.8026381,9.0932442,,Mönsheimer Weg,26,48.8167928,9.0864785,,Gerlinger Straße,263,48.8145544,9.0864566,,Weilemer Pfad,283,48.8167661,9.0900384,,35,,50.0,,,"Maria-Montessori-Schule Hausen ist eine Grundschule in Stuttgart. Adresse: Beim Fasanengarten 9, 70499 Stuttgart. Stadtbezirk: Weilimdorf. Die Schule ist in privater Trägerschaft. Mittlere ÖPNV-Anbindung. Niedrige Kriminalitätsbelastung im Bezirk.","Die Maria-Montessori-Schule Hausen in Stuttgart ist eine private Grundschule, die 1997 gegründet wurde und sich der Montessori-Pädagogik verschrieben hat. Unter der Leitung von Ursula Conradt bietet die Schule derzeit 185 Schülern und Schülerinnen eine einzigartige Lernumgebung, die von 14 Lehrkräften betreut wird. Das pädagogische Konzept basiert auf den Prinzipien Maria Montessoris, die das Kind in den Mittelpunkt stellt und eine individuelle Entwicklung durch selbstbestimmtes Lernen in einer vorbereiteten Umgebung fördert. Ein zentrales Merkmal ist der jahrgangsübergreifende Unterricht, der es Kindern unterschiedlichen Alters ermöglicht, voneinander und miteinander zu lernen und soziale Kompetenzen zu entwickeln. 

Die Schule zeichnet sich zudem durch ihre inklusive Beschulung aus, die sicherstellt, dass alle Kinder, unabhängig von ihren individuellen Bedürfnissen, gemeinsam lernen und wachsen können. Als „Kulturschule 2020“ legt die Maria-Montessori-Schule Hausen einen besonderen Schwerpunkt auf kulturelle Bildung und kreative Entfaltung. Ein weiteres Alleinstellungsmerkmal ist die tiergestützte Pädagogik, die den Kindern durch den Umgang mit Tieren wichtige Erfahrungen in Empathie, Verantwortung und Naturverbundenheit vermittelt, wie beispielsweise bei Eselwanderungen während Klassenfahrten. Darüber hinaus engagiert sich die Schule aktiv für die Schwimmförderung durch Initiativen wie das „SchwimmMobil Wundine“, ein mobiles Schwimmbad, das den Kindern wohnortnah Schwimmunterricht ermöglicht und somit einen wichtigen Beitrag zur Sicherheit und Gesundheit leistet. Die Schule fördert eine ganzheitliche Entwicklung und bereitet die Kinder umfassend auf ihre Zukunft vor.",,,,,,,,,,,1.0,1.0,1.0,2.0,,,,,Privat (Details auf Schulwebsite),,,,,,,,,,,,,,,,,,,,,,,,185.0,14.0,2050,2024_25,2025,Baden-Württemberg,66.9,0.7,33290,bezirk_estimated,31,93.8,6157.9,272,817.7,Stuttgart,2050,6157.7,9,26.3,17,51.1,2026-08-23,stuttgart.de Adressverzeichnis,,STG-19819,STG-271142,STG-17748,Stuttgart,"Beim Fasanengarten 4, 70499 Stuttgart, Germany",58.0,48.816438999999995,9.0858554,Bäckerei Sauter Inh. Dursun,,,,,,,,,,,"Beim Fasanengarten 11, 70499 Stuttgart, Germany",40.0,48.8172096,9.086492,Tageseinrichtung für Kinder Beim Fasanengarten 11,"Hausenring 32E, 70499 Stuttgart, Germany",271.0,48.8151125,9.0836806,Städtischer Kindergarten Hausenring,"Ingersheimer Str. 20, 70499 Stuttgart, Germany",1045.0,48.824271,9.0950481,Kita Stuttgärtchen,"Sandbuckel 45, 70499 Stuttgart, Germany",1080.0,48.807669999999995,9.09068,Rappach-Schule,"71254 Ditzingen, Germany",1299.0,48.8274656,9.078539,Parkplatz Doris-Leibinger-Grundschule,"Gottfried-Keller-Straße 44, 71254 Ditzingen, Germany",1345.0,48.8279966,9.0787984,Konrad Kocher school with Werkrealschule,0.0,"Beim Fasanengarten 4, 70499 Stuttgart, Germany",58.0,48.816438999999995,9.0858554,Bäckerei Sauter Inh. Dursun,,,,,,,,,,,1.0,"Gerlinger Str. 96, 70499 Stuttgart, Germany",346.0,48.81384,9.08692,Lidl,,,,,,,,,,,,Stuttgart,"Die Maria-Montessori-Schule Hausen ist eine 1997 gegründete private Grundschule in Stuttgart, die 185 Schüler nach der Montessori-Pädagogik unterrichtet. Sie zeichnet sich durch jahrgangsübergreifenden und inklusiven Unterricht, tiergestützte Pädagogik und als „Kulturschule 2020“ aus. Besondere Initiativen wie das „SchwimmMobil“ fördern die ganzheitliche Entwicklung der Kinder.","Maria-Montessori-Schule Hausen is a private primary school in Stuttgart, founded in 1997, educating 185 students using Montessori pedagogy. It features multi-age and inclusive classrooms, animal-assisted pedagogy, and is recognized as a 'Kulturschule 2020'. Special initiatives like the 'SchwimmMobil' promote the holistic development of children.",0,0,3,0,1.0,3,0,3,"2025,2024,2023",278,20
STG-17737,Marienschule,Grundschule,Grundschule,Öffentlich,1980.0,Römerstraße 16,70180,Süd,Süd,0711 21688356,marienschule@stuttgart.de,https://www.stuttgart-inklusiv.de/,,,,,,,,,,,,,,,,,,N/A,"Individuelle Förderung, naturwissenschaftliche Experimente, Theaterworkshops, Bildungshaus mit Montessori Kinderhaus.",,,,,,,,,48.765390841245015,9.170850202747046,jedeschule.codefor.de + Stuttgart Schulwegweiser PDF,,,,,,,Unfallatlas,,,,,,,,,,3938,,17,523,,,60,,,,,,,,,,,,,,,,,,,,,,6.0,Durchschnittlich,,,,,Marienplatz,211,48.7643403,9.1684559,,Österreichischer Platz Eingang (U-Bahn),579,48.7697675,9.1751287,,U-Bahn (48.7702),609,48.7702457,9.1747018,,Marienplatz,203,48.7643004,9.1686351,,Liststraße,385,48.7622826,9.1685227,,Pfaffenweg,668,48.7596512,9.1681634,,Lehenstraße,149,48.7640551,9.1709447,,Marienplatz,249,48.7643926,9.1678136,,Markuskirche,282,48.7644777,9.1744349,,116,,50.0,,,"Marienschule ist eine Grundschule in Stuttgart. Adresse: Römerstraße 16, 70180 Stuttgart. Stadtbezirk: Süd. Die Schule ist in öffentlicher Trägerschaft. Mittlere ÖPNV-Anbindung. Erhöhtes Verkehrsunfallaufkommen (30/Jahr).","Die Marienschule in Stuttgart-Süd, gegründet 1980, ist eine öffentliche Grundschule in der Römerstraße 16, 70180 Stuttgart. Sie wird von Nadine Reinhardt und Sandra Daum geleitet und zeichnet sich durch ein engagiertes Team aus, das aus etwa 20 Lehrkräften und rund 20 pädagogischen Fachkräften für die Ganztagsbetreuung und die Verlässliche Grundschule bis 14 Uhr besteht. Ein besonderes Merkmal der Marienschule ist ihr Konzept als „Bildungshaus“ in enger Kooperation mit dem Montessori Kinderhaus. Diese Zusammenarbeit ermöglicht einen sanften und ganzheitlichen Übergang für Vorschulkinder in die erste Grundschulklasse, indem sie regelmäßig am Schulunterricht teilnehmen und eine Lehrkraft die Vorschulkinder im Kindergarten besucht. Auch für Hortkinder wird eine kontinuierliche Begleitung durch regelmäßige Gespräche zwischen Horterzieherinnen und Lehrkräften gewährleistet, um eine gemeinsame Förderung zu sichern. Die Schule legt Wert auf individuelle Förderung und bietet vielfältige Aktivitäten, die das Lernen erlebbar machen. Dazu gehören beispielsweise Erlebnistage im Aktivpark Bergheide, bei denen die Kinder durch Kooperationsspiele und praktische Erfahrungen wie das Feuermachen ihre Fähigkeiten entdecken und soziale Kompetenzen stärken können. Die Marienschule bietet zudem Schulsozialarbeit und ist Teil des Projekts Süd². Der Schultag beginnt für die Jahrgangsstufen 2 bis 4 mit einem offenen Anfang zwischen 8:30 und 8:45 Uhr. Die Schule fördert eine aktive Schulgemeinschaft und bedankt sich regelmäßig bei Eltern, Lehrkräften und Freunden für ihr Engagement bei den vielfältigen Aktivitäten.",,,,,,,,,,,14.0,20.0,20.0,7.0,,,,,Kostenfrei (öffentliche Schule),,,,,,,,,,,,,,,,,,,,,,,,,,3938,,2025,Baden-Württemberg,66.9,1.0,44770,bezirk_estimated,60,134.0,8797.0,523,1168.2,Stuttgart,3938,8796.7,17,37.5,33,73.0,2026-08-23,stuttgart.de Adressverzeichnis,,STG-17740,STG-17630,STG-18556,Stuttgart,"Hauptstätter Str. 147, 70180 Stuttgart, Germany",103.0,48.7646524,9.1700041,Treiber Spezialitäten Bäckerei Konditorei,"Tübinger Str. 95, 70178 Stuttgart, Germany",122.0,48.76592,9.16939,misch misch coffee,"Tübinger Str. 82, 70178 Stuttgart, Germany",152.0,48.765911,9.1689291,Bruno Café & Bar,"Römerstraße 16, 70180 Stuttgart, Germany",39.0,48.7657274,9.1710073,Montessori Children's House Stuttgart center e.V.,"Cottastraße 18 a, 70180 Stuttgart, Germany",199.0,48.766895,9.172315,IB-Kita Heusteigzwerge,"Fangelsbachstraße 22, 70180 Stuttgart, Germany",295.0,48.7673971,9.173477,Kinderhaus St. Maria,"Jakobstraße 11, 70182 Stuttgart, Germany",1062.0,48.7718814,9.181477,Jakobschule,"Hohentwielstraße 23, 70199 Stuttgart, Germany",1087.0,48.764045,9.1561614,Wilhelm-Hauff-Schule Stuttgart,"Schulstraße 1, 70173 Stuttgart, Germany",1228.0,48.775467299999995,9.1777051,Grundschule Lampertswalde,0.0,"Hauptstätter Str. 147, 70178 Stuttgart, Germany",103.0,48.7646524,9.1700041,Park Inn by Radisson Stuttgart,"Filderstraße 43, 70180 Stuttgart, Germany",162.0,48.7639783,9.1714162,Sultan Saray,"Marienplatz 12, 70178 Stuttgart, Germany",169.0,48.764603699999995,9.1688788,L.A. Signorina,18.0,"Hauptstätter Str. 133, 70178 Stuttgart, Germany",76.0,48.76607,9.1709,24/7 Automaten Kiosk,"Heusteigstraße 105, 70180 Stuttgart, Germany",94.0,48.7645978,9.1712875,Sascha ESsEN,"Hauptstätter Str. 147, 70178 Stuttgart, Germany",103.0,48.7646524,9.1700041,REWE,,Stuttgart,"Die Marienschule in Stuttgart-Süd ist eine 1980 gegründete öffentliche Grundschule, die als „Bildungshaus“ eng mit dem Montessori Kinderhaus kooperiert, um einen sanften Übergang und ganzheitliche Förderung zu gewährleisten. Unter der Leitung von Nadine Reinhardt und Sandra Daum bietet sie individuelle Förderung, Ganztagsbetreuung und erlebnisorientierte Aktivitäten wie die Erlebnistage im Aktivpark Bergheide. Ein Team aus rund 20 Lehrkräften und 20 pädagogischen Fachkräften engagiert sich für die Schüler.","Marienschule in Stuttgart-Süd, founded in 1980, is a public primary school operating as an 'education house' in close cooperation with the Montessori Kinderhaus, ensuring a smooth transition and holistic development. Led by Nadine Reinhardt and Sandra Daum, it offers individualized support, all-day care, and experiential activities like adventure days at Aktivpark Bergheide. A team of approximately 20 teachers and 20 pedagogical specialists is dedicated to the students.",46,0,83,11,30.3,49,8,91,"2025,2024,2023",55,23
STG-18556,Martin-Luther-Schule,Grundschule,Grundschule,Öffentlich,,Martin-Luther-Straße 57,70372,Bad Cannstatt,Bad Cannstatt,0711 21621080,poststelle.martin-luther-schule@stuttgart.de,https://www.stuttgart-inklusiv.de/,,,,,,,,,,,,,,,,,,N/A,"Förderung von Sprache, sozialer Kompetenz und musischen Fähigkeiten.",,,,,,,,,48.80361201936636,9.224813865777223,jedeschule.codefor.de + Stuttgart Schulwegweiser PDF,,,,,,,Unfallatlas,,,,,,,,,,8807,,38,1170,,,134,,,,,,,,,,,,,,,,,,,,,,10.0,Belastet,470.0,29.0,,,Stuttgart-Ebitzweg,514,48.8037427,9.2318241,,Bad Cannstatt,633,48.8014069,9.2168515,,Nürnberger Straße,797,48.806375,9.2348625,,Uff-Kirchhof,176,48.8050105,9.2259419,,Daimlerplatz,464,48.8052948,9.2190147,,Ebitzweg,532,48.8037221,9.2320716,,Uff-Kirchhof,164,48.8049979,9.2255972,,Augsburger Platz,507,48.8060618,9.2306545,,Bad Cannstatt,541,48.8020617,9.2178161,,41,,40.0,,,"Martin-Luther-Schule ist eine Grundschule in Stuttgart. Adresse: Martin-Luther-Straße 57, 70372 Stuttgart. Stadtbezirk: Bad Cannstatt. Die Schule ist in öffentlicher Trägerschaft. Mittlere ÖPNV-Anbindung. Erhöhtes Verkehrsunfallaufkommen (36/Jahr). Überdurchschnittliche Kriminalitätsbelastung im Bezirk.","Die Martin-Luther-Grundschule in Stuttgart-Bad Cannstatt ist eine öffentliche Grundschule, die sich der ganzheitlichen Entwicklung ihrer 470 Schülerinnen und Schüler widmet. Die Schule legt besonderen Wert auf die Förderung von Sprache, sozialer Kompetenz und musischen Fähigkeiten, um die Kinder optimal auf ihr weiteres Leben vorzubereiten. Ein zentrales Anliegen ist es, jedes Kind in seinen individuellen Fähigkeiten zu stärken und gleichzeitig das gemeinsame Lernen und Miteinander zu fördern. Die Schule versteht sich als eine ""Schule so bunt wie das Leben selbst"" und stellt die jungen Schülerinnen und Schüler in den Mittelpunkt ihrer Lern- und Lebenswelt.

Für neu zugewanderte Familien bietet die Martin-Luther-Grundschule spezielle Vorbereitungsklassen an. Diese Klassen richten sich an Kinder im Alter von 6 bis 12 Jahren, die bereits in ihrem Herkunftsland schulische Erfahrungen gesammelt haben, aber Unterstützung beim Erlernen der deutschen Sprache und der Integration in das deutsche Schulsystem benötigen. Ziel ist es, ihnen einen guten Einstieg in die Schule und das Ankommen in Deutschland zu erleichtern und sie auf den Regelunterricht vorzubereiten.

Das Schulleben ist vielfältig und aktiv. Die Schule fördert die aktive Mitarbeit der Eltern und bietet verschiedene Angebote, um die Kinder selbstbewusst und gesund aufwachsen zu lassen. Dazu gehören unter anderem die Teilnahme am bundesweiten Vorlesetag, bei dem Vorlesepatinnen und -paten spannende Geschichten präsentieren, sowie Projekttage zu wichtigen Themen wie Umweltschutz, bei denen die Kinder die Natur erfahren und verstehen lernen. Die Schule verfügt über eine eigene Bibliothek, die ab November 2024 ihre Türen öffnet, und bietet in Zusammenarbeit mit der Stadt Stuttgart Ferienbetreuungsangebote an. Auch bei lokalen Veranstaltungen wie dem Weihnachtsmarkt ist die Martin-Luther-Schule präsent. Mit 29 Lehrkräften schafft die Schule eine unterstützende Lernumgebung, in der jedes Kind seine Potenziale entfalten kann. Die Adresse der Schule ist Martin-Luther-Straße 57, 70372 Stuttgart - Bad Cannstatt.",,,,,,,,,,,11.0,20.0,18.0,8.0,,,,,Kostenfrei (öffentliche Schule),,,,,,,,,,,,,,,,,,,,,,,,470.0,29.0,8807,2024_25,2025,Baden-Württemberg,66.9,1.4,71510,bezirk_estimated,134,187.6,12315.8,1170,1635.5,Stuttgart,8807,12315.4,38,52.6,73,102.1,2026-08-23,stuttgart.de Adressverzeichnis,,STG-17905,STG-356705,STG-356711,Stuttgart,"Martin-Luther-Straße 65, 70372 Stuttgart, Germany",78.0,48.8029333,9.2250816,Bäckerei am Eck,"Karlsbader Str. 21, 70372 Stuttgart, Germany",230.0,48.8019859,9.2267581,Karla21,"70372 Stuttgart, Germany",283.0,48.8011543,9.2258417,Coral Cafe,"Emser Str. 11, 70372 Stuttgart, Germany",84.0,48.8040074,9.2238319,Evangelischer Kindergarten Martin Luther,"Martin-Luther-Straße 54, 70372 Stuttgart, Germany",97.0,48.8043141,9.2240267,Kirche und Lutherkirchengemeinde Bad Cannstatt,"Wildunger Str. 9, 70372 Stuttgart, Germany",309.0,48.8024083,9.2210173,Kath. Familienzentrum und Kita im Seelberg,"Ebitzweg 57, 70374 Stuttgart, Germany",875.0,48.804427999999994,9.2366935,Eichendorffschule,"Auf d. Altenburg 10, 70376 Stuttgart, Germany",1511.0,48.8111024,9.2075978,Altenburgschule,"Röntgenstraße 5, 70190 Stuttgart, Germany",1546.0,48.7915212,9.214397,Raitelsbergschule,0.0,"Martin-Luther-Straße 65, 70372 Stuttgart, Germany",78.0,48.8029333,9.2250816,Bäckerei am Eck,"Wildunger Str. 58, 70372 Stuttgart, Germany",165.0,48.8032991,9.2270124,"AlAmeen Süßigkeiten, Eis حلويات، بوظة الأمين","Kreuznacher Str. 57, 70372 Stuttgart, Germany",222.0,48.8024322,9.2223623,Restaurant Äquator,9.0,"Wildunger Str. 35, 70372 Stuttgart, Germany",120.0,48.8028273,9.2236856,Bereke Supermarkt & Metzgerei بركة,"Karlsbader Str. 18, 70372 Stuttgart, Germany",176.0,48.8023329,9.2262305,BAKIR SUPERMARKET,"Wildunger Str. 2-4, 70372 Stuttgart, Germany",290.0,48.801919,9.2218107,Kaufland Stuttgart-Bad Cannstatt,,Stuttgart,"Die Martin-Luther-Grundschule in Stuttgart-Bad Cannstatt ist eine öffentliche Grundschule mit 470 Schülern und 29 Lehrkräften, die Sprache, soziale Kompetenz und musische Fähigkeiten fördert. Sie bietet spezielle Vorbereitungsklassen für neu zugewanderte Kinder an und legt Wert auf individuelles Wachstum sowie gemeinschaftliches Lernen. Das vielfältige Schulleben umfasst Lesetage, Umweltprojekte und Ferienbetreuung, um Kinder ganzheitlich zu unterstützen.","The Martin-Luther-Grundschule in Stuttgart-Bad Cannstatt is a public primary school with 470 students and 29 teachers, focusing on fostering language, social competence, and musical abilities. It offers special preparatory classes for newly arrived children and emphasizes individual growth alongside communal learning. The diverse school life includes reading days, environmental projects, and holiday care to support children holistically.",33,0,100,19,35.7,67,7,107,"2025,2024,2023",65,4
STG-20780,Merz Schule gGmbH,Grundschule,Grundschule,Privat,1918.0,Albrecht-Leo-Merz-Weg 2,70184,Ost,Ost,0711 210340,info@merz-schule.de,http://www.merz-schule.de/,Dr. Frederik Merz,"Englisch, Französisch, Italienisch, Latein, Spanisch",,,,,,,,,,,,,,,,N/A,"MINT, Eliteschule des Sports, DELF, Europaschule, Jugend debattiert, Handwerkstätten",,,,,,,,,48.76535710987654,9.202761172126468,jedeschule.codefor.de + Stuttgart Schulwegweiser PDF,,,,,,,Unfallatlas,,,,,,,,,,4763,,20,632,,,73,,,,,,,,,,,,,,,,,,,,,,7.0,Durchschnittlich,770.0,70.0,,,Charlottenplatz,1800,48.7752732,9.1833534,,Rathaus,1845,48.773793,9.1810868,,Eingang Rathaus (U-Bahn),1920,48.774433,9.1804719,,Geroksruhe,154,48.7662661,9.2011828,,Stelle,507,48.7612455,9.1997625,,Payerstraße,703,48.7693249,9.1952857,,Geroksruhe,197,48.7666401,9.2008994,,Stelle,488,48.7613071,9.2002142,,Albert-Schäffle-Straße,697,48.7714918,9.2047398,,28,,50.0,,,"Merz Schule gGmbH ist eine Grundschule in Stuttgart. Adresse: Albrecht-Leo-Merz-Weg 2, 70184 Stuttgart. Stadtbezirk: Ost. Die Schule ist in privater Trägerschaft. Mittlere ÖPNV-Anbindung.","Die Merz Schule gGmbH in Stuttgart ist eine private, staatlich anerkannte Bildungseinrichtung mit einer langen Tradition, die 1918 als „Werkhaus-Werkschule Merz“ gegründet wurde. Sie umfasst eine Krippe, einen Kindergarten, eine Grundschule und ein Gymnasium, wobei auch ein Internat und Hort angeboten werden. Die Schule verfolgt einen ganzheitlichen Bildungsansatz nach dem Prinzip „Erkennen und Gestalten“, der darauf abzielt, Schülerinnen und Schüler zu selbstbewusstem und verantwortlichem Handeln zu befähigen, indem sie ihr geistiges und kreatives Potenzial entfalten. Mit rund 770 Schülern und 70 Lehrkräften bietet die Merz Schule eine individuelle Förderung und eine motivierende Lernatmosphäre.

Besondere Schwerpunkte liegen im MINT-Bereich (Mathematik, Informatik, Naturwissenschaften, Technik), wofür die Schule als „MINT-freundliche Schule“ ausgezeichnet wurde. Als „Eliteschule des Sports“ fördert sie sportbegabte Schülerinnen und Schüler intensiv und ist Partner des Olympiastützpunktes Stuttgart. Das sprachliche Angebot ist vielfältig und umfasst Englisch, Französisch (mit DELF-Zertifizierung), Italienisch, Latein und Spanisch. Darüber hinaus ist die Merz Schule eine Europaschule und engagiert sich in Programmen wie „Jugend debattiert“. Einzigartig sind die sechs hauseigenen Handwerkstätten und über 20 Kursangebote, die das wissenschaftliche, künstlerische, sportliche und handwerkliche Lernen miteinander verbinden. Die Schulleitung obliegt Dr. Frederik Merz.",,,,,,,,,,,0.0,0.0,0.0,2.0,,350.0,,,Privat (Details auf Schulwebsite),,,,,,,,,,,,,,,,,,,,,,,,770.0,70.0,4763,2024_25,2025,Baden-Württemberg,66.9,1.1,49220,bezirk_estimated,73,147.4,9676.7,632,1285.0,Stuttgart,4763,9676.4,20,41.3,40,80.3,2026-08-23,stuttgart.de Adressverzeichnis,,STG-42907,STG-17630,STG-56088,Stuttgart,,,,,,,,,,,,,,,,"Albrecht-Leo-Merz-Weg 2, 70184 Stuttgart, Germany",20.0,48.7652182,9.202584,Merz Schule gemeinnützige GmbH,"Gänsheidestraße 102, 70186 Stuttgart, Germany",378.0,48.7669752,9.1982199,Waldorfkindergarten auf der Gänsheide,"Albert-Schäffle-Straße 10, 70186 Stuttgart, Germany",636.0,48.771039599999995,9.2037048,Katholischer Kindergarten Bruder Klaus,"Gablenberger Weg 25, 70186 Stuttgart, Germany",481.0,48.7696784,9.2023574,Fuchsrainschule,"Stafflenbergstraße 51, 70184 Stuttgart, Germany",1312.0,48.773643400000005,9.1900156,Freie Kolping-Grundschule,"Alexanderstraße 22, 70184 Stuttgart, Germany",1473.0,48.7748257,9.1887079,Galileo primary school and daycare,1.0,,,,,,,,,,,,,,,,7.0,,,,,,,,,,,,,,,,,Stuttgart,"Die Merz Schule gGmbH ist eine private, staatlich anerkannte Bildungseinrichtung in Stuttgart, die von der Krippe bis zum Abitur reicht und ein Internat anbietet. Sie zeichnet sich durch einen ganzheitlichen Ansatz aus, der MINT-Fächer, Sportförderung als Eliteschule des Sports, vielfältige Sprachen und Handwerkstätten integriert. Die 1918 gegründete Schule fördert selbstbewusstes und verantwortliches Handeln nach dem Prinzip „Erkennen und Gestalten“.","Merz Schule gGmbH is a private, state-recognized educational institution in Stuttgart, offering education from crèche to Abitur, including a boarding school. It is characterized by a holistic approach integrating MINT subjects, sports promotion as an Elite School of Sports, diverse languages, and craft workshops. Founded in 1918, the school fosters confident and responsible action based on the principle of 'Recognize and Create'.",3,0,12,2,4.0,8,0,12,"2025,2024,2023",88,7
STG-42907,Merz Schule Private Grundschule,Grundschule,Grundschule,Privat,1918.0,Albrecht-Leo-Merz-Weg 2,70184,Ost,Ost,0711 210340,info@merz-schule.de,http://www.merz-schule.de/,Dr. Frederik Merz,"Englisch, Französisch, Italienisch, Latein, Spanisch",,,,,,,,,,,,,,,,N/A,"MINT, Sportförderung, Sprachliches Profil, Handwerkstätten, Europaschule, Erasmus+",,,,,,,,,48.76535710987654,9.202761172126468,jedeschule.codefor.de + Stuttgart Schulwegweiser PDF,,,,,,,Unfallatlas,,,,,,,,,,4763,,20,632,,,73,,,,,,,,,,,,,,,,,,,,,,7.0,Durchschnittlich,770.0,70.0,,,Charlottenplatz,1800,48.7752732,9.1833534,,Rathaus,1845,48.773793,9.1810868,,Eingang Rathaus (U-Bahn),1920,48.774433,9.1804719,,Geroksruhe,154,48.7662661,9.2011828,,Stelle,507,48.7612455,9.1997625,,Payerstraße,703,48.7693249,9.1952857,,Geroksruhe,197,48.7666401,9.2008994,,Stelle,488,48.7613071,9.2002142,,Albert-Schäffle-Straße,697,48.7714918,9.2047398,,28,,50.0,,,"Merz Schule Private Grundschule ist eine Grundschule in Stuttgart. Adresse: Albrecht-Leo-Merz-Weg 2, 70184 Stuttgart. Stadtbezirk: Ost. Die Schule ist in privater Trägerschaft. Mittlere ÖPNV-Anbindung.","Die Merz Schule Private Grundschule in Stuttgart, gegründet 1918 als ""Werkhaus-Werkschule Merz"", ist eine staatlich anerkannte Bildungseinrichtung unter privater Trägerschaft. Sie ist Teil eines umfassenden Bildungswerks, das von der Krippe bis zum Abitur reicht und optional ein Internat anbietet. Mit rund 770 Schülern und 70 Lehrkräften legt die Schule großen Wert auf eine ganzheitliche Erziehung, die wissenschaftliche, künstlerische, sportliche und handwerkliche Elemente miteinander verbindet. Das pädagogische Leitprinzip ""Erkennen und Gestalten"" fördert selbstständiges Denken, kreatives Handeln und die Entwicklung verantwortungsbewusster Persönlichkeiten. Die Grundschule begleitet den Übergang ins Gymnasium mit besonderer Aufmerksamkeit und gezielter Förderung von Klasse 4 bis 6, um eine erfolgreiche Schullaufbahn zu gewährleisten. Ein starkes sprachliches Profil wird durch Angebote in Englisch, Französisch (DELF-zertifiziert), Italienisch, Latein und Spanisch unterstrichen. Als ""MINT-freundliche Schule"" (seit 2013) und ""Eliteschule des Sports"" bietet die Merz Schule eine herausragende Förderung in Naturwissenschaften, Mathematik, Informatik und Technik sowie für sportlich begabte Schüler in Kooperation mit dem Olympiastützpunkt Stuttgart. Zu den weiteren Besonderheiten zählen sechs hauseigene Handwerkstätten, über 20 Kursangebote, wöchentliche Gastvorträge und ein Hort mit Ganztagsbetreuung sowie Ferienbetreuung. Die Schule ist zudem als Europaschule (VDP, FEDE) und Erasmus+-Teilnehmer international ausgerichtet. Die digitale Bildung wird durch die Vermittlung eines verantwortungsvollen Umgangs mit Medien und die Entwicklung digitaler Kompetenzen gefördert. Unter der Leitung von Dr. Frederik Merz bietet die Merz Schule eine kreative und inspirierende Lernumgebung, die junge Menschen dazu ermutigt, ihr volles Potenzial zu entfalten und über sich hinauszuwachsen.",,,,,,,,,,,0.0,0.0,0.0,2.0,,350.0,,,Privat (Details auf Schulwebsite),,,,,,,,,,,,,,,,,,,,,,,,770.0,70.0,4763,2024_25,2025,Baden-Württemberg,66.9,1.1,49220,bezirk_estimated,73,147.4,9676.7,632,1285.0,Stuttgart,4763,9676.4,20,41.3,40,80.3,2026-08-23,stuttgart.de Adressverzeichnis,,STG-20780,STG-271142,STG-17660,Stuttgart,,,,,,,,,,,,,,,,"Albrecht-Leo-Merz-Weg 2, 70184 Stuttgart, Germany",20.0,48.7652182,9.202584,Merz Schule gemeinnützige GmbH,"Gänsheidestraße 102, 70186 Stuttgart, Germany",378.0,48.7669752,9.1982199,Waldorfkindergarten auf der Gänsheide,"Albert-Schäffle-Straße 10, 70186 Stuttgart, Germany",636.0,48.771039599999995,9.2037048,Katholischer Kindergarten Bruder Klaus,"Gablenberger Weg 25, 70186 Stuttgart, Germany",481.0,48.7696784,9.2023574,Fuchsrainschule,"Stafflenbergstraße 51, 70184 Stuttgart, Germany",1312.0,48.773643400000005,9.1900156,Freie Kolping-Grundschule,"Alexanderstraße 22, 70184 Stuttgart, Germany",1473.0,48.7748257,9.1887079,Galileo primary school and daycare,1.0,,,,,,,,,,,,,,,,7.0,,,,,,,,,,,,,,,,,Stuttgart,"Die Merz Schule Private Grundschule in Stuttgart, gegründet 1918, ist eine staatlich anerkannte Privatschule mit ganzheitlichem Bildungsansatz von Krippe bis Abitur. Sie zeichnet sich durch MINT-Förderung, Sportförderung als Eliteschule des Sports, ein starkes sprachliches Profil (Englisch, Französisch, Italienisch, Latein, Spanisch) und handwerkliche Werkstätten aus. Unter der Leitung von Dr. Frederik Merz fördert sie selbstständiges Denken und kreatives Handeln in einer inspirierenden Umgebung.","Merz Schule Private Grundschule in Stuttgart, founded in 1918, is a state-recognized private school with a holistic educational approach from nursery to Abitur. It is distinguished by MINT promotion, sports promotion as an Elite Sports School, a strong linguistic profile (English, French, Italian, Latin, Spanish), and craft workshops. Led by Dr. Frederik Merz, it fosters independent thinking and creative action in an inspiring environment.",3,0,12,2,4.0,8,0,12,"2025,2024,2023",88,7
STG-17929,Mühlbachhofschule,Grundschule,Grundschule,Öffentlich,1937.0,Parlerstraße 100,70192,Nord,Nord,0711 21657090,poststelle.muehlbachhofschule@stuttgart.de,http://www.muehlbachhofschule.de/,"Jutta Münzner, Michael Päsold",,,,,,,,,,,,,,,,,N/A,"BiSS-Transfer, Schauspiel Stuttgart Partnerschaft, Medienbildung, Hector Kinderakademie (MINT), Inklusion, Individuelles Lernen, vielfältige Themenangebote.",,,,,,,,,48.795642948364765,9.171742654282871,jedeschule.codefor.de + Stuttgart Schulwegweiser PDF,,,,,,,Unfallatlas,,,,,,,,,,3297,,14,438,,,50,,,,,,,,,,,,,,,,,,,,,,9.0,Belastet,,17.0,,,Killesberg,418,48.7993022,9.1704395,,Parkbahnhof,681,48.8017525,9.1723629,,U-Bahn (48.7908),845,48.790829,9.1806633,,Killesberg,425,48.7994654,9.1714917,,Pragfriedhof,838,48.7980762,9.182576,,Stadtbibliothek,891,48.7905828,9.1811708,,Obere Mönchhalde,280,48.793681,9.1741298,,Viergiebelweg,284,48.7967654,9.1752225,,Killesberg Pos 3,407,48.7992263,9.1728679,,51,"43, 50, N2",50.0,,,"Mühlbachhofschule ist eine Grundschule in Stuttgart. Adresse: Parlerstraße 100, 70192 Stuttgart. Stadtbezirk: Nord. Die Schule ist in öffentlicher Trägerschaft. Mittlere ÖPNV-Anbindung. Überdurchschnittliche Kriminalitätsbelastung im Bezirk.","Die Mühlbachhofschule in Stuttgart ist eine öffentliche Grundschule, die sich durch ein umfassendes pädagogisches Konzept und ein starkes Gemeinschaftsgefühl auszeichnet. Im Herzen ihrer Philosophie steht die Förderung von Werten wie Gerechtigkeit, Respekt, Verantwortung und Toleranz, die monatlich im Rahmen des 'Wertes des Monats' am Schulbrunnen thematisiert und im Unterricht vertieft werden. Die Schule legt großen Wert auf eine inklusive Lernumgebung und bietet spezielle Förderprogramme wie die Hector Kinderakademie für besonders begabte Kinder sowie das BiSS-Transfer-Programm zur Lese- und Schreibförderung an. Ein engagierter sozialpädagogischer Bereich unterstützt die Schülerinnen und Schüler in ihrer Entwicklung und bietet ein strukturiertes Konzept, vielfältige Angebote und eine Mittagsbetreuung. Das Schulleben ist reich an Aktivitäten und Projekten, wie das jährliche TA-Fest, bei dem Kinder ihre kreativen und sportlichen Talente präsentieren, von Hip-Hop bis zur Schulzeitung und Bogenschießen. Die Schule fördert aktiv die Zusammenarbeit zwischen Schulleitung, Kollegium, Sozialpädagogik, Schulsozialarbeit, Beratungslehrkräften, Elternbeirat und Förderverein, um ein unterstützendes Umfeld zu schaffen. Die Mühlbachhofschule ist bestrebt, jedem Kind eine bestmögliche Bildung und Entwicklung zu ermöglichen, indem sie akademische Förderung mit sozialem Lernen und kreativer Entfaltung verbindet. Das Sekretariat ist von Montag bis Freitag von 8:00 bis 12:30 Uhr erreichbar und dient als zentrale Anlaufstelle für Eltern und Anfragen, einschließlich Krankmeldungen, die telefonisch oder per E-Mail erfolgen können. Die Schule befindet sich in der Parlerstraße 100, 70192 Stuttgart.",,,,,,,,,,,5.0,7.0,3.0,1.0,,,,,Kostenfrei (öffentliche Schule),,,,,,,,,,,,,,,,,,,,,,,,,17.0,3297,,2025,Baden-Württemberg,66.9,1.3,28830,bezirk_estimated,50,174.2,11436.1,438,1518.6,Stuttgart,3297,11435.7,14,48.8,27,94.8,2026-08-23,stuttgart.de Adressverzeichnis,,STG-19819,STG-17730-GS,STG-17781,Stuttgart,"Am Kochenhof 10, 70192 Stuttgart, Germany",451.0,48.799655,9.1726646,Markt-Bäckerei Stuttgart- Killesberg,"Birkenwaldstraße 213A, 70191 Stuttgart, Germany",454.0,48.7990198,9.1752379,MARINELLA IN NEGOZIO | Italienisches Feinkostgeschäft,"Birkenwaldstraße 217, 70191 Stuttgart, Germany",482.0,48.799329799999995,9.1752076,CA PHE CA PHAO,"Birkenwaldstraße 213 B, 70192 Stuttgart, Germany",434.0,48.798917,9.1749576,Apfelbäumchen eV Nord,"Birkenwaldstraße 98, 70191 Stuttgart, Germany",563.0,48.7905787,9.1719178,Birkenhof Kindergarten,"Auf d. Kanzel 47, 70191 Stuttgart, Germany",602.0,48.7988888,9.1783172,Städt. Kita Auf Der Kanzel,"Friedhofstraße 74, 70191 Stuttgart, Germany",675.0,48.7949479,9.1808992,Pragschule,"Nordbahnhofstraße 120, 70191 Stuttgart, Germany",1470.0,48.800481999999995,9.1904206,Rosenstein-Schule,"Dieterlestraße 26, 70469 Stuttgart, Germany",1521.0,48.806064799999994,9.1582984,Bach-Schule Grundschule,0.0,"Parlerstraße, 70192 Stuttgart, Germany",136.0,48.794764099999995,9.1704595,Oliven Garten Stuttgart Killesberg - Authentische Griechische Küche,"Parlerstraße 110, 70192 Stuttgart, Germany",146.0,48.7966059,9.1703942,Il Quinto Quarto,"Parkplatz, Parlerstraße, 70192 Stuttgart, Germany",431.0,48.79707940000001,9.1662833,Killesberg,3.0,"Birkenwaldstraße 213 B, 70192 Stuttgart, Germany",428.0,48.7989038,9.174838,Gedik - Feinkost am Killesberg,"Am Kochenhof 10, 70192 Stuttgart, Germany",455.0,48.79964,9.173045,ALDI SÜD,"Am Kochenhof 10, 70192 Stuttgart, Germany",460.0,48.7997407,9.1726239,EDEKA Weckert,,Stuttgart,"Die Mühlbachhofschule ist eine öffentliche Grundschule in Stuttgart, die sich auf Werteerziehung, Inklusion und individuelle Förderung konzentriert. Sie bietet Programme wie die Hector Kinderakademie und BiSS-Transfer an und fördert ein aktives Schulleben mit vielfältigen Projekten und einer starken Gemeinschaft. Ein engagierter sozialpädagogischer Bereich unterstützt die Schüler umfassend.","Mühlbachhofschule is a public primary school in Stuttgart, focusing on values education, inclusion, and individual support. It offers programs like the Hector Kinderakademie and BiSS-Transfer, fostering an active school life with diverse projects and a strong community. A dedicated social-pedagogical area provides comprehensive student support.",3,0,18,1,6.0,13,0,18,"2025,2024,2023",153,18
STG-17945,Neuwirtshausschule,Grundschule,Grundschule,Öffentlich,,Syltstraße 18,70439,Zuffenhausen,Zuffenhausen,0711 21621250,"neuwirtshausschule@stuttgart.de, poststelle.neuwirtshausschule@stuttgart.de",http://www.neuwirtshaus-schule.de/,Sibylle Saalfrank,,,,,,,,,,,,,,,,,N/A,"Ganztagesschule, Bildungshaus, BNE, Leseförderung, Kamerunprojekt, FreiDay, FuturePoint, Pfeilschwanzkrebse-Projekt.",,,,,,,,,48.83618057820715,9.14395882984653,jedeschule.codefor.de + Stuttgart Schulwegweiser PDF,,,,,,,Unfallatlas,,,,,,,,,,3694,,16,491,,,56,,,,,,,,,,,,,,,,,,,,,,7.0,Durchschnittlich,,5.0,,,Stuttgart Neuwirtshaus (Porscheplatz),658,48.8338388,9.1522098,,Stuttgart-Zuffenhausen,1856,48.8295258,9.16721,,Korntal,1969,48.8265137,9.1214162,,Wimpfener Straße,1265,48.8382836,9.1609494,,Heutingsheimer Straße,1321,48.8424416,9.1593042,,Salzwiesenstraße,1384,48.836378,9.1628615,,Borkumstraße (Neuwirtshaussiedlung),142,48.8349193,9.1442442,,Borkumstraße,145,48.8349049,9.1443551,,Nordsee-/Schwieberdinger Straße,205,48.8362373,9.1467567,,33,,50.0,,,"Neuwirtshausschule ist eine Grundschule in Stuttgart. Adresse: Syltstraße 18, 70439 Stuttgart. Stadtbezirk: Zuffenhausen. Die Schule ist in öffentlicher Trägerschaft. Mittlere ÖPNV-Anbindung.","Die Neuwirtshausschule in Stuttgart-Zuffenhausen ist eine lebendige, einzügige Ganztagesschule und ein abwechslungsreiches Bildungshaus für die Primarstufe. Unter der Leitung von Sibylle Saalfrank und mit einem Team von fünf Lehrkräften legt die Schule großen Wert auf eine nachhaltige und ganzheitliche Bildung, die die individuellen Stärken und Talente jedes Kindes fördert. Die familiäre Atmosphäre schafft ein inspirierendes Lernumfeld, in dem Schülerinnen und Schüler ihr Potenzial entfalten können. Der Unterricht findet von Montag bis Donnerstag von 8:00 bis 15:00 Uhr und am Freitag von 8:00 bis 12:15 Uhr statt, ergänzt durch Betreuungsmöglichkeiten von 7:00 bis 8:00 Uhr und bis 17:00 Uhr sowie Ferienbetreuung.

Das Leitbild der Schule konzentriert sich auf individuelle Förderung, die Entwicklung von Selbstständigkeit, Selbstbewusstsein und Kreativität sowie die Vermittlung von Werten wie Respekt und fairem Miteinander. Ein besonderer Fokus liegt auf Bildung für nachhaltige Entwicklung (BNE), die durch Projekte wie den Schulgarten, Mülltrennung und das Projekt 'Klimahelden' aktiv gelebt wird. Die Neuwirtshausschule ist stolz darauf, eine von 20 ausgewählten Schulen in Baden-Württemberg zu sein, die am 'FreiDay'-Projekt teilnehmen, welches wöchentlich Freiräume für Zukunftsgestaltung und nachhaltiges Engagement bietet. Zudem ist sie ein 'FuturePoint' im Stuttgarter Klimaschutznetzwerk und die einzige Schule in Europa, die sich am Internationalen Tag der Pfeilschwanzkrebse beteiligt.

Die Leseförderung ist ein zentraler Bestandteil des Schulprofils, unterstützt durch das Stuttgarter Vorleseprojekt 'Leseohren e.V.', die Teilnahme an 'BiSS-Transfer' zur Sprachbildung sowie die schuleigene Bücherei 'Globi'. Als Bildungshausschule kooperiert die Neuwirtshausschule eng mit Kindergärten, um einen nahtlosen Übergang und gemeinsame Bildungsangebote zu gewährleisten. Ein weiteres herausragendes Merkmal ist das 'Kamerunprojekt', das seit 2016/17 den interkulturellen Austausch und das Bewusstsein für globale Zusammenhänge fördert. Das Schulleben ist geprägt von vielfältigen außerschulischen Aktivitäten, AGs und Veranstaltungen, die das soziale Miteinander stärken und Bildung über das Klassenzimmer hinaus ermöglichen.",,,,,,,,,,,0.0,5.0,1.0,1.0,,,,,Kostenfrei (öffentliche Schule),,,,,,,,,,,,,,,,,,,,,,,,,5.0,3694,,2025,Baden-Württemberg,66.9,1.1,38180,bezirk_estimated,56,147.4,9676.7,491,1285.0,Stuttgart,3694,9676.4,16,41.3,31,80.3,2026-08-23,stuttgart.de Adressverzeichnis,,STG-17839,STG-17893,STG-17941,Stuttgart,"Wollinstraße 6, 70439 Stuttgart, Germany",334.0,48.838113,9.1474501,McCafé,,,,,,,,,,,"Borkumstraße 51, 70439 Stuttgart, Germany",349.0,48.8343101,9.140132,Tageseinrichtung für Kinder Borkumstraße,"Nobileweg 18, 70439 Stuttgart, Germany",863.0,48.8417547,9.1521716,Tageseinrichtung für Kinder,"Lorenzstraße 7, 70435 Stuttgart, Germany",896.0,48.832349699999995,9.1547296,Kindertagesstätte Schatzkiste,"Hirschsprungallee 5, 70435 Stuttgart, Germany",1052.0,48.828945399999995,9.1532123,Sporthalle (Grundschule am Stadtpark),"Marconistraße 65, 70435 Stuttgart, Germany",1093.0,48.8291887,9.1544461,Grundschule am Stadtpark,"Fliegenweg 4, 70439 Stuttgart, Germany",1523.0,48.8480642,9.154319,Grundschule Stammheim,0.0,"Wollinstraße 4, 70439 Stuttgart, Germany",320.0,48.837628599999995,9.1477307,BIG BABA’s Kebabhouse ( Das Original ),"Wollinstraße 6, 70439 Stuttgart, Germany",333.0,48.8379109,9.1476671,Il Punto,"Wollinstraße 6, 70439 Stuttgart, Germany",334.0,48.838113,9.1474501,McDonald's,0.0,,,,,,,,,,,,,,,,,Stuttgart,"Die Neuwirtshausschule in Stuttgart-Zuffenhausen ist eine einzügige Ganztagesschule und ein Bildungshaus, das eine nachhaltige und ganzheitliche Bildung in familiärer Atmosphäre bietet. Unter der Leitung von Sibylle Saalfrank fördert sie individuelle Stärken und Werte wie Respekt und Selbstständigkeit. Besondere Schwerpunkte sind Bildung für nachhaltige Entwicklung (BNE), Leseförderung und internationale Projekte wie das Kamerunprojekt.","Neuwirtshausschule in Stuttgart-Zuffenhausen is a single-stream full-day primary school and educational institution, offering sustainable and holistic education in a family-like atmosphere. Led by Sibylle Saalfrank, it fosters individual strengths and values such as respect and independence. Key focuses include Education for Sustainable Development (ESD), reading promotion, and international projects like the Cameroon Project.",9,0,26,5,9.7,15,3,29,"2025,2024,2023",30,9
STG-17770,Österfeldschule,Grundschule,Grundschule,Öffentlich,1902.0,Katzenbachstraße 27,70563,Vaihingen,Vaihingen,0711 21660450,oesterfeldschule@stuttgart.de,http://www.oesterfeldschule.de/,Frau Svenja Fischer-Rendek,,,,,,,,,,,,,,,,,N/A,"Leseschule, SINUS Profil Mathematik, Känguru-Mathematikwettbewerb, Sport, Kunst, Theater, Natur und Umwelt, Soziales Miteinander.",,,,,,,,,48.732763927468895,9.11057616565313,jedeschule.codefor.de + Stuttgart Schulwegweiser PDF,,,,,,,Unfallatlas,,,,,,,,,,2762,,12,367,,,42,,,,,,,,,,,,,,,,,,,,,,3.0,Sehr sicher,394.0,27.0,,,Stuttgart Österfeld,694,48.7375038,9.1167264,,Stuttgart-Vaihingen,726,48.7264626,9.1131764,,U-Bahn (48.7442),1308,48.7441968,9.1064073,,Vaihingen Schillerplatz,340,48.7301395,9.1129629,,Fauststraße,348,48.7319027,9.1151364,,Vaihingen Viadukt,602,48.7332592,9.1187471,,Vaihingen Rathaus,179,48.7313239,9.1094918,,Kreuzstraße,181,48.7335141,9.1083788,,Fauststraße,292,48.7318011,9.1142802,,62,"008/043, 042, 751, Flixbus 008",50.0,,,"Österfeldschule ist eine Grundschule in Stuttgart. Adresse: Katzenbachstraße 27, 70563 Stuttgart. Stadtbezirk: Vaihingen. Die Schule ist in öffentlicher Trägerschaft. Mittlere ÖPNV-Anbindung. Erhöhtes Verkehrsunfallaufkommen (21/Jahr). Niedrige Kriminalitätsbelastung im Bezirk.","Die Österfeldschule in Stuttgart-Vaihingen ist eine öffentliche Grundschule mit einer langen Geschichte, die 1902 gegründet wurde. Sie betreut rund 394 Schülerinnen und Schüler mit einem engagierten Kollegium von 27 Lehrkräften. Als Ganztagesschule bietet sie eine umfassende Betreuung und ein vielfältiges pädagogisches Angebot, das über den regulären Unterricht hinausgeht. Das Schulprofil zeichnet sich durch einen starken Fokus auf individuelles Lernen und die Förderung sozialer Kompetenzen aus. Besondere Schwerpunkte der Österfeldschule sind das ""Leseschule""-Konzept, das die Lesekompetenz der Kinder gezielt stärkt, sowie das ""SINUS Profil Mathematik"", das einen forschenden und entdeckenden Zugang zur Mathematik ermöglicht. Die Teilnahme am Känguru-Mathematikwettbewerb unterstreicht dieses Engagement. Darüber hinaus bereichern zahlreiche Projekte und Aktivitäten das Schulleben, darunter Angebote in Sport, Kunst, Theater, Natur und Umwelt sowie Initiativen zur Stärkung des sozialen Miteinanders wie die ""Pausenengel"". Die Schule legt Wert auf Klassenvorhaben und thematische Angebote, die den Unterricht lebendig gestalten. Der sozialpädagogische Bereich und die Schulsozialarbeit bieten umfassende Unterstützung und Beratung für Schüler und Eltern. Ab dem Schuljahr 2026/2027 werden ""Juniorklassen"" eingeführt, um schulpflichtige Kinder mit intensivem Förderbedarf in Sprache und anderen Bereichen gezielt zu unterstützen. Ein aktiver Förderverein trägt ebenfalls zur Gestaltung des Schullebens bei. Die Österfeldschule versteht sich als ein Ort, an dem Kinder nicht nur Wissen erwerben, sondern auch ihre Persönlichkeit entfalten und wichtige soziale Fähigkeiten entwickeln können.",,,,,,,,,,,16.0,20.0,15.0,7.0,,,,,Kostenfrei (öffentliche Schule),,,,,,,,,,,,,,,,,,,,,,,,394.0,27.0,2762,2024_25,2025,Baden-Württemberg,66.9,0.7,44850,bezirk_estimated,42,93.8,6157.9,367,817.7,Stuttgart,2762,6157.7,12,26.3,23,51.1,2026-08-23,stuttgart.de Adressverzeichnis,,STG-47421,STG-16260,STG-17796,Stuttgart,"Brommerstraße 2, 70563 Stuttgart, Germany",71.0,48.733058199999995,9.1114278,Bäckerei Herz,"Rathauspl. 5, 70563 Stuttgart, Germany",137.0,48.731576,9.110106,Poushe Coffeeshop Stuttgart,"Vaihinger Markt 14, 70563 Stuttgart, Germany",210.0,48.730878399999995,9.110372200000002,Café am Markt,"Katzenbachstraße 30A, 70563 Stuttgart, Germany",49.0,48.733192599999995,9.1104188,Evangelischer Kindergarten Stuttgart,"Ernst-Kachel-Straße 9, 70563 Stuttgart, Germany",93.0,48.7319517,9.110865,Evangelischer Kindergarten,"Pfarrhausstraße 21, 70563 Stuttgart, Germany",95.0,48.7329723,9.1093197,Österfeldschule - Außenstelle Pfarrhausstraße,"Schwabenpl. 3, 70563 Stuttgart, Germany",243.0,48.7310465,9.1085369,Griechische Schule Vaihingen e.V.,"Krehlstraße 60, 70565 Stuttgart, Germany",1221.0,48.7240052,9.1005283,Pestalozzi-Schule,"Hengstäcker, Gewann 15, 70567 Stuttgart, Germany",1420.0,48.730815,9.1297039,Freie Evangelische Schule Stuttgart,1.0,"Katzenbachstraße 22, 70563 Stuttgart, Germany",55.0,48.733050299999995,9.111185100000002,Pho Nho 68,"Rathauspl. 4, 70563 Stuttgart, Germany",131.0,48.7316751,9.1098778,Aladin Kebap Haus,"Rathauspl. 5, 70563 Stuttgart, Germany",141.0,48.7315408,9.1100847,Asia Fire-Wok,9.0,"Vaihinger Markt 11, 70563 Stuttgart, Germany",174.0,48.7312023,9.1106691,Weltladen Stuttgart-Vaihingen,"Vaihinger Markt 19, 70563 Stuttgart, Germany",208.0,48.730945,9.1112548,Frank's Buon Gusto,"Schwabenpl. 7, 70563 Stuttgart, Germany",244.0,48.730675,9.109553,dm,,Stuttgart,"Die Österfeldschule in Stuttgart-Vaihingen ist eine 1902 gegründete öffentliche Ganztagsgrundschule mit 394 Schülern und 27 Lehrkräften. Sie legt Wert auf individuelles Lernen, Leseförderung (""Leseschule"") und einen entdeckenden Mathematikunterricht (""SINUS Profil Mathematik""). Ein vielfältiges Angebot in Sport, Kunst, Theater und Sozialkompetenzen sowie umfassende Betreuungs- und Beratungsdienste prägen das Schulprofil.","Österfeldschule in Stuttgart-Vaihingen is a public all-day primary school founded in 1902, with 394 students and 27 teachers. It emphasizes individualized learning, reading promotion (""Leseschule""), and discovery-based mathematics education (""SINUS Profil Mathematik""). A diverse range of offerings in sports, art, theater, and social skills, along with comprehensive care and counseling services, characterize the school's profile.",24,0,59,11,20.7,41,3,62,"2025,2024,2023",82,23
STG-47421,Österfeldschule (Außenstelle),Grundschule,Grundschule,Öffentlich,1902.0,Pfarrhausstraße 21,70563,Vaihingen,Vaihingen,0711 21660467,,https://www.stuttgart-inklusiv.de/,Frau Svenja Fischer-Rendek,,,,,,,,,,,,,,,,,N/A,"Spielbereich mit Balancier- und Kletterelementen, Nestschaukel, Fußball, Tischtennis, Basketball, Garten-AG.",,,,,,,,,48.732971990974114,9.109366276214525,jedeschule.codefor.de + Stuttgart Schulwegweiser PDF,,,,,,,Unfallatlas,,,,,,,,,,2762,,12,367,,,42,,,,,,,,,,,,,,,,,,,,,,3.0,Sehr sicher,336.0,35.0,,,Stuttgart Österfeld,738,48.7375038,9.1167264,,Stuttgart-Vaihingen,776,48.7264626,9.1131764,,U-Bahn (48.7442),1267,48.7441968,9.1064073,,Vaihingen Schillerplatz,411,48.7301395,9.1129629,,Fauststraße,440,48.7319027,9.1151364,,Vaihingen Viadukt,689,48.7332592,9.1187471,,Kreuzstraße,94,48.7335141,9.1083788,,Vaihingen Rathaus,183,48.7313239,9.1094918,,Alter Friedhof,350,48.7356235,9.1068044,,64,"008/043, 042, 751, Flixbus 008",50.0,,,"Österfeldschule (Außenstelle) ist eine Grundschule in Stuttgart. Adresse: Pfarrhausstraße 21, 70563 Stuttgart. Stadtbezirk: Vaihingen. Die Schule ist in öffentlicher Trägerschaft. Mittlere ÖPNV-Anbindung. Erhöhtes Verkehrsunfallaufkommen (20/Jahr). Niedrige Kriminalitätsbelastung im Bezirk.","Die Österfeldschule (Außenstelle) ist eine öffentliche Grundschule in Stuttgart, die im Jahr 1902 gegründet wurde und somit auf eine lange Bildungstradition zurückblickt. Unter der Leitung von Frau Svenja Fischer-Rendek bietet die Schule eine umfassende primäre Bildung für ihre 336 Schülerinnen und Schüler. Das engagierte Kollegium besteht aus 35 Lehrkräften, die sich der individuellen Förderung und Entwicklung jedes Kindes widmen. Die Schule legt Wert auf ein unterstützendes Lernumfeld und fördert sowohl akademische als auch soziale Kompetenzen. Ein besonderes Merkmal der Österfeldschule (Außenstelle) ist ihr vielfältiger Außenbereich, der den Kindern zahlreiche Möglichkeiten zur Bewegung und zum Spiel bietet. Dieser umfasst einen modernen Spielbereich mit Balancier- und Kletterelementen, eine Nestschaukel sowie Flächen für beliebte Sportarten wie Fußball, Tischtennis und Basketball. Darüber hinaus bietet die Schule eine Garten-AG an, die den Schülerinnen und Schülern praktische Erfahrungen im Umgang mit der Natur vermittelt und Umweltbewusstsein fördert. Die Schule befindet sich in der Pfarrhausstraße 21, 70563 Stuttgart, und ist als Außenstelle Teil des Stuttgarter Bildungsnetzwerks. Obwohl die angegebene Website primär ein barrierefreier Stadtführer ist, unterstreicht die Schule ihr Engagement für eine inklusive und zugängliche Bildungsumgebung für alle Kinder.",,,,,,,,,,,16.0,20.0,15.0,6.0,,,,,Kostenfrei (öffentliche Schule),,,,,,,,,,,,,,,,,,,,,,,,336.0,35.0,2762,2024_25,2025,Baden-Württemberg,66.9,0.7,44850,bezirk_estimated,42,93.8,6157.9,367,817.7,Stuttgart,2762,6157.7,12,26.3,23,51.1,2026-08-23,stuttgart.de Adressverzeichnis,,STG-17770,STG-16260,STG-18579,Stuttgart,"Brommerstraße 2, 70563 Stuttgart, Germany",151.0,48.733058199999995,9.1114278,Bäckerei Herz,"Rathauspl. 5, 70563 Stuttgart, Germany",164.0,48.731576,9.110106,Poushe Coffeeshop Stuttgart,"Seerosenstraße 48, 70563 Stuttgart, Germany",191.0,48.7337098,9.1070088,Access Tankstelle,"Pfarrhausstraße 21, 70563 Stuttgart, Germany",3.0,48.7329723,9.1093197,Österfeldschule - Außenstelle Pfarrhausstraße,"Katzenbachstraße 30A, 70563 Stuttgart, Germany",81.0,48.733192599999995,9.1104188,Evangelischer Kindergarten Stuttgart,"Ernst-Kachel-Straße 9, 70563 Stuttgart, Germany",158.0,48.7319517,9.110865,Evangelischer Kindergarten,"Katzenbachstraße 27, 70563 Stuttgart, Germany",124.0,48.7327327,9.1110244,Österfeldschule,"Schwabenpl. 3, 70563 Stuttgart, Germany",223.0,48.7310465,9.1085369,Griechische Schule Vaihingen e.V.,"Liasweg 4, 70563 Stuttgart, Germany",942.0,48.732845399999995,9.1222118,Österfeldschule - Außenstelle Liasweg,2.0,"Katzenbachstraße 46, 70563 Stuttgart, Germany",108.0,48.7326784,9.107959,Viet Green Restaurant | Mittagessen ab 5€ | Vietnamesische Spezialitäten & Sushi | Glutamatfrei | Vegan & glutenfrei,"Katzenbachstraße 22, 70563 Stuttgart, Germany",134.0,48.733050299999995,9.111185100000002,Pho Nho 68,"Rathauspl. 4, 70563 Stuttgart, Germany",149.0,48.7316751,9.1098778,Aladin Kebap Haus,9.0,"Vaihinger Markt 11, 70563 Stuttgart, Germany",219.0,48.7312023,9.1106691,Weltladen Stuttgart-Vaihingen,"Schwabenpl. 1, 70563 Stuttgart, Germany",236.0,48.730911,9.108595,ALDI SÜD,"Schwabenpl. 7, 70563 Stuttgart, Germany",256.0,48.730675,9.109553,dm,,Stuttgart,Die Österfeldschule (Außenstelle) ist eine 1902 gegründete öffentliche Grundschule in Stuttgart mit 336 Schülern und 35 Lehrkräften unter der Leitung von Frau Svenja Fischer-Rendek. Sie bietet einen vielfältigen Außenbereich mit Spiel- und Sportmöglichkeiten sowie eine Garten-AG. Die Schule legt Wert auf eine umfassende und inklusive Bildung.,"Österfeldschule (Außenstelle) is a public primary school in Stuttgart, founded in 1902, with 336 students and 35 teachers, led by Ms. Svenja Fischer-Rendek. It features a diverse outdoor area with play and sports facilities, as well as a Garden Club. The school is committed to comprehensive and inclusive education.",22,0,57,11,20.0,39,3,60,"2025,2024,2023",61,23
STG-16260,Österfeldschule (Außenstelle ),Grundschule,Grundschule,Öffentlich,1969.0,Liasweg 4,70563,Vaihingen,Vaihingen,0711 7803579,,https://www.stuttgart-inklusiv.de/,Frau Svenja Fischer-Rendek,,,,,,,,,,,,,,,,,N/A,"Schulgarten, Wasserlauf, Biotop, grünes Klassenzimmer",,,,,,,,,48.73271617044893,9.12223067928046,jedeschule.codefor.de + Stuttgart Schulwegweiser PDF,,,,,,,Unfallatlas,,,,,,,,,,2762,,12,367,,,42,,,,,,,,,,,,,,,,,,,,,,3.0,Sehr sicher,,,,,Stuttgart Österfeld,668,48.7375038,9.1167264,,Stuttgart-Vaihingen,962,48.7264626,9.1131764,,U-Bahn (48.7442),1725,48.7441968,9.1064073,,Vaihingen Viadukt,263,48.7332592,9.1187471,,Fauststraße,528,48.7319027,9.1151364,,Jurastraße,558,48.7289486,9.1172043,,Wallgraben,449,48.7294391,9.1258119,,Fanny-Leicht-Straße,495,48.72986,9.1170556,,Fauststraße,525,48.7317796,9.1152171,,49,,40.0,,,"Österfeldschule (Außenstelle ) ist eine Grundschule in Stuttgart. Adresse: Liasweg 4, 70563 Stuttgart. Stadtbezirk: Vaihingen. Die Schule ist in öffentlicher Trägerschaft. Mittlere ÖPNV-Anbindung. Niedrige Kriminalitätsbelastung im Bezirk.","Die Österfeldschule (Außenstelle) ist eine etablierte öffentliche Grundschule in Stuttgart, die sich am Liasweg 4, 70563 Stuttgart, befindet. Seit ihrer Gründung im Jahr 1969 hat sie sich der Vermittlung einer fundierten Grundbildung für junge Schülerinnen und Schüler verschrieben. Unter der engagierten Leitung von Frau Svenja Fischer-Rendek legt die Schule großen Wert auf eine ganzheitliche Entwicklung, die sowohl akademische Exzellenz als auch die Förderung von Umweltbewusstsein und praktischen Fähigkeiten umfasst.

Ein Alleinstellungsmerkmal der Österfeldschule (Außenstelle) sind ihre umfangreichen und pädagogisch wertvollen Außenbereiche, die aktiv in den Schulalltag integriert werden. Dazu zählen ein sorgfältig gepflegter Schulgarten, ein natürlicher Wasserlauf und ein Biotop. Diese Elemente sind nicht nur zur Verschönerung des Schulgeländes gedacht, sondern dienen primär als lebendige Lernorte. Hier haben die Kinder die einzigartige Möglichkeit, die lokale Flora und Fauna direkt zu beobachten, ökologische Prinzipien zu verstehen und ein tiefes Verantwortungsbewusstsein für die Umwelt zu entwickeln. Das innovative Konzept des ""grünen Klassenzimmers"" ist ein Eckpfeiler dieser pädagogischen Philosophie. Es ermöglicht den Unterricht im Freien, wodurch naturwissenschaftliche Fächer, aber auch Kunst, Deutsch und Mathematik, auf anschauliche, interaktive und erfahrungsbasierte Weise vermittelt werden können.

Durch diese besonderen Angebote fördert die Schule nicht nur das Wissen über die Natur, sondern auch wichtige soziale Kompetenzen wie Teamarbeit, Problemlösung und Kreativität. Die direkte Interaktion mit der natürlichen Umgebung stärkt die Beobachtungsgabe, die motorischen Fähigkeiten und das Selbstvertrauen der Schülerinnen und Schüler. Als öffentliche Einrichtung ist die Österfeldschule (Außenstelle) bestrebt, eine inklusive und unterstützende Lernumgebung zu bieten, die auf die individuellen Bedürfnisse jedes Kindes eingeht. Die Kombination aus traditionellem Unterricht und innovativen Naturerfahrungen macht die Österfeldschule (Außenstelle) zu einem prägenden Ort für die persönliche und intellektuelle Entwicklung in der Stuttgarter Bildungslandschaft.",,,,,,,,,,,1.0,3.0,1.0,5.0,,,,,Kostenfrei (öffentliche Schule),,,,,,,,,,,,,,,,,,,,,,,,,,2762,,2025,Baden-Württemberg,66.9,0.7,44850,bezirk_estimated,42,93.8,6157.9,367,817.7,Stuttgart,2762,6157.7,12,26.3,23,51.1,2026-08-23,stuttgart.de Adressverzeichnis,,STG-47421,STG-17770,STG-18579,Stuttgart,"Wörthstraße 20, 70563 Stuttgart, Germany",325.0,48.729994100000006,9.1238528,Sehne Ihr Familienbäcker,,,,,,,,,,,"Am Wallgraben 2, 70563 Stuttgart, Germany",352.0,48.733372900000006,9.1269323,Tageseinrichtung für Kinder Am Wallgraben 2 / Hengstäcker 1,"Hengstäcker 1, 70567 Stuttgart, Germany",378.0,48.7328475,9.1273851,Kindergarten Sonnenblume - Schulkindergarten für körperbehinderte Kinder,"Fanny-Leicht-Straße 33, 70563 Stuttgart, Germany",399.0,48.7305061,9.1179492,Haus für Kinder Christus König,"Hengstäcker, Gewann 15, 70567 Stuttgart, Germany",587.0,48.730815,9.1297039,Freie Evangelische Schule Stuttgart,"Katzenbachstraße 27, 70563 Stuttgart, Germany",822.0,48.7327327,9.1110244,Österfeldschule,"Breitwiesenstraße 8, 70565 Stuttgart, Germany",1143.0,48.7224587,9.1233408,Freie element-i Grundschule Stuttgart,0.0,"Möhringer Landstraße 80, 70563 Stuttgart, Germany",334.0,48.7297127,9.1224651,EAT & MEAT | EVENTS • BISTRO,"Möhringer Landstraße 100, 70563 Stuttgart, Germany",436.0,48.72934310000001,9.1252708,Ilysia am Wallgraben,"Möhringer Landstraße 95, 70563 Stuttgart, Germany",438.0,48.7296985,9.126077600000002,Beyond Chai and Curry,8.0,"Wörthstraße 11, 70565 Stuttgart, Germany",345.0,48.7297048,9.123367,Gemüsegarten - Obst & Gemüse aus der Region,,,,,,,,,,,,Stuttgart,"Die Österfeldschule (Außenstelle) ist eine öffentliche Grundschule in Stuttgart, gegründet 1969 und geleitet von Frau Svenja Fischer-Rendek. Sie zeichnet sich durch ein naturnahes Lernkonzept aus, das einen Schulgarten, einen Wasserlauf, ein Biotop und ein grünes Klassenzimmer umfasst. Diese Besonderheiten fördern eine ganzheitliche Entwicklung und ein starkes Umweltbewusstsein bei den Schülerinnen und Schülern.","Österfeldschule (Außenstelle) is a public primary school in Stuttgart, founded in 1969 and led by Ms. Svenja Fischer-Rendek. It is distinguished by a nature-oriented learning concept, featuring a school garden, a stream, a biotope, and a green classroom. These unique aspects foster holistic development and a strong environmental awareness among students.",15,0,19,0,7.0,12,2,21,"2025,2024,2023",33,4
STG-17933,Pelikanschule,Grundschule,Grundschule,Öffentlich,1970.0,Pelikanstraße 71,70378,Mühlhausen,Mühlhausen,0711 21698930,poststelle.grundschule.neugereut@stuttgart.de,https://www.pelikanschule.de/,Frau Fischer,,,,,,,,,,,,,,,,,N/A,"Inklusion, Grundschulförderklasse, BiSS Sprachfit, Musik, Sport, Lesen, Frühstück für Kinder",,,,,,,,,48.833274649015294,9.232318505248864,jedeschule.codefor.de + Stuttgart Schulwegweiser PDF,,,,,,,Unfallatlas,,,,,,,,,,1821,,8,242,,,28,,,,,,,,,,,,,,,,,,,,,,4.0,Sicher,251.0,24.0,,,Schmiden Stadion,1507,48.8317966,9.2527812,,Schmiden Postweg,1653,48.8312283,9.2546816,,Stuttgart-Münster,1830,48.8207118,9.2161743,,Neugereut,333,48.8320827,9.2364925,,Steinhaldenfeld,538,48.8284597,9.231646,,Hofen,825,48.8363492,9.2220555,,Alpseeweg,194,48.8336587,9.2297376,,Wildgansweg,239,48.8353898,9.2317026,,Marabustraße,289,48.8308457,9.2337182,,42,,50.0,,,"Pelikanschule ist eine Grundschule in Stuttgart. Adresse: Pelikanstraße 71, 70378 Stuttgart. Stadtbezirk: Mühlhausen. Die Schule ist in öffentlicher Trägerschaft. Mittlere ÖPNV-Anbindung.","Die Pelikanschule in Stuttgart-Neugereut ist eine öffentliche Grundschule mit einer langen Tradition, gegründet im Jahr 1970. Sie betreut derzeit 251 Schülerinnen und Schüler mit einem engagierten Team von 24 Lehrkräften. Als Ganztagsschule bietet die Pelikanschule ein umfassendes Betreuungs- und Bildungsangebot, das individuelles Lernen, thematische Angebote, Mittagessen sowie Früh-, Spät- und Ferienbetreuung umfasst. Das Schulprofil der Pelikanschule zeichnet sich durch ein starkes Engagement für Inklusion aus, um allen Kindern eine förderliche Lernumgebung zu bieten. Eine spezielle Grundschulförderklasse unterstützt Kinder beim Übergang in die erste Klasse. Im Bereich der Sprachförderung setzt die Schule auf das Programm ""BiSS Sprachfit"", um die sprachlichen Kompetenzen der Schülerinnen und Schüler gezielt zu stärken. Darüber hinaus legt die Pelikanschule großen Wert auf Kooperationen und bietet vielfältige Aktivitäten in den Bereichen Musik, Sport und Lesen an, die den Schulalltag bereichern und die ganzheitliche Entwicklung der Kinder fördern. Ein besonderes Angebot ist das ""Frühstück für Kinder"", das einen guten Start in den Schultag ermöglicht. Die Schulleitung unter Frau Fischer und das gesamte Kollegium arbeiten eng mit pädagogischen Fachkräften, der Schulsozialarbeit, Beratungslehrern und einer Schulgesundheitsfachkraft zusammen, um ein unterstützendes Umfeld zu schaffen. Auch der Elternbeirat und der Freundeskreis tragen aktiv zum Schulleben bei. Die Pelikanschule versteht sich als lebendiger Lernort, der durch ein klares Leitbild und Schulregeln geprägt ist und regelmäßig Veranstaltungen wie das Kinderforum, Projekttage und ein Schulfest organisiert, um die Gemeinschaft zu stärken und den Kindern vielfältige Erfahrungen zu ermöglichen. Die Schule befindet sich in der Pelikanstraße 71, 70378 Stuttgart.",,,,,,,,,,,3.0,5.0,7.0,5.0,,,,,Kostenfrei (öffentliche Schule),,,,,,,,,,,,,,,,,,,,,,,,251.0,24.0,1821,2024_25,2025,Baden-Württemberg,66.9,0.8,25880,bezirk_estimated,28,107.2,7037.6,242,934.5,Stuttgart,1821,7037.4,8,30.0,15,58.4,2026-08-23,stuttgart.de Adressverzeichnis,,STG-17925,STG-17760-GS,STG-17726,Stuttgart,"Flamingoweg 24, 70378 Stuttgart, Germany",221.0,48.8315243,9.2308837,Stadtteilhaus Neugereut,"Flamingoweg 24, 70378 Stuttgart, Germany",221.0,48.8315243,9.2308837,Repaircafé Neugereut,"Marabustraße 35, 70378 Stuttgart, Germany",230.0,48.831264999999995,9.2315575,Azizi Markt,"Ibisweg 4, 70378 Stuttgart, Germany",225.0,48.8353,9.23227,Tageseinrichtung für Kinder Ibisweg,"Pelikanstraße 23, 70378 Stuttgart, Germany",237.0,48.8337223,9.2354829,"Evangelischer Kindergarten ""Oase"" Neugereut","Marabustraße 35, 70378 Stuttgart, Germany",241.0,48.831115,9.2319787,Kita Marabu,"Walchenseestraße 15, 70378 Stuttgart, Germany",466.0,48.8338121,9.2260039,Grundschule Hofen,"Damaschkestraße 31, 70378 Stuttgart, Germany",694.0,48.827597399999995,9.228393,Steinhaldenfeldschule,"Aldinger Str. 131, 70378 Stuttgart, Germany",1157.0,48.8436342,9.2338149,Grundschule Mühlhausen,1.0,"Marabustraße 35, 70378 Stuttgart, Germany",230.0,48.831264999999995,9.2315575,Urfa Lahmacun & Pide,"Flamingoweg 14, 70378 Stuttgart, Germany",255.0,48.8310567,9.2314268,Flamingo Kebaphaus,"Flamingoweg 3, 70378 Stuttgart, Germany",301.0,48.8305715,9.2321546,Döner Shop,6.0,"Marabustraße 35, 70378 Stuttgart, Germany",230.0,48.831264999999995,9.2315575,Azizi Markt,"Flamingoweg 1-3, 70378 Stuttgart, Germany",336.0,48.8302588,9.2319928,EDEKA Schuster,"Flamingoweg 5, 70378 Stuttgart, Germany",357.0,48.8301433,9.2312403,PENNY,,Stuttgart,"Die Pelikanschule in Stuttgart-Neugereut ist eine öffentliche Grundschule, die 1970 gegründet wurde und 251 Schüler sowie 24 Lehrkräfte zählt. Sie bietet als Ganztagsschule ein inklusives Lernumfeld mit einer Grundschulförderklasse, Sprachförderung durch ""BiSS Sprachfit"" und vielfältigen Kooperationen in Musik, Sport und Lesen. Unter der Leitung von Frau Fischer fördert die Schule die ganzheitliche Entwicklung der Kinder durch individuelle Angebote und eine starke Gemeinschaft.","Pelikanschule in Stuttgart-Neugereut is a public primary school, founded in 1970, serving 251 students with 24 teachers. As a full-day school, it offers an inclusive learning environment with a preparatory class, language support via ""BiSS Sprachfit,"" and diverse collaborations in music, sports, and reading. Led by Ms. Fischer, the school promotes children's holistic development through individualized programs and a strong community.",5,0,12,2,4.7,6,2,14,"2025,2024,2023",215,14
STG-17847,Pfaffenwaldschule,Grundschule,Grundschule,Öffentlich,1996.0,An der Betteleiche 1,70569,Vaihingen,Vaihingen,0711 21693280,poststelle.pfaffenwaldschule@stuttgart.de,http://www.pfaffenwaldschule.de/,,,,,,,,,,,,,,,,,,N/A,"Sport- und bewegungserzieherischer Schwerpunkt, individuelles Lernen mit Freiheit und Struktur, altersgerechter Umgang mit neuen Medien.",,,,,,,,,48.7464108326482,9.11064691210447,jedeschule.codefor.de + Stuttgart Schulwegweiser PDF,,,,,,,Unfallatlas,,,,,,,,,,2762,,12,367,,,42,,,,,,,,,,,,,,,,,,,,,,3.0,Sehr sicher,173.0,13.0,,,Stuttgart Universität,380,48.7452713,9.105765,,U-Bahn (48.7460),386,48.7459615,9.1054333,,U-Bahn (48.7445),391,48.744467,9.1061977,,Vaihingen Viadukt,1578,48.7332592,9.1187471,,Kaltental,1602,48.7396556,9.1299508,,Engelboldstraße,1612,48.7376993,9.1282135,,Knappenweg,201,48.7462279,9.1133695,,Universität (Schleife) (Pos. 1),250,48.745787,9.1073767,,Universität (Schleife) Position 3,254,48.7453797,9.1075591,,35,,50.0,,,"Pfaffenwaldschule ist eine Grundschule in Stuttgart. Adresse: An der Betteleiche 1, 70569 Stuttgart. Stadtbezirk: Vaihingen. Die Schule ist in öffentlicher Trägerschaft. Mittlere ÖPNV-Anbindung. Niedrige Kriminalitätsbelastung im Bezirk.","Die Pfaffenwaldschule in Stuttgart-Vaihingen, gegründet 1996, ist eine öffentliche zweizügige Grundschule mit einem ausgeprägten sport- und bewegungserzieherischen Schwerpunkt. Mit 173 Schülern und 13 Lehrkräften legt die Schule großen Wert auf ein Umfeld, das Sicherheit und Geborgenheit vermittelt. Dies wird durch einen rhythmisierten Unterrichtsablauf und regelmäßige Gemeinschaftserlebnisse gefördert. Ein zentrales pädagogisches Konzept ist das ""Individuelle Lernen – Freiheit mit Struktur"", das darauf abzielt, den unterschiedlichen Leistungsniveaus der Kinder gerecht zu werden und sie spielerisch an selbstverantwortetes Lernen heranzuführen. Dies beinhaltet auch einen altersgerechten Umgang mit neuen Medien, um Neugierde zu wecken und Lernen als positiven Prozess zu etablieren. Als ""Verlässliche Grundschule"" bietet die Pfaffenwaldschule erweiterte Betreuungszeiten und ein vielfältiges Nachmittagsangebot, inklusive abwechslungsreicher Arbeitsgemeinschaften, die den Unterrichtsvormittag sinnvoll ergänzen. Die enge Kooperation mit den Eltern ist ein weiterer Pfeiler des Schulkonzepts, unterstützt durch eine Schulsozialarbeiterin, eine Schulseelsorgerin und eine Beratungslehrerin, die den Schülern und Familien zusätzliche Unterstützung bieten. Die Schule fördert durch ihr Methodentraining in allen vier Schuljahren die Entwicklung von Fähigkeiten, die zu nachhaltigem Lernen führen. Die Pfaffenwaldschule versteht sich als eine Gemeinschaft, in der Kinder nicht nur Wissen erwerben, sondern auch soziale Kompetenzen entwickeln und Freude am Lernen erfahren. Die Adresse der Schule ist An der Betteleiche 1, 70569 Stuttgart-Vaihingen.",,,,,,,,,,,0.0,1.0,1.0,3.0,,,,,Kostenfrei (öffentliche Schule),,,,,,,,,,,,,,,,,,,,,,,,173.0,13.0,2762,2024_25,2025,Baden-Württemberg,66.9,0.7,44850,bezirk_estimated,42,93.8,6157.9,367,817.7,Stuttgart,2762,6157.7,12,26.3,23,51.1,2026-08-23,stuttgart.de Adressverzeichnis,,STG-17889,STG-17760-GS,STG-17831,Stuttgart,"Pfaffenwaldring 7, 70569 Stuttgart, Germany",329.0,48.7463681,9.1061623,"Cafeteria CONTRAST - Kaffee, Snacks und Mittagstisch",,,,,,,,,,,"Pfaffenwaldring 3, 70569 Stuttgart, Germany",142.0,48.746966099999995,9.1089003,Kinderhaus Pfaffenwald,"Viereichenweg 37, 70569 Stuttgart, Germany",307.0,48.744079199999995,9.1084172,element-i Kinderhaus Bengelbande,"Pfaffenwaldring 11A, 70569 Stuttgart, Germany",428.0,48.7484214,9.1056653,Kinderhaus Uni-Kids,"Viereichenweg 37, 70569 Stuttgart, Germany",307.0,48.744079199999995,9.1084172,element-i Kinderhaus Bengelbande,"Katzenbachstraße 27, 70563 Stuttgart, Germany",1521.0,48.7327327,9.1110244,Österfeldschule,"Fuchswaldstraße 43, 70569 Stuttgart, Germany",1584.0,48.743413999999994,9.1317604,Grundschule Kaltental,1.0,"Pfaffenwaldring 4, 70569 Stuttgart, Germany",252.0,48.7486723,9.1104122,Food Truck,,,,,,,,,,,4.0,,,,,,,,,,,,,,,,,Stuttgart,"Die Pfaffenwaldschule ist eine 1996 gegründete öffentliche Grundschule in Stuttgart-Vaihingen mit 173 Schülern und 13 Lehrkräften. Sie zeichnet sich durch einen sport- und bewegungserzieherischen Schwerpunkt sowie das Konzept ""Individuelles Lernen – Freiheit mit Struktur"" aus. Die Schule bietet zudem erweiterte Betreuungszeiten und fördert selbstverantwortliches Lernen und den altersgerechten Umgang mit neuen Medien.","Pfaffenwaldschule is a public primary school founded in 1996 in Stuttgart-Vaihingen, with 173 students and 13 teachers. It is characterized by a strong focus on sports and movement education and the concept of ""Individual Learning – Freedom with Structure."" The school also offers extended care hours and promotes self-responsible learning and an age-appropriate approach to new media.",8,0,17,1,6.7,13,3,20,"2025,2024,2023",59,19
STG-17752,Pragschule,Grundschule,Grundschule,Öffentlich,,Friedhofstraße 74,70191,Nord,Nord,0711 21696753,poststelle.pragschule@stuttgart.de,https://www.pragschule.de/,Frau Hagel,,,,,,,,,,,,,,,,,N/A,"Wissensshow der Mobilität, Winterfest mit Big Band, Programm Sprachfit, BISS - Transferschule",,,,,,,,,48.79492722958573,9.180917484792952,jedeschule.codefor.de + Stuttgart Schulwegweiser PDF,,,,,,,Unfallatlas,,,,,,,,,,3297,,14,438,,,50,,,,,,,,,,,,,,,,,,,,,,9.0,Belastet,,,,,U-Bahn (48.7908),456,48.790829,9.1806633,,U-Bahn (48.7905),489,48.7905392,9.180528,,U-Bahn (48.7902),525,48.790209,9.1807551,,Pragfriedhof,371,48.7980762,9.182576,,Stadtbibliothek,483,48.7905828,9.1811708,,Budapester Platz,558,48.7904478,9.1843456,,Friedhofstraße,192,48.7933429,9.1819535,,Viergiebelweg,412,48.7964789,9.1758156,,Stadtbibliothek,459,48.7908106,9.1804476,,61,,50.0,,,"Pragschule ist eine Grundschule in Stuttgart. Adresse: Friedhofstraße 74, 70191 Stuttgart. Stadtbezirk: Nord. Die Schule ist in öffentlicher Trägerschaft. Mittlere ÖPNV-Anbindung. Erhöhtes Verkehrsunfallaufkommen (20/Jahr). Überdurchschnittliche Kriminalitätsbelastung im Bezirk.",,,,,,,,,,,,6.0,19.0,15.0,3.0,,,,,Kostenfrei (öffentliche Schule),,,,,,,,,,,,,,,,,,,,,,,,,,3297,,2025,Baden-Württemberg,66.9,1.3,28830,bezirk_estimated,50,174.2,11436.1,438,1518.6,Stuttgart,3297,11435.7,14,48.8,27,94.8,2026-08-23,stuttgart.de Adressverzeichnis,,STG-17707,STG-17929,STG-19849,Stuttgart,"Heilbronner Str. 109, 70191 Stuttgart, Germany",108.0,48.794140299999995,9.1817932,FaZ - Familien- und Stadtteilzentrum / Mehrgenerationenhaus Nord,"Mailänder Platz 7, 70191 Stuttgart, Germany",403.0,48.7914491,9.1824531,Happy Donazz,"Mailänder Platz 7, 70173 Stuttgart, Germany",408.0,48.7913325,9.1820009,coffreez Frozen Coffeebar Milaneo Stuttgart,"Friedhofstraße 76, 70191 Stuttgart, Germany",34.0,48.7951124,9.1805484,St. Georg Kindergarten,"Heilbronner Str. 86, 70191 Stuttgart, Germany",278.0,48.7926029,9.1823274,Kindertagesstätte les petits lutins,"Auf d. Kanzel 47, 70191 Stuttgart, Germany",480.0,48.7988888,9.1783172,Städt. Kita Auf Der Kanzel,"Parlerstraße 100, 70192 Stuttgart, Germany",707.0,48.795826000000005,9.1713582,Mühlbachhofschule,"Nordbahnhofstraße 120, 70191 Stuttgart, Germany",931.0,48.800481999999995,9.1904206,Rosenstein-Schule,"Ameisenbergstraße 2, 70188 Stuttgart, Germany",1559.0,48.7840385,9.1943142,Ameisenbergschule,0.0,"Heilbronner Str. 103, 70191 Stuttgart, Germany",138.0,48.7937695,9.1816034,Restaurant Palmyra,"Tunzhofer Str. 3, 70191 Stuttgart, Germany",298.0,48.792269,9.180427,Gravity,"Wolframstraße 41, 70191 Stuttgart, Germany",351.0,48.7919408,9.1824572,Jaz in the City Stuttgart,7.0,"Tunzhofer Str. 7, 70191 Stuttgart, Germany",304.0,48.792234699999995,9.1801619,Rihet Lebled Stuttgart,"Mailänder Platz 7, 70173 Stuttgart, Germany",454.0,48.7908797,9.1817104,tegut...,"im Milaneo-Shoppingcenter, Mailänder Platz 7, 70173 Stuttgart, Germany",458.0,48.790937199999995,9.1824815,dm,,Stuttgart,,,13,0,55,5,20.0,33,5,60,"2025,2024,2023",91,13
STG-43591,Raiffeisen-Grundschule Feuerbach,Grundschule,Grundschule,Öffentlich,,Dieselstraße 36,70469,Feuerbach,Feuerbach,0711 69325620,,https://raiffeisen-schule.de/,,,,,,,,,,,,,,,,,,N/A,"Kleine Klassen, Weise®-Konzept, christliche Werte",,,,,,,,,48.813546588366314,9.176543966977096,jedeschule.codefor.de + Stuttgart Schulwegweiser PDF,,,,,,,Unfallatlas,,,,,,,,,,2680,,11,356,,,41,,,,,,,,,,,,,,,,,,,,,,6.0,Durchschnittlich,,,,,Maybachstraße,285,48.8110745,9.177559,,Stuttgart-Feuerbach,530,48.813504,9.1693064,,Parkbahnhof,1347,48.8017525,9.1723629,,Sieglestraße,257,48.8157588,9.1775704,,Maybachstraße,288,48.8109898,9.177158,,Feuerbach Bahnhof,609,48.8136314,9.1682336,,Sieglestraße,202,48.8151653,9.177783,,Maybachstraße,286,48.8110523,9.1775199,,Tunnelstraße,464,48.8117916,9.1707986,,47,,50.0,,,"Raiffeisen-Grundschule Feuerbach ist eine Grundschule in Stuttgart. Adresse: Dieselstraße 36, 70469 Stuttgart. Stadtbezirk: Feuerbach. Die Schule ist in öffentlicher Trägerschaft. Mittlere ÖPNV-Anbindung. Erhöhtes Verkehrsunfallaufkommen (38/Jahr).","Die Raiffeisen-Grundschule Feuerbach in Stuttgart ist eine besondere private Grundschule, die sich durch ein individuelles, werteorientiertes und familienfreundliches Lernkonzept auszeichnet. Gelegen in der Dieselstraße 36, 70469 Stuttgart, bietet die Schule eine einzigartige Bildungsumgebung, in der jedes Kind im Mittelpunkt steht und umfassend gefördert wird. Ein zentraler Pfeiler der pädagogischen Arbeit ist das seit 2009 erfolgreich angewandte Weise®-Konzept, das auf die individuellen Bedürfnisse und Potenziale der Schüler eingeht. Die Schule legt großen Wert auf kleine Klassengrößen, um eine persönliche Betreuung und eine intensive Lernatmosphäre zu gewährleisten. Die Raiffeisen-Grundschule versteht sich als eine offene, bunte und moderne Bildungseinrichtung, in der Lachen und Freude am Lernen großgeschrieben werden. Ihr Leitspruch ""Wo Kinder gesehen werden!"" spiegelt das Engagement wider, jedem Kind Wertschätzung und Aufmerksamkeit zukommen zu lassen. Basierend auf christlichen Werten vermittelt die Schule nicht nur Wissen, sondern auch soziale Kompetenzen und ethische Grundsätze. Die enge Zusammenarbeit mit den Eltern ist ein weiterer wichtiger Aspekt des Schulprofils. Regelmäßige Elternabende, Elterncafés und Elternfortbildungen bieten Gelegenheiten zum Austausch und zur gemeinsamen Gestaltung des Schullebens. Der Schulkalender ist gefüllt mit Terminen, die sowohl den Unterricht als auch gemeinschaftliche Aktivitäten und Ferienzeiten umfassen. Interessierte Familien können sich über Online-Infoabende umfassend über das Schulkonzept und den Anmeldeprozess für Erstklässler informieren. Die Raiffeisen-Grundschule Feuerbach ist bestrebt, eine positive und unterstützende Lernumgebung zu schaffen, die Kinder optimal auf ihre Zukunft vorbereitet und ihnen eine freudvolle Schulzeit ermöglicht. Die Schule pflegt zudem eine aktive Präsenz auf Instagram, um Einblicke in den Schulalltag zu geben und mit der Gemeinschaft in Kontakt zu bleiben.",,,,,,,,,,,5.0,17.0,3.0,4.0,,,,,Kostenfrei (öffentliche Schule),,,,,,,,,,,,,,,,,,,,,,,,,,2680,,2025,Baden-Württemberg,66.9,1.0,30470,bezirk_estimated,41,134.0,8797.0,356,1168.2,Stuttgart,2680,8796.7,11,37.5,22,73.0,2026-08-23,stuttgart.de Adressverzeichnis,,STG-17642,STG-17756,STG-17740,Stuttgart,"Aral, Heilbronner Str. 289, 70469 Stuttgart, Germany",244.0,48.812689899999995,9.1796138,REWE To Go bei Aral,"Alarichstraße 21, 70469 Stuttgart, Germany",302.0,48.810934,9.1754224,Iti Caffe,"Alarichstraße 6, 70469 Stuttgart, Germany",434.0,48.8096434,9.1764778,Treiber Spezialitäten Bäckerei Konditorei,"Rüdigerstraße 32, 70469 Stuttgart, Germany",413.0,48.8101904,9.1741361,Kolibri Kinderbetreuung,"Alarichstraße 4, 70469 Stuttgart, Germany",427.0,48.8097066,9.1762954,educcare Kita May-Käfer,"Maybachstraße 18, 70469 Stuttgart, Germany",469.0,48.8094577,9.1780961,Die Kindervilla Killesberg Park / Preschool & Kindergarten,"James-F.-Byrnes-Straße 1, 70376 Stuttgart, Germany",992.0,48.8169818,9.1890527,Grundschule Burgholzhof,"Dieterlestraße 26, 70469 Stuttgart, Germany",1574.0,48.806064799999994,9.1582984,Bach-Schule Grundschule,"Sartoriusstraße 3, 70469 Stuttgart, Germany",1590.0,48.80676,9.1574263,Föhrichschule Feuerbach,0.0,"Dieselstraße 30, 70469 Stuttgart, Germany",52.0,48.8132682,9.1759688,Workstation,"Leitzstraße 45, 70469 Stuttgart, Germany",155.0,48.8135817,9.1786617,INITIATIVE PRO GASTRONOMIE,"Leitzstraße 47, Heilbronner Str. 291, 70469 Stuttgart, Germany",206.0,48.8129269,9.1791982,New Shanghai Restaurant,7.0,"Hohnerstraße 21, 70469 Stuttgart, Germany",107.0,48.8127814,9.1756519,Tafel Feuerbach bhz Stuttgart e.V.,"Aral, Heilbronner Str. 289, 70469 Stuttgart, Germany",244.0,48.812689899999995,9.1796138,REWE To Go bei Aral,"Heilbronner Str. 289, 70469 Stuttgart, Germany",246.0,48.8126711,9.1796232,Aral,,Stuttgart,"Die Raiffeisen-Grundschule Feuerbach in Stuttgart ist eine private Grundschule, die sich durch kleine Klassen, ein individuelles, werteorientiertes und familienfreundliches Lernkonzept (Weise®-Konzept) und christliche Werte auszeichnet. Sie bietet eine Umgebung, in der jedes Kind gesehen und gefördert wird, und legt Wert auf eine enge Zusammenarbeit mit den Eltern.","The Raiffeisen-Grundschule Feuerbach in Stuttgart is a private primary school characterized by small classes, an individual, value-oriented, and family-friendly learning concept (Weise®-Konzept), and Christian values. It provides an environment where every child is seen and supported, emphasizing close cooperation with parents.",37,0,103,7,37.7,67,10,113,"2025,2024,2023",95,12
STG-17744,Rappachschule,Grundschule,Grundschule,Öffentlich,,Sandbuckel 45,70499,Weilimdorf,Weilimdorf,0711 21696484,poststelle.rappachschule@stuttgart.de,https://rappachschule.edupage.org/,,Türkisch,,,,,,,,,,,,,,,,N/A,"Känguruwettbewerb der Mathematik, Hector Kinderakademie, Zirkusprojekt, Gewaltpräventionswoche, Türkischunterricht, Schulsozialarbeit.",,,,,,,,,48.807663826142345,9.09067911831622,jedeschule.codefor.de + Stuttgart Schulwegweiser PDF,,,,,,,Unfallatlas,,,,,,,,,,2050,,9,272,,,31,,,,,,,,,,,,,,,,,,,,,,3.0,Sehr sicher,,,,,Weilimdorf,1627,48.822086,9.0944331,,Ditzingen,2457,48.8235995,9.0674255,,Korntal Gymnasium,3001,48.8305386,9.1124214,,Giebel,589,48.8026421,9.0881059,,Salamanderweg,590,48.8026381,9.0932442,,Breitwiesen,805,48.8024969,9.0829832,,Rappachschule,165,48.8064739,9.0893257,,Rappachstraße,351,48.8070222,9.0859824,,Ernst-Reuter-Platz,497,48.8033058,9.0921883,,41,,50.0,,,"Rappachschule ist eine Grundschule in Stuttgart. Adresse: Sandbuckel 45, 70499 Stuttgart. Stadtbezirk: Weilimdorf. Die Schule ist in öffentlicher Trägerschaft. Mittlere ÖPNV-Anbindung. Niedrige Kriminalitätsbelastung im Bezirk.","Die Rappachschule in Stuttgart-Weilimdorf ist eine öffentliche Grundschule, die sich dem Leitspruch ""Gemeinschaft leben, zusammen lernen und wachsen"" verschrieben hat. Sie bietet ein umfassendes Bildungsangebot für ihre Schülerinnen und Schüler und legt Wert auf eine ganzheitliche Entwicklung. Die Schule ist in der Sandbuckel 45, 70499 Stuttgart, gelegen und verfügt über eine moderne Infrastruktur, einschließlich einer neu gebauten Mensa und eines neugestalteten Schulhofs.

Das pädagogische Konzept der Rappachschule umfasst eine Vielzahl von Angeboten zur individuellen Förderung, darunter eine Grundschulförderklasse (GFK), ein Lesekonzept (BiSS-Transfer) mit Lesepaten und Unterstützung beim Deutsch Grundwortschatz. Besondere Begabungen werden durch die Teilnahme am Känguruwettbewerb der Mathematik und die Hector Kinderakademie gefördert. Ein weiteres herausragendes Merkmal ist der Türkischunterricht, der die sprachliche Vielfalt der Schülerschaft berücksichtigt.

Neben dem regulären Unterricht bietet die Rappachschule ein vielfältiges Ganztagsangebot in Wahlform sowie zahlreiche Projekte und Aktionen. Dazu gehören das beliebte Zirkusprojekt, eine jährliche Gewaltpräventionswoche, Ferienbetreuung, Vorlesewettbewerbe, Fahrradausbildung und Sporttage wie das Osterhasenvölkerballturnier. Kulturelle Aktivitäten wie Konzertbesuche, Improtheater und Ausflüge ergänzen das Schuljahr. Die Schule engagiert sich auch in sozialen Bereichen durch Schulsozialarbeit, ein EU-Schulfruchtprogramm und ein Frühstücksangebot für Kinder.

Die Rappachschule pflegt eine enge Zusammenarbeit mit Kooperationspartnern und wird aktiv vom ""Verein der Freunde der Rappachschule e.V."" unterstützt. Regelmäßige Schulaktionen wie das Adventshaus, Laternenläufe und Projekte wie ""Rappach sucht das Supertalent"" oder ""Moves for Future"" tragen zu einem lebendigen Schulleben bei und stärken das Gemeinschaftsgefühl. Die Schule ist bestrebt, ein förderndes und inspirierendes Umfeld zu schaffen, in dem jedes Kind seine Potenziale entfalten kann.",,,,,,,,,,,6.0,10.0,0.0,2.0,,,,,Kostenfrei (öffentliche Schule),,,,,,,,,,,,,,,,,,,,,,,,,,2050,,2025,Baden-Württemberg,66.9,0.7,33290,bezirk_estimated,31,93.8,6157.9,272,817.7,Stuttgart,2050,6157.7,9,26.3,17,51.1,2026-08-23,stuttgart.de Adressverzeichnis,,STG-17748,STG-17862,STG-17889,Stuttgart,,,,,,,,,,,,,,,,"Giebelstraße 24, 70499 Stuttgart, Germany",244.0,48.8055414,9.0898399,Evangelischer Kindergarten,"Giebelstraße 15, 70499 Stuttgart, Germany",432.0,48.8038287,9.0897329,Salvator Kindergarten,"Molchweg 91, 70499 Stuttgart, Germany",861.0,48.80008,9.0883314,Dibber-KiTa Molchweg,"Engelbergstraße 81, 70499 Stuttgart, Germany",643.0,48.8024232,9.0943786,Gemeinschaftsschule Weilimdorf,"Beim Fasanengarten 9, 70499 Stuttgart, Germany",1091.0,48.8170055,9.0861105,Maria Montessori Elementary School Hausen,"Zedernweg 1, 70839 Gerlingen, Germany",1143.0,48.8006339,9.0793003,Breitwiesenschule Grundschule,0.0,"Giebelstraße 66, 70499 Stuttgart, Germany",226.0,48.808448299999995,9.0878325,TSV Weilimdorf beim Dimi,"Gewann, Rappach 1, 70499 Stuttgart, Germany",296.0,48.8103114,9.09021,Gaststätte Fasanengarten,"Mittenfeldstraße 1, 70499 Stuttgart, Germany",432.0,48.8052265,9.0860792,Mayo’s Stuttgart,3.0,"Mittenfeldstraße 64, 70499 Stuttgart, Germany",299.0,48.80498,9.09047,ALDI SÜD,"Krötenweg 3, 70499 Stuttgart, Germany",415.0,48.8039335,9.0906664,PENNY,"Giebelstraße 13A, 70499 Stuttgart, Germany",422.0,48.8038786,9.0911332,Kayseri Supermarkt,,Stuttgart,"Die Rappachschule in Stuttgart-Weilimdorf ist eine öffentliche Grundschule, die sich durch ihr Motto ""Gemeinschaft leben, zusammen lernen und wachsen"" auszeichnet. Sie bietet ein vielfältiges Bildungsangebot mit individueller Förderung, Türkischunterricht, Ganztagsbetreuung und zahlreichen Projekten wie dem Zirkusprojekt und der Hector Kinderakademie, um eine ganzheitliche Entwicklung der Schüler zu fördern.","Rappachschule in Stuttgart-Weilimdorf is a public primary school distinguished by its motto ""Living community, learning and growing together."" It offers a diverse educational program with individual support, Turkish language instruction, full-day care, and numerous projects like the circus project and the Hector Kinderakademie, fostering holistic student development.",3,0,8,1,3.0,5,1,9,"2025,2024,2023",281,6
STG-17756,Raitelsbergschule,Grundschule,Grundschule,Öffentlich,1929.0,Röntgenstraße 5,70190,Ost,Ost,0711 21660050,poststelle.raitelsbergschule@stuttgart.de,http://www.raitelsbergschule.de/,Bianca Krämer-Martin,Türkisch,,,,,,,,,,,,,,,,N/A,"Ganztagesbetreuung (RIO-Zoo), Vorbereitungsklassen, Schulgarten, Multifunktionssaal/Mensa, Sportplatz, Sprachförderung, Individualisiertes Lernen.",,,,,,,,,48.79177510673569,9.21445420661779,jedeschule.codefor.de + Stuttgart Schulwegweiser PDF,,,,,,,Unfallatlas,,,,,,,,,,4763,,20,632,,,73,,,,,,,,,,,,,,,,,,,,,,7.0,Durchschnittlich,240.0,17.0,,,Bad Cannstatt,1085,48.8014069,9.2168515,,Stuttgart-Ebitzweg,1841,48.8037427,9.2318241,,U-Bahn (48.7864),1868,48.7863523,9.1903146,,Raitelsberg,353,48.7889458,9.2122835,,Schlachthof,563,48.7871649,9.2176171,,Cannstatter Wasen,672,48.7965168,9.2201493,,Raitelsberg,367,48.7888474,9.2121382,,Schlachthof,566,48.7871098,9.2175301,,Bus (48.7866),620,48.7866295,9.2177024,,59,,35.0,,,"Raitelsbergschule ist eine Grundschule in Stuttgart. Adresse: Röntgenstraße 5, 70190 Stuttgart. Stadtbezirk: Ost. Die Schule ist in öffentlicher Trägerschaft. Eingeschränkte ÖPNV-Anbindung. Mittleres Verkehrsunfallaufkommen (14/Jahr).","Die Raitelsbergschule in Stuttgart ist eine öffentliche Grundschule mit einer langen Geschichte, die 1929 gegründet wurde. Unter der Leitung von Bianca Krämer-Martin bietet die Schule eine umfassende Bildung für rund 240 Schülerinnen und Schüler, die von 17 Lehrkräften unterrichtet werden. Ein besonderer Schwerpunkt liegt auf der individuellen Förderung und dem ganzheitlichen Lernen. Die Schule zeichnet sich durch ein vielfältiges Angebot aus, darunter Ganztagesbetreuung im Rahmen des 'RIO-Zoo', Vorbereitungsklassen für Kinder mit besonderem Sprachförderbedarf, und spezielle Sprachförderung, die auch Türkisch als Fremdsprache umfasst. Der Schulgarten, ein Multifunktionssaal mit Mensa und ein Sportplatz bieten vielfältige Möglichkeiten für Unterricht und Freizeitgestaltung. Das Konzept des individualisierten Lernens wird durch Ateliers und Projekte ergänzt, die den Schülerinnen und Schülern ermöglichen, ihre Interessen und Talente zu entdecken und zu entwickeln. Die Raitelsbergschule legt Wert auf ein unterstützendes Umfeld, das durch Schulsozialarbeit, einen aktiven Förderverein und Kooperationen mit Kindertagesstätten und dem AKI (Arbeitskreis Integration) gestärkt wird. Die Schule nutzt zudem die EduPage-App für die Kommunikation mit den Eltern, um aktuelle Informationen und organisatorische Abläufe effizient zu gestalten. Präventionsarbeit ist ebenfalls ein wichtiger Bestandteil des Schulprofils, um ein sicheres und gesundes Lernumfeld zu gewährleisten.",,,,,,,,,,,1.0,3.0,2.0,3.0,,,,,Kostenfrei (öffentliche Schule),,,,,,,,,,,,,,,,,,,,,,,,240.0,17.0,4763,2024_25,2025,Baden-Württemberg,66.9,1.1,49220,bezirk_estimated,73,147.4,9676.7,632,1285.0,Stuttgart,4763,9676.4,20,41.3,40,80.3,2026-08-23,stuttgart.de Adressverzeichnis,,STG-17630,STG-17664,STG-17718,Stuttgart,"Abelsbergstraße 9A, 70190 Stuttgart, Germany",142.0,48.790993799999995,9.2129242,T-RIO,"Abelsbergstraße 16, 70190 Stuttgart, Germany",194.0,48.790627699999995,9.212464,Bakery Confectionery - Martin Blankenhorn,,,,,,"Parkstraße 22, 70190 Stuttgart, Germany",286.0,48.789549699999995,9.2124976,Kindertagesstätte Parkstraße,"Parkstraße 18, 70190 Stuttgart, Germany",302.0,48.7896986,9.2117935,Daycare Noah's Ark,"Boslerstraße 10, 70188 Stuttgart, Germany",489.0,48.787381,9.2142491,Evangelischer Kindergarten Lutherhaus,"Teckstraße 64, 70190 Stuttgart, Germany",395.0,48.790203299999995,9.2096164,Merz Bildungswerk gemeinnützige GmbH,"Landhausstraße 255, 70188 Stuttgart, Germany",947.0,48.7835354,9.2177136,Grundschule Gaisburg,"Landhausstraße 117, 70190 Stuttgart, Germany",989.0,48.7878406,9.202342,Elementary and Werkrealschule Ostheim,1.0,"Mercedesstraße 40, 70372 Stuttgart, Germany",427.0,48.7940877,9.2191035,Wasen BISTRO,"Rotenbergstraße 127, 70190 Stuttgart, Germany",444.0,48.7881172,9.2120132,Friedenau Imza Restaurant,"Rotenbergstraße 127, 70190 Stuttgart, Germany",447.0,48.7881292,9.2118879,Restaurant Theater Friedenau,5.0,"Rotenbergstraße 152, 70190 Stuttgart, Germany",427.0,48.787940000000006,9.2147301,Smart Getränke - Lebensmittel,,,,,,,,,,,,Stuttgart,"Die Raitelsbergschule ist eine 1929 gegründete öffentliche Grundschule in Stuttgart mit 240 Schülern und 17 Lehrkräften. Sie bietet Ganztagesbetreuung (RIO-Zoo), Vorbereitungsklassen, Sprachförderung (inkl. Türkisch) und individualisiertes Lernen. Ein Schulgarten, Multifunktionssaal und Sportplatz ergänzen das vielfältige Angebot unter der Leitung von Bianca Krämer-Martin.","Raitelsbergschule is a public primary school in Stuttgart, founded in 1929, with 240 students and 17 teachers. It offers full-day care (RIO-Zoo), preparatory classes, language support (including Turkish), and individualized learning. A school garden, multi-functional hall, and sports field complement the diverse offerings under the leadership of Bianca Krämer-Martin.",6,0,39,3,14.3,21,4,43,"2025,2024,2023",201,3
STG-17748,Reisachschule,Grundschule,Grundschule,Öffentlich,,Maierwaldstraße 14,70499,Weilimdorf,Weilimdorf,0711 21633830,poststelle.reisachschule@stuttgart.de,http://www.reisach.s.schule-bw.de/,,,,,,,,,,,,,,,,,,N/A,Schwerpunkt auf Bewegung und spielerischem Lernen.,,,,,,,,,48.81745839719289,9.122068776165849,jedeschule.codefor.de + Stuttgart Schulwegweiser PDF,,,,,,,Unfallatlas,,,,,,,,,,2050,,9,272,,,31,,,,,,,,,,,,,,,,,,,,,,3.0,Sehr sicher,,,,,Korntal,1008,48.8265137,9.1214162,,Korntal Gymnasium,1617,48.8305386,9.1124214,,Weilimdorf,2088,48.822086,9.0944331,,Landauer Straße,348,48.8145921,9.1239677,,Löwen-Markt,793,48.8137226,9.1128364,,Feuerbach Pfostenwäldle,1149,48.8121738,9.1355521,,Landauer Straße,340,48.814507,9.1232604,,Fehrbelliner Straße,406,48.8189171,9.1169884,,Mathildenstraße,470,48.8141503,9.1180746,,28,,50.0,,,"Reisachschule ist eine Grundschule in Stuttgart. Adresse: Maierwaldstraße 14, 70499 Stuttgart. Stadtbezirk: Weilimdorf. Die Schule ist in öffentlicher Trägerschaft. Mittlere ÖPNV-Anbindung. Niedrige Kriminalitätsbelastung im Bezirk.","Die Reisachschule in Stuttgart-Weilimdorf ist eine öffentliche, vierzügige Grundschule, die sich durch einen besonderen Schwerpunkt auf Bewegung und spielerisches Lernen auszeichnet. Sie befindet sich in der Maierwaldstraße 14, 70499 Stuttgart. Aktuell bietet die Schule neben dem regulären Unterricht auch ein Schülerhaus für die Nachmittagsbetreuung an und hat eine Grundschulförderklasse. Die Schulgemeinschaft ist bestrebt, die Schule weiterzuentwickeln und hat beim Land Baden-Württemberg die Umwandlung zur Ganztagsschule beantragt. Im Zuge dieser Entwicklung wurden bereits Sanierungs- und Anpassungsmaßnahmen durchgeführt, darunter die Einrichtung einer Interimsmensa. Zukünftige Pläne umfassen den Bau einer dauerhaften Mensa auf dem Schulgelände, um den Anforderungen einer Ganztagsschule gerecht zu werden. Die Reisachschule engagiert sich aktiv in der Gestaltung des Schullebens, was sich in verschiedenen Projekten und Veranstaltungen widerspiegelt. Dazu gehören beispielsweise der Besuch von Wilma Wegda zum Thema Klimawandel, der Kakaoverkauf durch den Schülerrat, Lesungen von Autoren wie Björn Berenz sowie die Feier des Meilensteins der ersten 100 Schultage für die Erstklässler. Diese Aktivitäten fördern nicht nur das Lernen, sondern auch das Gemeinschaftsgefühl und die persönliche Entwicklung der Kinder. Die Schule ist ein wichtiger Bestandteil der lokalen Gemeinschaft in Weilimdorf und trägt zur Bildung und Betreuung der Grundschulkinder bei.",,,,,,,,,,,1.0,6.0,2.0,2.0,,,,,Kostenfrei (öffentliche Schule),,,,,,,,,,,,,,,,,,,,,,,,,,2050,,2025,Baden-Württemberg,66.9,0.7,33290,bezirk_estimated,31,93.8,6157.9,272,817.7,Stuttgart,2050,6157.7,9,26.3,17,51.1,2026-08-23,stuttgart.de Adressverzeichnis,,STG-17744,STG-17862,STG-17638,Stuttgart,"Edenkobener Str. 4, 70499 Stuttgart, Germany",370.0,48.8141332,9.1220588,Kod Lava,"Pforzheimer Str. 261, 70499 Stuttgart, Germany",374.0,48.814373499999995,9.1241024,Shell,,,,,,"Solitudestraße 289, 70499 Stuttgart, Germany",464.0,48.8180262,9.1157874,Kindergruppe Regenbogen e. V.,"Pforzheimer Str. 245, 70499 Stuttgart, Germany",498.0,48.8135869,9.1254777,"Tageseinrichtung für Kinder Pforzheimer Straße ""Rabennest""","Landauer Str. 21, 70499 Stuttgart, Germany",554.0,48.8125931,9.1236892,Kindergarten Landauerstr. 21,"Köstlinstraße 76, 70499 Stuttgart, Germany",1056.0,48.8094383,9.1143371,Wolfbuschschule,"Köstlinstraße 76, 70499 Stuttgart, Germany",1110.0,48.8087957,9.1145283,Sporthalle Wolfbusch (Grundschule),"Zuffenhauser Str. 24, 70825 Korntal-Münchingen, Germany",1364.0,48.8295934,9.1247737,Johannes-Kullen-Schule,0.0,"Edenkobener Str. 4, 70499 Stuttgart, Germany",364.0,48.8141852,9.1220529,Schwabenstüble,"Edenkobener Str. 4, 70499 Stuttgart, Germany",370.0,48.8141332,9.1220588,Kod Lava,"Pforzheimer Str. 261, 70499 Stuttgart, Germany",374.0,48.814373499999995,9.1241024,Shell,4.0,"Pforzheimer Str. 338-342, 70499 Stuttgart, Germany",486.0,48.81449,9.1172,Lidl,,,,,,,,,,,,Stuttgart,"Die Reisachschule in Stuttgart-Weilimdorf ist eine öffentliche, vierzügige Grundschule mit Schwerpunkt auf Bewegung und spielerischem Lernen. Sie bietet ein Schülerhaus und eine Grundschulförderklasse an und strebt die Umwandlung zur Ganztagsschule an, wofür bereits Sanierungen und eine Interimsmensa realisiert wurden. Das Schulleben ist geprägt von vielfältigen Projekten und Veranstaltungen, die das Lernen und die Gemeinschaft fördern.","Reisachschule in Stuttgart-Weilimdorf is a public, four-stream primary school focusing on movement and playful learning. It offers after-school care and a pre-school support class, and is pursuing conversion to a full-day school, with renovations and an interim cafeteria already in place. School life is enriched by various projects and events that promote learning and community.",11,1,13,6,6.7,14,6,20,"2025,2024,2023",180,10
STG-17733,Riedseeschule,Grundschule,Grundschule,Öffentlich,,Sigmaringer Straße 85,70567,Möhringen,Möhringen,0711 21633800,Poststelle.Riedseeschule.Moehringen@stuttgart.de,https://www.stuttgart-inklusiv.de/,Alexandra Beyer,,,,,,,,,,,,,,,,,N/A,"SINUS Profil Mathematik, Schwerpunkt auf Literatur und Sprache, schuleigener Klettergarten.",,,,,,,,,48.73005299810524,9.152685098383822,jedeschule.codefor.de + Stuttgart Schulwegweiser PDF,,,,,,,Unfallatlas,,,,,,,,,,2001,,9,266,,,30,,,,,,,,,,,,,,,,,,,,,,3.0,Sehr sicher,338.0,23.0,,,U-Bahn (48.7175),1634,48.7174685,9.1411963,,U-Bahn (48.7485),2332,48.748473,9.167888,,U-Bahn (48.7490),2444,48.7490455,9.1694659,,Sigmaringer Straße,153,48.7287206,9.1532295,,Riedsee,362,48.7329786,9.1505075,,Möhringen Bahnhof,424,48.7305833,9.1469571,,Rembrandtstraße,285,48.7280598,9.1502447,,Riedsee,285,48.7322268,9.1506162,,Bus (48.7281),288,48.7280846,9.1501421,,24,,70.0,,,"Riedseeschule ist eine Grundschule in Stuttgart. Adresse: Sigmaringer Straße 85, 70567 Stuttgart. Stadtbezirk: Möhringen. Die Schule ist in öffentlicher Trägerschaft. Gute ÖPNV-Anbindung. Mittleres Verkehrsunfallaufkommen (15/Jahr). Niedrige Kriminalitätsbelastung im Bezirk.","Die Riedseeschule, eine öffentliche Grundschule unter der Leitung von Alexandra Beyer, befindet sich in der Sigmaringer Straße 85, 70567 Stuttgart. Mit 338 Schülern und einem engagierten Kollegium von 23 Lehrkräften bietet die Schule eine fördernde und anregende Lernumgebung für ihre jungen Schülerinnen und Schüler. Ein zentrales Merkmal der Riedseeschule ist ihr Engagement für akademische Exzellenz und eine ganzheitliche Entwicklung, die über den reinen Lehrplan hinausgeht. Die Schule zeichnet sich durch mehrere Besonderheiten aus. Sie verfügt über ein SINUS-Profil in Mathematik, was einen starken Fokus auf die Förderung des mathematischen Verständnisses und der Problemlösungsfähigkeiten durch innovative Lehrmethoden signalisiert. Ergänzend dazu legt die Riedseeschule einen bedeutenden Schwerpunkt auf Literatur und Sprache. Ziel ist es, von klein auf ausgeprägte Lese- und Schreibkompetenzen sowie die Freude am Lesen und am sprachlichen Ausdruck zu entwickeln. Diese doppelte Ausrichtung gewährleistet eine umfassende Bildungsgrundlage in sowohl analytischen als auch kommunikativen Fähigkeiten. Über den Kernlehrplan hinaus bereichert die Riedseeschule das Schulleben mit einem schuleigenen Klettergarten. Diese Einrichtung bietet den Schülern vielfältige Möglichkeiten für körperliche Aktivität, die Entwicklung motorischer Fähigkeiten und das Lernen im Freien, wodurch ein gesunder und aktiver Lebensstil gefördert wird. Obwohl die angegebene Website, stuttgart-inklusiv.de, primär als allgemeiner Barrierefreiheitsführer für Stuttgart dient und keine spezifischen Details zum Schulalltag oder Lehrplan der Riedseeschule liefert, ist die Schule offensichtlich bestrebt, eine umfassende Grundschulbildung anzubieten. Die öffentliche Trägerschaft unterstreicht ihre Rolle in der Gemeinschaft, indem sie allen Kindern in ihrem Einzugsgebiet zugängliche Bildung ermöglicht. Die Kombination aus spezialisierten akademischen Profilen und einzigartigen Freizeiteinrichtungen macht die Riedseeschule zu einer unverwechselbaren Bildungseinrichtung in Stuttgart.",,,,,,,,,,,3.0,19.0,5.0,6.0,,,,,Kostenfrei (öffentliche Schule),,,,,,,,,,,,,,,,,,,,,,,,338.0,23.0,2001,2024_25,2025,Baden-Württemberg,66.9,0.7,32500,bezirk_estimated,30,93.8,6157.9,266,817.7,Stuttgart,2001,6157.7,9,26.3,17,51.1,2026-08-23,stuttgart.de Adressverzeichnis,,STG-18579,STG-17897,STG-17740,Stuttgart,"Rembrandtstraße 47, 70567 Stuttgart, Germany",202.0,48.7310371,9.1503644,Kaufland,"Rembrandtstraße 47, 70567 Stuttgart, Germany",205.0,48.731105199999995,9.1503883,Treiber Spezialitäten Bäckerei Konditorei,"Holdermannstraße 32, 70567 Stuttgart, Germany",313.0,48.7298744,9.1484199,Garagenbackstüble,"Trochtelfinger Str. 6, 70567 Stuttgart, Germany",258.0,48.7306258,9.1560909,Johanniter-Unfall-Hilfe e.V. - Kita Die kleinen Entdecker,"Probststraße 41, 70567 Stuttgart, Germany",306.0,48.7316283,9.1492591,Kath. Kinderhaus St. Hedwig,"Holdermannstraße 9, 70567 Stuttgart, Germany",375.0,48.7279547,9.1486754,Tageseinrichtung für Kinder,"Rulfinger Str. 35, 70567 Stuttgart, Germany",971.0,48.7216617,9.1563536,Salzäckerschule Stuttgart-Möhringen,"Bopseräcker 30-33, 70597 Stuttgart, Germany",1285.0,48.7345437,9.1688321,Freie Aktive Schule Stuttgart,"Wurmlinger Str. 61, 70597 Stuttgart, Germany",1640.0,48.7428819,9.1637145,Albschule,0.0,"Sigmaringer Str. 68, 70567 Stuttgart, Germany",165.0,48.728577099999995,9.1524901,Trattoria GUSTO,"Sigmaringer Str. 68, 70567 Stuttgart, Germany",165.0,48.728577099999995,9.1524901,Gaststätte J. Möller,"Vaihinger Str. 7, 70567 Stuttgart, Germany",188.0,48.7286288,9.1513151,Möhringer Hexle,10.0,"Rembrandtstraße 47, 70567 Stuttgart, Germany",202.0,48.7310371,9.1503644,Kaufland,"Kolbäckerstraße 21, 70567 Stuttgart, Germany",373.0,48.728271,9.1569977,Albwild,"Kleinknechtstraße 33, 70567 Stuttgart, Germany",389.0,48.726740799999995,9.1509599,PENNY,,Stuttgart,"Die Riedseeschule in Stuttgart ist eine öffentliche Grundschule mit 338 Schülern und 23 Lehrkräften unter der Leitung von Alexandra Beyer. Sie zeichnet sich durch ein SINUS-Profil in Mathematik, einen Schwerpunkt auf Literatur und Sprache sowie einen schuleigenen Klettergarten aus, die eine ganzheitliche und anregende Lernumgebung fördern.","Riedseeschule in Stuttgart is a public primary school with 338 students and 23 teachers, led by Alexandra Beyer. It features a SINUS profile in mathematics, a strong focus on literature and language, and its own climbing garden, fostering a holistic and stimulating learning environment.",19,0,42,11,15.0,32,3,45,"2025,2024,2023",159,13
STG-18579,Riedseeschule (Außenstelle),Grundschule,Grundschule,Öffentlich,,Vaihinger Straße 30,70567,Möhringen,Möhringen,,,https://www.stuttgart-inklusiv.de/,Alexandra Beyer,,,,,,,,,,,,,,,,,N/A,"Pädagogischer Ganztagsbetrieb, individuelle Förderung, Entwicklung kognitiver und sozialer Kompetenzen.",,,,,,,,,48.72856557146056,9.148152393030568,jedeschule.codefor.de + Stuttgart Schulwegweiser PDF,,,,,,,Unfallatlas,,,,,,,,,,2001,,9,266,,,30,,,,,,,,,,,,,,,,,,,,,,3.0,Sehr sicher,,,,,U-Bahn (48.7175),1335,48.7174685,9.1411963,,Stuttgart Österfeld,2510,48.7375038,9.1167264,,Stuttgart-Vaihingen,2576,48.7264626,9.1131764,,Möhringen Bahnhof,241,48.7305833,9.1469571,,Sigmaringer Straße,373,48.7287206,9.1532295,,Riedsee,520,48.7329786,9.1505075,,Filderbahnstraße,96,48.7281862,9.1469791,,Bus (48.7281),155,48.7280846,9.1501421,,Rembrandtstraße,163,48.7280598,9.1502447,,29,,60.0,,,"Riedseeschule (Außenstelle) ist eine Grundschule in Stuttgart. Adresse: Vaihinger Straße 30, 70567 Stuttgart. Stadtbezirk: Möhringen. Die Schule ist in öffentlicher Trägerschaft. Gute ÖPNV-Anbindung. Mittleres Verkehrsunfallaufkommen (20/Jahr). Niedrige Kriminalitätsbelastung im Bezirk.","Die Riedseeschule in Stuttgart ist eine öffentliche Grundschule, die sich seit dem Schuljahr 2016/2017 zu einer Ganztagsschule in Wahlform entwickelt hat. Die Außenstelle befindet sich in der Vaihinger Straße 30, während die Hauptverwaltung und eine weitere Außenstelle in der Sigmaringer Straße 85 angesiedelt sind. Unter der Leitung von Rektorin Alexandra Beyer und Konrektorin Angelika Ziegler legt die Schule einen besonderen Schwerpunkt auf die ganzheitliche Entwicklung der Kinder. Ein zentrales Merkmal ist das seit 2012/2013 etablierte Schülerhaus-Konzept, das eine Betreuung von 7:00 bis 14:00 Uhr inklusive Mittagessen anbietet und auch Ferienbetreuungen umfasst. Die Riedseeschule fördert aktiv die kognitive Leistungsfähigkeit durch Bewegung und verfügt über einen schuleigenen Klettergarten. Ein weiterer Fokus liegt auf der Sprach- und Leseförderung, insbesondere dem Erlernen einer guten Rechtschreibung. Speziell geschulte Lehrkräfte und Lese- und Sprachförderpatinnen unterstützen Kinder mit Lese-Rechtschreib-Problemen und Dyskalkulie durch individuelle Konzepte. Die Schule arbeitet eng mit der Stuttgarter Jugendhaus Gesellschaft (stjg) zusammen, die als wichtiger Partner im Bereich der Ganztagsbildung und Betreuung fungiert und vielfältige Bildungs-, Betreuungs-, Freizeit- und Ferienangebote bereitstellt. Die Schülerzahlen der Riedseeschule zeigen eine steigende Tendenz, bedingt durch neue Wohnsiedlungen im Schulbezirk, was langfristig eine Erweiterung auf vier Züge zur Folge hat. Die Schule ist somit ein dynamischer Bildungsstandort, der sich den Bedürfnissen einer wachsenden Schülerschaft anpasst und ein umfassendes pädagogisches Angebot bereithält.",,,,,,,,,,,8.0,20.0,10.0,6.0,,,,,Kostenfrei (öffentliche Schule),,,,,,,,,,,,,,,,,,,,,,,,,,2001,,2025,Baden-Württemberg,66.9,0.7,32500,bezirk_estimated,30,93.8,6157.9,266,817.7,Stuttgart,2001,6157.7,9,26.3,17,51.1,2026-08-23,stuttgart.de Adressverzeichnis,,STG-17733,STG-47421,STG-16260,Stuttgart,"Filderbahnstraße 50, 70567 Stuttgart, Germany",114.0,48.728739999999995,9.14662,Eiscafe Cortina,"Holdermannstraße 32, 70567 Stuttgart, Germany",147.0,48.7298744,9.1484199,Garagenbackstüble,"Leinenweberstraße 38, 70567 Stuttgart, Germany",169.0,48.7294754,9.1463047,Bakery Schrade GmbH & Co. KG,"Holdermannstraße 9, 70567 Stuttgart, Germany",78.0,48.7279547,9.1486754,Tageseinrichtung für Kinder,"Richterstraße 16, 70567 Stuttgart, Germany",128.0,48.7275591,9.1490007,"Studio ""Arche""","Filderbahnstraße 54, 70567 Stuttgart, Germany",132.0,48.728989299999995,9.1464775,Schwarz auf Weiss AG,"Sigmaringer Str. 85, 70567 Stuttgart, Germany",366.0,48.7300944,9.1525689,Riedseeschule,"Rulfinger Str. 35, 70567 Stuttgart, Germany",975.0,48.7216617,9.1563536,Salzäckerschule Stuttgart-Möhringen,"Hengstäcker, Gewann 15, 70567 Stuttgart, Germany",1376.0,48.730815,9.1297039,Freie Evangelische Schule Stuttgart,1.0,"Vaihinger Str. 24, 70567 Stuttgart, Germany",120.0,48.728757599999994,9.1497613,Restaurant Rembrandtstuben,"Vaihinger Str. 40, 70567 Stuttgart, Germany",144.0,48.7282089,9.1462582,Möhringer Grillhaus MGH,"Filderbahnstraße 56, 70567 Stuttgart, Germany",145.0,48.7291373,9.1463794,City Grill - Kebap & Pizza mit Gartenwirtschaft,12.0,"Vaihinger Str. 49, 70567 Stuttgart, Germany",143.0,48.7279296,9.1464598,REWE,"Streibgasse 8, 70567 Stuttgart, Germany",212.0,48.7266795,9.1477629,Norma,"Leinenweberstraße 47, 70567 Stuttgart, Germany",245.0,48.7290437,9.1448981,Damaskieno Supermarkt,,Stuttgart,"Die Riedseeschule (Außenstelle) in Stuttgart ist eine öffentliche Grundschule, die sich zu einer Ganztagsschule entwickelt hat. Sie bietet Betreuung im Schülerhaus-Konzept, fördert Bewegung und legt einen starken Fokus auf Sprach- und Leseförderung, unterstützt durch spezialisierte Lehrkräfte und Partner wie die Stuttgarter Jugendhaus Gesellschaft.","Riedseeschule (Annex) in Stuttgart is a public primary school evolving into a full-day school. It offers childcare through its 'Schülerhaus' concept, promotes physical activity, and strongly focuses on language and reading development, supported by specialized teachers and partners like the Stuttgarter Jugendhaus Gesellschaft.",27,0,55,12,19.7,42,4,59,"2025,2024,2023",26,14
STG-17740,Rosenschule,Grundschule,Grundschule,Öffentlich,1909.0,Markgröninger Straße 38,70435,Zuffenhausen,Zuffenhausen,0711 21691281,poststelle.rosenschule@stuttgart.de,http://www.rosenschule-zuffenhausen.de/,Katrin Kirchmann,,,,,,,,,,,,,,,,,N/A,"Ganztagsangebot, Gewaltprävention, Schulsozialarbeit, Sport, LiedKunst KunstLied, Individuelles Lernen, Kreativwerkstatt, Theater-AG, Chor, Tanz.",,,,,,,,,48.83349836710352,9.171326945243646,jedeschule.codefor.de + Stuttgart Schulwegweiser PDF,,,,,,,Unfallatlas,,,,,,,,,,3694,,16,491,,,56,,,,,,,,,,,,,,,,,,,,,,7.0,Durchschnittlich,400.0,29.0,,,U-Bahn (48.8322),151,48.8322288,9.1705762,,U-Bahn (48.8321),153,48.8321247,9.171266,,U-Bahn (48.8323),156,48.8322673,9.1702915,,Kirchtalstraße,149,48.8322682,9.1705308,,Zuffenhausen Rathaus,397,48.8306774,9.174643,,Kelterplatz,548,48.8296962,9.1760801,,Kirchtalstraße,150,48.8323343,9.1702951,,Zuffenhausen Rathaus,273,48.8317821,9.1739933,,Zabergäustraße,309,48.8344925,9.175274,,76,,50.0,,,"Rosenschule ist eine Grundschule in Stuttgart. Adresse: Markgröninger Straße 38, 70435 Stuttgart. Stadtbezirk: Zuffenhausen. Die Schule ist in öffentlicher Trägerschaft. Mittlere ÖPNV-Anbindung. Erhöhtes Verkehrsunfallaufkommen (20/Jahr).","Die Rosenschule in Stuttgart-Zuffenhausen ist eine öffentliche Grundschule mit einer langen Geschichte, die 1909 gegründet wurde. Unter der Leitung von Katrin Kirchmann bietet die Schule rund 400 Schülern und 29 Lehrkräften ein umfassendes Bildungsangebot. Als Ganztagsschule legt die Rosenschule großen Wert auf eine ganzheitliche Entwicklung ihrer Schüler. Das pädagogische Konzept umfasst individuelles Lernen und fördert Kreativität durch Angebote wie eine Kreativwerkstatt, eine Theater-AG, einen Chor und Tanzprojekte. Ein besonderes Merkmal ist das Programm ""LiedKunst KunstLied"", das musische und künstlerische Bildung integriert. Die Schule engagiert sich stark in der Gewaltprävention, unter anderem durch Programme wie ""Giraffensprache"", ""Pausenengel"" und ""Stark.Stärker.Wir."", die soziale Kompetenzen und ein friedliches Miteinander fördern. Die Schulsozialarbeit unterstützt Schüler und Familien bei sozialen und emotionalen Herausforderungen. Sport und Bewegung sind ebenfalls fest im Schulalltag verankert, um die körperliche Entwicklung und das Wohlbefinden der Kinder zu stärken. Kooperationen mit Kindergärten, der Stadtteilbücherei Zuffenhausen, dem Deutsch-Türkischen Forum und verschiedenen Musik- und Sportvereinen bereichern das Schulleben und vernetzen die Schule fest im Stadtteil. Die Rosenschule versteht sich als lebendige Gemeinschaft, die ein unterstützendes und anregendes Lernumfeld schafft, in dem jedes Kind seine Potenziale entfalten kann.",,,,,,,,,,,14.0,20.0,13.0,4.0,,,,,Kostenfrei (öffentliche Schule),,,,,,,,,,,,,,,,,,,,,,,,400.0,29.0,3694,2024_25,2025,Baden-Württemberg,66.9,1.1,38180,bezirk_estimated,56,147.4,9676.7,491,1285.0,Stuttgart,3694,9676.4,16,41.3,31,80.3,2026-08-23,stuttgart.de Adressverzeichnis,,STG-13277,STG-17730-GS,STG-17737,Stuttgart,"Unterländer Str. 49, 70435 Stuttgart, Germany",163.0,48.832114399999995,9.170574,Sehne Ihr Familienbäcker,"Unterländer Str. 35, 70435 Stuttgart, Germany",179.0,48.831931399999995,9.171862,Siegel Backkultur,"Unterländer Str. 57, 70435 Stuttgart, Germany",179.0,48.8322538,9.1697729,Bäckerei Frech,"Bietigheimer Str. 11A, 70435 Stuttgart, Germany",161.0,48.8326351,9.1730917,Kindergarten,"Elsässer Str. 8, 70435 Stuttgart, Germany",251.0,48.8316368,9.169393,Tageseinrichtung für Kinder Elsässer Straße,"Colmarer Str. 35, 70435 Stuttgart, Germany",280.0,48.831017,9.1706382,Tageseinrichtung für Kinder Colmarer Straße,"Schwabbacher Str. 25, 70437 Stuttgart, Germany",860.0,48.830898,9.1823856,Silcherschule,"Schwabbacher Str. 25 e, 70437 Stuttgart, Germany",895.0,48.8304869,9.182668,Haldenrainschule,"Marconistraße 65, 70435 Stuttgart, Germany",1325.0,48.8291887,9.1544461,Grundschule am Stadtpark,0.0,"Markgröninger Str. 46, 70435 Stuttgart, Germany",93.0,48.8336623,9.1700842,Gaststätte Kirchtal,"Kirchtalstraße 3, 70435 Stuttgart, Germany",146.0,48.832800899999995,9.1696399,Seoul Express,"Unterländer Str. 47, 70435 Stuttgart, Germany",162.0,48.832097999999995,9.1707301,EFSANE Kebap & Grillhouse,7.0,"Unterländer Str. 49, 70435 Stuttgart, Germany",167.0,48.8320932,9.1705406,REWE,"Unterländer Str. 59, 70435 Stuttgart, Germany",199.0,48.832214,9.1694307,Mes Obst & Gemüse,"Elsässer Str. 2, 70435 Stuttgart, Germany",208.0,48.8321164,9.1694165,Pat Afro Shop Stuttgart,,Stuttgart,"Die Rosenschule in Stuttgart-Zuffenhausen ist eine öffentliche Ganztagsgrundschule, die 1909 gegründet wurde und rund 400 Schüler betreut. Sie zeichnet sich durch ein umfassendes pädagogisches Konzept aus, das individuelles Lernen, Kreativitätsförderung durch musische und künstlerische Angebote wie ""LiedKunst KunstLied"" sowie starke Programme zur Gewaltprävention und Schulsozialarbeit umfasst. Sport und vielfältige Kooperationen bereichern das Schulleben.","Rosenschule in Stuttgart-Zuffenhausen is a public all-day primary school, founded in 1909, serving approximately 400 students. It features a comprehensive pedagogical concept including individualized learning, creativity promotion through musical and artistic programs like ""LiedKunst KunstLied,"" and robust violence prevention and school social work initiatives. Sports and diverse cooperations enrich school life.",13,0,52,19,20.3,41,9,61,"2025,2024,2023",96,33
STG-13277,Rosenschule (Außenstelle),Grundschule,Grundschule,Öffentlich,1909.0,Hohensteinstraße 25,70435,Zuffenhausen,Zuffenhausen,0172 7398212,,https://www.stuttgart-inklusiv.de/,Katrin Kirchmann,,,,,,,,,,,,,,,,,N/A,"Internationale Vorbereitungsklasse (VKL/VK), Grundschulförderklasse (GFK), Gewaltprävention, Schulsozialarbeit, Kooperationen mit lokalen Vereinen und Einrichtungen.",,,,,,,,,48.82762383925212,9.17147041748183,jedeschule.codefor.de + Stuttgart Schulwegweiser PDF,,,,,,,Unfallatlas,,,,,,,,,,3694,,16,491,,,56,,,,,,,,,,,,,,,,,,,,,,7.0,Durchschnittlich,400.0,29.0,,,Stuttgart-Zuffenhausen,377,48.8295258,9.16721,,U-Bahn (48.8321),501,48.8321247,9.171266,,U-Bahn (48.8322),516,48.8322288,9.1705762,,Hohensteinstraße,180,48.82696,9.173708,,Zuffenhausen Rathaus,404,48.830574,9.1746984,,Kelterplatz,409,48.8296962,9.1760801,,Hohensteinstraße,162,48.8272391,9.1736061,,Frankenstraße,220,48.8258295,9.1727524,,Zuffenhausen Bf,277,48.829349,9.1687342,,65,,50.0,,,"Rosenschule (Außenstelle) ist eine Grundschule in Stuttgart. Adresse: Hohensteinstraße 25, 70435 Stuttgart. Stadtbezirk: Zuffenhausen. Die Schule ist in öffentlicher Trägerschaft. Mittlere ÖPNV-Anbindung. Erhöhtes Verkehrsunfallaufkommen (23/Jahr).","Die Rosenschule (Außenstelle) in der Hohensteinstraße 25 ist ein integraler Bestandteil der Rosenschule Zuffenhausen, einer öffentlichen Grundschule im Herzen des vielfältigen Stuttgarter Stadtbezirks Zuffenhausen. Die Trägerschaft obliegt dem Jugendamt der Stadt Stuttgart. Während die Hauptstelle der Rosenschule, deren historisches und denkmalgeschütztes Gebäude im Jahr 1909 gegründet wurde und 2009 ihr 100-jähriges Bestehen feierte, ein umfassendes Ganztagsangebot für jeweils drei Klassen der Stufen 1 bis 4 bereithält, konzentriert sich die Außenstelle auf den Unterricht von Halbtagsklassen. Hier werden unter anderem zwei Klassen der zweiten Stufe und eine Klasse der ersten Stufe unterrichtet.

Die Rosenschule insgesamt zeichnet sich durch eine Schülerschaft aus, die rund 400 Kinder in 16 Klassen der Stufen 1 bis 4 umfasst. Die Schule ist bekannt für ihre kulturelle Vielfalt, da viele Schülerinnen und Schüler aus Familien mit Migrationshintergrund stammen, die über 20 verschiedene Nationen repräsentieren. Um dieser Vielfalt gerecht zu werden, bietet die Schule eine Grundschulförderklasse (GFK) sowie eine Vorbereitungsklasse (VKL) für internationale Schüler an. Das Kollegium besteht aus 29 Lehrkräften und zwei Schulsozialarbeiterinnen, ergänzt durch 27 pädagogische Fachkräfte, die im Ganztags- und Kernzeitbereich tätig sind.

Besondere Merkmale der Rosenschule umfassen einen als Spielplatz gestalteten Schulhof, der am Wochenende öffentlich zugänglich ist, sowie ein starkes Engagement in der Gewaltprävention und der Förderung sozialer Kompetenzen durch Programme wie ""Giraffensprache"", ""Pausenengel"" und ""Stark.Stärker.Wir. Teamgeister"". Die Schule pflegt zudem Kooperationen mit Kindergärten, der Stadtteilbücherei Zuffenhausen, dem Deutsch-Türkischen Forum und verschiedenen Musik- und Sportvereinen, um ein reichhaltiges Bildungs- und Freizeitangebot zu gewährleisten. Die Außenstelle trägt maßgeblich dazu bei, den unterschiedlichen Bedürfnissen der Schülerschaft durch flexible Unterrichtsmodelle gerecht zu werden.",,,,,,,,,,,10.0,19.0,8.0,4.0,,,,,Kostenfrei (öffentliche Schule),,,,,,,,,,,,,,,,,,,,,,,,400.0,29.0,3694,2024_25,2025,Baden-Württemberg,66.9,1.1,38180,bezirk_estimated,56,147.4,9676.7,491,1285.0,Stuttgart,3694,9676.4,16,41.3,31,80.3,2026-08-23,stuttgart.de Adressverzeichnis,,STG-17740,STG-17730-GS,STG-18579,Stuttgart,"Ludwigsburger Str. 15, 70435 Stuttgart, Germany",318.0,48.8249,9.1728,JET Tankstelle,"Burgunderstraße 28-33, 70435 Stuttgart, Germany",368.0,48.830146,9.1682128,Sehne Ihr Familienbäcker,"Ludwigsburger Str. 100, 70435 Stuttgart, Germany",384.0,48.829997299999995,9.1752849,Siegel Backkultur - Cafe Tellerchen,"Cheruskerstraße 6, 70435 Stuttgart, Germany",304.0,48.830182,9.172927,Kita,"Colmarer Str. 35, 70435 Stuttgart, Germany",382.0,48.831017,9.1706382,Tageseinrichtung für Kinder Colmarer Straße,"Langenburger Str. 26, 70435 Stuttgart, Germany",460.0,48.8259562,9.1772153,Tageseinrichtung für Kinder Langenburger Straße,"Markgröninger Str. 38, 70435 Stuttgart, Germany",676.0,48.8337046,9.1712764,Rosenschule Zuffenhausen,"Schwabbacher Str. 25, 70437 Stuttgart, Germany",878.0,48.830898,9.1823856,Silcherschule,"Schwabbacher Str. 25 e, 70437 Stuttgart, Germany",879.0,48.8304869,9.182668,Haldenrainschule,0.0,"Langobardenstraße 30, 70435 Stuttgart, Germany",103.0,48.828534600000005,9.1712244,Ulmers Besenwirtschaft,"Friesenstraße 6, 70435 Stuttgart, Germany",252.0,48.8291434,9.1740212,Restaurant Yijimi,"Friesenstraße 52, 70435 Stuttgart, Germany",253.0,48.8293265,9.169177,New Banana Leaf,5.0,"Frankenstraße 3, 70435 Stuttgart, Germany",267.0,48.8254199,9.1729099,Alnatura Super Natur Markt,"Straßburger Str. 36, 70435 Stuttgart, Germany",268.0,48.829935,9.1724903,Kabul Market,"Ludwigsburger Str. 15, 70435 Stuttgart, Germany",318.0,48.8249,9.1728,JET Tankstelle,,Stuttgart,"Die Rosenschule (Außenstelle) in Stuttgart-Zuffenhausen ist Teil einer öffentlichen Grundschule, die Halbtagsklassen unterrichtet. Die 1909 gegründete Rosenschule betreut rund 400 Schüler aus über 20 Nationen und bietet spezielle Förder- und Vorbereitungsklassen. Sie zeichnet sich durch ein vielfältiges pädagogisches Angebot und starke Gemeinschaftskooperationen aus.","The Rosenschule (Außenstelle) in Stuttgart-Zuffenhausen is part of a public primary school that teaches half-day classes. Founded in 1909, the Rosenschule serves approximately 400 students from over 20 nations and offers special support and preparatory classes. It is characterized by a diverse educational program and strong community collaborations.",20,1,61,13,23.3,40,8,70,"2025,2024,2023",97,32
STG-17897,Salzäckerschule,Grundschule,Grundschule,Öffentlich,,Rulfinger Straße 35,70567,Möhringen,Möhringen,0711 21657120,poststelle.salzaeckerschule@stuttgart.de,https://www.stuttgart-inklusiv.de/,Daniel Glass,,,,,,,,,,,,,,,,,N/A,"Gemeinschaft leben, den Einzelnen sehen, Medienbildung, Sport, Kunst, Musik, Mathematik, Theater, Naturwissenschaften, Sinus Profil Mathematik, BISS-Transfer, Klasse 2000",,,,,,,,,48.72178990079694,9.15620874073648,jedeschule.codefor.de + Stuttgart Schulwegweiser PDF,,,,,,,Unfallatlas,,,,,,,,,,2001,,9,266,,,30,,,,,,,,,,,,,,,,,,,,,,3.0,Sehr sicher,,,,,U-Bahn (48.7175),1202,48.7174685,9.1411963,,Oberaichen,2807,48.7052607,9.1272836,,Leinfelden,2960,48.6966965,9.1427508,,Plieninger Straße,274,48.7242278,9.1567089,,Salzäcker,414,48.7216372,9.1618454,,Landhaus,710,48.7203961,9.165648,,Plieninger Straße,264,48.7241549,9.1559042,,Salzäcker,302,48.7233497,9.1595818,,Rübezahlweg,525,48.7209082,9.1491731,,39,,45.0,,,"Salzäckerschule ist eine Grundschule in Stuttgart. Adresse: Rulfinger Straße 35, 70567 Stuttgart. Stadtbezirk: Möhringen. Die Schule ist in öffentlicher Trägerschaft. Mittlere ÖPNV-Anbindung. Niedrige Kriminalitätsbelastung im Bezirk.","Die Salzäckerschule ist eine dreizügige Grundschule im Stuttgarter Stadtteil Möhringen, die sich durch ihr Leitbild „Gemeinschaft leben, den Einzelnen sehen“ auszeichnet. Unter der Leitung von Rektor Daniel Glass und Konrektorin Lydia Dickes legt die Schule großen Wert auf die Entfaltung der individuellen Stärken und Fähigkeiten jedes Kindes innerhalb einer starken Gemeinschaft. Die Schule bietet eine umfassende Betreuung, die über den reinen Unterricht hinausgeht, mit Öffnungszeiten von 7:00 bis 17:00 Uhr, um den Bedürfnissen der Familien gerecht zu werden.

Das pädagogische Konzept der Salzäckerschule fördert entdeckendes Lernen und einen wertschätzenden Umgang aller Beteiligten. Zu den besonderen Schwerpunkten und Projekten gehören Medienbildung, Sport, Kunst, Musik, Mathematik, Theater und Naturwissenschaften. Die Schule ist zudem aktiv in den Programmen „Sinus Profil Mathematik“ und „BISS-Transfer“ (Bildung durch Sprache und Schrift) und nimmt am Präventionsprogramm „Klasse 2000“ teil, das die Gesundheitsförderung und Persönlichkeitsentwicklung der Kinder unterstützt.

Ein vielfältiges Angebot an Arbeitsgemeinschaften ermöglicht es den Schülern, ihre Interessen in verschiedenen Bereichen zu vertiefen. Ein engagierter Förderverein bereichert das Schulleben durch zusätzliche Angebote und Unterstützung. Obwohl die Stelle der Schulsozialarbeit derzeit unbesetzt ist, wird sie demnächst wieder besetzt, um die Schüler und Familien weiterhin zu unterstützen. Die Schule bietet auch eine Beratungslehrkraft an, die bei schulischen Anliegen zur Seite steht. Die Salzäckerschule befindet sich in der Rulfinger Straße 35, 70567 Stuttgart.",,,,,,,,,,,3.0,6.0,5.0,1.0,,,,,Kostenfrei (öffentliche Schule),,,,,,,,,,,,,,,,,,,,,,,,,,2001,,2025,Baden-Württemberg,66.9,0.7,32500,bezirk_estimated,30,93.8,6157.9,266,817.7,Stuttgart,2001,6157.7,9,26.3,17,51.1,2026-08-23,stuttgart.de Adressverzeichnis,,STG-17733,STG-18579,STG-50922,Stuttgart,"Ob. Körschmühle 1, 70567 Stuttgart, Germany",160.0,48.7222989,9.1541683,Café liebenswert,"Widmaierstraße 110, 70567 Stuttgart, Germany",172.0,48.7222021,9.1584665,Bäckerei Konditorei Schrade GmbH & Co. KG,"Widmaierstraße 137, 70567 Stuttgart, Germany",383.0,48.721098399999995,9.1613234,Willkommensraum Möhringen,"Widmaierstraße 100, 70567 Stuttgart, Germany",157.0,48.7226249,9.1579342,Tageseinrichtung für Kinder - Widmaierstraße,"Dinghofstraße 34, 70567 Stuttgart, Germany",615.0,48.7246752,9.1490613,Waldorfkindergarten Möhringen Kindergarten,"Märzenbaumstraße 35, 70567 Stuttgart, Germany",647.0,48.727208999999995,9.159402,KiCK - Kinderhaus in der Christuskirche,"Sigmaringer Str. 85, 70567 Stuttgart, Germany",961.0,48.7300944,9.1525689,Riedseeschule,"Markus-Schleicher-Straße 15, 70565 Stuttgart, Germany",1080.0,48.7120802,9.1563081,Fasanenhofschule,"Bopseräcker 30-33, 70597 Stuttgart, Germany",1694.0,48.7345437,9.1688321,Freie Aktive Schule Stuttgart,0.0,"Widmaierstraße 110, 70567 Stuttgart, Germany",170.0,48.7219663,9.1585156,Chinapalast 中华楼,"Plieninger Str. 94A, 70567 Stuttgart, Germany",287.0,48.7231639,9.1595222,Imbiss Inn,"Plieninger Str. 100, 70567 Stuttgart, Germany",340.0,48.7228621,9.1605482,Spielbank Stuttgart,3.0,"Widmaierstraße 110, 70567 Stuttgart, Germany",158.0,48.7223112,9.1582186,Biomarkt Erdi,"Plieninger Str. 96, 70567 Stuttgart, Germany",307.0,48.7232032,9.1597998,Rewe to Go,"Plieninger Str. 96, 70567 Stuttgart, Germany",308.0,48.7231493,9.1598613,Aral,,Stuttgart,"Die Salzäckerschule in Stuttgart-Möhringen ist eine dreizügige Grundschule, die sich dem Motto „Gemeinschaft leben, den Einzelnen sehen“ verschrieben hat. Sie bietet umfassende Betreuung von 7:00 bis 17:00 Uhr und fördert individuelle Stärken durch Projekte in Medienbildung, Sport, Kunst, Musik, Mathematik, Theater und Naturwissenschaften. Die Schule ist zudem in den Programmen „Sinus Profil Mathematik“, „BISS-Transfer“ und „Klasse 2000“ aktiv.","Salzäckerschule in Stuttgart-Möhringen is a three-stream primary school dedicated to the motto ""Living community, seeing the individual."" It offers comprehensive care from 7:00 AM to 5:00 PM and fosters individual strengths through projects in media education, sports, art, music, mathematics, theater, and natural sciences. The school is also active in the ""Sinus Profil Mathematik,"" ""BISS-Transfer,"" and ""Klasse 2000"" programs.",2,0,5,0,2.0,3,1,6,"2025,2024,2023",274,5
STG-17905,Schillerschule,Grundschule,Grundschule,Öffentlich,,Wiesbadener Straße 40,70372,Bad Cannstatt,Bad Cannstatt,0711 21634480,schillerschule@stuttgart.de,https://www.stuttgart-inklusiv.de/,Herr R. Hermann,,,,,,,,,,,,,,,,,N/A,"Ganztagesklassen mit Themenangeboten (Kunst, Musik, Sport, Natur, Technik), Projektunterricht, Leseclub, Selbstorganisiertes Lernen.",,,,,,,,,48.80596131612855,9.224116172322496,jedeschule.codefor.de + Stuttgart Schulwegweiser PDF,,,,,,,Unfallatlas,,,,,,,,,,8807,,38,1170,,,134,,,,,,,,,,,,,,,,,,,,,,10.0,Belastet,,,,,Stuttgart-Ebitzweg,616,48.8037427,9.2318241,,Bad Cannstatt,735,48.8014069,9.2168515,,Nürnberger Straße,788,48.806375,9.2348625,,Uff-Kirchhof,170,48.8050105,9.2259419,,Kursaal,376,48.8091326,9.2223448,,Daimlerplatz,381,48.8052948,9.2190147,,Uff-Kirchhof,149,48.8050364,9.2255815,,Augsburger Platz,479,48.8060618,9.2306545,,Kursaal,503,48.8100519,9.2211799,,47,,50.0,,,"Schillerschule ist eine Grundschule in Stuttgart. Adresse: Wiesbadener Straße 40, 70372 Stuttgart. Stadtbezirk: Bad Cannstatt. Die Schule ist in öffentlicher Trägerschaft. Mittlere ÖPNV-Anbindung. Erhöhtes Verkehrsunfallaufkommen (27/Jahr). Überdurchschnittliche Kriminalitätsbelastung im Bezirk.","Die Schillerschule Stuttgart ist eine öffentliche Grundschule in Stuttgart, gelegen in der Wiesbadener Straße 40, 70372 Stuttgart. Sie bietet ein umfassendes Bildungsangebot für Schülerinnen und Schüler der Klassen 1 bis 4. Die Schule zeichnet sich durch die Bereitstellung sowohl von Halbtagsklassen als auch von Ganztagesklassen aus, was Eltern und Kindern flexible Betreuungs- und Lernmodelle ermöglicht. Ein zentraler Bestandteil des Schulkonzepts ist die Ganztagesschule (GTS), die ein engagiertes Team und eine eigene Leitung umfasst und zusätzliche Bildungs- und Betreuungsangebote über den regulären Unterricht hinaus bietet. 

Die Schillerschule legt Wert auf eine ganzheitliche Förderung und Unterstützung ihrer Schüler. Hierfür stehen eine Schulsozialarbeiterin und eine Beratungslehrerin zur Verfügung, die bei sozialen und pädagogischen Fragen unterstützen. Das schulische Angebot wird durch eine Vorbereitungsklasse ergänzt, die speziell auf die Bedürfnisse von Kindern mit besonderem Förderbedarf eingeht. Für das leibliche Wohl der Schüler sorgt ein Mittagessenangebot mit einem detaillierten Speiseplan und Catering-Informationen. Die Schule ist modern organisiert und bietet auf ihrer Webseite Informationen zu aktuellen Themen, Elterninformationen, Terminen, Einschulung und dem Übergang zu weiterführenden Schulen. Obwohl die ursprünglich angegebene Website `stuttgart-inklusiv.de` keine direkten Informationen zur Schule enthielt, ist die offizielle Schulwebsite `schillerschule-stuttgart.de` die primäre Informationsquelle. Die Schillerschule ist bestrebt, ein unterstützendes und förderndes Umfeld für alle Kinder zu schaffen.",,,,,,,,,,,8.0,20.0,12.0,8.0,,,,,Kostenfrei (öffentliche Schule),,,,,,,,,,,,,,,,,,,,,,,,,,8807,,2025,Baden-Württemberg,66.9,1.4,71510,bezirk_estimated,134,187.6,12315.8,1170,1635.5,Stuttgart,8807,12315.4,38,52.6,73,102.1,2026-08-23,stuttgart.de Adressverzeichnis,,STG-17893,STG-18556,STG-17653,Stuttgart,"Martin-Luther-Straße 65, 70372 Stuttgart, Germany",344.0,48.8029333,9.2250816,Bäckerei am Eck,"König-Karl-Straße 33, 70372 Stuttgart, Germany",345.0,48.8053993,9.2194849,Brezel-Frank,"König-Karl-Straße 35, 70372 Stuttgart, Germany",400.0,48.804922999999995,9.2188883,Gottlieb Café & Bar,"Taubenheimstraße 12, 70372 Stuttgart, Germany",111.0,48.8069417,9.2244293,Olgakrippe Bad Cannstatt e.V.,"Nauheimer Str. 43, 70372 Stuttgart, Germany",179.0,48.8067611,9.2219941,St. Josef Kita 16,"Martin-Luther-Straße 54, 70372 Stuttgart, Germany",183.0,48.8043141,9.2240267,Kirche und Lutherkirchengemeinde Bad Cannstatt,"Martin-Luther-Straße 57, 70372 Stuttgart, Germany",276.0,48.8035477,9.224987100000002,Martin-Luther-Schule,"Ebitzweg 57, 70374 Stuttgart, Germany",937.0,48.804427999999994,9.2366935,Eichendorffschule,"Weckherlinstraße 8, 70376 Stuttgart, Germany",1312.0,48.8162544,9.2153533,Carl-Benz-Schule,1.0,"Königspl. 1, 70372 Stuttgart, Germany",237.0,48.8080467,9.2234342,KURSAAL Gastronomie & Eventlocation,"Königspl. 1, 70372 Stuttgart, Germany",250.0,48.808143,9.223288,Augustiner Biergarten & Eventlocation Stuttgart,"Kreuznacher Str. 18, 70372 Stuttgart, Germany",254.0,48.8055735,9.2207018,Sardisches Kulturzentrum,9.0,"Nauheimer Str. 50, 70372 Stuttgart, Germany",159.0,48.8060008,9.2219493,Johns. Eichsfelder,"König-Karl-Straße 26, 70372 Stuttgart, Germany",320.0,48.8060759,9.2197565,Mühlrad Cannstatt,"Wildunger Str. 35, 70372 Stuttgart, Germany",350.0,48.8028273,9.2236856,Bereke Supermarkt & Metzgerei بركة,,Stuttgart,"Die Schillerschule Stuttgart ist eine öffentliche Grundschule in Stuttgart, die Halbtags- und Ganztagesklassen sowie ein umfassendes GTS-Programm anbietet. Sie unterstützt Schüler mit einer Schulsozialarbeiterin und Beratungslehrerin und bietet eine Vorbereitungsklasse sowie Mittagsverpflegung.","Schillerschule Stuttgart is a public primary school offering both half-day and full-day classes, including a comprehensive GTS program. It supports students with a school social worker and counseling teacher, provides a preparatory class, and offers lunch services.",24,0,75,12,27.0,49,6,81,"2025,2024,2023",42,7
STG-17889,Schönbuchschule,Grundschule,Grundschule,Öffentlich,1958.0,Dürrlewangstraße 20,70565,Vaihingen,Vaihingen,0711 21634420,poststelle.schoenbuchschule@stuttgart.de,https://www.stuttgart-inklusiv.de/,Ines Reichert,,,,,,,,,,,,,,,,,N/A,"SprachFit Schule, Sporttag, Projekttage/Naturatelier, Kultur intensiv, Chor, Naturparkschule, Kelly-Insel-Projekt",,,,,,,,,48.71683877813509,9.112784440647982,jedeschule.codefor.de + Stuttgart Schulwegweiser PDF,,,,,,,Unfallatlas,,,,,,,,,,2762,,12,367,,,42,,,,,,,,,,,,,,,,,,,,,,3.0,Sehr sicher,284.0,21.0,,,Stuttgart-Rohr,336,48.7177263,9.1084072,,Stuttgart-Vaihingen,1071,48.7264626,9.1131764,,Oberaichen,1670,48.7052607,9.1272836,,Dürrlewang,431,48.7187509,9.1179017,,Lapp Kabel,835,48.7223843,9.1204675,,Vaihingen,1054,48.7262981,9.1118577,,Osterbronnstraße,213,48.7185777,9.1115651,,Rohr Bahnhof,361,48.7180355,9.1082047,,Dürrlewang,418,48.7185889,9.1178309,,48,,50.0,,,"Schönbuchschule ist eine Grundschule in Stuttgart. Adresse: Dürrlewangstraße 20, 70565 Stuttgart. Stadtbezirk: Vaihingen. Die Schule ist in öffentlicher Trägerschaft. Mittlere ÖPNV-Anbindung. Niedrige Kriminalitätsbelastung im Bezirk.","Die Schönbuchschule, eine öffentliche Grundschule in Stuttgart, wurde 1958 gegründet und hat sich seitdem als wichtige Bildungseinrichtung im Stadtteil etabliert. Unter der Leitung von Ines Reichert bietet die Schule derzeit 284 Schülern und Schülerinnen eine umfassende primäre Bildung, unterstützt von einem engagierten Kollegium von 21 Lehrkräften. Die Schule befindet sich in der Dürrlewangstraße 20, 70565 Stuttgart, und ist tief in der lokalen Gemeinschaft verwurzelt.

Als ""SprachFit Schule"" legt die Schönbuchschule einen besonderen Fokus auf die sprachliche Entwicklung ihrer Schüler. Dies beinhaltet gezielte Fördermaßnahmen und innovative Ansätze, um die Kommunikationsfähigkeiten und das Sprachverständnis der Kinder zu stärken, was eine solide Grundlage für alle weiteren Lernbereiche schafft. Über den regulären Unterricht hinaus zeichnet sich die Schule durch eine Vielzahl von Besonderheiten aus, die das schulische Leben bereichern und die individuelle Entwicklung fördern.

Regelmäßige Veranstaltungen wie der Sporttag motivieren die Kinder zu körperlicher Aktivität und Teamgeist. Projekttage und das Naturatelier bieten den Schülern die Möglichkeit, forschend und entdeckend zu lernen, insbesondere im Bereich Natur und Umwelt. Die Auszeichnung als ""Naturparkschule"" unterstreicht dieses Engagement für Umweltbildung und nachhaltiges Denken. Das Programm ""Kultur intensiv"" ermöglicht den Kindern vielfältige Begegnungen mit Kunst und Kultur, sei es durch Theaterbesuche, musikalische Darbietungen oder kreative Projekte. Der schuleigene Chor fördert musikalische Talente und das Gemeinschaftsgefühl.

Ein weiteres wichtiges Projekt ist das ""Kelly-Insel-Projekt"", das den Schülern einen sicheren Rückzugsort und Unterstützung im Schulalltag bietet. Diese Initiativen tragen dazu bei, ein unterstützendes und anregendes Lernumfeld zu schaffen, in dem sich jedes Kind individuell entfalten kann. Die Schönbuchschule versteht sich als Ort, an dem nicht nur Wissen vermittelt, sondern auch soziale Kompetenzen, Kreativität und ein Bewusstsein für die Umwelt gefördert werden, um die Schüler bestmöglich auf ihre Zukunft vorzubereiten.",,,,,,,,,,,3.0,6.0,3.0,2.0,,,,,Kostenfrei (öffentliche Schule),,,,,,,,,,,,,,,,,,,,,,,,284.0,21.0,2762,2024_25,2025,Baden-Württemberg,66.9,0.7,44850,bezirk_estimated,42,93.8,6157.9,367,817.7,Stuttgart,2762,6157.7,12,26.3,23,51.1,2026-08-23,stuttgart.de Adressverzeichnis,,STG-17831,STG-17808,STG-17847,Stuttgart,"Osterbronnstraße 52, 70565 Stuttgart, Germany",193.0,48.7185381,9.1133363,Konditorei Geiler,"Osterbronnstraße 56B, 70565 Stuttgart, Germany",240.0,48.7188004,9.1141566,Bakery Bausch (branch Dürrlewang),"Schönbuchstraße 3, 70565 Stuttgart, Germany",491.0,48.7184603,9.1065553,Bäckerei Konditorei Bausch,"Dürrlewangstraße 34, 70565 Stuttgart, Germany",80.0,48.7175556,9.1127268,Kinderhaus Heilige Familie,"Galileistraße 65, 70565 Stuttgart, Germany",392.0,48.7169678,9.118128100000002,Evang. Kinderhaus Galileo,"Rathausstraße 7, 70565 Stuttgart, Germany",558.0,48.718030899999995,9.105394,Mini-Kita siralinis Rohrer Zwerge,"Breitwiesenstraße 8, 70565 Stuttgart, Germany",995.0,48.7224587,9.1233408,Freie element-i Grundschule Stuttgart,"Krehlstraße 60, 70565 Stuttgart, Germany",1201.0,48.7240052,9.1005283,Pestalozzi-Schule,"Thingstraße 50, 70565 Stuttgart, Germany",1361.0,48.721494199999995,9.0956243,Albert-Schweitzer-Schule Stuttgart,0.0,"Osterbronnstraße 60, 70565 Stuttgart, Germany",284.0,48.7190629,9.1147011,Namaste India Restaurant Dürrlewang,"Osterbronnstraße 64A, 70565 Stuttgart, Germany",297.0,48.7190557,9.1150395,OSES Çiğköfte S-Vaihingen | Vegan,"Dürrlewangstraße 54, 70565 Stuttgart, Germany",362.0,48.720051000000005,9.112021,Gaststätte TSV Stuttgart-Rohr e.V.,3.0,"Osterbronnstraße 50, 70565 Stuttgart, Germany",191.0,48.718542,9.1130662,Lidl,"Osterbronnstraße 70, 70565 Stuttgart, Germany",330.0,48.719028599999994,9.1158229,Königsmarkt,"Schönbuchstraße 23, 70565 Stuttgart, Germany",483.0,48.71693140000001,9.1062076,Bonus-Markt Ihr Nahversorger,,Stuttgart,"Die Schönbuchschule ist eine öffentliche Grundschule in Stuttgart, die 1958 gegründet wurde und derzeit 284 Schüler und 21 Lehrkräfte zählt. Unter der Leitung von Ines Reichert legt sie als ""SprachFit Schule"" besonderen Wert auf sprachliche Entwicklung und bietet ein vielfältiges Programm mit Sporttagen, Projekttagen, einem Naturatelier, ""Kultur intensiv"", Chor, dem Kelly-Insel-Projekt und ist eine Naturparkschule. Sie fördert umfassend Wissen, soziale Kompetenzen und Umweltbewusstsein.","Schönbuchschule is a public primary school in Stuttgart, founded in 1958, currently serving 284 students with 21 teachers. Led by Ines Reichert, it emphasizes linguistic development as a ""SprachFit Schule"" and offers a diverse program including sports days, project days, a nature workshop, ""Culture Intensive,"" a choir, the Kelly Island Project, and is recognized as a Nature Park School. The school comprehensively fosters knowledge, social skills, and environmental awareness.",5,0,14,5,5.0,8,1,15,"2025,2024,2023",36,19
STG-17714,Schule Im Sonnigen Winkel,Grundschule,Grundschule,Öffentlich,,Im Sonnigen Winkel 17,70193,Nord,Nord,0711 21696887,poststelle.schule.im.sonnigen.winkel@stuttgart.de,http://www.schule-im-sonnigen-winkel.de/,,,,,,,,,,,,,,,,,,N/A,Klasse2000,,,,,,,,,48.78587360406546,9.15236427350174,jedeschule.codefor.de + Stuttgart Schulwegweiser PDF,,,,,,,Unfallatlas,,,,,,,,,,3297,,14,438,,,50,,,,,,,,,,,,,,,,,,,,,,9.0,Belastet,307.0,,,,U-Bahn (48.7724),1725,48.7724419,9.1641465,,U-Bahn (48.7725),1725,48.7724517,9.1641789,,Rotebühlstraße/Reuchlinstraße,1741,48.770708,9.1582767,,Hölderlinplatz,640,48.7816954,9.1583816,U4,Russische Kirche,674,48.7843538,9.1612716,U4,Rosenberg-/Seidenstraße,1023,48.7819854,9.165023,,Doggenburg,161,48.7872286,9.1515719,,Viktor-Köchl-Weg,306,48.7881708,9.1546573,,Kräherwald,427,48.7838863,9.1473827,,68,"40, 43, 50, N2, U4",50.0,,,"Schule Im Sonnigen Winkel ist eine Grundschule in Stuttgart. Adresse: Im Sonnigen Winkel 17, 70193 Stuttgart. Stadtbezirk: Nord. Die Schule ist in öffentlicher Trägerschaft. Mittlere ÖPNV-Anbindung. Überdurchschnittliche Kriminalitätsbelastung im Bezirk.","Die Schule Im Sonnigen Winkel ist eine öffentliche Grundschule in Stuttgart, die sich auf zwei Standorte in Stuttgart-Nord und Stuttgart-West verteilt. Aktuell lernen hier 307 Grundschüler in 13 Klassen. Die Schule legt Wert auf eine umfassende Bildung und bietet neben dem regulären Unterricht eine Vielzahl von Aktivitäten und Förderprogrammen an. Ein besonderes Merkmal ist die Teilnahme am Gesundheitsprogramm Klasse2000, das die Entwicklung von Gesundheits- und Lebenskompetenzen bei Kindern fördert. Das pädagogische Angebot wird durch diverse Arbeitsgemeinschaften (AGs) ergänzt, die den Schülern spielerisches Lernen über den Unterricht hinaus ermöglichen. Dazu gehören beispielsweise eine Näh-AG. Die Schule bietet zudem eine verlässliche Grundschule mit flexiblen Betreuungszeiten vor und nach dem Unterricht an, um Eltern zu entlasten. Eine Schulbücherei steht den Kindern zur Verfügung und wird regelmäßig mit neuen Büchern ausgestattet, wie ein Blog-Eintrag über neue Regale zeigt. Die Mittagsverpflegung ist ebenfalls ein wichtiger Bestandteil des Schulalltags, wobei Informationen zu Allergenen bereitgestellt werden. Ein aktiver Förderverein unterstützt die Schule finanziell bei verschiedenen Projekten, von der Anschaffung von Büchern bis hin zu größeren Spielgeräten, und trägt maßgeblich zur Verbesserung der Lernumgebung bei. Die Schule pflegt eine enge Zusammenarbeit mit den Eltern, was sich auch im Elternbeirat widerspiegelt. Das Schulteam arbeitet nach einem klaren Leitbild und einer Schulordnung. Für die interne Kommunikation und Organisation wird Moodle genutzt. Die Schule Im Sonnigen Winkel versteht sich als Ort, an dem Kinder nicht nur Wissen erwerben, sondern auch wichtige Lebenskompetenzen für ihre Zukunft entwickeln.",,,,,,,,,,,0.0,1.0,0.0,0.0,,,,,Kostenfrei (öffentliche Schule),,,,,,,,,,,,,,,,,,,,,,,,307.0,,3297,2024_25,2025,Baden-Württemberg,66.9,1.3,28830,bezirk_estimated,50,174.2,11436.1,438,1518.6,Stuttgart,3297,11435.7,14,48.8,27,94.8,2026-08-23,stuttgart.de Adressverzeichnis,,STG-47418,STG-17889,STG-17730-GS,Stuttgart,,,,,,,,,,,,,,,,"Silberburgstraße 60A, 70176 Stuttgart, Germany",769.0,48.78174260000001,9.1607871,Kath. Kindergarten St. Fidelis,"Seidenstraße 73, 70174 Stuttgart, Germany",811.0,48.7845844,9.1632574,Gedächtniskirche Kindergarten,"Rosenbergstraße 90, 70176 Stuttgart, Germany",835.0,48.7790015,9.156963,Evangelische Kindertagesstätte Rosenberg,"Leibnizstraße 89, 70193 Stuttgart, Germany",1185.0,48.7791508,9.1398238,Kleiner Sonniger Winkel,"Falkertstraße 27, 70176 Stuttgart, Germany",1213.0,48.778442,9.164479,Falkert-Schule,"Bebelstraße 17, 70176 Stuttgart, Germany",1314.0,48.774467400000006,9.1570644,Schwabschule,0.0,"Feuerbacher Heide 19, 70192 Stuttgart, Germany",349.0,48.7890035,9.1527705,dodici,,,,,,,,,,,1.0,,,,,,,,,,,,,,,,,Stuttgart,"Die Schule Im Sonnigen Winkel ist eine öffentliche Grundschule in Stuttgart mit 307 Schülern an zwei Standorten. Sie bietet umfassende Bildung, inklusive des Gesundheitsprogramms Klasse2000, vielfältiger Arbeitsgemeinschaften und flexibler Betreuung. Ein aktiver Förderverein unterstützt die Schule finanziell und pädagogisch.","Schule Im Sonnigen Winkel is a public primary school in Stuttgart with 307 students across two locations. It offers comprehensive education, including the Klasse2000 health program, diverse extracurricular activities, and flexible childcare. An active support association financially and pedagogically assists the school.",3,0,8,1,3.0,3,1,9,"2025,2024,2023",204,17
STG-47418,Schule Im Sonnigen Winkel (Außenstelle),Grundschule,Grundschule,Öffentlich,,Leibnizstraße 89,70193,West,West,0711 653482,,https://www.stuttgart-inklusiv.de/,,,,,,,,,,,,,,,,,,N/A,,,,,,,,,,48.77901686904004,9.139589238786678,jedeschule.codefor.de + Stuttgart Schulwegweiser PDF,,,,,,,Unfallatlas,,,,,,,,,,5654,,24,751,,,86,,,,,,,,,,,,,,,,,,,,,,8.0,Belastet,,,,,Seyfferstraße,1493,48.7699486,9.1546074,,Rotebühlstraße/Augustenstraße,1503,48.7697109,9.1544685,,Rotebühlstraße,1533,48.7699271,9.1553158,,Beethovenstraße,500,48.7772148,9.1333445,,Millöckerstraße,553,48.7794218,9.1320614,,Vogelsang,670,48.7746693,9.1459177,,Nikolauspflege,127,48.7786559,9.1379462,,Geibelstraße,283,48.7812256,9.1415028,,Wielandstraße,434,48.775122,9.1391445,40;50;N2,97,"40, 50, 91, N2",50.0,,,"Schule Im Sonnigen Winkel (Außenstelle) ist eine Grundschule in Stuttgart. Adresse: Leibnizstraße 89, 70193 Stuttgart. Stadtbezirk: West. Die Schule ist in öffentlicher Trägerschaft. Mittlere ÖPNV-Anbindung.","Die Schule Im Sonnigen Winkel ist eine öffentliche Grundschule in Stuttgart, die sich auf zwei Standorte verteilt: den Hauptstandort ""Im Sonnigen Winkel 17"" und die Außenstelle in der Leibnizstraße 89, die auch als ""Kleiner Sonniger Winkel"" bekannt ist. Die Schule hat eine reiche Geschichte, deren Grundstein bereits 1925 in der Leibnizstraße gelegt wurde. Ursprünglich als ""Schule am Kräherwald"" gegründet, entwickelte sie sich zu einer Tagheimschule, die differenzierten Unterricht auf reformpädagogischer Grundlage anbot und sogar Latein, Französisch und Englisch lehrte, um auf weiterführende Schulen vorzubereiten. Heute ist die Schule eine dreizügige Grundschule und befindet sich in einem Prozess des Ausbaus zu einer Ganztagsgrundschule, um dem steigenden Bedarf an ganztägiger Betreuung gerecht zu werden. Hierfür sind bauliche Erweiterungen, einschließlich einer Mensa und einer Turnhalle, geplant.

Unter der Leitung von Rektorin Mechthild Spiekermann bietet die Schule ein umfassendes Bildungs- und Betreuungsangebot. Dazu gehören ein Schulteam, Betreuungsmöglichkeiten, Mittagessen, eine Schulbücherei, verschiedene Arbeitsgemeinschaften und Kooperationen sowie die Teilnahme am Programm Klasse2000. Ein aktiver Elternbeirat und ein Förderverein unterstützen das Schulleben. Die Schule legt Wert auf eine zukunftsorientierte Weiterentwicklung des Bildungsangebots und bindet dabei die Schulgemeinschaft in Planungs- und Gestaltungsprozesse ein. Die Adresse Leibnizstraße 89 dient als Außenstelle, während die Postanschrift der Hauptstelle ""Im Sonnigen Winkel 17"" ist. Die Schule ist ein integraler Bestandteil der Bildungslandschaft Stuttgarts und engagiert sich für eine bedarfsgerechte und inklusive Bildung.",,,,,,,,,,,0.0,0.0,0.0,0.0,,,,,Kostenfrei (öffentliche Schule),,,,,,,,,,,,,,,,,,,,,,,,,,5654,,2025,Baden-Württemberg,66.9,1.2,53560,bezirk_estimated,86,160.8,10556.4,751,1401.8,Stuttgart,5654,10556.1,24,45.0,47,87.6,2026-08-23,stuttgart.de Adressverzeichnis,,STG-17714,STG-17889,STG-12432-GS,Stuttgart,,,,,,,,,,,,,,,,"Forststraße 192, 70193 Stuttgart, Germany",586.0,48.7755192,9.1455755,Dibber-KiTa Forststraße,"Scheffelstraße 35, 70193 Stuttgart, Germany",658.0,48.776257099999995,9.1475306,Ev. Paul Gerhard Kindergarten,"Scheffelstraße 35, 70193 Stuttgart, Germany",663.0,48.7762708,9.1476247,Kindertagesstätte Paul Gerhardt Kirche,"Schumannstraße 8-10, 70195 Stuttgart, Germany",774.0,48.7784914,9.1290506,Franz-Schubert-Schule,"Corelliweg 7, 70195 Stuttgart, Germany",1021.0,48.7817112,9.126272600000002,Kirchhalden-Schule,"Paulusstraße 30, 70197 Stuttgart, Germany",1031.0,48.7731037,9.1504199,Vogelsangschule,0.0,,,,,,,,,,,,,,,,4.0,,,,,,,,,,,,,,,,,Stuttgart,"Die Schule Im Sonnigen Winkel ist eine öffentliche Grundschule in Stuttgart mit zwei Standorten, darunter die Außenstelle Leibnizstraße 89. Gegründet 1925, entwickelt sie sich zu einer Ganztagsgrundschule mit geplanten Erweiterungen. Unter der Leitung von Rektorin Mechthild Spiekermann bietet sie ein umfassendes Bildungs- und Betreuungsangebot, unterstützt durch einen aktiven Elternbeirat und Förderverein.","Schule Im Sonnigen Winkel is a public primary school in Stuttgart with two locations, including the Leibnizstraße 89 annex. Founded in 1925, it is evolving into a full-day primary school with planned expansions. Led by Principal Mechthild Spiekermann, it offers comprehensive education and care, supported by an active parent council and a support association.",3,0,13,1,4.3,7,0,13,"2025,2024,2023",149,18
STG-19849,Schwabschule,Grundschule,Grundschule,Öffentlich,,Bebelstraße 17,70176,West,West,0711 21660260,poststelle.schwabschule@stuttgart.de,http://www.schwab.s.schule-bw.de/,,,,,,,,,,,,,,,,,,N/A,,,,,,,,,,48.77491094566349,9.156523197289422,jedeschule.codefor.de + Stuttgart Schulwegweiser PDF,,,,,,,Unfallatlas,,,,,,,,,,5654,,24,751,,,86,,,,,,,,,,,,,,,,,,,,,,8.0,Belastet,,,,,Rotebühlstraße/Reuchlinstraße,485,48.770708,9.1582767,,Rotebühlstraße/Rötestraße,490,48.7705567,9.1575639,,Ausgang Richtung Rotebühlstraße/Bus,509,48.7705653,9.1587233,,Schwab-/Bebelstraße,110,48.7750285,9.1550291,,Arndt-/Spittastraße,422,48.7748553,9.1507698,,Schloss-/Johannesstraße,427,48.7762434,9.1619877,,Schwab-/Bebelstraße,66,48.775412,9.156029,,Bismarckplatz,104,48.7740121,9.1561279,42,Rosenbergplatz,334,48.7778644,9.1556717,,141,"40, 42, 43, 44, N10, N2, U4",50.0,,,"Schwabschule ist eine Grundschule in Stuttgart. Adresse: Bebelstraße 17, 70176 Stuttgart. Stadtbezirk: West. Die Schule ist in öffentlicher Trägerschaft. Mittlere ÖPNV-Anbindung. Erhöhtes Verkehrsunfallaufkommen (26/Jahr).","Die Schwabschule ist eine lebendige und vielfältige Grundschule, die sich im Herzen des Stuttgarter Westens befindet und als öffentliche Einrichtung eine zentrale Rolle in der lokalen Bildungslandschaft spielt. Sie zeichnet sich durch ein umfassendes Bildungs-, Erziehungs- und Betreuungsangebot aus, das den Kindern einen ganzheitlichen Lern- und Lebensort bietet. Aktuell werden hier rund 370 Schülerinnen und Schüler in 16 Regelklassen, einer Vorbereitungsklasse und einer Grundschulförderklasse unterrichtet, was die Schule zu einem dynamischen und bunten Lernumfeld macht. Ein besonderer Schwerpunkt der Schwabschule liegt auf dem bilingualen und inklusiven Unterricht, der die Vielfalt der Schülerschaft aktiv fördert und jedem Kind individuelle Entwicklungsmöglichkeiten eröffnet. Dieser Ansatz spiegelt das Engagement der Schule wider, eine Umgebung zu schaffen, in der sich alle Kinder willkommen und wertgeschätzt fühlen, unabhängig von ihrer Herkunft oder ihren Fähigkeiten. Als Schule der Vielfalt legt die Schwabschule großen Wert auf die individuelle Förderung und die Entwicklung sozialer Kompetenzen. Ergänzend zum regulären Unterricht bietet die Schule ein gut etabliertes Schülerhaus, das in Zusammenarbeit mit der Caritas Stuttgart eine verlässliche Nachmittagsbetreuung bis 17 Uhr gewährleistet. Dieses Angebot ist ein integraler Bestandteil des Schullebens und ermöglicht es den Kindern, auch außerhalb des Klassenzimmers zu lernen und zu wachsen. Hier profitieren Kinder und Eltern vom Zusammenspiel aus Sozialpädagogik und Schulpädagogik, wobei Wert auf professionelle und herzliche Betreuung durch gut ausgebildete Fachkräfte gelegt wird. Die Kinder lernen in dieser Umgebung auf vielfältige Weise – sei es im regulären Unterricht, im Spiel mit Freundinnen und Freunden, beim gemeinsamen Mittagessen, bei der Bewältigung von Alltagsherausforderungen, in kindgerecht organisierten Projekten, in der individuellen Lernunterstützung oder bei der Hausaufgabenbetreuung. Die Schwabschule versteht sich als ein Ort, an dem Kinder gerne lernen und sich wohlfühlen, und legt großen Wert auf einen ständigen Austausch und eine enge Zusammenarbeit mit den Eltern, die als Experten für ihre Kinder aktiv in den Bildungsprozess einbezogen werden. Die Adresse der Schule ist Bebelstraße 17, 70176 Stuttgart.",,,,,,,,,,,17.0,20.0,20.0,11.0,,,,,Kostenfrei (öffentliche Schule),,,,,,,,,,,,,,,,,,,,,,,,,,5654,,2025,Baden-Württemberg,66.9,1.2,53560,bezirk_estimated,86,160.8,10556.4,751,1401.8,Stuttgart,5654,10556.1,24,45.0,47,87.6,2026-08-23,stuttgart.de Adressverzeichnis,,STG-17707,STG-19856,STG-17905,Stuttgart,"Bebelstraße 23, 70193 Stuttgart, Germany",69.0,48.7748717,9.1555797,tiramistu,"Vogelsangstraße 33, 70197 Stuttgart, Germany",194.0,48.7732481,9.1557299,Fragola,"Gutbrodstraße 1, 70197 Stuttgart, Germany",231.0,48.7738659,9.1537943,Hans liebt Kuchen,"Schwabstraße 95, 70193 Stuttgart, Germany",155.0,48.776168,9.1556,Day care facility for children,"Hasenbergstraße 70a, 70178 Stuttgart, Germany",202.0,48.7761253,9.1585698,MOSAIK Kita Olly-West,"Schwabstraße 70C, 70176 Stuttgart, Germany",203.0,48.77674,9.1565,Kinderhaus St. Elisabeth,"Paulusstraße 30, 70197 Stuttgart, Germany",490.0,48.7731037,9.1504199,Vogelsangschule,"Falkertstraße 27, 70176 Stuttgart, Germany",703.0,48.778442,9.164479,Falkert-Schule,"Hohe Str. 11, 70174 Stuttgart, Germany",990.0,48.777019,9.1696535,Johannes Brenz Schule,1.0,"Elisabethenstraße 30, 70197 Stuttgart, Germany",87.0,48.7742446,9.1559019,Die Metzgerei,"Bebelstraße 27, 70193 Stuttgart, Germany",116.0,48.7748372,9.154951,Sichuan China Restaurant,"Schloßstraße 112, 70176 Stuttgart, Germany",174.0,48.7754284,9.1587688,Soy Club Vegan Restaurant,17.0,"Schwabstraße 91, 70193 Stuttgart, Germany",109.0,48.77576,9.15578,Lidl,"Schwabstraße, Am, Moltkepl. 93, 70193 Stuttgart, Germany",111.0,48.775733599999995,9.1556692,dm-drogerie markt,"Bismarckpl., 70197 Stuttgart, Germany",140.0,48.773746499999994,9.1558005,Mediterran Frisch Bismarkplatz Oliven Antipasti Feinkost Maulick,,Stuttgart,"Die Schwabschule ist eine öffentliche, bilinguale und inklusive Grundschule im Stuttgarter Westen mit rund 370 Schülern in 16 Regelklassen sowie Vorbereitungs- und Förderklassen. Sie bietet ein ganzheitliches Bildungs- und Betreuungsangebot, inklusive Nachmittagsbetreuung durch ein Schülerhaus in Kooperation mit der Caritas Stuttgart. Die Schule fördert Vielfalt und individuelle Entwicklung in einer unterstützenden Lernumgebung.","Schwabschule is a public, bilingual, and inclusive primary school in Stuttgart-West, serving approximately 370 students across 16 regular classes, preparatory, and support classes. It offers a holistic educational and care program, including after-school care through a ""Schülerhaus"" in cooperation with Caritas Stuttgart. The school promotes diversity and individual development within a supportive learning environment.",25,1,63,16,25.7,35,13,77,"2025,2024,2023",35,35
STG-17893,Silcherschule,Grundschule,Grundschule,Öffentlich,,Schwabbacher Straße 25,70437,Zuffenhausen,Zuffenhausen,0711 21660330,silcherschule@stuttgart.de,https://www.stuttgart-inklusiv.de/,Jana Bergemann,,,,,,,,,,,,,,,,,N/A,"Integrationsleistungen, Partnerschaften mit Musikschule, Stadtteilbücherei, Fehling-Lab, Sportvereinen. Musisch-ästhetische, sportliche Förderung, soziales Lernen, Lesekompetenz.",,,,,,,,,48.83080112992356,9.182068545256058,jedeschule.codefor.de + Stuttgart Schulwegweiser PDF,,,,,,,Unfallatlas,,,,,,,,,,3694,,16,491,,,56,,,,,,,,,,,,,,,,,,,,,,7.0,Durchschnittlich,400.0,25.0,,,U-Bahn (48.8321),804,48.8321247,9.171266,,U-Bahn (48.8322),856,48.8322288,9.1705762,,U-Bahn (48.8323),877,48.8322673,9.1702915,,Schozacher Straße,217,48.8303968,9.1849679,,Kelterplatz,455,48.8296962,9.1760801,,Zuffenhausen Rathaus,539,48.8306805,9.1747114,,Schozacher Straße,222,48.830565,9.1850762,,Beilsteiner Straße,452,48.8333799,9.1772977,,Johanneskirche,473,48.8314244,9.1756742,,64,,50.0,,,"Silcherschule ist eine Grundschule in Stuttgart. Adresse: Schwabbacher Straße 25, 70437 Stuttgart. Stadtbezirk: Zuffenhausen. Die Schule ist in öffentlicher Trägerschaft. Mittlere ÖPNV-Anbindung. Mittleres Verkehrsunfallaufkommen (15/Jahr).","Die Silcherschule in Stuttgart ist eine öffentliche Grundschule, die sich in der Schwabbacher Straße 25, 70437 Stuttgart, befindet. Unter der Leitung von Jana Bergemann betreut die Schule rund 400 Schülerinnen und Schüler mit einem engagierten Team von 25 Lehrkräften. Ein zentrales Merkmal der Silcherschule sind ihre umfassenden Integrationsleistungen, die darauf abzielen, ein inklusives Lernumfeld für alle Kinder zu schaffen. Die Schule legt großen Wert auf eine ganzheitliche Entwicklung ihrer Schüler und bietet daher vielfältige Förderprogramme an. Dazu gehören eine ausgeprägte musisch-ästhetische und sportliche Förderung, die durch Partnerschaften mit der örtlichen Musikschule und verschiedenen Sportvereinen bereichert wird. Darüber hinaus wird das soziale Lernen aktiv gefördert, um den Kindern wichtige Kompetenzen für das Miteinander zu vermitteln. Ein weiterer Schwerpunkt liegt auf der Stärkung der Lesekompetenz, unterstützt durch eine enge Zusammenarbeit mit der Stadtteilbücherei. Die Schule pflegt zudem eine besondere Kooperation mit dem Fehling-Lab, was den Schülern frühzeitig Einblicke in naturwissenschaftliche Themen ermöglicht. Diese Partnerschaften und die breite Palette an Förderangeboten tragen dazu bei, dass die Silcherschule ein dynamisches und unterstützendes Lernumfeld bietet, das die individuellen Talente und Bedürfnisse jedes Kindes berücksichtigt.",,,,,,,,,,,4.0,15.0,7.0,3.0,,,,,Kostenfrei (öffentliche Schule),,,,,,,,,,,,,,,,,,,,,,,,400.0,25.0,3694,2024_25,2025,Baden-Württemberg,66.9,1.1,38180,bezirk_estimated,56,147.4,9676.7,491,1285.0,Stuttgart,3694,9676.4,16,41.3,31,80.3,2026-08-23,stuttgart.de Adressverzeichnis,,STG-17905,STG-17718,STG-17839,Stuttgart,"Schozacher Str. 40, 70437 Stuttgart, Germany",239.0,48.8309132,9.1853242,Siegel Backkultur,"Sontheimer Str. 12, 70437 Stuttgart, Germany",277.0,48.83164,9.18563,Katz der bäcker GmbH - Zuffenhausen REWE,"Haldenrainstraße 66, 70437 Stuttgart, Germany",324.0,48.8304513,9.1864693,Babylon Cafe Bar,"Markelsheimer Str. 90, 70435 Stuttgart, Germany",175.0,48.829459199999995,9.1833156,Kath. Kindergarten,"Rotweg 44c, 70437 Stuttgart, Germany",360.0,48.8337234,9.1841961,Tageseinrichtung für Kinder Rotweg,"Auricher Str. 23 und 34, 70437 Stuttgart, Germany",446.0,48.8299679,9.1880302,MOSAIK Kita Rot (Stuttgart Rot),"Schwabbacher Str. 25 e, 70437 Stuttgart, Germany",56.0,48.8304869,9.182668,Haldenrainschule,"Markgröninger Str. 38, 70435 Stuttgart, Germany",853.0,48.8337046,9.1712764,Rosenschule Zuffenhausen,"Rotweg 127, 70437 Stuttgart, Germany",867.0,48.8353182,9.1917315,Ernst-Abbe-Schule,1.0,"Haldenrainstraße 75, 70437 Stuttgart, Germany",275.0,48.8309619,9.1858204,Kebaphouse Rot,"Haldenrainstraße 75, 70437 Stuttgart, Germany",286.0,48.8309565,9.185962,Dang - Asian Cooking,"Sontheimer Str. 10, 70437 Stuttgart, Germany",293.0,48.8319945,9.1856335,EAT HAPPY,5.0,"Sontheimer Str. 10, 70437 Stuttgart, Germany",281.0,48.8317765,9.1856142,REWE,"Haldenrainstraße 77, 70437 Stuttgart, Germany",337.0,48.8314473,9.1865693,PENNY,"Rotweg 15, 70437 Stuttgart, Germany",366.0,48.8339,9.1804,JET Tankstelle,,Stuttgart,"Die Silcherschule ist eine öffentliche Grundschule in Stuttgart mit 400 Schülern und 25 Lehrkräften unter der Leitung von Jana Bergemann. Sie zeichnet sich durch umfassende Integrationsleistungen, musisch-ästhetische und sportliche Förderung sowie die Stärkung sozialer Kompetenzen und Lesekompetenz aus. Partnerschaften mit der Musikschule, Stadtteilbücherei, dem Fehling-Lab und Sportvereinen bereichern das Bildungsangebot.","Silcherschule is a public primary school in Stuttgart with 400 students and 25 teachers, led by Jana Bergemann. It is characterized by comprehensive integration services, musical-aesthetic and athletic development, and the strengthening of social and reading skills. Partnerships with the music school, district library, Fehling-Lab, and sports clubs enrich its educational offerings.",11,0,40,6,15.0,27,5,45,"2025,2024,2023",247,13
STG-17885,Sommerrainschule,Grundschule,Grundschule,Öffentlich,1955.0,Edelweißweg 11,70374,Bad Cannstatt,Bad Cannstatt,0711 21634900,sommerrainschule@stuttgart.de,https://www.stuttgart-inklusiv.de/,Sandra Mannl,,,,,,,,,,,,,,,,,N/A,"Ganztagsschule in Wahlform, Lernen mit allen Sinnen, vielfältige Bewegungs- und Musikangebote, Zeitungsprojekte, Land Art, Schulsportevents, IRU.",,,,,,,,,48.81519619135975,9.239495286593078,jedeschule.codefor.de + Stuttgart Schulwegweiser PDF,,,,,,,Unfallatlas,,,,,,,,,,8807,,38,1170,,,134,,,,,,,,,,,,,,,,,,,,,,10.0,Belastet,450.0,,,,Sommerrain,661,48.8152317,9.248517,,Nürnberger Straße,1038,48.806375,9.2348625,,Stuttgart-Ebitzweg,1392,48.8037427,9.2318241,,Obere Ziegelei,303,48.815147,9.2353646,,Hauptfriedhof,455,48.8189975,9.2371799,,Antwerpener Straße,797,48.8084538,9.2431757,,Edelweißweg,182,48.8142101,9.2414727,,Obere Ziegelei,305,48.8153059,9.2353358,,Auf der Gans,395,48.8184705,9.2415986,,36,,50.0,,,"Sommerrainschule ist eine Grundschule in Stuttgart. Adresse: Edelweißweg 11, 70374 Stuttgart. Stadtbezirk: Bad Cannstatt. Die Schule ist in öffentlicher Trägerschaft. Mittlere ÖPNV-Anbindung. Überdurchschnittliche Kriminalitätsbelastung im Bezirk.","Die Sommerrainschule in Stuttgart ist eine öffentliche Grundschule mit einer langen Geschichte, die 1955 gegründet wurde. Sie befindet sich in der Edelweißweg 11, 70374 Stuttgart. Die Schule zeichnet sich durch ihr umfassendes Bildungsangebot als Ganztagsschule in Wahlform aus, was den Eltern Flexibilität bei der Betreuung ihrer Kinder ermöglicht. Mit rund 450 Schülerinnen und Schülern, die in 20 Klassen unterrichtet werden, legt die Sommerrainschule großen Wert auf die individuelle Förderung und Stärkung der Persönlichkeit jedes Kindes. Ihr Leitsatz lautet: „Wir achten und stärken die Persönlichkeit jedes Kindes und unterstützen es darin, in der Gemeinschaft einen guten Platz zu finden.“ Unter der Leitung von Rektorin Sandra Mannl bietet die Schule ein vielfältiges pädagogisches Konzept, das 'Lernen mit allen Sinnen' in den Vordergrund stellt. Das Schulprofil umfasst zahlreiche Besonderheiten wie vielfältige Bewegungs- und Musikangebote, Zeitungsprojekte, Land Art, Schulsportevents und IRU. Im Herbst 2021 wurde ein neues Gebäude mit einer Mensa eröffnet, das die modernen Lern- und Lebensbedingungen der Schülerinnen und Schüler weiter verbessert. Die Schule engagiert sich auch in der Kitakooperation und bietet eine Grundschulförderklasse sowie Sozialarbeit und außerschulische Angebote an. Die Sommerrainschule ist telefonisch unter (0711) 216-34900 und per E-Mail unter sommerrainschule@stuttgart.de erreichbar.",,,,,,,,,,,2.0,3.0,4.0,3.0,,,,,Kostenfrei (öffentliche Schule),,,,,,,,,,,,,,,,,,,,,,,,450.0,,8807,2024_25,2025,Baden-Württemberg,66.9,1.4,71510,bezirk_estimated,134,187.6,12315.8,1170,1635.5,Stuttgart,8807,12315.4,38,52.6,73,102.1,2026-08-23,stuttgart.de Adressverzeichnis,,STG-356711,STG-17815,STG-17905,Stuttgart,"Sophie-Tschorn-Straße 4, 70374 Stuttgart, Germany",280.0,48.8176978,9.239043,Bäckerei Sailer Sommerrain,"Prießnitzweg 24, 70374 Stuttgart, Germany",428.0,48.8113681,9.2389394,Café 24,"Schmidener Str. 175, 70374 Stuttgart, Germany",434.0,48.8144758,9.2336701,Bäckerei Bürkle,"Edelweißweg 5, 70374 Stuttgart, Germany",102.0,48.8144211,9.2402433,Catholic kindergarten Holy Cross,"Sophie-Döhring-Straße 6, 70374 Stuttgart, Germany",265.0,48.816072299999995,9.2428574,Day care facility for children,"Lehmfeldstraße 1a, 70374 Stuttgart, Germany",297.0,48.81786,9.2397693,"Kindertagesstätte Cannstatter Pforte, BruderhausDiakonie","Edelweißweg 11, 70374 Stuttgart, Germany",262.0,48.8161989,9.2427369,Grundschule Sommerrain,"Ebitzweg 57, 70374 Stuttgart, Germany",1215.0,48.804427999999994,9.2366935,Eichendorffschule,"Nagoldstraße 7, 70376 Stuttgart, Germany",1388.0,48.819917,9.2219409,Elise von König Gemeinschaftsschule,1.0,"Sommerrainstraße 41, 70374 Stuttgart, Germany",142.0,48.8140933,9.2404816,Kolping Kegelheim e.V.,"Sophie-Tschorn-Straße 4, 70374 Stuttgart, Germany",279.0,48.817702999999995,9.239658,EAT HAPPY,"Freie Stellplätze für Gäste verfügbar, Ferdinand-Hanauer-Straße 4-6, 70374 Stuttgart, Germany",447.0,48.8183356,9.2356744,Chola Restaurant,5.0,"Sophie-Tschorn-Straße 1, 70374 Stuttgart, Germany",234.0,48.817134,9.23826,ALDI SÜD,"Sophie-Tschorn-Straße 4, 70374 Stuttgart, Germany",281.0,48.8177147,9.2391171,REWE,,,,,,,Stuttgart,"Die Sommerrainschule in Stuttgart ist eine 1955 gegründete öffentliche Grundschule mit 450 Schülern in 20 Klassen. Sie ist eine Ganztagsschule in Wahlform, die 'Lernen mit allen Sinnen' fördert und vielfältige Bewegungs- und Musikangebote sowie Projekte wie Zeitung und Land Art bietet. Unter der Leitung von Sandra Mannl legt die Schule Wert auf individuelle Förderung und Gemeinschaft.","Sommerrainschule in Stuttgart is a public primary school founded in 1955, with 450 students across 20 classes. It operates as an optional full-day school, promoting 'learning with all senses' and offering diverse sports, music, newspaper, and Land Art projects. Led by Sandra Mannl, the school emphasizes individual development and community integration.",7,0,18,1,7.7,16,5,23,"2025,2024,2023",152,18
STG-17831,Steinbachschule,Grundschule,Grundschule,Öffentlich,,Büsnauer Platz 2,70569,Vaihingen,Vaihingen,0711 21625330,"poststelle.steinbachschule@stuttgart.de, steinbachschule@stuttgart.de",http://www.steinbachschule.de/,Frau B. Springer,,,,,,,,,,,,,,,,,N/A,"Startchancenprogramm BW, 1000 Kraniche für den Frieden, Fußballabzeichen, Steinbachlauf, pädagogische Nachmittagsangebote, Kooperationen.",,,,,,,,,48.74908979607633,9.080302854310728,jedeschule.codefor.de + Stuttgart Schulwegweiser PDF,,,,,,,Unfallatlas,,,,,,,,,,2762,,12,367,,,42,,,,,,,,,,,,,,,,,,,,,,3.0,Sehr sicher,340.0,25.0,,,U-Bahn (48.7459),1864,48.7459266,9.1052685,,U-Bahn (48.7460),1875,48.7459615,9.1054333,,Stuttgart Universität,1915,48.7452713,9.105765,,Vaihingen Schillerplatz,3190,48.7301395,9.1129629,,Fauststraße,3190,48.7319027,9.1151364,,Vaihingen Viadukt,3324,48.7332592,9.1187471,,Büsnauer Platz,74,48.749751,9.080265,,Ob dem Steinbach,241,48.749533,9.0835252,,Ob dem Steinbach (Pos. 2),276,48.749938,9.0838408,,19,91,50.0,,,"Steinbachschule ist eine Grundschule in Stuttgart. Adresse: Büsnauer Platz 2, 70569 Stuttgart. Stadtbezirk: Vaihingen. Die Schule ist in öffentlicher Trägerschaft. Mittlere ÖPNV-Anbindung. Niedrige Kriminalitätsbelastung im Bezirk.","Die Steinbachschule in Stuttgart-Büsnau ist eine öffentliche Grundschule, die sich am Büsnauer Platz 2, 70569 Stuttgart, befindet. Mit rund 340 Schülern und 25 Lehrkräften bietet sie eine engagierte Lernumgebung. Die Schule ist seit dem Schuljahr 2025-2026 Teil des renommierten Startchancenprogramms BW, das darauf abzielt, Bildungschancen zu verbessern und die Entwicklung der Schülerinnen und Schüler umfassend zu fördern. Im Rahmen dieses Programms bietet die Steinbachschule auch Stellen für ein Freiwilliges Soziales Jahr (FSJ) an, um jungen Menschen Einblicke in den Schulalltag zu ermöglichen. Unter der Leitung von Frau B. Springer zeichnet sich die Steinbachschule durch ein vielfältiges pädagogisches Angebot aus. Dazu gehören pädagogische Nachmittagsangebote und ein Schülerhaus, das eine umfassende Früh- und Nachmittagsbetreuung gewährleistet. Das Schuljahr ist geprägt von besonderen Veranstaltungen und Projekten, die das Gemeinschaftsgefühl stärken und die Schülerinnen und Schüler in ihrer Entwicklung unterstützen. Ein jährliches Highlight ist der Steinbachlauf, der am 04. Juli 2025 zum 20. Mal stattfindet und über 120 Kinder motiviert, eine drei Kilometer lange Strecke zu bewältigen. Sportliche Aktivitäten werden auch durch das Fußballabzeichen geförd, das in Kooperation mit dem 1.FC Lauchhau-Lauchäcker angeboten wird. Ein besonderes Engagement zeigt die Schule im Bereich des Friedens und der Völkerverständigung mit dem Projekt ""1000 Kraniche für den Frieden"". Hierbei falten die Kinder gemeinsam 1000 bunte Origami-Kraniche, die anschließend als Zeichen des Friedens nach Hiroshima in Japan geschickt werden. Diese Initiative unterstreicht das Bestreben der Schule, ihren Schülerinnen und Schülern nicht nur Wissen, sondern auch Werte wie Frieden und soziales Engagement zu vermitteln. Die Steinbachschule pflegt zudem verschiedene Kooperationen, die das schulische Leben bereichern und den Kindern zusätzliche Lern- und Entwicklungsmöglichkeiten bieten.",,,,,,,,,,,1.0,2.0,0.0,3.0,,,,,Kostenfrei (öffentliche Schule),,,,,,,,,,,,,,,,,,,,,,,,340.0,25.0,2762,2024_25,2025,Baden-Württemberg,66.9,0.7,44850,bezirk_estimated,42,93.8,6157.9,367,817.7,Stuttgart,2762,6157.7,12,26.3,23,51.1,2026-08-23,stuttgart.de Adressverzeichnis,,STG-17889,STG-17808,STG-17760-GS,Stuttgart,,,,,,,,,,,,,,,,"Büsnauer Pl. 15, 70569 Stuttgart, Germany",189.0,48.7506509,9.0792908,Ev. Kindergarten,"Heisenbergstraße 3, 70569 Stuttgart, Germany",359.0,48.745863799999995,9.0802555,element-i Kinderhaus Forscherzwerge,"Kaindlstraße 2, 70569 Stuttgart, Germany",468.0,48.752498,9.0840374,Katholische Kindertagesstätte Maria Königin des Friedens,"Patch Barracks 2387, 70569 Stuttgart, Germany",1462.0,48.7363745,9.0752327,Patch Elementary School,"An d. Betteleiche 1, 70569 Stuttgart, Germany",2234.0,48.7461782,9.1104573,Pfaffenwaldschule,"Katzenbachstraße 27, 70563 Stuttgart, Germany",2895.0,48.7327327,9.1110244,Österfeldschule,0.0,"Büsnauer Pl. 1, 70569 Stuttgart, Germany",62.0,48.749598299999995,9.0799552,Büsnauer Bierstüble,"Adolf-Engster-Weg 10, 70569 Stuttgart, Germany",180.0,48.748600499999995,9.0826403,Trattoria Da Franco,,,,,,2.0,"Büsnauer Pl. 1, 70569 Stuttgart, Germany",49.0,48.7494945,9.0800352,Bonus-Markt Ihr Nahversorger,,,,,,,,,,,,Stuttgart,"Die Steinbachschule in Stuttgart-Büsnau ist eine öffentliche Grundschule mit 340 Schülern und 25 Lehrkräften unter der Leitung von Frau B. Springer. Sie ist Teil des Startchancenprogramms BW und bietet vielfältige pädagogische Angebote, darunter Nachmittagsbetreuung, den jährlichen Steinbachlauf, ein Fußballabzeichen und das Friedensprojekt ""1000 Kraniche für den Frieden"". Die Schule fördert umfassend die Entwicklung ihrer Schülerinnen und Schüler durch Sport, Gemeinschaftsprojekte und soziales Engagement.","Steinbachschule in Stuttgart-Büsnau is a public primary school with 340 students and 25 teachers, led by Ms. B. Springer. It is part of the Startchancenprogramm BW and offers diverse educational programs, including afternoon care, the annual Steinbachlauf, a football badge, and the ""1000 Cranes for Peace"" project. The school comprehensively fosters student development through sports, community projects, and social engagement.",1,0,3,0,2.0,2,3,6,"2025,2024,2023",241,13
STG-17808,Steinenbergschule,Grundschule,Grundschule,Öffentlich,,Am Steinenberg 5,70329,Hedelfingen,Hedelfingen,0711 426041,poststelle.steinenbergschule@stuttgart.de,http://www.steinenbergschule.de/,Matthias Hagen,,,,,,,,,,,,,,,,,N/A,"Individualisierte Lernangebote, Medienerziehung, Kunst, Chor, Demokratieerziehung, Junge Wilde Grundschule (VfB Stuttgart), Partnerschule des TVB Stuttgart (Handball).",,,,,,,,,48.75446357891346,9.25253957472746,jedeschule.codefor.de + Stuttgart Schulwegweiser PDF,,,,,,,Unfallatlas,,,,,,,,,,637,,3,85,,,10,,,,,,,,,,,,,,,,,,,,,,3.0,Sehr sicher,200.0,,,,Stuttgart-Obertürkheim,1401,48.7617575,9.2681173,,Esslingen-Mettingen,1879,48.7472159,9.2756947,,Ruit,2577,48.7312905,9.2532278,,Hedelfingen,644,48.760143,9.2542275,,Stadtwerke Stuttgart,1408,48.7669119,9.2490146,,Wangen Marktplatz,1967,48.7715166,9.2454169,,Ährenweg,316,48.7572768,9.2519273,,Am Bergwald,322,48.7560838,9.2488914,,Bus (48.7574),325,48.7573572,9.2518886,,39,,50.0,,,"Steinenbergschule ist eine Grundschule in Stuttgart. Adresse: Am Steinenberg 5, 70329 Stuttgart. Stadtbezirk: Hedelfingen. Die Schule ist in öffentlicher Trägerschaft. Mittlere ÖPNV-Anbindung. Niedrige Kriminalitätsbelastung im Bezirk.","Die Steinenbergschule in Stuttgart-Hedelfingen ist eine öffentliche Ganztagsgrundschule in gebundener Form, die sich durch ihr Konzept „Lernen und Leben miteinander im Grünen“ auszeichnet. Mit aktuell 200 Schülerinnen und Schülern liegt die Schule idyllisch oberhalb des Neckars, umgeben von Kleingartenanlagen und einem Park, was die naturnahe Umgebung täglich in die Lehr- und Lernprozesse einbezieht. Unter der Leitung von Matthias Hagen legt die Schule besonderen Wert auf individualisierte Lernangebote, Medienerziehung, Kunst, Chor und Demokratieerziehung. Der Steinenbergrat fördert die Kinderbeteiligung und das Verständnis für demokratische Prozesse, während Pausenengel bei der Konfliktlösung unterstützen. Das Schulteam besteht aus Lehrkräften, pädagogischen Fachkräften der Stuttgarter Jugendhaus gGmbH (STJG), Schulsozialarbeiterinnen, Schulverwaltung und Hausmeister, ergänzt durch zahlreiche externe Kooperationspartner und das lebende Schulmaskottchen „Steini“. Die Schule bietet zudem diverse Sportangebote wie Flag-Football und Schwimmen ab Klasse 3. Als „Junge Wilde Grundschule“ des VfB Stuttgart und Partnerschule des TVB Stuttgart (Handball) engagiert sich die Steinenbergschule aktiv in der Bewegungsförderung und stärkt so die körperliche Entwicklung, kognitive Fähigkeiten und soziale Kompetenz der Kinder. Die Ganztagesbildung wird gemeinsam mit der STJG gestaltet und umfasst Themen- und Betreuungsangebote sowie ein Mittagsband. Die Schule ist unter der Adresse Am Steinenberg 5, 70329 Stuttgart-Hedelfingen zu finden.",,,,,,,,,,,3.0,7.0,4.0,2.0,,,,,Kostenfrei (öffentliche Schule),,,,,,,,,,,,,,,,,,,,,,,,200.0,,637,2024_25,2025,Baden-Württemberg,66.9,0.7,10350,bezirk_estimated,10,93.8,6157.9,85,817.7,Stuttgart,637,6157.7,3,26.3,5,51.1,2026-08-23,stuttgart.de Adressverzeichnis,,STG-17831,STG-17815,STG-17796,Stuttgart,"Fruchtstraße 1, 70329 Stuttgart, Germany",299.0,48.756985,9.2539473,Bayer Wolfgang Bäckerei und Konditorei GmbH,"Rohrackerstraße 25, 70329 Stuttgart, Germany",362.0,48.7576859,9.2532503,Heinek's Pub,"Krautgartenstraße 34, 70329 Stuttgart, Germany",481.0,48.7568096,9.2470195,Chef Eva’s house,"Ruiter Str. 46, 70329 Stuttgart, Germany",117.0,48.7541654,9.2540732,Kita Ruiterstrasse,"Fruchtstraße 4, 70329 Stuttgart, Germany",240.0,48.7565849,9.2531774,Kindergarten Fruchtstrasse,"Heimgartenstraße 2/4, 70329 Stuttgart, Germany",537.0,48.7586331,9.2562342,Dibber-KiTa Heimgartenstraße,"Uhlbacher Str. 18, 70329 Stuttgart, Germany",1643.0,48.76353,9.2702465,Grundschule Obertürkheim,"Obertürkheimer Str. 62, 73733 Esslingen am Neckar, Germany",1679.0,48.753010499999995,9.2753368,Freie Evangelische Schule Esslingen,"Hedelfinger Str. 9, 70327 Stuttgart, Germany",1833.0,48.7705381,9.2470143,Wilhelmsschule Wangen,0.0,"Rohrackerstraße 22, 70329 Stuttgart, Germany",378.0,48.7578486,9.252965,Hot & Fast Burger,"Heumadener Str. 15, 70329 Stuttgart, Germany",407.0,48.7578646,9.2546053,Knausbira Stüble,"Amstetter Str. 38, 70329 Stuttgart, Germany",416.0,48.7572881,9.2562627,Kochschule Sonja Lenz,0.0,"Rohrackerstraße 34, 70329 Stuttgart, Germany",337.0,48.757476,9.2519841,Alhaybe Supermarkt Arabisch Lebensmittel,"Amstetter Str. 36, 70329 Stuttgart, Germany",418.0,48.7573631,9.256169,To maistrali,"Rohrackerstraße 7, 70329 Stuttgart, Germany",489.0,48.7586911,9.254360600000002,PENNY,,Stuttgart,"Die Steinenbergschule in Stuttgart-Hedelfingen ist eine öffentliche Ganztagsgrundschule mit 200 Schülern, die sich auf individualisierte Lernangebote, Medienerziehung, Kunst, Chor und Demokratieerziehung konzentriert. Sie ist eine „Junge Wilde Grundschule“ des VfB Stuttgart und Partnerschule des TVB Stuttgart, was ihr Engagement für Sport und Bewegung unterstreicht. Die Schule liegt idyllisch im Grünen und integriert die Natur in ihren Lehrplan.","Steinenbergschule in Stuttgart-Hedelfingen is a public full-day primary school with 200 students, focusing on individualized learning, media education, art, choir, and democracy education. It is a 'Young Wild Primary School' of VfB Stuttgart and a partner school of TVB Stuttgart, highlighting its commitment to sports and movement. The school is idyllically located in a green environment, integrating nature into its curriculum.",9,0,16,3,6.3,13,3,19,"2025,2024,2023",137,14
STG-17815,Steinhaldenfeldschule,Grundschule,Grundschule,Öffentlich,,Damaschkestraße 31,70378,Bad Cannstatt,Bad Cannstatt,0711 21660570,poststelle.steinhaldenfeldschule@stuttgart.de,https://www.stuttgart-inklusiv.de/,,,,,,,,,,,,,,,,,,N/A,"Rollstuhlgerechter Eingang, Rollstuhlgerechter Parkplatz",,,,,,,,,48.82753403223351,9.228436100189054,jedeschule.codefor.de + Stuttgart Schulwegweiser PDF,,,,,,,Unfallatlas,,,,,,,,,,8807,,38,1170,,,134,,,,,,,,,,,,,,,,,,,,,,10.0,Belastet,165.0,,,,Stuttgart-Münster,1175,48.8207118,9.2161743,,Schmiden Stadion,1844,48.8317966,9.2527812,,Schmiden Postweg,1965,48.8312283,9.2546816,,Steinhaldenfeld,257,48.8284597,9.231646,,Freibergstraße,595,48.8242839,9.22198,,Münster Rathaus,727,48.8211134,9.2265911,,Steinhaldenfeld,249,48.8275785,9.2318343,,Zuckerberg,325,48.8258001,9.2320091,,Marabustraße,453,48.8304068,9.2328273,,44,,50.0,,,"Steinhaldenfeldschule ist eine Grundschule in Stuttgart. Adresse: Damaschkestraße 31, 70378 Stuttgart. Stadtbezirk: Bad Cannstatt. Die Schule ist in öffentlicher Trägerschaft. Mittlere ÖPNV-Anbindung. Überdurchschnittliche Kriminalitätsbelastung im Bezirk.","Die Steinhaldenfeldschule ist eine öffentliche Grundschule in Stuttgart, gelegen in der Damaschkestraße 31, 70378 Stuttgart. Sie ist dem Staatlichen Schulamt Stuttgart unterstellt und bietet Bildung für etwa 165 Schülerinnen und Schüler. Die Schule zeichnet sich durch ihre barrierefreie Zugänglichkeit aus, mit einem rollstuhlgerechten Eingang und rollstuhlgerechten Parkplätzen, was ihre Inklusivität unterstreicht. Obwohl spezifische Informationen zu Lehrkräften, angebotenen Sprachen oder dem Gründungsjahr nicht öffentlich verfügbar sind, konzentriert sich die Steinhaldenfeldschule als Grundschule auf die Vermittlung grundlegender Kenntnisse und Fähigkeiten in einer unterstützenden Lernumgebung. Die Schule ist ein wichtiger Bestandteil der lokalen Bildungslandschaft und engagiert sich für die frühkindliche Bildung ihrer Schüler. Weitere Details zu pädagogischen Schwerpunkten oder besonderen Programmen sind derzeit nicht bekannt. Die Kommunikation mit der Schule ist über Telefon (0711 /21660570) und E-Mail (poststelle@04120960.schule.bwl.de) möglich.",,,,,,,,,,,4.0,5.0,7.0,3.0,,,,,Kostenfrei (öffentliche Schule),,,,,,,,,,,,,,,,,,,,,,,,165.0,,8807,2024_25,2025,Baden-Württemberg,66.9,1.4,71510,bezirk_estimated,134,187.6,12315.8,1170,1635.5,Stuttgart,8807,12315.4,38,52.6,73,102.1,2026-08-23,stuttgart.de Adressverzeichnis,,STG-17808,STG-17831,STG-17847,Stuttgart,"Flamingoweg 5, 70378 Stuttgart, Germany",356.0,48.8301124,9.2313175,Majestic Lounge,"Flamingoweg 1-3, 70378 Stuttgart, Germany",437.0,48.830574,9.2322225,Memo •Shisha bar,"Flamingoweg 12, 70378 Stuttgart, Germany",444.0,48.8309664,9.2315351,Bäckerei Sailer Neugereut,"Kolpingstraße 62, 70378 Stuttgart, Germany",32.0,48.82772,9.22811,Tageseinrichtung für Kinder Kolpingstraße,"Neugereut, 70378 Stuttgart, Germany",454.0,48.831064,9.225323,Tageseinrichtung für Kinder Lüglensheidestraße,"Marabustraße 35, 70378 Stuttgart, Germany",475.0,48.831115,9.2319787,Kita Marabu,"Pelikanstraße 71, 70378 Stuttgart, Germany",704.0,48.8333495,9.2322412,Pelikanschule,"Walchenseestraße 15, 70378 Stuttgart, Germany",720.0,48.8338121,9.2260039,Grundschule Hofen,"Nagoldstraße 7, 70376 Stuttgart, Germany",971.0,48.819917,9.2219409,Elise von König Gemeinschaftsschule,0.0,"Flamingoweg 5, 70378 Stuttgart, Germany",378.0,48.830293999999995,9.2314473,China-Imbiss-Panda,"Flamingoweg 1-3, 70378 Stuttgart, Germany",386.0,48.830182400000005,9.231837,K1 Musikbistro,"Flamingoweg 3, 70378 Stuttgart, Germany",434.0,48.8305715,9.2321546,Döner Shop,0.0,"Steinhaldenstraße 167, 70378 Stuttgart, Germany",232.0,48.826992,9.2314956,Schwäbische Tafel e.V.,"Flamingoweg 5, 70378 Stuttgart, Germany",355.0,48.8301433,9.2312403,PENNY,"Flamingoweg 1-3, 70378 Stuttgart, Germany",399.0,48.8302588,9.2319928,EDEKA Schuster,,Stuttgart,"Die Steinhaldenfeldschule ist eine öffentliche Grundschule in Stuttgart mit etwa 165 Schülern. Sie ist bekannt für ihre Barrierefreiheit, einschließlich rollstuhlgerechter Zugänge. Spezifische Details zu Lehrkräften, Sprachen oder Gründungsjahr sind nicht öffentlich verfügbar.","Steinhaldenfeldschule is a public primary school in Stuttgart with approximately 165 students. It is known for its accessibility, including wheelchair-friendly entrances. Specific details regarding teachers, languages, or founding year are not publicly available.",2,0,12,3,4.3,7,1,13,"2025,2024,2023",258,8
STG-17796,Tiefenbachschule,Grundschule,Grundschule,Öffentlich,,Tiefenbachstraße 66A,70329,Hedelfingen,Hedelfingen,0711 21633720,poststelle.tiefenbachschule@stuttgart.de,http://www.tiefenbachschule.de/,,,,,,,,,,,,,,,,,,N/A,Ganztagsschule,,,,,,,,,48.756127895562166,9.221921596699792,jedeschule.codefor.de + Stuttgart Schulwegweiser PDF,,,,,,,Unfallatlas,,,,,,,,,,637,,3,85,,,10,,,,,,,,,,,,,,,,,,,,,,3.0,Sehr sicher,,,,,Sillenbuch,1442,48.7445102,9.2131869,,U-Bahn (48.7416),1639,48.7415862,9.218247,,U-Bahn (48.7409),1704,48.7408961,9.2193112,,Silberwald,1381,48.7477821,9.2079711,,Sillenbuch,1447,48.7444668,9.2131593,,Schemppstraße,1668,48.7412781,9.2186974,,Tiefenbachschule,33,48.7559199,9.2216055,,Luikenweg,304,48.7560805,9.2260744,,Rohracker,340,48.7565619,9.2173278,,29,,50.0,,,"Tiefenbachschule ist eine Grundschule in Stuttgart. Adresse: Tiefenbachstraße 66A, 70329 Stuttgart. Stadtbezirk: Hedelfingen. Die Schule ist in öffentlicher Trägerschaft. Mittlere ÖPNV-Anbindung. Niedrige Kriminalitätsbelastung im Bezirk.","Die Tiefenbachschule in Stuttgart Rohracker ist eine öffentliche Grundschule, die sich durch ihre familiäre und vertraute Atmosphäre auszeichnet. Unter dem Leitspruch ""Stark im Wir. Bunt im Lernen."" fördert die Schule ein Miteinander, in dem sich Kinder geborgen fühlen und ihre individuellen Talente entfalten können. Sie legt großen Wert auf die Entwicklung von Neugier, Verantwortung und gegenseitigem Respekt im täglichen Schulleben. Die Tiefenbachschule versteht sich als ein Ort, an dem Kinder nicht nur Wissen erwerben, sondern auch soziale Kompetenzen entwickeln und sich zu selbstbewussten Persönlichkeiten entfalten können. Als kleine Grundschule mit nur sieben Klassen bietet die Tiefenbachschule eine Umgebung, die Nähe und Vertrauen schafft und lebendiges Lernen ermöglicht. Diese überschaubare Größe trägt maßgeblich dazu bei, dass jedes Kind individuell wahrgenommen und gefördert wird. Der Fokus liegt auf modernen Lehrmethoden, persönlicher Förderung und einem starken Gemeinschaftsgefühl, das durch vielfältige Aktivitäten und Projekte gestärkt wird. Engagierte Lehrkräfte und eine moderne Ausstattung bilden eine solide Grundlage für den erfolgreichen Start ins Schulleben und bereiten die Schüler optimal auf ihre weitere schulische Laufbahn vor. Neben dem regulären Unterricht bietet die Schule eine umfassende Kernzeitbetreuung an, die den Eltern eine verlässliche Betreuung ihrer Kinder über den Unterricht hinaus ermöglicht. Zudem wird ein organisiertes Mittagessen angeboten, das eine gesunde und ausgewogene Ernährung sicherstellt. Der Elternbeirat ist aktiv in das Schulleben eingebunden und trägt maßgeblich zur Gestaltung und Unterstützung der Schulgemeinschaft bei. Das Sekretariat ist montags bis donnerstags von 07:30 bis 12:45 Uhr besetzt und steht für alle Anliegen zur Verfügung. Es ist unter der Telefonnummer 0711 216 33 720 oder per E-Mail unter tiefenbachschule@stuttgart.de erreichbar. Die Schule befindet sich in der Tiefenbachstraße 66 A, 70329 Stuttgart. Die Tiefenbachschule ist somit ein lebendiger Lernort, der Bildung und persönliche Entwicklung in den Vordergrund stellt.",,,,,,,,,,,0.0,1.0,0.0,2.0,,,,,Kostenfrei (öffentliche Schule),,,,,,,,,,,,,,,,,,,,,,,,,,637,,2025,Baden-Württemberg,66.9,0.7,10350,bezirk_estimated,10,93.8,6157.9,85,817.7,Stuttgart,637,6157.7,3,26.3,5,51.1,2026-08-23,stuttgart.de Adressverzeichnis,,STG-17808,STG-17831,STG-17770,Stuttgart,,,,,,,,,,,,,,,,"Tiefenbachstraße 70, 70329 Stuttgart, Germany",146.0,48.7564636,9.2199948,Tageseinrichtung für Kinder (Einsteinkonzept),"Tiefenbachstraße 14, 70329 Stuttgart, Germany",453.0,48.7560935,9.2281013,Rohrspatzen EKG,"Buowaldstraße 19a, 70619 Stuttgart, Germany",603.0,48.75078810000001,9.2205058,Die Kindervilla Sillenbuch Kinderkrippe,"Silberwaldstraße 22, 70619 Stuttgart, Germany",1278.0,48.74696,9.2114101,Deutsch-Französische Grundschule/Ecole Franco-Allemande (Von 6-10 Jahren),"Albrecht-Leo-Merz-Weg 2, 70184 Stuttgart, Germany",1741.0,48.7652182,9.202584,Merz Schule gemeinnützige GmbH,"Lange Morgen 19, 70619 Stuttgart, Germany",1770.0,48.7417222,9.2322014,Elementary and Werkrealschule Heumaden,0.0,"Tiefenbachstraße 66b, 70329 Stuttgart, Germany",59.0,48.756205900000005,9.2211315,Da Salvo,,,,,,,,,,,0.0,,,,,,,,,,,,,,,,,Stuttgart,"Die Tiefenbachschule in Stuttgart Rohracker ist eine öffentliche Grundschule mit familiärer Atmosphäre und sieben Klassen. Sie fördert unter dem Motto ""Stark im Wir. Bunt im Lernen."" Neugier, Verantwortung und Respekt durch moderne Lehrmethoden und persönliche Förderung. Die Schule bietet zudem Kernzeitbetreuung und Mittagessen an.","Tiefenbachschule in Stuttgart Rohracker is a public primary school with a family-like atmosphere and seven classes. Guided by the motto ""Strong in 'we'. Colorful in learning."", it fosters curiosity, responsibility, and respect through modern teaching methods and personal support. The school also offers core time care and lunch.",1,0,1,1,0.7,1,1,2,"2025,2024,2023",80,9
STG-30542,Torwiesenschule (GS),Grundschule,Grundschule,Öffentlich,,Vogelrainstraße 27,70199,Süd,Süd,0711 46913590,torwiesenschule@diakonie-stetten.de,http://www.torwiesenschule.de/,,,,,,,,,,,,,,,,,,N/A,"Inklusives Konzept, sonderpädagogisches Bildungs- und Beratungszentrum (SBBZ), keine Noten in Kl. 1-4, Leseförderung, soziales Engagement.",,,,,,,,,48.75472095371245,9.137726022030598,jedeschule.codefor.de + Stuttgart Schulwegweiser PDF,,,,,,,Unfallatlas,,,,,,,,,,3938,,17,523,,,60,,,,,,,,,,,,,,,,,,,,,,6.0,Durchschnittlich,,,,,Rotebühlstraße/Augustenstraße,2070,48.7697109,9.1544685,,Seyfferstraße,2070,48.7694952,9.1549125,,Rotebühlstraße,2126,48.7699271,9.1553158,,Heslach Vogelrain,133,48.753583,9.1382943,,Südheimer Platz,352,48.755916,9.1421775,,Waldfriedhof,663,48.7516732,9.1455014,,Heslach Vogelrain,113,48.754084,9.1389215,,Südheimer Platz (Seilbahn),347,48.7559571,9.1420694,,Südheimer Platz,543,48.7567385,9.144468,,18,,50.0,,,"Torwiesenschule (GS) ist eine Grundschule in Stuttgart. Adresse: Vogelrainstraße 27, 70199 Stuttgart. Stadtbezirk: Süd. Die Schule ist in öffentlicher Trägerschaft. Mittlere ÖPNV-Anbindung.","Die Torwiesenschule in Stuttgart ist eine inklusive Bildungseinrichtung unter der Trägerschaft der Diakonie Stetten e.V., die eine Grundschule, eine Realschule und ein Sonderpädagogisches Bildungs- und Beratungszentrum (SBBZ) sowie einen Hort umfasst. Ihr Leitbild basiert auf der Überzeugung, dass jeder Mensch ein einzigartiges Geschöpf Gottes mit unantastbarer Würde und einem Recht auf Selbstbestimmung ist. Die Schule verfolgt ein umfassendes inklusives Konzept, bei dem Schülerinnen und Schüler mit und ohne besonderen Förderbedarf gemeinsam lernen und das Schulleben gestalten.

In der Grundschule wird nach dem Bildungsplan des Landes Baden-Württemberg unterrichtet, wobei in den Klassen 1 bis 4 keine Noten vergeben werden. Stattdessen erhalten die Schüler ausführliche Schulberichte und es finden regelmäßige Entwicklungsgespräche mit Eltern und Schülern statt. Eine Besonderheit ist, dass eine Lehrkraft die Klasse über alle vier Grundschuljahre begleitet. Die Klassen sind klein, mit maximal 22 Schülern. Das Angebot umfasst zudem Kernzeitbetreuung, betreutes Mittagessen, Förderstunden, ritualisierte Tagesstrukturen, offene Unterrichtsformen, Leseförderung und Lernen durch soziales Engagement.

Das SBBZ bietet Unterricht nach den Förderschwerpunkten geistige, körperliche und motorische Entwicklung an. Hier stehen individuelle Lernziele und Förderung im Vordergrund, unterstützt durch kleine Lerngruppen von etwa sechs Schülern und feste Lerngemeinschaften mit den Jahrgangsstufen der Grund- und Realschule. Auch hier sind ausführliche Entwicklungsgespräche und ein inklusives Klassen- und Schulkonzept integraler Bestandteil.

Der Hort steht allen Grundschülern offen und bietet Betreuung vor und nach dem Unterricht, Hausaufgabenhilfe, pädagogische Förderung und regelmäßige Aktivitäten wie Waldnachmittage. Er ist auch in den Ferien geöffnet. Die Torwiesenschule legt großen Wert auf soziales Lernen und die Vorbereitung der Schüler auf ein selbstbestimmtes Leben.",,,,,,,,,,,1.0,3.0,1.0,1.0,,,,,Kostenfrei (öffentliche Schule),,,,,,,,,,,,,,,,,,,,,,,,,,3938,,2025,Baden-Württemberg,66.9,1.0,44770,bezirk_estimated,60,134.0,8797.0,523,1168.2,Stuttgart,3938,8796.7,17,37.5,33,73.0,2026-08-23,stuttgart.de Adressverzeichnis,,STG-17660,STG-17718,STG-56088,Stuttgart,"Burgstallstraße 122, 70199 Stuttgart, Germany",327.0,48.755543,9.142012,Shell,,,,,,,,,,,"Nachtigallenweg 26, 70199 Stuttgart, Germany",107.0,48.7554388,9.1387005,Day care facility for children Nachtigallenweg,"Vellmenstraße 1, 70199 Stuttgart, Germany",1165.0,48.7601241,9.1513425,Vellmenkrippe,"Barchetstraße 16, 70569 Stuttgart, Germany",1297.0,48.7474634,9.1238752,Evang. Dachswald-Kindergarten,"Fuchswaldstraße 43, 70569 Stuttgart, Germany",1331.0,48.743413999999994,9.1317604,Grundschule Kaltental,"Kelterstraße 52, 70199 Stuttgart, Germany",1473.0,48.7568343,9.1575632,Lerchenrain-Schule,"Hohentwielstraße 23, 70199 Stuttgart, Germany",1703.0,48.764045,9.1561614,Wilhelm-Hauff-Schule Stuttgart,0.0,"Vogelrainstraße 25, 70199 Stuttgart, Germany",47.0,48.75436,9.1373909,Maultaschen Rikscha to go,"Burgstallstraße 122, 70199 Stuttgart, Germany",327.0,48.755543,9.142012,Shell,"Böblinger Str. 223, 70199 Stuttgart, Germany",486.0,48.7564934,9.1437913,Lievito Madre,0.0,"Böblinger Str. 253, 70199 Stuttgart, Germany",188.0,48.754756,9.140287,ALDI SÜD,,,,,,,,,,,,Stuttgart,"Die Torwiesenschule in Stuttgart ist eine inklusive Grundschule, Realschule und ein SBBZ unter der Trägerschaft der Diakonie Stetten. Sie zeichnet sich durch ein umfassendes inklusives Konzept aus, bei dem Schülerinnen und Schüler mit und ohne Förderbedarf gemeinsam lernen. Besonderheiten sind der Verzicht auf Noten in den Klassen 1-4 der Grundschule, individuelle Förderung, Leseförderung und soziales Engagement.","The Torwiesenschule in Stuttgart is an inclusive primary school, secondary school (Realschule), and SBBZ under the sponsorship of Diakonie Stetten. It is characterized by a comprehensive inclusive concept where students with and without special needs learn together. Special features include the absence of grades in primary school grades 1-4, individualized support, reading promotion, and social engagement.",3,0,12,0,4.0,9,0,12,"2025,2024,2023",40,10
STG-19856,Vogelsangschule,Grundschule,Grundschule,Öffentlich,1961.0,Paulusstraße 30,70197,West,West,0711 21633600,poststelle.vogelsangschule@stuttgart.de,http://www.vogelsangschule.de/,Karin Lehr,,,,,,,,,,,,,,,,,N/A,"Hector Akademie für Hochbegabte, Experimentierraum, Einsatz von über 250 iPads, Schulgarten, Chor, Sport-AGs, Grundschulförderklasse, Schulsozialarbeit.",,,,,,,,,48.77306599034512,9.15035203327698,jedeschule.codefor.de + Stuttgart Schulwegweiser PDF,,,,,,,Unfallatlas,,,,,,,,,,5654,,24,751,,,86,,,,,,,,,,,,,,,,,,,,,,8.0,Belastet,,15.0,,,Seyfferstraße,466,48.7699486,9.1546074,,Rotebühlstraße/Augustenstraße,480,48.7697109,9.1544685,,Rotebühlstraße,504,48.7699271,9.1553158,,Arndt-/Spittastraße,201,48.7748553,9.1507698,,Vogelsang,371,48.7746693,9.1459177,,Schwab-/Bebelstraße,406,48.7750285,9.1550291,,Herweghstraße,153,48.7718091,9.1495111,,Arndt-/Spittastraße,203,48.7747893,9.1512509,,Leipziger Platz,325,48.7701616,9.149837,,121,"40, 42, 44, 50, N10, N2",50.0,,,"Vogelsangschule ist eine Grundschule in Stuttgart. Adresse: Paulusstraße 30, 70197 Stuttgart. Stadtbezirk: West. Die Schule ist in öffentlicher Trägerschaft. Mittlere ÖPNV-Anbindung. Mittleres Verkehrsunfallaufkommen (16/Jahr).","Die Vogelsangschule in Stuttgart ist eine öffentliche Grundschule, die 1961 gegründet wurde und sich als ""Ruhepol im Großstadtdschungel"" versteht. Unter der Leitung von Karin Lehr engagieren sich 15 Lehrkräfte für die Bildung und Entwicklung ihrer Schülerinnen und Schüler. Die Schule befindet sich in der Paulusstraße 30, 70197 Stuttgart. Ein besonderes Merkmal der Vogelsangschule ist ihr innovativer Ansatz in der Pädagogik und Ausstattung. Sie ist stolz darauf, eine Hector Akademie für Hochbegabte zu beherbergen, was ein spezielles Förderangebot für besonders talentierte Kinder darstellt. Darüber hinaus verfügt die Schule über einen modernen Experimentierraum und setzt über 250 iPads im Unterricht ein, um digitales Lernen zu fördern und den Schülerinnen und Schülern vielfältige Lernzugänge zu ermöglichen. Das schulische Angebot ist breit gefächert und umfasst neben dem regulären Unterricht eine Grundschulförderklasse, die Kinder auf den Schuleintritt vorbereitet, sowie umfassende Betreuungsangebote im Rahmen der Verlässlichen Grundschule und Horte für die Zeit vor und nach dem Unterricht. Die Schulsozialarbeit unterstützt Schüler und Familien bei sozialen und persönlichen Herausforderungen. Die Vogelsangschule legt Wert auf eine ganzheitliche Entwicklung. Dies zeigt sich in den vielfältigen AGs und Angeboten für Kinder, darunter ein Chor und verschiedene Sport-AGs. Der schuleigene Schulgarten bietet den Kindern die Möglichkeit, Natur und Umwelt praktisch zu erleben und zu gestalten. Projekte wie die Weihnachtswerkstatt, das Laufabzeichen und Sozialprojekte bereichern den Schulalltag und fördern soziale Kompetenzen. Auch Deutsch als Fremdsprache wird angeboten, um Kinder mit unterschiedlichem sprachlichem Hintergrund zu integrieren. Regelmäßige Veranstaltungen wie der ""Tag der Sportvereine"" fördern die Bewegung und das Gemeinschaftsgefühl.",,,,,,,,,,,8.0,20.0,0.0,6.0,,,,,Kostenfrei (öffentliche Schule),,,,,,,,,,,,,,,,,,,,,,,,,15.0,5654,,2025,Baden-Württemberg,66.9,1.2,53560,bezirk_estimated,86,160.8,10556.4,751,1401.8,Stuttgart,5654,10556.1,24,45.0,47,87.6,2026-08-23,stuttgart.de Adressverzeichnis,,STG-19849,STG-17630,STG-19826,Stuttgart,,,,,,,,,,,,,,,,"Paulusstraße 1, 70197 Stuttgart, Germany",247.0,48.7726924,9.1536677,Evang. Pauluskindergarten,"Rotenwaldstraße 26, 70197 Stuttgart, Germany",301.0,48.7703865,9.1509539,Evangelische Kindertageseinrichtungen,"Scheffelstraße 35, 70193 Stuttgart, Germany",411.0,48.776257099999995,9.1475306,Ev. Paul Gerhard Kindergarten,"Bebelstraße 17, 70176 Stuttgart, Germany",516.0,48.774467400000006,9.1570644,Schwabschule,"Leibnizstraße 89, 70193 Stuttgart, Germany",1026.0,48.7791508,9.1398238,Kleiner Sonniger Winkel,"Hohentwielstraße 23, 70199 Stuttgart, Germany",1090.0,48.764045,9.1561614,Wilhelm-Hauff-Schule Stuttgart,0.0,"Vogelsangstraße 50, 70197 Stuttgart, Germany",185.0,48.7741289,9.1522963,Wirtshaus Zum Spätzleschwob by FreCla,"Vogelsangstraße 55, 70197 Stuttgart, Germany",189.0,48.77388,9.1526232,Café Seyffer’s,"Spittastraße 2, 70193 Stuttgart, Germany",246.0,48.775077499999995,9.1517501,Taverna Yol,19.0,"Bebelstraße 56, 70193 Stuttgart, Germany",215.0,48.7749538,9.1497081,Dong-ah Market,"Vogelsangstraße 51, 70197 Stuttgart, Germany",222.0,48.77373000000001,9.15321,Bulk - sustainable & unpackaged food,"Rötestraße 52, 70197 Stuttgart, Germany",342.0,48.772560000000006,9.15495,Kumar Feinkost,,Stuttgart,"Die Vogelsangschule in Stuttgart ist eine öffentliche Grundschule, die 1961 gegründet wurde und sich durch innovative Pädagogik auszeichnet. Sie bietet eine Hector Akademie für Hochbegabte, einen Experimentierraum und setzt über 250 iPads ein. Mit 15 Lehrkräften, einem Schulgarten, Chor, Sport-AGs und umfassender Betreuung fördert sie eine ganzheitliche Entwicklung der Schülerinnen und Schüler.","Vogelsangschule in Stuttgart is a public primary school, founded in 1961, distinguished by its innovative pedagogy. It features a Hector Academy for the highly gifted, an experimentation room, and utilizes over 250 iPads. With 15 teachers, a school garden, choir, sports clubs, and comprehensive childcare, it promotes the holistic development of its students.",15,0,35,12,15.7,18,12,47,"2025,2024,2023",103,41
STG-395224,Waldschule Degerloch (Grundschule),Grundschule,Grundschule,Öffentlich,,Georgiiweg 1,70597,Degerloch,Degerloch,0711 8066970,info@waldschule-degerloch.de,https://www.waldschule-degerloch.de/,,,,,,,,,,,,,,,,,,N/A,"Montessori, MINT",,,,,,,,,48.75053408225277,9.185315438320018,jedeschule.codefor.de + Stuttgart Schulwegweiser PDF,,,,,,,Unfallatlas,,,,,,,,,,949,,4,126,,,14,,,,,,,,,,,,,,,,,,,,,,2.0,Sehr sicher,,,,,U-Bahn (48.7490),1174,48.7490455,9.1694659,,U-Bahn (48.7493),1190,48.7492646,9.1691988,,U-Bahn (48.7485),1298,48.748473,9.167888,,Waldau,301,48.7515751,9.1891086,,Ruhbank (Fernsehturm),749,48.7534814,9.1944969,,Nägelestraße,867,48.7514962,9.1735738,,Königsträßle,414,48.7534055,9.1817211,,Bus (48.7534),423,48.7534487,9.1816167,,Bus (48.7532),442,48.7532323,9.1808794,,31,,50.0,,,"Waldschule Degerloch (Grundschule) ist eine Grundschule in Stuttgart. Adresse: Georgiiweg 1, 70597 Stuttgart. Stadtbezirk: Degerloch. Die Schule ist in öffentlicher Trägerschaft. Mittlere ÖPNV-Anbindung. Niedrige Kriminalitätsbelastung im Bezirk.","Die Waldschule Degerloch ist eine renommierte Grundschule in Stuttgart, gelegen am Georgiiweg 1, 70597 Stuttgart. Sie zeichnet sich durch ein fortschrittliches und inklusives pädagogisches Konzept aus. Obwohl die Trägerschaft als öffentlich angegeben ist, wird die Schule maßgeblich von einem engagierten Trägerverein unterstützt, der die Entwicklung und Umsetzung des Schulprogramms aktiv mitgestaltet. Das Profil der Schule basiert auf einem klaren Leitbild und einem detaillierten Schulprogramm, das die individuelle Entwicklung und Förderung jedes Kindes in den Mittelpunkt stellt. Ein zentraler Pfeiler der Pädagogik ist die Montessori-Methode, die Freiarbeit und selbstständiges, entdeckendes Lernen fördert. Ergänzend dazu ist die Waldschule Degerloch eine anerkannte MINT-freundliche Schule, die einen starken Fokus auf Mathematik, Informatik, Naturwissenschaften und Technik legt. Ein herausragendes Merkmal ist die spezialisierte Integration und Betreuung von Kindern mit Diabetes Typ 1, was die inklusive und fürsorgliche Ausrichtung der Schule betont. Das umfassende Angebot beinhaltet neben dem Kernunterricht eine qualifizierte Hortbetreuung und betreute selbstständige Lernzeiten. Vielfältige Arbeitsgemeinschaften und außerunterrichtliche Veranstaltungen bereichern den Schulalltag und ermöglichen den Schülerinnen und Schülern, ihre Talente und Interessen zu entdecken und zu vertiefen. Die Schule ist zudem barrierefrei gestaltet, um allen Kindern einen gleichberechtigten Zugang zu Bildung zu ermöglichen. Präventionsmaßnahmen und pädagogisch-didaktische Besonderheiten sind fest im Schulprogramm verankert. Die Waldschule Degerloch versteht sich als aktiver Lernort für Demokratie und Nachhaltigkeit, was sich in verschiedenen Projekten und im täglichen Miteinander widerspiegelt. Das engagierte Kollegium wird durch pädagogische Unterstützungskräfte, Schulkrankenschwestern, ein Sekretariat und eine Verwaltung ergänzt, um eine optimale Lern- und Betreuungsumgebung zu gewährleisten. Der Elternbeirat, die Schülervertretung (SMV) sowie Freunde und Partner tragen ebenfalls aktiv zum lebendigen Schulleben bei, getreu dem Motto ""MITEINANDER LEBEN LERNEN"".",,,,,,,,,,,0.0,0.0,0.0,2.0,,,,,Kostenfrei (öffentliche Schule),,,,,,,,,,,,,,,,,,,,,,,,,,949,,2025,Baden-Württemberg,66.9,0.6,17980,bezirk_estimated,14,80.4,5278.2,126,700.9,Stuttgart,949,5278.0,4,22.5,8,43.8,2026-08-23,stuttgart.de Adressverzeichnis,,STG-17634,STG-17847,STG-52358,Stuttgart,,,,,,,,,,,,,,,,"Keßlerweg 4, 70597 Stuttgart, Germany",198.0,48.752289999999995,9.18484,Montessori Kindergarten e.V.,"Löwenstraße 115, 70597 Stuttgart, Germany",357.0,48.7491591,9.1809082,Evang. Kindergarten Waldzwerge,"Jahnstraße 44, 70597 Stuttgart, Germany",625.0,48.7504543,9.176793,KITA Degerloch,"Leinfeldener Str. 61, 70597 Stuttgart, Germany",1284.0,48.744984599999995,9.1699571,Filderschule Degerloch,"Wurmlinger Str. 61, 70597 Stuttgart, Germany",1798.0,48.7428819,9.1637145,Albschule,"Silberwaldstraße 22, 70619 Stuttgart, Germany",1954.0,48.74696,9.2114101,Deutsch-Französische Grundschule/Ecole Franco-Allemande (Von 6-10 Jahren),0.0,,,,,,,,,,,,,,,,4.0,,,,,,,,,,,,,,,,,Stuttgart,"Die Waldschule Degerloch ist eine öffentliche Grundschule in Stuttgart, die eine inklusive und fortschrittliche Pädagogik verfolgt. Sie integriert die Montessori-Methode und einen MINT-Schwerpunkt, bietet spezielle Betreuung für Kinder mit Diabetes Typ 1 und ist barrierefrei gestaltet. Ein engagierter Trägerverein unterstützt das umfassende Angebot, das Hortbetreuung und vielfältige AGs umfasst, um individuelle Entwicklung und selbstständiges Lernen zu fördern.","Waldschule Degerloch is a public primary school in Stuttgart, committed to an inclusive and progressive pedagogy. It integrates the Montessori method and a MINT focus, offers special care for children with Type 1 diabetes, and is designed to be barrier-free. A dedicated sponsoring association supports its comprehensive offerings, including after-school care and diverse extracurricular activities, to foster individual development and independent learning.",4,0,10,3,4.0,6,2,12,"2025,2024,2023",36,6
STG-17789,Wilhelm-Hauff-Schule,Grundschule,Grundschule,Öffentlich,,Hohentwielstraße 23,70199,Süd,Süd,0711 21634100,poststelle.wilhelm-hauff-schule@stuttgart.de,http://www.whs.s.schule-bw.de/,,,,,,,,,,,,,,,,,,N/A,,,,,,,,,,48.76409853989984,9.155958890621225,jedeschule.codefor.de + Stuttgart Schulwegweiser PDF,,,,,,,Unfallatlas,,,,,,,,,,3938,,17,523,,,60,,,,,,,,,,,,,,,,,,,,,,6.0,Durchschnittlich,,,,,Seyfferstraße,605,48.7694952,9.1549125,,Rotebühlstraße/Augustenstraße,634,48.7697109,9.1544685,,Rotebühlstraße,650,48.7699271,9.1553158,,Erwin-Schoettle-Platz,332,48.7628752,9.1600896,,Bihlplatz,504,48.7602174,9.1523944,,Marienplatz,892,48.7642519,9.1681266,,Erwin-Schoettle-Platz,270,48.7628229,9.1590974,,Schickhardtschule,382,48.7657014,9.1605626,,Kelterstraße,478,48.7598866,9.1546516,,91,44,50.0,,,"Wilhelm-Hauff-Schule ist eine Grundschule in Stuttgart. Adresse: Hohentwielstraße 23, 70199 Stuttgart. Stadtbezirk: Süd. Die Schule ist in öffentlicher Trägerschaft. Mittlere ÖPNV-Anbindung. Mittleres Verkehrsunfallaufkommen (12/Jahr).","Die Wilhelm-Hauff-Schule in Stuttgart ist eine öffentliche Grundschule, die sich in der Hohentwielstraße 23, 70199 Stuttgart befindet. Als zentrale Bildungseinrichtung für junge Schülerinnen und Schüler im Stuttgarter Süden legt die Schule großen Wert auf eine ganzheitliche Betreuung und die Bereitstellung vielfältiger Lern- und Freizeitangebote. Das pädagogische Konzept zielt darauf ab, die individuellen Talente und Interessen der Kinder zu fördern und ihnen eine solide Grundlage für ihre weitere schulische Laufbahn zu bieten. Ein herausragendes Merkmal des Schullebens ist das sogenannte Schülerhaus, das den Kindern nach dem Unterricht eine breite Palette an strukturierten und kreativen Aktivitäten bietet. Hier haben die Schülerinnen und Schüler die Möglichkeit, nicht nur spielerisch zu lernen und ihre sozialen Kompetenzen zu stärken, sondern auch an einer Vielzahl von Aktionen, spezialisierten Arbeitsgemeinschaften (AGs) und spannenden Projekten teilzunehmen. Diese Angebote reichen von kreativen Workshops über sportliche Aktivitäten bis hin zu naturwissenschaftlichen Experimenten. Darüber hinaus werden regelmäßig kulturelle Ausflüge und Theaterbesuche organisiert, die das schulische Angebot bereichern, den Horizont der Kinder erweitern und ihnen neue Perspektiven eröffnen. Die Schule wird maßgeblich durch einen engagierten gemeinnützigen Förderverein unterstützt. Dieser Förderverein spielt eine entscheidende Rolle bei der Realisierung von Projekten und der Anschaffung von Lehrmaterialien und Ausstattungen, die über die regulären Haushaltsmittel des Schulträgers hinausgehen. Durch das unermüdliche Engagement des Fördervereins können zusätzliche Ressourcen bereitgestellt werden, die das Lernumfeld und die außerschulischen Aktivitäten der Kinder erheblich verbessern und somit eine optimale Lernumgebung gewährleisten. Die Wilhelm-Hauff-Schule ist bestrebt, ein anregendes, sicheres und unterstützendes Umfeld zu schaffen, in dem jedes Kind seine individuellen Fähigkeiten voll entfalten und eine positive Einstellung zum Lernen entwickeln kann. Für Anfragen und weitere Informationen ist die Schule unter der Telefonnummer 0711 216-34 102 erreichbar. Eine Kontaktaufnahme ist auch über die E-Mail-Adresse info@wilhelm-hauff-schule-stuttgart.de möglich. Die offiziellen Daten der Schule werden vom Institut für Bildungsanalysen (IBBW) zur Verfügung gestellt, was die transparente Einbindung und Anerkennung der Schule im baden-württembergischen Bildungssystem unterstreicht.",,,,,,,,,,,0.0,20.0,9.0,5.0,,,,,Kostenfrei (öffentliche Schule),,,,,,,,,,,,,,,,,,,,,,,,,,3938,,2025,Baden-Württemberg,66.9,1.0,44770,bezirk_estimated,60,134.0,8797.0,523,1168.2,Stuttgart,3938,8796.7,17,37.5,33,73.0,2026-08-23,stuttgart.de Adressverzeichnis,,STG-17874,STG-47412,STG-17855-GS,Stuttgart,"Hasenbergsteige 53, 70197 Stuttgart, Germany",233.0,48.7658609,9.154234,Bella Vista Ape,"Gebrüder-Schmid-Weg 13, 70199 Stuttgart, Germany",244.0,48.7628728,9.158723,Gebrüder Schmid Zentrum,"Gebrüder-Schmid-Weg 13, 70199 Stuttgart, Germany",244.0,48.7628728,9.158723,Café Nachbarschafft,"Gebrüder-Schmid-Weg 9, 70199 Stuttgart, Germany",214.0,48.7628254,9.1581504,Kinderhaus Wilde Wanne,"Hasenstraße 2, 70199 Stuttgart, Germany",379.0,48.761232799999995,9.1531593,Kita KiKu Weltenbummler,"Mörikestraße 71, 70199 Stuttgart, Germany",393.0,48.764182299999995,9.1613259,Tageseinrichtung für Kinder Mörikestraße,"Kelterstraße 52, 70199 Stuttgart, Germany",816.0,48.7568343,9.1575632,Lerchenrain-Schule,"Paulusstraße 30, 70197 Stuttgart, Germany",1080.0,48.7731037,9.1504199,Vogelsangschule,"Römerstraße 16, 70180 Stuttgart, Germany",1118.0,48.7657274,9.1710073,Marienschule Grundschule Stuttgart-Süd,0.0,"Böblinger Str. 96, 70199 Stuttgart, Germany",235.0,48.7622784,9.1575782,Patacon-Obi - Westafrikanische Speisen + Falafel Café,"Böblinger Str. 94, 70199 Stuttgart, Germany",236.0,48.7623423,9.1577644,Bistro Restaurant Fiaker,"Gebrüder-Schmid-Weg 13, 70199 Stuttgart, Germany",244.0,48.7628682,9.1587126,colombia candela,14.0,,,,,,,,,,,,,,,,,Stuttgart,"Die Wilhelm-Hauff-Schule in Stuttgart ist eine öffentliche Grundschule, die eine ganzheitliche Betreuung und vielfältige Lern- und Freizeitangebote bietet. Das Schülerhaus ermöglicht den Kindern spielerisches Lernen, AGs, Projekte und kulturelle Ausflüge. Ein engagierter Förderverein unterstützt die Schule finanziell, um zusätzliche Projekte und Anschaffungen zu ermöglichen und so das Lernumfeld zu bereichern.","The Wilhelm-Hauff-Schule in Stuttgart is a public primary school offering holistic care and diverse learning and leisure activities. Its “Schülerhaus” provides children with playful learning, working groups, projects, and cultural excursions. A dedicated support association financially aids the school, enabling additional projects and acquisitions to enrich the learning environment.",22,0,31,7,12.0,21,5,36,"2025,2024,2023",126,9
STG-17874,Wilhelmsschule Untertürkheim,Grundschule,Grundschule,Öffentlich,1892.0,Oberstdorfer Straße 23,70327,Untertürkheim,Untertürkheim,0711 21696733,poststelle.wilhelmsschule.untertuerkheim@stuttgart.de,http://www.wilhelmsschule.de/,Sabine Bastian,,,,,,,,,,,,,,,,,N/A,"Musikprofil, BISS-Transfer, Startchancen Schule, Waldprojekt",,,,,,,,,48.782647230630765,9.252898748976238,jedeschule.codefor.de + Stuttgart Schulwegweiser PDF,,,,,,,Unfallatlas,,,,,,,,,,1348,,6,179,,,21,,,,,,,,,,,,,,,,,,,,,,5.0,Sicher,318.0,42.0,,,Stuttgart-Untertürkheim,361,48.7798209,9.2504725,,Stuttgart Neckarpark,1333,48.7918161,9.2411731,,Stuttgart-Obertürkheim,2577,48.7617575,9.2681173,,Schlotterbeckstraße,332,48.7841027,9.2489496,,Untertürkheim Bf,386,48.7801728,9.2491958,,Eszet,714,48.787575,9.2466518,,Alter Friedhof,153,48.7820222,9.2547654,,Untertürkheimer Kelterplatz,241,48.7809277,9.2549025,,Alte Krone,390,48.7791443,9.2527399,,42,,50.0,,,"Wilhelmsschule Untertürkheim ist eine Grundschule in Stuttgart. Adresse: Oberstdorfer Straße 23, 70327 Stuttgart. Stadtbezirk: Untertürkheim. Die Schule ist in öffentlicher Trägerschaft. Mittlere ÖPNV-Anbindung. Mittleres Verkehrsunfallaufkommen (19/Jahr).","Die Wilhelmsschule Untertürkheim ist eine öffentliche Grundschule in Stuttgart, die sich als lebendiger Mittelpunkt des Ortes versteht und eine bunte Vielfalt an Schülern und Angeboten vereint. Gegründet im Jahr 1892, blickt die Schule auf eine lange Geschichte zurück und hat sich zu einer modernen Bildungseinrichtung entwickelt. Mit 318 Schülern und 42 Lehrkräften bietet sie eine umfassende Betreuung und individuelle Förderung. Die Schulleitung liegt in den Händen von Sabine Bastian. Ein zentrales Anliegen der Schule ist es, ein Klima guter Gemeinschaft, ein vielseitiges Bildungsangebot und Vertrauen in die Lernfähigkeit jedes Kindes zu schaffen, um Lernfreude und Lernerfolge zu ermöglichen. Die Wilhelmsschule begleitet Kinder auf Lernwegen, die grundlegende Bildung, Fähigkeiten und Fertigkeiten vermitteln, Selbstwirksamkeit erlebbar machen und Selbstvertrauen aufbauen. Zu den besonderen Profilen der Schule gehören ein ausgeprägtes Musikprofil mit Chor, das BISS-Transfer-Programm zur Sprachförderung und die Teilnahme am 'Startchancen'-Programm seit dem Schuljahr 2024/2025, welches zusätzliche Unterstützung für Bildungsgerechtigkeit bietet. Ein weiteres Highlight ist das Waldprojekt, das den Schülern Naturerfahrungen ermöglicht. Die Schule bietet verschiedene Klassenformen an, darunter Halbtages-, Ganztages-, Misch- und jahrgangsübergreifende Klassen sowie eine Grundschulförderklasse und eine Vorbereitungsklasse. Ergänzt wird das Angebot durch eine umfassende Ganztagesbetreuung, die Mittagsband, AWO Nachmittag, Früh-, Spät- und Freitagsbetreuung sowie Ferienbetreuung umfasst. Projekte wie 'Teamgeister', 'Wehr dich mit Köpfchen' und 'Klassenrat' fördern soziale Kompetenzen und Konfliktlösung. Die Schule legt Wert auf die Zusammenarbeit mit Eltern, die durch den Elternbeirat und den Förderverein aktiv in das Schulleben eingebunden sind.",,,,,,,,,,,6.0,20.0,14.0,4.0,,,,,Kostenfrei (öffentliche Schule),,,,,,,,,,,,,,,,,,,,,,,,318.0,42.0,1348,2024_25,2025,Baden-Württemberg,66.9,0.9,17030,bezirk_estimated,21,120.6,7917.3,179,1051.4,Stuttgart,1348,7917.1,6,33.8,11,65.7,2026-08-23,stuttgart.de Adressverzeichnis,,STG-47412,STG-17855-GS,STG-356673,Stuttgart,"Großglocknerstraße 27, 70327 Stuttgart, Germany",209.0,48.7808469,9.2537342,Café Bar Alexandros,"Großglocknerstraße 34, 70327 Stuttgart, Germany",230.0,48.7807343,9.2540825,Öz Gaziantep Bäckerei,"Augsburger Str. 353, 70327 Stuttgart, Germany",233.0,48.780940699999995,9.2510505,Himmlisch Kreativ,"Ötztaler Str. 21, 70327 Stuttgart, Germany",73.0,48.7819894,9.2529442,Kindertagesstätte Untertürkheim e. V.,"Großglocknerstraße 49, 70327 Stuttgart, Germany",156.0,48.7818196,9.2546152,Johanniter-Unfall-Hilfe e.V. - Kita Die Weinbergschnecken,"Warthstraße 14, 70327 Stuttgart, Germany",255.0,48.7849317,9.2525935,Kath. Kindergarten „Stäffelesflitzer“,"Margaretenstraße 71, 70327 Stuttgart, Germany",913.0,48.790855699999994,9.2526896,"Luginslandschule Stuttgart, primary school with full-day education 187","Hedelfinger Str. 9, 70327 Stuttgart, Germany",1414.0,48.7705381,9.2470143,Wilhelmsschule Wangen,"Luise-Benger-Straße 10, 70329 Stuttgart, Germany",2254.0,48.77508,9.28144,Grundschule Uhlbach,0.0,"Wallmerstraße 7, 70327 Stuttgart, Germany",95.0,48.7823959,9.2541437,Eberhard Braun Gourmetcook,"Großglocknerstraße 36, 70327 Stuttgart, Germany",215.0,48.7808807,9.2540866,Alte Kelter,"Widdersteinstraße 18, 70327 Stuttgart, Germany",233.0,48.78055,9.25292,Sapori d'Italia,4.0,"Nebelhornstraße 26, 70327 Stuttgart, Germany",153.0,48.7812732,9.2528373,Naoussa Import,"Augsburger Str. 345, 70327 Stuttgart, Germany",222.0,48.781244,9.250734,Warths Hofladen,"Augsburger Str. 361, 70327 Stuttgart, Germany",248.0,48.7805439,9.2517837,CAP Markt Untertürkheim,,Stuttgart,"Die Wilhelmsschule Untertürkheim ist eine öffentliche Grundschule in Stuttgart mit 318 Schülern und 42 Lehrkräften, die 1892 gegründet wurde. Sie bietet ein vielseitiges Bildungsangebot mit Musikprofil, BISS-Transfer und ist eine 'Startchancen'-Schule. Die Schule legt Wert auf Gemeinschaft, individuelle Förderung und umfassende Ganztagesbetreuung, ergänzt durch Projekte wie das Waldprojekt.","Wilhelmsschule Untertürkheim is a public primary school in Stuttgart, founded in 1892, with 318 students and 42 teachers. It offers a diverse educational program, including a music profile, BISS-Transfer, and is a 'Startchancen' school. The school emphasizes community, individual support, and comprehensive full-day care, complemented by projects like the forest project.",21,0,55,5,19.3,35,3,58,"2025,2024,2023",94,23
STG-47412,Wilhelmsschule Untertürkheim (Außenstelle),Grundschule,Grundschule,Öffentlich,,Nebelhornstraße 23,70327,Untertürkheim,Untertürkheim,0711 334632,,https://www.stuttgart-inklusiv.de/,,,,,,,,,,,,,,,,,,N/A,,,,,,,,,,48.78150454596518,9.25298829562463,jedeschule.codefor.de + Stuttgart Schulwegweiser PDF,,,,,,,Unfallatlas,,,,,,,,,,1348,,6,179,,,21,,,,,,,,,,,,,,,,,,,,,,5.0,Sicher,,,,,Stuttgart-Untertürkheim,263,48.7798209,9.2504725,,Stuttgart Neckarpark,1437,48.7918161,9.2411731,,Stuttgart-Obertürkheim,2460,48.7617575,9.2681173,,Untertürkheim Bf,315,48.7801728,9.2491958,,Schlotterbeckstraße,414,48.7841027,9.2489496,,Eszet,819,48.787575,9.2466518,,Alter Friedhof,142,48.7820222,9.2547654,,Untertürkheimer Kelterplatz,154,48.7809277,9.2549025,,Alte Krone,263,48.7791443,9.2527399,,39,,50.0,,,"Wilhelmsschule Untertürkheim (Außenstelle) ist eine Grundschule in Stuttgart. Adresse: Nebelhornstraße 23, 70327 Stuttgart. Stadtbezirk: Untertürkheim. Die Schule ist in öffentlicher Trägerschaft. Mittlere ÖPNV-Anbindung. Mittleres Verkehrsunfallaufkommen (19/Jahr).","Die Wilhelmsschule Untertürkheim (Außenstelle) ist eine öffentliche Grundschule in Stuttgart, gelegen in der Nebelhornstraße 23, 70327 Stuttgart. Als Außenstelle der Wilhelmsschule Untertürkheim widmet sie sich der primären Bildung von Kindern in der Region. Die Schule steht unter öffentlicher Trägerschaft, was ihre Finanzierung und Verwaltung durch die Stadt Stuttgart oder das Land Baden-Württemberg sicherstellt und sie somit allen Kindern zugänglich macht. Aktuell liegen keine spezifischen Daten zur genauen Anzahl der Schüler und Lehrkräfte vor. Ebenso sind das Gründungsjahr der Außenstelle, die angebotenen Sprachen, die aktuelle Schulleitung sowie besondere pädagogische Schwerpunkte oder Merkmale des Schulprofils unbekannt. Die als Referenz angegebene Website (https://www.stuttgart-inklusiv.de/) ist ein barrierefreier Online-Stadtführer für Stuttgart und enthält keine direkten Informationen über die Wilhelmsschule Untertürkheim (Außenstelle) selbst. Daher können keine weiteren Details zu Lehrplänen, außerschulischen Aktivitäten oder der Schulgemeinschaft aus dieser Quelle abgeleitet werden. Das vorliegende Schulprofil basiert somit hauptsächlich auf den grundlegenden administrativen Informationen.",,,,,,,,,,,6.0,20.0,15.0,4.0,,,,,Kostenfrei (öffentliche Schule),,,,,,,,,,,,,,,,,,,,,,,,,,1348,,2025,Baden-Württemberg,66.9,0.9,17030,bezirk_estimated,21,120.6,7917.3,179,1051.4,Stuttgart,1348,7917.1,6,33.8,11,65.7,2026-08-23,stuttgart.de Adressverzeichnis,,STG-17874,STG-17855-GS,STG-356673,Stuttgart,"Großglocknerstraße 27, 70327 Stuttgart, Germany",91.0,48.7808469,9.2537342,Café Bar Alexandros,"Großglocknerstraße 34, 70327 Stuttgart, Germany",117.0,48.7807343,9.2540825,Öz Gaziantep Bäckerei,"Großglocknerstraße 17, 70327 Stuttgart, Germany",151.0,48.7801742,9.2534209,Soti's Treff,"Ötztaler Str. 21, 70327 Stuttgart, Germany",54.0,48.7819894,9.2529442,Kindertagesstätte Untertürkheim e. V.,"Großglocknerstraße 49, 70327 Stuttgart, Germany",124.0,48.7818196,9.2546152,Johanniter-Unfall-Hilfe e.V. - Kita Die Weinbergschnecken,"Warthstraße 14, 70327 Stuttgart, Germany",382.0,48.7849317,9.2525935,Kath. Kindergarten „Stäffelesflitzer“,"Oberstdorfer Str. 23, 70327 Stuttgart, Germany",137.0,48.782734,9.2528476,Wilhelmsschule Untertürkheim,"Margaretenstraße 71, 70327 Stuttgart, Germany",1040.0,48.790855699999994,9.2526896,"Luginslandschule Stuttgart, primary school with full-day education 187","Hedelfinger Str. 9, 70327 Stuttgart, Germany",1296.0,48.7705381,9.2470143,Wilhelmsschule Wangen,1.0,"Großglocknerstraße 36, 70327 Stuttgart, Germany",106.0,48.7808807,9.2540866,Alte Kelter,"Widdersteinstraße 18, 70327 Stuttgart, Germany",106.0,48.78055,9.25292,Sapori d'Italia,"Widdersteinstraße 14, 70327 Stuttgart, Germany",120.0,48.7804492,9.2526374,LezzET,5.0,"Nebelhornstraße 26, 70327 Stuttgart, Germany",28.0,48.7812732,9.2528373,Naoussa Import,"Augsburger Str. 361, 70327 Stuttgart, Germany",139.0,48.7805439,9.2517837,CAP Markt Untertürkheim,"Augsburger Str. 345, 70327 Stuttgart, Germany",168.0,48.781244,9.250734,Warths Hofladen,,Stuttgart,"Die Wilhelmsschule Untertürkheim (Außenstelle) ist eine öffentliche Grundschule in Stuttgart, gelegen in der Nebelhornstraße 23. Sie bietet primäre Bildung an. Detaillierte Informationen zu Schülerzahlen, Lehrkräften, Sprachen, Gründungsjahr, Schulleitung und Besonderheiten sind derzeit nicht verfügbar, da die angegebene Website ein allgemeiner Stadtführer ist und keine schulbezogenen Informationen enthält.","Wilhelmsschule Untertürkheim (Außenstelle) is a public primary school in Stuttgart, located at Nebelhornstraße 23. It provides primary education. Detailed information on student numbers, staff, languages, founding year, principal, and special features is currently unavailable, as the provided website is a general city guide and does not contain school-specific information.",19,0,54,5,19.3,35,4,58,"2025,2024,2023",170,23
STG-356673,Wilhelmsschule Wangen,Grundschule,Grundschule,Öffentlich,,Hedelfinger Straße 9,70327,Wangen,Wangen,0711 21698344,wilhelmsschule-wangen@stuttgart.de,https://www.stuttgart-inklusiv.de/,Andreas Passauer,,,,,,,,,,,,,,,,,N/A,"Inklusion, Schülerhaus (Ganztagsbetreuung)",,,,,,,,,48.77095823233921,9.24607603922269,jedeschule.codefor.de + Stuttgart Schulwegweiser PDF,,,,,,,Unfallatlas,,,,,,,,,,478,,2,64,,,7,,,,,,,,,,,,,,,,,,,,,,2.0,Sehr sicher,,,,,Stuttgart-Untertürkheim,1037,48.7798209,9.2504725,,Stuttgart-Obertürkheim,1912,48.7617575,9.2681173,,Stuttgart Neckarpark,2347,48.7918161,9.2411731,,Wangen Marktplatz,79,48.7715166,9.2454169,,Stadtwerke Stuttgart,499,48.7669119,9.2490146,,Wasenstraße,516,48.7755041,9.2446398,,Wangen Kelter,381,48.7731448,9.2420727,,Inselstraße,780,48.7757971,9.238378,,Mercedes-Benz Kino Bauer,923,48.7788005,9.2502051,,20,,35.0,,,"Wilhelmsschule Wangen ist eine Grundschule in Stuttgart. Adresse: Hedelfinger Straße 9, 70327 Stuttgart. Stadtbezirk: Wangen. Die Schule ist in öffentlicher Trägerschaft. Eingeschränkte ÖPNV-Anbindung. Mittleres Verkehrsunfallaufkommen (12/Jahr). Niedrige Kriminalitätsbelastung im Bezirk.","Die Wilhelmschule Wangen ist eine öffentliche Grund- und Werkrealschule in Stuttgart, die sich durch ihr umfassendes Bildungs- und Betreuungsangebot auszeichnet. Mit ihrem Hauptsitz in Stuttgart-Wangen (Hedelfinger Straße 9) für die Grundschule und einem temporären Standort in Stuttgart-Hedelfingen (Am Steinenberg 5) für die Werkrealschule, bedingt durch umfangreiche Bau- und Modernisierungsmaßnahmen bis voraussichtlich Juni 2025, bietet die Schule eine dynamische Lernumgebung. Unter der Leitung von Rektor Andreas Passauer und Konrektorin Lilija Engesser legt die Schule großen Wert auf Inklusion, insbesondere im Bereich der Werkrealschule, und fördert ein unterstützendes Miteinander. 

Für die Grundschüler bietet die Wilhelmschule ein etabliertes Schülerhaus, das eine ganztägige Betreuung gewährleistet und vom Jugendamt der Landeshauptstadt Stuttgart getragen wird. Dieses Angebot umfasst flexible Betreuungszeiten, Ferienbetreuung und eine ausgewogene Verpflegung. Die Schule befindet sich zudem im Prozess des sukzessiven Ausbaus zu einer Ganztagsschule in Wahlform, um dem steigenden Bedarf an ganztägiger Bildung gerecht zu werden. 

Die Werkrealschule führt Schülerinnen und Schüler zu Hauptschul- und Mittleren Abschlüssen und legt einen starken Fokus auf die berufliche Orientierung. Programme wie die Zusammenarbeit mit der Arbeitsagentur und das 'Anschluss Schule-Beruf' bereiten die Jugendlichen optimal auf ihren weiteren Werdegang vor. Ergänzt wird das pädagogische Angebot durch ein Erweitertes Betreuungsangebot (EBA) für die Werkrealschule und eine umfassende Schulsozialarbeit, die sowohl Grund- als auch Werkrealschüler, einschließlich der Vorbereitungsklassen, unterstützt. Zusätzliche Angebote wie eine Grundschulförderklasse, eine Schülerbücherei, das 'KinderHelden'-Programm, ein Förderverein und Schulsanitäter bereichern das Schulleben und fördern die individuelle Entwicklung der Kinder und Jugendlichen.",,,,,,,,,,,3.0,20.0,7.0,3.0,,,,,Kostenfrei (öffentliche Schule),,,,,,,,,,,,,,,,,,,,,,,,,,478,,2025,Baden-Württemberg,66.9,0.6,9060,bezirk_estimated,7,80.4,5278.2,64,700.9,Stuttgart,478,5278.0,2,22.5,4,43.8,2026-08-23,stuttgart.de Adressverzeichnis,,STG-17855-GS,STG-17874,STG-47412,Stuttgart,"Warthäuser Str. 6, 70327 Stuttgart, Germany",76.0,48.7711493,9.2450803,365 Coffee,"Hedelfinger Str. 17, 70327 Stuttgart, Germany",184.0,48.769566999999995,9.2474268,BrotZeit & Kaffee Stuttgart-Wangen,"Ulmer Str. 361, 70327 Stuttgart, Germany",192.0,48.7720782,9.2440816,Bäckerei Löwen,"Ravensburger Str. 19, 70327 Stuttgart, Germany",142.0,48.7709558,9.2441355,Tageseinrichtung für Kinder Ravensburger Str. 19-21,"Ulmer Str. 347/1, 70327 Stuttgart, Germany",259.0,48.772685499999994,9.243705,Christine-Hermann-Kinderhaus - GTE,"Ulmer Str. 349, 70327 Stuttgart, Germany",269.0,48.77245010000001,9.2431809,Christine-Hermann-Kindergarten - VÖ,"Hedelfinger Str. 9, 70327 Stuttgart, Germany",83.0,48.7705381,9.2470143,Wilhelmsschule Wangen,"Oberstdorfer Str. 23, 70327 Stuttgart, Germany",1400.0,48.782734,9.2528476,Wilhelmsschule Untertürkheim,"Am Steinenberg 3, 70329 Stuttgart, Germany",1885.0,48.7546488,9.2530883,Steinenbergschule Grundschule Klasse 1-4,1.0,"Gingener Str. 4, 70327 Stuttgart, Germany",53.0,48.771412299999994,9.2458582,Wangener Eckle Griechische Taverne,"Wangener Marktpl. 2, 70327 Stuttgart, Germany",82.0,48.7716374,9.2456264,Rinascente,"Wangener Marktpl. 2, 70327 Stuttgart, Germany",90.0,48.771713299999995,9.2456339,Aras Kebab GbR,4.0,"Ulmer Str. 355, 70327 Stuttgart, Germany",228.0,48.7722382,9.2436464,Lâm's Asia-Markt,"Hedelfinger Str. 55, 70327 Stuttgart, Germany",384.0,48.7679412,9.2486194,BETA Asia-Supermarkt,"Hedelfinger Str. 55, 70327 Stuttgart, Germany",396.0,48.767865099999995,9.248748,Alpha Asiatische Lebensmittel Gmbh,,Stuttgart,"Die Wilhelmschule Wangen ist eine öffentliche Grund- und Werkrealschule in Stuttgart, die Inklusion und eine umfassende Betreuung durch ein Schülerhaus und erweiterte Angebote fördert. Unter der Leitung von Rektor Andreas Passauer bietet sie Bildung bis zum Mittleren Abschluss und legt Wert auf berufliche Orientierung sowie soziale Unterstützung.","Wilhelmschule Wangen is a public primary and secondary school in Stuttgart, promoting inclusion and comprehensive care through its 'Schülerhaus' and extended programs. Led by Principal Andreas Passauer, it offers education up to intermediate secondary qualifications, focusing on vocational orientation and social support.",8,1,36,6,12.3,16,0,37,"2025,2024,2023",115,3
STG-17862,Wolfbuschschule,Grundschule,Grundschule,Öffentlich,1936.0,Köstlinstraße 76,70499,Weilimdorf,Weilimdorf,0711 21621260,poststelle@s-wolfbusch.schule.bwl.de,http://www.wolfbuschschule.de/,Petra Klingel,"Italienisch, Türkisch, Kroatisch",,,,,,,,,,,,,,,,N/A,"Bilinguale Klassen (Deutsch-Italienisch), Inklusion, Bewegte Schule, Gesunde Schule, Ausbildungsschule für Lehrkräfte.",,,,,,,,,48.80944148135597,9.11483068435174,jedeschule.codefor.de + Stuttgart Schulwegweiser PDF,,,,,,,Unfallatlas,,,,,,,,,,2050,,9,272,,,31,,,,,,,,,,,,,,,,,,,,,,3.0,Sehr sicher,400.0,40.0,,,Korntal,1959,48.8265137,9.1214162,,Weilimdorf,2051,48.822086,9.0944331,,Korntal Gymnasium,2353,48.8305386,9.1124214,,Löwen-Markt,498,48.8137226,9.1128364,,Rastatter Straße,506,48.8101977,9.1080204,,Wolfbusch,727,48.8075391,9.1053391,,Rastatter Straße,466,48.8108106,9.1088207,,Bus (48.8137),477,48.8136544,9.1135903,,Löwen-Markt,479,48.8136659,9.1135709,,23,,50.0,,,"Wolfbuschschule ist eine Grundschule in Stuttgart. Adresse: Köstlinstraße 76, 70499 Stuttgart. Stadtbezirk: Weilimdorf. Die Schule ist in öffentlicher Trägerschaft. Mittlere ÖPNV-Anbindung. Niedrige Kriminalitätsbelastung im Bezirk.","Die Wolfbuschschule ist eine öffentliche Grundschule in Stuttgart-Weilimdorf, die 1936 gegründet wurde und derzeit rund 400 Schülerinnen und Schüler von etwa 40 Lehrkräften unterrichtet. Unter der Leitung von Petra Klingel zeichnet sich die Schule durch ein umfassendes und vielfältiges Profil aus. Ein besonderer Schwerpunkt liegt auf der Mehrsprachigkeit, die sich in bilingualen Klassen (Deutsch-Italienisch) und der Förderung weiterer Sprachen wie Türkisch und Kroatisch widerspiegelt. Die Schule ist eine anerkannte Ausbildungsschule für Lehrkräfte und engagiert sich stark im Bereich der Inklusion, um allen Kindern eine individuelle Förderung zu ermöglichen. Als 'Bewegte Schule' und 'Gesunde Schule' legt die Wolfbuschschule großen Wert auf körperliche Aktivität und eine ausgewogene Ernährung, was sich in Initiativen wie der Vesperpause, fit4future und einem gesunden Pausenbrot zeigt. Die Leseförderung wird durch Projekte wie BISS Transfer, feste Lesezeiten, eine Schülerbücherei und Lesewettbewerbe aktiv unterstützt. Das Schulleben wird durch zahlreiche Feste und Feiern, wie das Schulfest und Adventssingen, sowie durch die Beteiligung von Pausenengeln und einem aktiven Schulverein bereichert. Die Schule bietet zudem eine Ganztagsbetreuung an und arbeitet eng mit Kooperationspartnern wie der Polizei und der Stadtteilbibliothek zusammen, um ein sicheres und anregendes Lernumfeld zu schaffen. Der Mensabau, der zwischen 2019 und 2021 stattfand, unterstreicht das Engagement für eine moderne Infrastruktur. Die Wolfbuschschule ist somit ein lebendiger Lernort, der Bildung, Bewegung und Gemeinschaft fördert.",,,,,,,,,,,7.0,6.0,3.0,4.0,,,,,Kostenfrei (öffentliche Schule),,,,,,,,,,,,,,,,,,,,,,,,400.0,40.0,2050,2024_25,2025,Baden-Württemberg,66.9,0.7,33290,bezirk_estimated,31,93.8,6157.9,272,817.7,Stuttgart,2050,6157.7,9,26.3,17,51.1,2026-08-23,stuttgart.de Adressverzeichnis,,STG-17744,STG-17748,STG-17889,Stuttgart,"Landauer Str. 50, 70499 Stuttgart, Germany",377.0,48.8107479,9.11958,YEA Snacks UG (haftungsbeschränkt),"Köstlinstraße 3, 70499 Stuttgart, Germany",445.0,48.8133463,9.1135002,"Trölsch - Bakery, Confectionery, Cafe","Köstlinstraße 1, 70499 Stuttgart, Germany",465.0,48.813522,9.1134132,Loewenrecords,"Pirmasenser Str. 6, 70499 Stuttgart, Germany",221.0,48.8114177,9.1151909,Kath. Kindergarten,"Thaerstraße 45, 70499 Stuttgart, Germany",223.0,48.810862799999995,9.112683,Dibber-KiTa Thaerstraße,"Zaunkönigweg 3, 70499 Stuttgart, Germany",236.0,48.8073892,9.1140276,educcare Kita Die Zaunkönige,"Köstlinstraße 76, 70499 Stuttgart, Germany",75.0,48.8087957,9.1145283,Sporthalle Wolfbusch (Grundschule),"Maierwaldstraße 14, 70499 Stuttgart, Germany",1025.0,48.8174393,9.1217984,Reisachschule (Grundschule),"Engelbergstraße 81, 70499 Stuttgart, Germany",1689.0,48.8024232,9.0943786,Gemeinschaftsschule Weilimdorf,1.0,"Köstlinstraße 109, 70499 Stuttgart, Germany",97.0,48.80869,9.1155,Don Giovanni im Trompetle,"Landauer Str. 50, 70499 Stuttgart, Germany",377.0,48.8107479,9.11958,green for all UG (haftungsbeschränkt),"Köstlinstraße 4, 70499 Stuttgart, Germany",441.0,48.8132087,9.1129649,Etye,4.0,"Köstlinstraße 121A, 70499 Stuttgart, Germany",281.0,48.807114,9.116309,Almasri Landwirtschaft,"Landstuhler Str. 29, 70499 Stuttgart, Germany",404.0,48.81139950000001,9.1194808,Getränke Dachtler Getränkemarkt,"Köstlinstraße 5, 70499 Stuttgart, Germany",426.0,48.813181199999995,9.1135736,Reformhaus Escher,,Stuttgart,"Die Wolfbuschschule ist eine öffentliche Grundschule in Stuttgart-Weilimdorf, gegründet 1936, mit rund 400 Schülern und 40 Lehrkräften unter der Leitung von Petra Klingel. Sie zeichnet sich durch bilinguale Deutsch-Italienisch-Klassen, Inklusion, ein 'Bewegte Schule'- und 'Gesunde Schule'-Konzept sowie die Funktion als Ausbildungsschule für Lehrkräfte aus. Die Schule fördert Mehrsprachigkeit, Lesekompetenz und bietet eine Ganztagsbetreuung in einem lebendigen Lernumfeld.","The Wolfbuschschule is a public primary school in Stuttgart-Weilimdorf, founded in 1936, with approximately 400 students and 40 teachers, led by Petra Klingel. It is characterized by bilingual German-Italian classes, inclusion, a 'Moving School' and 'Healthy School' concept, and serves as a training school for teachers. The school promotes multilingualism, reading skills, and offers all-day care in a vibrant learning environment.",8,0,19,1,7.3,18,3,22,"2025,2024,2023",158,6
STG-9984-GS,Freie Aktive Schule Stuttgart (Grundschule),Grundschule,Grundschule,Öffentlich,2004.0,"Bopseräcker, Gew. 30A",70597,Sillenbuch,Sillenbuch,0711 6738236,sekretariat@fas-stuttgart.de,https://www.stuttgart-inklusiv.de/,,,,,,,,,,,,,,,,,,N/A,"Reformpädagogische Schule, inspiriert von Montessori, Wild, Freinet Pädagogik.",,,,,,,,,48.73454495125221,9.169875270243878,jedeschule.codefor.de + Stuttgart Schulwegweiser PDF,,,,,,,Unfallatlas,,,,,,,,,,1110,,5,147,,,17,,,,,,,,,,,,,,,,,,,,,,1.0,Sehr sicher,,,,,U-Bahn (48.7485),1556,48.748473,9.167888,,U-Bahn (48.7490),1613,48.7490455,9.1694659,,U-Bahn (48.7493),1638,48.7492646,9.1691988,,Peregrinastraße,1294,48.7436853,9.1589438,,Sigmaringer Straße,1382,48.7287206,9.1532295,,Sonnenberg,1383,48.7413592,9.1540983,,Stuttgart Hohe Eiche,134,48.7337979,9.1684386,,Tränke,362,48.7377549,9.1690186,,Bus (48.7370),526,48.7369626,9.1760329,,35,,50.0,,,"Freie Aktive Schule Stuttgart (Grundschule) ist eine Grundschule in Stuttgart. Adresse: Bopseräcker, Gew. 30A, 70597 Stuttgart. Stadtbezirk: Sillenbuch. Die Schule ist in öffentlicher Trägerschaft. Mittlere ÖPNV-Anbindung. Niedrige Kriminalitätsbelastung im Bezirk.","Die Freie Aktive Schule Stuttgart (FAS) ist ein reformpädagogisches Bildungshaus in Stuttgart, das einen Kindergarten, eine Grundschule und seit 2006 auch eine Realschule umfasst. Sie versteht sich als Ort, an dem Kinder und Jugendliche einen selbstbestimmten Bildungsweg gehen können. Das pädagogische Konzept der FAS basiert auf den Ansätzen von Maria Montessori, Rebeca Wild und Célestin Freinet, die eine freie Entfaltung der Schülerinnen und Schüler in den Mittelpunkt stellen. Der Unterricht findet in altersgemischten Gruppen statt, um das Lernen voneinander und miteinander zu fördern. Die Schule ermutigt die Schüler, aktiv Verantwortung für ihr eigenes Lernen und Leben zu übernehmen. Die FAS legt Wert auf eine unterstützende Lernumgebung und sucht Begleiter mit sonderpädagogischem Hintergrund für die Grundschule. Die Schule befindet sich in der Bospseräcker 30-33, 70597 Stuttgart. Die Trägerschaft ist privat, was sich aus der Bezeichnung als 'Freie Aktive Schule Stuttgart e.V.' und der Erwähnung auf 'Privatschulen-Vergleich.de' ableitet. Informationen zu Schülerzahlen, Lehrkräften oder spezifischen Sprachen sind nicht öffentlich verfügbar.",,,,,,,,,,,1.0,5.0,0.0,0.0,,,,,Kostenfrei (öffentliche Schule),,,,,,,,,,,,,,,,,,,,,,,,,,1110,,2025,Baden-Württemberg,66.9,0.5,25240,bezirk_estimated,17,67.0,4398.5,147,584.1,Stuttgart,1110,4398.4,5,18.8,9,36.5,2026-08-23,stuttgart.de Adressverzeichnis,,STG-18571-GS,STG-271142,STG-17878,Stuttgart,,,,,,,,,,,,,,,,"Sigmaringer Str. 119, 70567 Stuttgart, Germany",1042.0,48.732931099999995,9.1558811,Fröbel-Kindergarten Sigmaringer Straße,"Epplestraße 221, 70567 Stuttgart, Germany",1062.0,48.7250666,9.168151,Kita Sterntaler,"Trochtelfinger Str. 6, 70567 Stuttgart, Germany",1101.0,48.7306258,9.1560909,Johanniter-Unfall-Hilfe e.V. - Kita Die kleinen Entdecker,"Bopseräcker 30-33, 70597 Stuttgart, Germany",77.0,48.7345437,9.1688321,Freie Aktive Schule Stuttgart,"Wurmlinger Str. 61, 70597 Stuttgart, Germany",1031.0,48.7428819,9.1637145,Albschule,"Leinfeldener Str. 61, 70597 Stuttgart, Germany",1161.0,48.744984599999995,9.1699571,Filderschule Degerloch,1.0,"Bopseräcker 1, 70597 Stuttgart, Germany",115.0,48.7335213,9.1700839,Ristorante u. Pizzeria Da Peppone,"Bopseräcker 2, 70597 Stuttgart, Germany",135.0,48.7335833,9.1709935,Clubhaus SV Hoffeld,"Bopseräcker 2, 70597 Stuttgart, Germany",137.0,48.73358,9.17104,Rüdiger Spahr Gaststätte,3.0,"Tränkestraße 13, 70597 Stuttgart, Germany",316.0,48.73639,9.16659,Fanfisch GmbH,,,,,,,,,,,,Stuttgart,"Die Freie Aktive Schule Stuttgart (FAS) ist ein reformpädagogisches Bildungshaus mit Kindergarten, Grundschule und Realschule. Sie fördert selbstbestimmtes Lernen in altersgemischten Gruppen, basierend auf den Pädagogiken von Montessori, Wild und Freinet. Die Schule legt Wert auf freie Entfaltung und Eigenverantwortung der Schüler.","The Freie Aktive Schule Stuttgart (FAS) is a reform pedagogical educational institution comprising a kindergarten, primary school, and secondary school. It promotes self-determined learning in mixed-age groups, based on the pedagogies of Montessori, Wild, and Freinet. The school emphasizes free development and personal responsibility for students.",4,0,9,5,3.0,8,0,9,"2025,2024,2023",90,7
STG-18571-GS,Freie Evangelische Schule Stuttgart (GWRS) (Grundschule),Grundschule,Grundschule,Öffentlich,,"Hengstäcker, Gew. 15",70567,Möhringen,Möhringen,0711 7941360,sekretariat@fes-stuttgart.de,https://www.stuttgart-inklusiv.de/,,"Spanisch, Französisch",,,,,,,,,,,,,,,,N/A,"Evangelische Bekenntnisschule, Jugend forscht, Musicals, Sport, KI, Orchesterbesuche, Prävention.",,,,,,,,,48.730450513780305,9.129242122471668,jedeschule.codefor.de + Stuttgart Schulwegweiser PDF,,,,,,,Unfallatlas,,,,,,,,,,2001,,9,266,,,30,,,,,,,,,,,,,,,,,,,,,,3.0,Sehr sicher,,,,,Stuttgart Österfeld,1207,48.7375038,9.1167264,,Stuttgart-Vaihingen,1259,48.7264626,9.1131764,,U-Bahn (48.7175),1689,48.7174685,9.1411963,,SSB-Zentrum,397,48.7268769,9.1292875,,SSB am Wallgraben,467,48.7269684,9.1256902,,Engelboldstraße,713,48.7367864,9.1277281,,Wallgraben,276,48.7294391,9.1258119,,Engelboldstraße,733,48.737001,9.1281018,,Vaihinger Straße,805,48.7277247,9.1394035,,33,,50.0,,,"Freie Evangelische Schule Stuttgart (GWRS) (Grundschule) ist eine Grundschule in Stuttgart. Adresse: Hengstäcker, Gew. 15, 70567 Stuttgart. Stadtbezirk: Möhringen. Die Schule ist in öffentlicher Trägerschaft. Mittlere ÖPNV-Anbindung. Mittleres Verkehrsunfallaufkommen (12/Jahr). Niedrige Kriminalitätsbelastung im Bezirk.","Die Freie Evangelische Schule Stuttgart (GWRS) ist eine Grundschule in Stuttgart, die sich durch ihr evangelisches Bekenntnis auszeichnet. Als Bekenntnisschule legt sie Wert auf eine werteorientierte Bildung und Erziehung. Die Schule befindet sich in der Adresse Hengstäcker, Gew. 15, 70567 Stuttgart. Obwohl keine spezifischen Informationen zu Schüler- oder Lehrerzahlen vorliegen, bietet die Schule ein vielfältiges pädagogisches Angebot. Zu den Besonderheiten zählen die Förderung im Bereich 'Jugend forscht', die Durchführung von Musicals, ein starker Fokus auf Sport sowie die Integration von Künstlicher Intelligenz (KI) in den Unterricht. Darüber hinaus bereichern Orchesterbesuche das kulturelle Programm und Präventionsmaßnahmen sind ein fester Bestandteil des Schulalltags. Im sprachlichen Bereich werden Spanisch und Französisch angeboten, was den Schülern frühzeitig interkulturelle Kompetenzen vermittelt. Die Schule strebt danach, eine umfassende Bildung zu bieten, die sowohl akademische als auch persönliche Entwicklung fördert, eingebettet in ein christliches Wertefundament.",,,,,,,,,,,1.0,2.0,1.0,3.0,,,,,Kostenfrei (öffentliche Schule),,,,,,,,,,,,,,,,,,,,,,,,,,2001,,2025,Baden-Württemberg,66.9,0.7,32500,bezirk_estimated,30,93.8,6157.9,266,817.7,Stuttgart,2001,6157.7,9,26.3,17,51.1,2026-08-23,stuttgart.de Adressverzeichnis,,STG-271142,STG-54283,STG-9984-GS,Stuttgart,"Wörthstraße 20, 70563 Stuttgart, Germany",399.0,48.729994100000006,9.1238528,Sehne Ihr Familienbäcker,,,,,,,,,,,"Möhringer Landstraße 101, 70563 Stuttgart, Germany",165.0,48.7301284,9.1270454,Tageseinrichtung für Kinder Möhringer Landstraße 101,"Hengstäcker 1, 70567 Stuttgart, Germany",299.0,48.7328475,9.1273851,Kindergarten Sonnenblume - Schulkindergarten für körperbehinderte Kinder,"Am Wallgraben 2, 70563 Stuttgart, Germany",366.0,48.733372900000006,9.1269323,Tageseinrichtung für Kinder Am Wallgraben 2 / Hengstäcker 1,"Hengstäcker, Gewann 15, 70567 Stuttgart, Germany",53.0,48.730815,9.1297039,Freie Evangelische Schule Stuttgart,"Liasweg 4, 70563 Stuttgart, Germany",580.0,48.732845399999995,9.1222118,Österfeldschule - Außenstelle Liasweg,"Breitwiesenstraße 8, 70565 Stuttgart, Germany",988.0,48.7224587,9.1233408,Freie element-i Grundschule Stuttgart,1.0,"Möhringer Landstraße 95, 70563 Stuttgart, Germany",247.0,48.7296985,9.126077600000002,Beyond Chai and Curry,"Möhringer Landstraße 100, 70563 Stuttgart, Germany",316.0,48.72934310000001,9.1252708,Ilysia am Wallgraben,,,,,,6.0,"Wörthstraße 11, 70565 Stuttgart, Germany",439.0,48.7297048,9.123367,Gemüsegarten - Obst & Gemüse aus der Region,,,,,,,,,,,,Stuttgart,"Die Freie Evangelische Schule Stuttgart (GWRS) ist eine evangelische Grundschule in Stuttgart. Sie bietet ein vielfältiges Programm mit 'Jugend forscht', Musicals, Sport, KI-Integration, Orchesterbesuchen und Prävention. Spanisch und Französisch werden als Sprachen angeboten.","The Freie Evangelische Schule Stuttgart (GWRS) is an evangelical primary school in Stuttgart. It offers a diverse program including 'Jugend forscht', musicals, sports, AI integration, orchestra visits, and prevention. Spanish and French are offered as languages.",12,0,34,0,11.7,23,1,35,"2025,2024,2023",84,7
STG-17668-GS,Grund- und Werkrealschule Gablenberg (Grundschule),Grundschule,Grundschule,Öffentlich,,Pflasteräckerstraße 25,70186,Ost,Ost,0711 21696770,poststelle.gwrs.gablenberg@stuttgart.de,http://www.gws-gablenberg.de/,,,,,,,,,,,,,,,,,,N/A,,,,,,,,,,48.779740596356135,9.20841364207886,jedeschule.codefor.de + Stuttgart Schulwegweiser PDF,,,,,,,Unfallatlas,,,,,,,,,,4763,,20,632,,,73,,,,,,,,,,,,,,,,,,,,,,7.0,Durchschnittlich,,,,,U-Bahn (48.7860),1492,48.7859808,9.1903802,,U-Bahn (48.7864),1516,48.7863523,9.1903146,,U-Bahn (48.7862),1551,48.7861728,9.1896239,,Ostheim Leo-Vetter-Bad,616,48.7850092,9.211023,,Gaisburg,698,48.7839051,9.2155437,,Ostendplatz,760,48.7865578,9.2076799,,Tal-/Ostendstraße,186,48.7814037,9.2087195,,Wagenburgstraße,238,48.781869,9.2080555,,Libanonstraße,246,48.7779371,9.2064803,,60,,50.0,,,"Grund- und Werkrealschule Gablenberg (Grundschule) ist eine Grundschule in Stuttgart. Adresse: Pflasteräckerstraße 25, 70186 Stuttgart. Stadtbezirk: Ost. Die Schule ist in öffentlicher Trägerschaft. Mittlere ÖPNV-Anbindung. Mittleres Verkehrsunfallaufkommen (15/Jahr).","Die Grund- und Werkrealschule Gablenberg ist eine öffentliche Grundschule in Stuttgart. Sie befindet sich in der Pflasteräckerstraße 25, 70186 Stuttgart. Als Grundschule legt sie den Grundstein für die schulische Laufbahn ihrer Schülerinnen und Schüler, indem sie grundlegende Kenntnisse und Fähigkeiten in Fächern wie Deutsch, Mathematik und Sachkunde vermittelt. Der Fokus liegt auf einer altersgerechten Förderung und der Entwicklung sozialer Kompetenzen. Die Schule ist öffentlich getragen, was bedeutet, dass sie unter der Aufsicht des Landes steht und für alle Kinder zugänglich ist, unabhängig von ihrer sozialen oder wirtschaftlichen Herkunft. Dies gewährleistet eine breite Bildung für die Gemeinschaft. Obwohl spezifische Daten zu Schülerzahlen, Lehrkräften, angebotenen Sprachen, dem Gründungsjahr oder der Schulleitung derzeit nicht verfügbar sind, ist davon auszugehen, dass die Schule ein engagiertes Team von Pädagogen beschäftigt, das sich der frühkindlichen Bildung widmet. Die Schule spielt eine wichtige Rolle im lokalen Bildungsangebot und trägt zur Entwicklung der jungen Generation in Gablenberg bei. Sie bietet eine sichere und förderliche Umgebung, in der Kinder ihre ersten Schritte in der formalen Bildung machen können, und bereitet sie auf weiterführende Schulen vor. Die pädagogische Arbeit konzentriert sich auf die individuelle Entwicklung jedes Kindes und die Schaffung einer positiven Lernatmosphäre.",,,,,,,,,,,12.0,20.0,6.0,6.0,,,,,Kostenfrei (öffentliche Schule),,,,,,,,,,,,,,,,,,,,,,,,,,4763,,2025,Baden-Württemberg,66.9,1.1,49220,bezirk_estimated,73,147.4,9676.7,632,1285.0,Stuttgart,4763,9676.4,20,41.3,40,80.3,2026-08-23,stuttgart.de Adressverzeichnis,,STG-12432-GS,STG-388049-GS,STG-17660,Stuttgart,"Gablenberger Hauptstraße 24, 70186 Stuttgart, Germany",84.0,48.7794226,9.2073703,Nida's Eiscafe,"Gablenberger Hauptstraße 43, 70186 Stuttgart, Germany",187.0,48.7783037,9.2070876,Solin‘s Nan Haus,"Wagenburgstraße 118, 70186 Stuttgart, Germany",226.0,48.780840999999995,9.2058268,BaumkuchenBoutique,"Bergstraße 133, 70186 Stuttgart, Germany",172.0,48.780259,9.2106201,Evangelischer Kindergarten Eduard Pfeiffer,"Faullederstraße 3, 70186 Stuttgart, Germany",217.0,48.7799488,9.2054643,Die kleine Kajüte,"Bussenstraße 24, 70186 Stuttgart, Germany",356.0,48.7782039,9.2041569,Kindertagesstätte Krippe Gablenberg e.V.,"Landhausstraße 255, 70188 Stuttgart, Germany",801.0,48.7835354,9.2177136,Grundschule Gaisburg,"Landhausstraße 117, 70190 Stuttgart, Germany",1005.0,48.7878406,9.202342,Elementary and Werkrealschule Ostheim,"Ameisenbergstraße 2, 70188 Stuttgart, Germany",1138.0,48.7840385,9.1943142,Ameisenbergschule,0.0,"Gablenberger Hauptstraße 20, 70186 Stuttgart, Germany",76.0,48.7796966,9.2073737,Il Ristorante Villa Rustica - Stuttgart,"Gablenberger Hauptstraße 24, 70186 Stuttgart, Germany",84.0,48.7794226,9.2073703,Nida's Eiscafe,"Gablenberger Hauptstraße 5, 70186 Stuttgart, Germany",107.0,48.7806534,9.2079619,Maultaschenhäusle,12.0,"Gablenberger Hauptstraße 29, 70186 Stuttgart, Germany",117.0,48.7789132,9.2074358,Denns BioMarkt Stuttgart,"Gablenberger Hauptstraße 32, 70186 Stuttgart, Germany",124.0,48.7790275,9.2071075,Fein & Fine,"Gablenberger Hauptstraße 32, 70186 Stuttgart, Germany",130.0,48.779034,9.207002,Aldi Süd,,Stuttgart,Die Grund- und Werkrealschule Gablenberg ist eine öffentliche Grundschule in Stuttgart. Sie bietet grundlegende Bildung und fördert soziale Kompetenzen in einer altersgerechten Umgebung. Als öffentliche Einrichtung ist sie für alle Kinder zugänglich und legt den Grundstein für ihre schulische Laufbahn.,"The Grund- und Werkrealschule Gablenberg is a public primary school in Stuttgart, Germany. It provides fundamental education and fosters social competencies in an age-appropriate environment. As a public institution, it is accessible to all children and lays the foundation for their academic journey.",13,0,39,6,14.7,23,5,44,"2025,2024,2023",59,17
STG-388049-GS,Grund- und Werkrealschule Ostheim (Grundschule),Grundschule,Grundschule,Öffentlich,,Landhausstraße 117,70190,Ost,Ost,0711 21633305,poststelle.gwrs.ostheim@stuttgart.de,https://gwrsostheim.de/,Jürgen Alber,Englisch,,,,,,,,,,,,,,,,N/A,"Schule mit sportlichem Profil, Schule im digitalen Zeitalter, Klasse2000, Berufsorientierung",,,,,,,,,48.787396515786334,9.203176688424945,jedeschule.codefor.de + Stuttgart Schulwegweiser PDF,,,,,,,Unfallatlas,,,,,,,,,,4763,,20,632,,,73,,,,,,,,,,,,,,,,,,,,,,7.0,Durchschnittlich,,,,,U-Bahn (48.7864),949,48.7863523,9.1903146,,U-Bahn (48.7860),951,48.7859808,9.1903802,,U-Bahn (48.7862),1002,48.7861728,9.1896239,,Karl-Olga-Krankenhaus,211,48.7891641,9.2021363,,Bergfriedhof,256,48.7890678,9.2055819,,Ostendplatz,338,48.7865569,9.2076162,,Karl-Olga-Krankenhaus,195,48.7890703,9.2023674,,Schwarenbergstraße,196,48.785647,9.203543,,Bergfriedhof,280,48.78906,9.2060405,,73,,50.0,,,"Grund- und Werkrealschule Ostheim (Grundschule) ist eine Grundschule in Stuttgart. Adresse: Landhausstraße 117, 70190 Stuttgart. Stadtbezirk: Ost. Die Schule ist in öffentlicher Trägerschaft. Mittlere ÖPNV-Anbindung. Mittleres Verkehrsunfallaufkommen (16/Jahr).","Die Grund- und Werkrealschule Ostheim ist eine öffentliche Bildungseinrichtung im Herzen des Stuttgarter Ostens, gelegen in der Landhausstraße 117, 70190 Stuttgart. Unter der Leitung von Jürgen Alber bietet die Schule ein vielfältiges Profil, das sowohl eine Grundschule als auch eine Werkrealschule umfasst. Die Grundschule zeichnet sich durch besondere Schwerpunkte aus, darunter ein sportliches Profil, die Teilnahme am Programm 'Klasse2000' zur Gesundheitsförderung und die Ausrichtung als 'Schule im digitalen Zeitalter'. Ergänzt wird das Angebot durch Waldtage, Grundschulförderklassen, verschiedene Arbeitsgemeinschaften (AGs) in den Bereichen Kultur und Bewegung sowie eine umfassende Schulsozialarbeit und Sommerschule. Die Werkrealschule legt einen starken Fokus auf Berufsorientierung und bietet eine Ganztagsbetreuung sowie eine Vorbereitungsklasse an. Die Schule ist bekannt für ihre kulturellen Aktivitäten, wie Musicals und Adventsbasare, die das Gemeinschaftsleben bereichern. Englisch wird als Fremdsprache unterrichtet. Die Grund- und Werkrealschule Ostheim ist eine typische innerstädtische Schule, deren Einzugsgebiet vom Stöckach bis in die Halbhöhenlagen reicht und die Vielfalt ihrer Schülerschaft widerspiegelt. Sie bietet ihren Schülern eine umfassende Bildung und individuelle Förderung in einem unterstützenden Umfeld.",,,,,,,,,,,5.0,20.0,15.0,4.0,,,,,Kostenfrei (öffentliche Schule),,,,,,,,,,,,,,,,,,,,,,,,,,4763,,2025,Baden-Württemberg,66.9,1.1,49220,bezirk_estimated,73,147.4,9676.7,632,1285.0,Stuttgart,4763,9676.4,20,41.3,40,80.3,2026-08-23,stuttgart.de Adressverzeichnis,,STG-17668-GS,STG-17664,STG-12432-GS,Stuttgart,"Landhausstraße 113A, 70190 Stuttgart, Germany",121.0,48.7878165,9.201652,Rosticceria Palma,"Haußmannstraße 137, 70188 Stuttgart, Germany",191.0,48.785697899999995,9.2035768,Kafenio-Hellas,"Hackstraße 39, 70190 Stuttgart, Germany",219.0,48.7893169,9.2024918,Petty's Backhaus,"Staibenäcker 8, 70188 Stuttgart, Germany",343.0,48.78432,9.2029401,Kindergarten Staibenäcker,"Rotenbergstraße 83, 70190 Stuttgart, Germany",345.0,48.7874646,9.2078807,Apfelbäumchen,"Sickstraße 39, 70190 Stuttgart, Germany",398.0,48.7908196,9.2047776,Evang. Kindertagesstätte Stöckach,"Landhausstraße 117, 70190 Stuttgart, Germany",79.0,48.7878406,9.202342,Elementary and Werkrealschule Ostheim,"Ameisenbergstraße 2, 70188 Stuttgart, Germany",749.0,48.7840385,9.1943142,Ameisenbergschule,"Pflasteräckerstraße 25, 70186 Stuttgart, Germany",931.0,48.77979,9.20848,Grund- und Werkrealschule Gablenberg,1.0,"Landhausstraße 110, 70190 Stuttgart, Germany",95.0,48.787448399999995,9.201883900000002,Time For Sushi,"Schwarenbergstraße 40, 70190 Stuttgart, Germany",122.0,48.7880516,9.2018404,Udo Snack,"Hackstraße 41, 70190 Stuttgart, Germany",216.0,48.789310099999994,9.2027014,Pizzeria Palma,13.0,"Hackstraße 37, 70190 Stuttgart, Germany",219.0,48.7893102,9.2024517,Aryana Markt,"Haußmannstraße 103, 70188 Stuttgart, Germany",310.0,48.7855427,9.2000218,PENNY,"Landhausstraße 166, 70188 Stuttgart, Germany",320.0,48.7860483,9.2070328,Gesunde Kost Rein e.K.,,Stuttgart,Die Grund- und Werkrealschule Ostheim in Stuttgart ist eine öffentliche Schule mit einem sportlichen Profil und dem Fokus auf digitale Bildung und Gesundheitsförderung ('Klasse2000'). Sie bietet sowohl eine Grundschule mit vielfältigen AGs und Förderklassen als auch eine Werkrealschule mit Schwerpunkt Berufsorientierung und Ganztagsbetreuung. Schulleiter ist Jürgen Alber.,"Grund- und Werkrealschule Ostheim in Stuttgart is a public school with a sports profile, focusing on digital education and health promotion ('Klasse2000'). It offers both a primary school with diverse extracurricular activities and preparatory classes, and a secondary modern school with a focus on career orientation and full-day care. The headmaster is Jürgen Alber.",22,0,46,9,16.3,32,3,49,"2025,2024,2023",90,26
STG-12432-GS,Grund- und Werkrealschule Gablenberg (Außenstelle) (Grundschule),Grundschule,Grundschule,Öffentlich,,Am Klingenbach 19,70188,Ost,Ost,0711 21696779,,https://www.stuttgart-inklusiv.de/,,,,,,,,,,,,,,,,,,N/A,,,,,,,,,,48.78193153756339,9.2106551829722,jedeschule.codefor.de + Stuttgart Schulwegweiser PDF,,,,,,,Unfallatlas,,,,,,,,,,4763,,20,632,,,73,,,,,,,,,,,,,,,,,,,,,,7.0,Durchschnittlich,,,,,U-Bahn (48.7860),1552,48.7859808,9.1903802,,U-Bahn (48.7864),1569,48.7863523,9.1903146,,U-Bahn (48.7862),1611,48.7861728,9.1896239,,Ostheim Leo-Vetter-Bad,343,48.7850092,9.211023,,Gaisburg,420,48.7839051,9.2155437,,Ostendplatz,557,48.786565,9.2077495,,Tal-/Ostendstraße,153,48.7814037,9.2087195,,Wagenburgstraße,191,48.781869,9.2080555,,Ostheim Leo-Vetter-Bad,356,48.7851311,9.2104385,,71,,50.0,,,"Grund- und Werkrealschule Gablenberg (Außenstelle) (Grundschule) ist eine Grundschule in Stuttgart. Adresse: Am Klingenbach 19, 70188 Stuttgart. Stadtbezirk: Ost. Die Schule ist in öffentlicher Trägerschaft. Mittlere ÖPNV-Anbindung. Erhöhtes Verkehrsunfallaufkommen (20/Jahr).",,,,,,,,,,,,13.0,20.0,17.0,7.0,,,,,Kostenfrei (öffentliche Schule),,,,,,,,,,,,,,,,,,,,,,,,,,4763,,2025,Baden-Württemberg,66.9,1.1,49220,bezirk_estimated,73,147.4,9676.7,632,1285.0,Stuttgart,4763,9676.4,20,41.3,40,80.3,2026-08-23,stuttgart.de Adressverzeichnis,,STG-17668-GS,STG-388049-GS,STG-17630,Stuttgart,"Talstraße 28, 70188 Stuttgart, Germany",70.0,48.782557,9.210672,Shell,"Ostendstraße 117, 70188 Stuttgart, Germany",176.0,48.7820453,9.2082552,Café117,"Ostendstraße 82, 70188 Stuttgart, Germany",345.0,48.7842904,9.2075983,Rössle,"Schönbühlstraße 100, 70188 Stuttgart, Germany",142.0,48.7825954,9.2123069,Kindertagesstätte Gaisburg,"Schurwaldstraße 5, 70186 Stuttgart, Germany",181.0,48.7816196,9.2130762,Kath. Kindergarten Herz Jesu,"Schönbühlstraße 83, 70188 Stuttgart, Germany",184.0,48.783197300000005,9.2122625,Evangelischer Kindergarten Klingenbach,"Pflasteräckerstraße 25, 70186 Stuttgart, Germany",287.0,48.77979,9.20848,Grund- und Werkrealschule Gablenberg,"Landhausstraße 255, 70188 Stuttgart, Germany",547.0,48.7835354,9.2177136,Grundschule Gaisburg,"Landhausstraße 117, 70190 Stuttgart, Germany",896.0,48.7878406,9.202342,Elementary and Werkrealschule Ostheim,1.0,"Wagenburgstraße 147, 70188 Stuttgart, Germany",233.0,48.781279999999995,9.2076307,Schlampazius,"Gablenberger Hauptstraße 5, 70186 Stuttgart, Germany",243.0,48.7806534,9.2079619,Maultaschenhäusle,"Ostendstraße 106A, 70188 Stuttgart, Germany",257.0,48.782118999999994,9.207159,Kulturwerk - öffentliche Kantine,12.0,"70188 Stuttgart, Germany",63.0,48.7824897,9.2107769,Select,"Ostendstraße 110, 70188 Stuttgart, Germany",223.0,48.7816106,9.2076515,Norma,"Ostendstraße 90, 70188 Stuttgart, Germany",261.0,48.7831374,9.207603,REWE Stephanie Güntner,,Stuttgart,,,21,0,54,12,20.0,37,6,60,"2025,2024,2023",82,22
STG-17760-GS,Pestalozzischule (Grundschule),Grundschule,Grundschule,Öffentlich,,Krehlstraße 60,70565,Vaihingen,Vaihingen,0711 21698660,poststelle.pestalozzischule@stuttgart.de,https://www.stuttgart-inklusiv.de/,Silke Plaas,,,,,,,,,,,,,,,,,N/A,"Teilgebundene Ganztagesgrundschule, Werkrealschule, Vorbereitungsklasse, Weltethos-Schule, Berufswahlsiegel, Afrika-Partnerschaft, individuelle Förderung, Sozialkompetenz.",,,,,,,,,48.72398394177479,9.100590340569184,jedeschule.codefor.de + Stuttgart Schulwegweiser PDF,,,,,,,Unfallatlas,,,,,,,,,,2762,,12,367,,,42,,,,,,,,,,,,,,,,,,,,,,3.0,Sehr sicher,,,,,Stuttgart-Rohr,902,48.7177263,9.1084072,,Stuttgart-Vaihingen,963,48.7264626,9.1131764,,Stuttgart Österfeld,1913,48.7375038,9.1167264,,Vaihingen,866,48.7262981,9.1118577,,Vaihingen Schillerplatz,1137,48.7301395,9.1129629,,Jurastraße,1331,48.7289227,9.1171158,,Pestalozzi Schule,120,48.7250408,9.1002513,,Pestalozzi-Schule,129,48.725128,9.100332,,Albblick,410,48.7238436,9.0950076,,59,"008/043, 042, 751, Flixbus 008",50.0,,,"Pestalozzischule (Grundschule) ist eine Grundschule in Stuttgart. Adresse: Krehlstraße 60, 70565 Stuttgart. Stadtbezirk: Vaihingen. Die Schule ist in öffentlicher Trägerschaft. Mittlere ÖPNV-Anbindung. Niedrige Kriminalitätsbelastung im Bezirk.","Die Pestalozzischule in Stuttgart ist eine öffentliche Grundschule, die sich in der Krehlstraße 60, 70565 Stuttgart, befindet. Sie zeichnet sich durch ein inklusives und barrierefreies Lernumfeld aus, das durch rollstuhlgerechte Zugänge und Parkmöglichkeiten gewährleistet wird. Die Schule legt großen Wert auf eine moderne Lernumgebung, die Kinder aller Altersgruppen anspricht und fördert. Unter der Leitung von Rektorin Silke Plaas und Konrektor Martin Brenken engagiert sich das Lehrpersonal stark für die Förderung kreativer Projekte und des individuellen Lernfortschritts jedes Kindes. Dabei wird die aktive Einbeziehung der Eltern als wichtiger Bestandteil des Bildungsprozesses betrachtet. Die Pestalozzischule versteht sich als ein Ort, der Vielfalt und Bildungsgleichheit nachhaltig erlebt und fördert. Neben dem regulären Unterricht bietet die Schule auch eine Ganztagsbetreuung an, die von Sabine Helmer geleitet wird. Das Team der Schule umfasst zudem eine Sekretärin (Frau Wendland), Schulsozialarbeiter (Sibylle Häußler und René Weber), einen Hausmeister (Kostas Golemas) und eine Beratungslehrerin (Sanja Wagner), die alle zum unterstützenden Umfeld der Schule beitragen. Die Kommunikation mit der Schule ist über Telefon (0711/216 98 660) und E-Mail (pestalozzischule@stuttgart.de) möglich. Die Pestalozzischule ist somit eine zentrale Bildungseinrichtung in Stuttgart, die sich der ganzheitlichen Entwicklung ihrer Schülerinnen und Schüler verschrieben hat und ein offenes, unterstützendes und zugängliches Lernumfeld bietet.",,,,,,,,,,,2.0,1.0,1.0,3.0,,,,,Kostenfrei (öffentliche Schule),,,,,,,,,,,,,,,,,,,,,,,,,,2762,,2025,Baden-Württemberg,66.9,0.7,44850,bezirk_estimated,42,93.8,6157.9,367,817.7,Stuttgart,2762,6157.7,12,26.3,23,51.1,2026-08-23,stuttgart.de Adressverzeichnis,,STG-17831,STG-17847,STG-17889,Stuttgart,"Robert-Koch-Straße 65, 70563 Stuttgart, Germany",481.0,48.72448,9.10711,Bäckerhaus Veit Café,,,,,,,,,,,"Rohr, 70565 Stuttgart, Germany",231.0,48.7220243,9.1016284,Tageseinrichtung für Kinder Krehlstraße,"Stadtbad, Stadtbad, Freibadstraße 30, 70563 Stuttgart, Germany",435.0,48.7275441,9.103042,Die Kleinen Feuerdrachen,"Freibadstraße 86, 70563 Stuttgart, Germany",453.0,48.727098999999995,9.0966184,Tageseinrichtung für Kinder Freibadstraße 86,"Thingstraße 50, 70565 Stuttgart, Germany",458.0,48.721494199999995,9.0956243,Albert-Schweitzer-Schule Stuttgart,"Schwabenpl. 3, 70563 Stuttgart, Germany",978.0,48.7310465,9.1085369,Griechische Schule Vaihingen e.V.,"Dürrlewangstraße 20, 70565 Stuttgart, Germany",1231.0,48.7169141,9.1135048,Schönbuchschule,1.0,"Robert-Koch-Straße 65, 70563 Stuttgart, Germany",481.0,48.72448,9.10711,Bäckerhaus Veit Café,,,,,,,,,,,7.0,"Waldburgstraße 33, 70563 Stuttgart, Germany",419.0,48.7251266,9.1060314,Feinkost Waldburg,"Waldburgstraße 33, 70563 Stuttgart, Germany",420.0,48.7251603,9.1060275,Frischemarkt Waldburg,,,,,,,Stuttgart,"Die Pestalozzischule in Stuttgart ist eine öffentliche Grundschule, die ein inklusives und barrierefreies Lernumfeld bietet. Sie fördert kreative Projekte und individuellen Lernfortschritt unter aktiver Einbeziehung der Eltern. Die Schule legt Wert auf Vielfalt und Bildungsgleichheit und bietet zudem eine Ganztagsbetreuung an.","Pestalozzischule in Stuttgart is a public primary school offering an inclusive and barrier-free learning environment. It promotes creative projects and individual learning progress with active parental involvement. The school values diversity and educational equality, and also provides full-day care.",14,0,24,9,8.3,19,1,25,"2025,2024,2023",81,11
STG-17730-GS,Rosensteinschule (Grundschule),Grundschule,Grundschule,Öffentlich,,Nordbahnhofstraße 120,70191,Nord,Nord,0711 21620820,poststelle.rosensteinschule@stuttgart.de,http://www.rosensteinschule.de/,,,,,,,,,,,,,,,,,,N/A,"Individuelles Lernen (IL), Bewegte Grundschule, Klassenrat, Themenangebote, Kindergarten-kooperation, Inklusion",,,,,,,,,48.800345547202795,9.19037396768766,jedeschule.codefor.de + Stuttgart Schulwegweiser PDF,,,,,,,Unfallatlas,,,,,,,,,,3297,,14,438,,,50,,,,,,,,,,,,,,,,,,,,,,9.0,Belastet,,,,,Stuttgart Nordbahnhof,413,48.80373,9.188064,,U-Bahn (48.7908),1270,48.7907956,9.1808719,,Killesberg,1287,48.7994956,9.1728447,,Mittnachtstraße,276,48.7978661,9.1901312,,Nordbahnhof,298,48.8029917,9.1897176,,Pragfriedhof,624,48.7980762,9.182576,,Nordbahnhof,256,48.8025995,9.1896623,,Nordbahnhof (Lotto Baden-Württemberg),411,48.8039962,9.1895213,,Löwentorbrücke (Diakonie),620,48.8038047,9.1837321,,31,,50.0,,,"Rosensteinschule (Grundschule) ist eine Grundschule in Stuttgart. Adresse: Nordbahnhofstraße 120, 70191 Stuttgart. Stadtbezirk: Nord. Die Schule ist in öffentlicher Trägerschaft. Mittlere ÖPNV-Anbindung. Überdurchschnittliche Kriminalitätsbelastung im Bezirk.","Die Rosensteinschule in Stuttgart ist eine öffentliche Bildungseinrichtung, die sowohl eine Grundschule als auch eine Werkrealschule umfasst. Der Fokus dieses Profils liegt auf der Grundschule, die sich durch ein umfassendes und modernes pädagogisches Konzept auszeichnet. Die Schule befindet sich in der Nordbahnhofstraße 120, 70191 Stuttgart. Ein zentrales Merkmal der Rosensteinschule ist das Konzept des Individuellen Lernens (IL), das darauf abzielt, jedem Kind entsprechend seiner Fähigkeiten und Bedürfnisse gerecht zu werden. Ergänzt wird dies durch das Profil einer 'Bewegten Grundschule', die körperliche Aktivität und Bewegung in den Schulalltag integriert, um die Entwicklung der Schüler ganzheitlich zu fördern. Der Klassenrat spielt eine wichtige Rolle bei der Stärkung der sozialen Kompetenzen und der Partizipation der Kinder am Schulleben. Darüber hinaus bietet die Schule vielfältige Themenangebote, die den Unterricht bereichern und den Interessen der Schüler entgegenkommen. Die enge Kooperation mit Kindergärten gewährleistet einen reibungslosen Übergang vom Kindergarten in die Grundschule. Ein weiteres wichtiges Element ist die Inklusion, die sicherstellt, dass alle Kinder, unabhängig von ihren individuellen Voraussetzungen, gemeinsam lernen und am Schulleben teilhaben können. Die Rosensteinschule bietet zudem einen Ganztagsbereich mit sozialpädagogischer Betreuung an, der den Eltern eine flexible und umfassende Betreuung ihrer Kinder ermöglicht. Schulsozialarbeit ist ebenfalls ein fester Bestandteil des Angebots, um Schüler und Familien bei sozialen und persönlichen Herausforderungen zu unterstützen. Insgesamt präsentiert sich die Rosensteinschule als eine engagierte und zukunftsorientierte Grundschule, die Wert auf individuelle Förderung, Bewegung, soziale Kompetenzen und eine inklusive Lernumgebung legt.",,,,,,,,,,,1.0,10.0,3.0,4.0,,,,,Kostenfrei (öffentliche Schule),,,,,,,,,,,,,,,,,,,,,,,,,,3297,,2025,Baden-Württemberg,66.9,1.3,28830,bezirk_estimated,50,174.2,11436.1,438,1518.6,Stuttgart,3297,11435.7,14,48.8,27,94.8,2026-08-23,stuttgart.de Adressverzeichnis,,STG-17740,STG-13277,STG-17929,Stuttgart,"Nordbahnhofstraße 171, 70191 Stuttgart, Germany",334.0,48.8033021,9.1895847,S-Bahn Ständle,"Nordbahnhofstraße 63, 70191 Stuttgart, Germany",471.0,48.7961293,9.1897038,Lecker Der Bäcker,"Nordbahnhofstraße 61, 70191 Stuttgart, Germany",491.0,48.7959518,9.18977,Sultan‘s Snack & Back,"Goppeltstraße 18, 70191 Stuttgart, Germany",195.0,48.8004561,9.1930247,Evangelische inklusive Kindertagesstätte Martinskirche,"Goppeltstraße 18, 70191 Stuttgart, Germany",195.0,48.8003945,9.1930346,eva:lino Kita Goppeltstraße,"Rosensteinstraße 57, 70191 Stuttgart, Germany",297.0,48.799015399999995,9.1938854,Kindergarten Nord,"Friedhofstraße 74, 70191 Stuttgart, Germany",918.0,48.7949479,9.1808992,Pragschule,"Parlerstraße 100, 70192 Stuttgart, Germany",1481.0,48.795826000000005,9.1713582,Mühlbachhofschule,"Landhausstraße 117, 70190 Stuttgart, Germany",1644.0,48.7878406,9.202342,Elementary and Werkrealschule Ostheim,0.0,"Nordbahnhofstraße 127, 70191 Stuttgart, Germany",41.0,48.800379199999995,9.1898128,Al Ryan Orientalisches-Restaurant & Shischa-Lounge,"Nordbahnhofstraße 109, 70191 Stuttgart, Germany",140.0,48.79913630000001,9.1898463,La Casa Pizza,"Nordbahnhofstraße 105, 70191 Stuttgart, Germany",155.0,48.7989817,9.189945,EAT INN NORD / Burger Deluxe,8.0,"Rosensteinstraße 55, 70191 Stuttgart, Germany",362.0,48.798640000000006,9.19459,Lidl,,,,,,,,,,,,Stuttgart,"Die Rosensteinschule in Stuttgart ist eine öffentliche Grundschule, die sich durch ein modernes pädagogisches Konzept auszeichnet. Schwerpunkte sind Individuelles Lernen (IL), eine 'Bewegte Grundschule', der Klassenrat, vielfältige Themenangebote, Kindergarten-Kooperation und Inklusion. Sie bietet zudem einen Ganztagsbereich mit sozialpädagogischer Betreuung und Schulsozialarbeit.","The Rosensteinschule in Stuttgart is a public primary school characterized by a modern pedagogical concept. Key features include Individual Learning (IL), an 'Active Primary School' approach, class councils, diverse thematic offerings, kindergarten cooperation, and inclusion. It also provides a full-day program with socio-pedagogical support and school social work.",9,0,17,2,5.7,9,0,17,"2025,2024,2023",104,11
STG-17800-GS,Uhlandschule (Grundschule),Grundschule,Grundschule,Öffentlich,,Tapachstraße 4,70437,Zuffenhausen,Zuffenhausen,0711 21689440,poststelle.uhlandschule@stuttgart.de,http://www.uhlandschule-rot.de/,,,,,,,,,,,,,,,,,,N/A,"Sinus-Profil Mathematik, TheaterhausPLUS, Fit @ School",,,,,,,,,48.8317233217043,9.195725241002268,jedeschule.codefor.de + Stuttgart Schulwegweiser PDF,,,,,,,Unfallatlas,,,,,,,,,,3694,,16,491,,,56,,,,,,,,,,,,,,,,,,,,,,7.0,Durchschnittlich,,,,,Stuttgart-Zazenhausen,555,48.8360504,9.1995088,,U-Bahn (48.8321),1791,48.8321247,9.171266,,U-Bahn (48.8322),1842,48.8322288,9.1705762,,Tapachstraße,246,48.8339314,9.1955664,,Fürfelder Straße,277,48.8322412,9.1920171,,Himmelsleiter,765,48.8374087,9.201619,,Tapachstraße,92,48.8325333,9.1959738,,Rilke Realschule,191,48.8302347,9.1970158,,Fürfelder Straße,306,48.8320087,9.1915604,,42,,50.0,,,"Uhlandschule (Grundschule) ist eine Grundschule in Stuttgart. Adresse: Tapachstraße 4, 70437 Stuttgart. Stadtbezirk: Zuffenhausen. Die Schule ist in öffentlicher Trägerschaft. Mittlere ÖPNV-Anbindung.","Die Uhlandschule in Stuttgart-Rot ist eine öffentliche Grundschule, die sich durch ein vielfältiges und engagiertes pädagogisches Profil auszeichnet. Gelegen in der Tapachstraße 4, 70437 Stuttgart, bietet sie ihren Schülerinnen und Schülern eine umfassende Bildung und Betreuung. Ein zentraler Pfeiler des Schulkonzepts ist das ""Sinus-Profil Mathematik"", das darauf abzielt, das Interesse und die Fähigkeiten der Kinder in mathematischen und naturwissenschaftlichen Bereichen spielerisch und praxisnah zu fördern. Darüber hinaus legt die Schule großen Wert auf kulturelle Bildung und Kreativität, was sich in der Kooperation ""TheaterhausPLUS"" mit dem renommierten Theaterhaus Stuttgart widerspiegelt. Hier erhalten die Kinder die Möglichkeit, Theaterluft zu schnuppern und eigene künstlerische Talente zu entdecken. Das Wohlbefinden und die gesunde Entwicklung der Schüler stehen im Mittelpunkt. Dies wird durch Initiativen wie ""Fit @ School"" und die ""Gesunde Pause"" unterstützt, die Bewegung, gesunde Ernährung und Achtsamkeit im Schulalltag verankern. Die Uhlandschule bietet zudem ein ""Erweitertes Betreuungsangebot (EBA)"" in Form eines Schülerhauses, das eine verlässliche Nachmittagsbetreuung gewährleistet und den Eltern eine bessere Vereinbarkeit von Familie und Beruf ermöglicht. Die Schulsozialarbeit ist ein weiterer wichtiger Bestandteil des Schulprofils, der Schüler, Eltern und Lehrkräfte bei sozialen und persönlichen Herausforderungen unterstützt und ein positives Schulklima fördert. Projekte wie ""Gartenfreunde"" und der ""Tag der Schülersicherheit"" zeigen das Engagement der Schule für Umweltbildung und die Sicherheit ihrer Gemeinschaft. Mit einem aktiven Förderverein und Elternbeirat ist die Uhlandschule fest in der lokalen Gemeinschaft verankert und strebt danach, ein anregendes und unterstützendes Lernumfeld für alle Kinder zu schaffen.",,,,,,,,,,,1.0,7.0,2.0,6.0,,,,,Kostenfrei (öffentliche Schule),,,,,,,,,,,,,,,,,,,,,,,,,,3694,,2025,Baden-Württemberg,66.9,1.1,38180,bezirk_estimated,56,147.4,9676.7,491,1285.0,Stuttgart,3694,9676.4,16,41.3,31,80.3,2026-08-23,stuttgart.de Adressverzeichnis,,STG-17781,STG-17839,STG-17941,Stuttgart,"Haldenrainstraße 178, 70437 Stuttgart, Germany",160.0,48.8331564,9.1958766,Siegel Backkultur,"Böckinger Str. 9, 70437 Stuttgart, Germany",453.0,48.835716999999995,9.1945052,Café Tas,,,,,,"Tapachstraße 44, 70437 Stuttgart, Germany",88.0,48.8313007,9.1967429,IB-Kita Tapachzwerge,"Fleiner Str. 68, 70437 Stuttgart, Germany",276.0,48.834185899999994,9.1962456,Kita Himmelsleiter,"Tapachstraße 62, 70437 Stuttgart, Germany",278.0,48.8292277,9.1958782,Tageseinrichtung für Kinder Tapachstraße 62-64,"Rotweg 127, 70437 Stuttgart, Germany",495.0,48.8353182,9.1917315,Ernst-Abbe-Schule,"Schwabbacher Str. 25 e, 70437 Stuttgart, Germany",966.0,48.8304869,9.182668,Haldenrainschule,"Schwabbacher Str. 25, 70437 Stuttgart, Germany",981.0,48.830898,9.1823856,Silcherschule,1.0,"Haldenrainstraße 182, 70437 Stuttgart, Germany",212.0,48.8336279,9.1958849,Eat Up Stuttgart,"Fürfelder Str. 15, 70437 Stuttgart, Germany",265.0,48.8307321,9.1924346,"Restaurant S.V. Rot, Kadri Imishti Stuttgart","Haldenrainstraße 175, 70437 Stuttgart, Germany",274.0,48.8341837,9.1958988,Can Döner,10.0,"Haldenrainstraße 124, 70437 Stuttgart, Germany",380.0,48.83171850000001,9.1905304,AFRO FRESH oHG,,,,,,,,,,,,Stuttgart,"Die Uhlandschule in Stuttgart-Rot ist eine öffentliche Grundschule, die ein umfassendes Bildungsprogramm mit Schwerpunkten in Mathematik (""Sinus-Profil""), kultureller Bildung (""TheaterhausPLUS"") und Gesundheitsförderung (""Fit @ School"", ""Gesunde Pause"") bietet. Ergänzt wird dies durch Schulsozialarbeit und ein erweitertes Betreuungsangebot, um ein ganzheitliches und unterstützendes Lernumfeld zu schaffen.","The Uhlandschule in Stuttgart-Rot is a public primary school offering a comprehensive educational program with a focus on mathematics (""Sinus Profile""), cultural education (""TheaterhausPLUS""), and health promotion (""Fit @ School"", ""Healthy Break""). This is complemented by school social work and an extended care program to create a holistic and supportive learning environment.",6,0,24,6,9.0,15,3,27,"2025,2024,2023",109,12
STG-17855-GS,Wilhelmsschule Wangen (Grundschule),Grundschule,Grundschule,Öffentlich,,Hedelfinger Straße 9,70327,Wangen,Wangen,0711 21698344,wilhelmsschule-wangen@stuttgart.de,http://www.wilhelmsschule.s.schule-bw.de/,Andreas Passauer,,,,,,,,,,,,,,,,,N/A,"Grundschulförderklasse, Schülerhaus, musikalische und sportliche Angebote.",,,,,,,,,48.77095823233921,9.24607603922269,jedeschule.codefor.de + Stuttgart Schulwegweiser PDF,,,,,,,Unfallatlas,,,,,,,,,,478,,2,64,,,7,,,,,,,,,,,,,,,,,,,,,,2.0,Sehr sicher,,,,,Stuttgart-Untertürkheim,1037,48.7798209,9.2504725,,Stuttgart-Obertürkheim,1912,48.7617575,9.2681173,,Stuttgart Neckarpark,2347,48.7918161,9.2411731,,Wangen Marktplatz,79,48.7715166,9.2454169,,Stadtwerke Stuttgart,499,48.7669119,9.2490146,,Wasenstraße,516,48.7755041,9.2446398,,Wangen Kelter,381,48.7731448,9.2420727,,Inselstraße,780,48.7757971,9.238378,,Mercedes-Benz Kino Bauer,923,48.7788005,9.2502051,,20,,35.0,,,"Wilhelmsschule Wangen (Grundschule) ist eine Grundschule in Stuttgart. Adresse: Hedelfinger Straße 9, 70327 Stuttgart. Stadtbezirk: Wangen. Die Schule ist in öffentlicher Trägerschaft. Eingeschränkte ÖPNV-Anbindung. Mittleres Verkehrsunfallaufkommen (12/Jahr). Niedrige Kriminalitätsbelastung im Bezirk.","Die Wilhelmsschule Wangen in Stuttgart ist eine öffentliche Bildungseinrichtung, die als Grund- und Werkrealschule konzipiert ist, wobei der Fokus dieses Profils auf dem Grundschulbereich liegt. Unter der Leitung von Andreas Passauer bietet die Schule in der Hedelfinger Straße 9, 70327 Stuttgart, ein umfassendes Bildungsangebot für ihre jungen Schülerinnen und Schüler. Ein besonderes Merkmal der Wilhelmsschule Wangen ist die Integration einer Grundschulförderklasse, die Kindern einen optimalen Start in die schulische Laufbahn ermöglichen soll. Darüber hinaus verfügt die Schule über ein Schülerhaus, das eine verlässliche Betreuung und zusätzliche pädagogische Angebote außerhalb des regulären Unterrichts gewährleistet. Das schulische Leben wird durch vielfältige musikalische und sportliche Angebote bereichert, die den Kindern ermöglichen, ihre Talente zu entdecken und zu fördern. Die Schulsozialarbeit, mit Katrin Baasch als Ansprechpartnerin für die Grundschule, unterstützt die Schülerinnen und Schüler sowie deren Familien bei sozialen und persönlichen Herausforderungen. Aktuell befindet sich die Wilhelmsschule Wangen in einer Phase der Weiterentwicklung: Es sind umfangreiche Maßnahmen zur Umstrukturierung, Erweiterung und Modernisierung des Schulgeländes und der Gebäude geplant. Diese Baumaßnahmen zielen darauf ab, die Lernumgebung zukunftsfähig zu gestalten und den Bedürfnissen einer modernen Pädagogik gerecht zu werden. Während dieser Zeit wird der Werkrealschulbereich vorübergehend an einen anderen Standort verlegt, um den Bauarbeiten Raum zu geben und den Unterrichtsbetrieb so wenig wie möglich zu beeinträchtigen. Die Wilhelmsschule Wangen legt Wert auf eine ganzheitliche Bildung und ein unterstützendes Umfeld, das die individuelle Entwicklung jedes Kindes fördert.",,,,,,,,,,,3.0,20.0,7.0,3.0,,,,,Kostenfrei (öffentliche Schule),,,,,,,,,,,,,,,,,,,,,,,,,,478,,2025,Baden-Württemberg,66.9,0.6,9060,bezirk_estimated,7,80.4,5278.2,64,700.9,Stuttgart,478,5278.0,2,22.5,4,43.8,2026-08-23,stuttgart.de Adressverzeichnis,,STG-356673,STG-17874,STG-47412,Stuttgart,"Warthäuser Str. 6, 70327 Stuttgart, Germany",76.0,48.7711493,9.2450803,365 Coffee,"Hedelfinger Str. 17, 70327 Stuttgart, Germany",184.0,48.769566999999995,9.2474268,BrotZeit & Kaffee Stuttgart-Wangen,"Ulmer Str. 361, 70327 Stuttgart, Germany",192.0,48.7720782,9.2440816,Bäckerei Löwen,"Ravensburger Str. 19, 70327 Stuttgart, Germany",142.0,48.7709558,9.2441355,Tageseinrichtung für Kinder Ravensburger Str. 19-21,"Ulmer Str. 347/1, 70327 Stuttgart, Germany",259.0,48.772685499999994,9.243705,Christine-Hermann-Kinderhaus - GTE,"Ulmer Str. 349, 70327 Stuttgart, Germany",269.0,48.77245010000001,9.2431809,Christine-Hermann-Kindergarten - VÖ,"Hedelfinger Str. 9, 70327 Stuttgart, Germany",83.0,48.7705381,9.2470143,Wilhelmsschule Wangen,"Oberstdorfer Str. 23, 70327 Stuttgart, Germany",1400.0,48.782734,9.2528476,Wilhelmsschule Untertürkheim,"Am Steinenberg 3, 70329 Stuttgart, Germany",1885.0,48.7546488,9.2530883,Steinenbergschule Grundschule Klasse 1-4,1.0,"Gingener Str. 4, 70327 Stuttgart, Germany",53.0,48.771412299999994,9.2458582,Wangener Eckle Griechische Taverne,"Wangener Marktpl. 2, 70327 Stuttgart, Germany",82.0,48.7716374,9.2456264,Rinascente,"Wangener Marktpl. 2, 70327 Stuttgart, Germany",90.0,48.771713299999995,9.2456339,Aras Kebab GbR,4.0,"Ulmer Str. 355, 70327 Stuttgart, Germany",228.0,48.7722382,9.2436464,Lâm's Asia-Markt,"Hedelfinger Str. 55, 70327 Stuttgart, Germany",384.0,48.7679412,9.2486194,BETA Asia-Supermarkt,"Hedelfinger Str. 55, 70327 Stuttgart, Germany",396.0,48.767865099999995,9.248748,Alpha Asiatische Lebensmittel Gmbh,,Stuttgart,"Die Wilhelmsschule Wangen ist eine öffentliche Grundschule in Stuttgart unter der Leitung von Andreas Passauer. Sie bietet eine Grundschulförderklasse, ein Schülerhaus sowie musikalische und sportliche Angebote. Aktuell sind umfangreiche Umstrukturierungs- und Modernisierungsmaßnahmen des Schulgeländes geplant.","Wilhelmsschule Wangen is a public primary school in Stuttgart led by Andreas Passauer. It features a pre-school preparatory class, an after-school care facility, and various musical and sports programs. Extensive restructuring and modernization of the school grounds are currently planned.",8,1,36,6,12.3,16,0,37,"2025,2024,2023",115,3
